source,target,string_score
RALA,PTEN,0.402
RALA,PIK3CA,0.405
RALA,MET,0.409
RALA,MAPK3,0.415
RALA,MYH10,0.418
RALA,USP9X,0.428
RALA,RAPGEF4,0.435
RALA,MTOR,0.438
RALA,RAP1A,0.445
RALA,SOS2,0.449
RALA,PPP2CA,0.461
RALA,TSC2,0.525
RALA,NF1,0.536
RALA,RALGAPA1,0.542
RALA,RAC1,0.549
RALA,MYH9,0.57
RALA,ITSN1,0.587
RALA,VAMP2,0.624
RALA,BRAF,0.641
RALA,MYO5A,0.658
RALA,ARF3,0.746
RALA,EXOC6B,0.819
RALA,CNKSR2,0.83
RALA,HRAS,0.831
RALA,EXOC6,0.85
RALA,PPP2R1B,0.869
RALA,EXOC3,0.871
RALA,RALGAPB,0.892
RALA,FLNA,0.93
RALA,EXOC5,0.96
PTEN,SOS2,0.467
PTEN,CSNK2A1,0.971
PTEN,TSC2,0.889
PTEN,AGO2,0.778
PTEN,HNRNPL,0.408
PTEN,PIK3R2,0.985
PTEN,SERPINE1,0.407
PTEN,MAST1,0.551
PTEN,PXDN,0.691
PTEN,GFAP,0.502
PTEN,H3-3B,0.616
PTEN,MKRN1,0.599
PTEN,FABP4,0.555
PTEN,THBS1,0.476
PTEN,PSMD11,0.426
PTEN,RHEB,0.805
PTEN,KMT2C,0.603
PTEN,YY1,0.644
PTEN,CREBBP,0.552
PTEN,PHLPP1,0.814
PTEN,MAST3,0.694
PTEN,MAPK3,0.756
PTEN,SMG6,0.404
PTEN,SYP,0.414
PTEN,EP300,0.596
PTEN,BRD4,0.536
PTEN,KAT2B,0.51
PTEN,PIK3CA,0.995
PTEN,CUL3,0.558
PTEN,HDAC4,0.448
PTEN,DNMT3A,0.592
PTEN,NCOR1,0.452
PTEN,CDH2,0.754
PTEN,HTR2C,0.479
PTEN,NTRK2,0.435
PTEN,WNT1,0.67
PTEN,RICTOR,0.834
PTEN,TSC1,0.801
PTEN,KMT2D,0.551
PTEN,NLGN2,0.455
PTEN,ITPR1,0.588
PTEN,PPM1D,0.621
PTEN,PSMC5,0.417
PTEN,LEP,0.509
PTEN,PRKDC,0.468
PTEN,DVL3,0.55
PTEN,USP9X,0.486
PTEN,MET,0.755
PTEN,ARID1A,0.743
PTEN,PPP2R1A,0.536
PTEN,FBN1,0.557
PTEN,IKZF1,0.432
PTEN,PTCH1,0.587
PTEN,ARID2,0.51
PTEN,PDCD1,0.597
PTEN,TNRC6C,0.527
PTEN,PLCB1,0.916
PTEN,FOXG1,0.59
PTEN,MEF2C,0.408
PTEN,TRPC6,0.482
PTEN,SMAD4,0.912
PTEN,USP7,0.979
PTEN,SMARCA4,0.705
PTEN,ESR2,0.504
PTEN,CCNG1,0.438
PTEN,DLG1,0.996
PTEN,NLGN4Y,0.464
PTEN,PSMD12,0.435
PTEN,PAX5,0.585
PTEN,NF1,0.874
PTEN,WDR5,0.496
PTEN,NLGN3,0.591
PTEN,NTRK3,0.43
PTEN,MTOR,0.942
PTEN,SMURF1,0.563
PTEN,CNTNAP2,0.478
PTEN,POU3F3,0.479
PTEN,PRKN,0.641
PTEN,PTGS2,0.682
PTEN,BTRC,0.421
PTEN,LZTS2,0.465
PTEN,FMR1,0.545
PTEN,GNAS,0.582
PTEN,OCRL,0.931
PTEN,VAMP2,0.4
PTEN,CLTC,0.402
PTEN,CCT4,0.407
PTEN,TBL1X,0.407
PTEN,NSD1,0.408
PTEN,CTCF,0.409
PTEN,TBL1XR1,0.409
PTEN,PSMD6,0.411
PTEN,FGF13,0.412
PTEN,TTN,0.416
PTEN,SYNGAP1,0.419
PTEN,ASH1L,0.424
PTEN,MUC4,0.431
PTEN,METTL14,0.432
PTEN,PTPRD,0.433
PTEN,WWOX,0.436
PTEN,ERG,0.437
PTEN,KDM5C,0.437
PTEN,CHD8,0.437
PTEN,EIF4G1,0.439
PTEN,KDM1A,0.457
PTEN,ELAVL2,0.464
PTEN,RPS6KA2,0.477
PTEN,SPRY2,0.477
PTEN,PDK2,0.478
PTEN,FHIT,0.478
PTEN,FOXP1,0.48
PTEN,SHANK3,0.483
PTEN,FAT1,0.485
PTEN,CUL4B,0.485
PTEN,PRKCA,0.486
PTEN,EPHB1,0.486
PTEN,PPP3CA,0.489
PTEN,TET2,0.493
PTEN,NLGN1,0.496
PTEN,MECP2,0.496
PTEN,RPS6KA3,0.499
PTEN,NSD2,0.507
PTEN,ARID1B,0.51
PTEN,CHD1,0.52
PTEN,KMT2A,0.538
PTEN,PTPRC,0.544
PTEN,GRIN2B,0.547
PTEN,NLGN4X,0.556
PTEN,PPP2CA,0.558
PTEN,AGO3,0.572
PTEN,KDM6A,0.581
PTEN,HNRNPK,0.588
PTEN,SETD2,0.592
PTEN,ZEB2,0.595
PTEN,NTRK1,0.608
PTEN,TNRC6B,0.612
PTEN,TCF7L2,0.612
PTEN,AGO4,0.615
PTEN,MYOCD,0.628
PTEN,EIF4E,0.667
PTEN,FGFR1,0.682
PTEN,ACTB,0.72
PTEN,WWP1,0.727
PTEN,PTPN11,0.745
PTEN,DLG4,0.745
PTEN,AGO1,0.755
PTEN,NOTCH1,0.758
PTEN,ATRX,0.779
PTEN,IGF1,0.795
PTEN,HRAS,0.823
PTEN,PIK3CG,0.836
PTEN,BRCA2,0.877
PTEN,AR,0.892
PTEN,PLCD4,0.902
PTEN,CSNK2B,0.91
PTEN,SYNJ1,0.93
PTEN,CTNNB1,0.943
PTEN,BRAF,0.943
PTEN,FRK,0.947
PTEN,UBE3A,0.96
PTEN,NEDD4,0.984
PIK3CA,BAIAP2L1,0.474
PIK3CA,SOS2,0.86
PIK3CA,TSC2,0.687
PIK3CA,PIK3R2,0.999
PIK3CA,PXDN,0.479
PIK3CA,H3-3B,0.435
PIK3CA,RHEB,0.513
PIK3CA,KMT2C,0.676
PIK3CA,CREBBP,0.697
PIK3CA,PHLPP1,0.409
PIK3CA,MAPK3,0.597
PIK3CA,EP300,0.526
PIK3CA,PRKN,0.402
PIK3CA,SYNGAP1,0.412
PIK3CA,TBL1XR1,0.415
PIK3CA,SLITRK5,0.419
PIK3CA,CYFIP1,0.428
PIK3CA,NCKAP1,0.43
PIK3CA,DEPDC5,0.433
PIK3CA,PTPRD,0.436
PIK3CA,PPM1D,0.438
PIK3CA,PPP3CA,0.441
PIK3CA,MAP4K4,0.442
PIK3CA,TSC1,0.443
PIK3CA,AGAP2,0.443
PIK3CA,RPS6KA3,0.444
PIK3CA,MUC4,0.455
PIK3CA,PTPRC,0.457
PIK3CA,TRAF7,0.464
PIK3CA,NSD1,0.465
PIK3CA,PDCD1,0.473
PIK3CA,FGF13,0.481
PIK3CA,ERBIN,0.488
PIK3CA,CUL3,0.496
PIK3CA,ACTB,0.509
PIK3CA,SMARCA4,0.509
PIK3CA,PTCH1,0.511
PIK3CA,IGF1,0.512
PIK3CA,SYNE1,0.516
PIK3CA,PAK1,0.519
PIK3CA,ARID1B,0.53
PIK3CA,PAK2,0.532
PIK3CA,ZMYM2,0.542
PIK3CA,TTN,0.546
PIK3CA,PRKCB,0.551
PIK3CA,PRKDC,0.559
PIK3CA,HLA-A,0.561
PIK3CA,ARID2,0.562
PIK3CA,SETD2,0.564
PIK3CA,CUX1,0.565
PIK3CA,KDM6A,0.565
PIK3CA,DLG1,0.569
PIK3CA,AR,0.571
PIK3CA,CSMD3,0.571
PIK3CA,ESR2,0.575
PIK3CA,LZTR1,0.58
PIK3CA,EIF4E,0.591
PIK3CA,CLTC,0.613
PIK3CA,PRKCA,0.64
PIK3CA,ATRX,0.641
PIK3CA,PLCD4,0.652
PIK3CA,FAT1,0.653
PIK3CA,KMT2D,0.664
PIK3CA,NTRK2,0.675
PIK3CA,GNB2,0.677
PIK3CA,TEK,0.691
PIK3CA,OCRL,0.695
PIK3CA,SPTBN1,0.696
PIK3CA,GNAS,0.697
PIK3CA,SYNJ1,0.704
PIK3CA,PLCB1,0.704
PIK3CA,NTRK3,0.745
PIK3CA,RAC1,0.747
PIK3CA,YWHAZ,0.759
PIK3CA,PPP2R1A,0.773
PIK3CA,NOTCH1,0.786
PIK3CA,RICTOR,0.792
PIK3CA,NF1,0.793
PIK3CA,SMAD4,0.805
PIK3CA,BRCA2,0.812
PIK3CA,GRB10,0.838
PIK3CA,THRA,0.901
PIK3CA,CTNNB1,0.901
PIK3CA,ARID1A,0.913
PIK3CA,GNAI1,0.914
PIK3CA,PREX1,0.925
PIK3CA,BRAF,0.947
PIK3CA,RAP1A,0.948
PIK3CA,NTRK1,0.96
PIK3CA,MET,0.961
PIK3CA,MTOR,0.963
PIK3CA,FGFR1,0.977
PIK3CA,PTPN11,0.99
PIK3CA,HRAS,0.995
PIK3CA,PIK3CG,0.997
MET,RANBP9,0.716
MET,CTTNBP2,0.556
MET,PIK3R2,0.768
MET,LAMB1,0.509
MET,PXDN,0.495
MET,SRSF1,0.447
MET,THBS1,0.627
MET,SLCO1B3,0.402
MET,RHEB,0.416
MET,ST7,0.445
MET,CDH2,0.75
MET,TFE3,0.557
MET,PLAUR,0.412
MET,ZEB2,0.418
MET,PTGS2,0.422
MET,PTK7,0.431
MET,PDCD1,0.432
MET,PTPRB,0.449
MET,NLGN3,0.449
MET,PTCHD1,0.45
MET,AUTS2,0.452
MET,CNTNAP2,0.456
MET,SHANK2,0.456
MET,DPP4,0.457
MET,SMAD4,0.463
MET,LAMA1,0.467
MET,NLGN4X,0.472
MET,SLC9A9,0.475
MET,NF1,0.482
MET,WWOX,0.494
MET,AR,0.507
MET,CLTC,0.511
MET,PTPRC,0.514
MET,DNM1,0.522
MET,NOTCH1,0.523
MET,ACTB,0.568
MET,FOXP2,0.601
MET,FGF13,0.601
MET,MTOR,0.62
MET,NTRK1,0.646
MET,NRP2,0.651
MET,PLCB1,0.662
MET,RAP1A,0.666
MET,RAC1,0.703
MET,MECP2,0.778
MET,IGF1,0.908
MET,PTPN11,0.927
MET,HRAS,0.961
MET,CTNND1,0.977
MET,CTNNB1,0.985
MET,PLXNB1,0.996
MAPK3,PPP5C,0.482
MAPK3,SOS2,0.505
MAPK3,TSC2,0.96
MAPK3,PIK3R2,0.409
MAPK3,SERPINE1,0.506
MAPK3,CYP27B1,0.529
MAPK3,TRAP1,0.488
MAPK3,LRRC4,0.549
MAPK3,PXDN,0.848
MAPK3,GFAP,0.522
MAPK3,H3-3B,0.614
MAPK3,PEBP4,0.423
MAPK3,THBS1,0.427
MAPK3,RHEB,0.493
MAPK3,CREBBP,0.701
MAPK3,RAB2A,0.734
MAPK3,PHLPP1,0.421
MAPK3,PPM1D,0.404
MAPK3,PRKDC,0.404
MAPK3,CNR1,0.405
MAPK3,PLAUR,0.406
MAPK3,BACE1,0.406
MAPK3,NCKAP1,0.409
MAPK3,PTDSS1,0.409
MAPK3,PAK2,0.411
MAPK3,H1-4,0.411
MAPK3,GRM5,0.414
MAPK3,DNAJC5,0.417
MAPK3,GRIN2A,0.425
MAPK3,FLNA,0.425
MAPK3,ADCY5,0.442
MAPK3,RAPGEF4,0.446
MAPK3,ACE,0.447
MAPK3,APH1A,0.45
MAPK3,KNG1,0.452
MAPK3,SOD1,0.465
MAPK3,SYNE1,0.465
MAPK3,TAOK2,0.466
MAPK3,WASF1,0.466
MAPK3,NR4A2,0.47
MAPK3,CYFIP1,0.474
MAPK3,CACNA1A,0.475
MAPK3,CYFIP2,0.48
MAPK3,PIK3CG,0.482
MAPK3,KCTD13,0.484
MAPK3,RICTOR,0.484
MAPK3,PPP2R5D,0.486
MAPK3,CTNND1,0.49
MAPK3,MYOCD,0.497
MAPK3,ADRB2,0.506
MAPK3,SYN2,0.515
MAPK3,ADCY3,0.516
MAPK3,CNKSR2,0.522
MAPK3,ITPR1,0.524
MAPK3,DLG4,0.525
MAPK3,FOXP2,0.532
MAPK3,EIF4E,0.533
MAPK3,PPP3CA,0.534
MAPK3,SMARCA4,0.535
MAPK3,FGA,0.539
MAPK3,FGFR1,0.543
MAPK3,ARHGEF2,0.543
MAPK3,MEF2C,0.547
MAPK3,NF1,0.547
MAPK3,PPP2R5C,0.55
MAPK3,CX3CR1,0.573
MAPK3,HDAC4,0.581
MAPK3,TEK,0.59
MAPK3,PTPRB,0.6
MAPK3,SYN1,0.602
MAPK3,SPRY2,0.604
MAPK3,CDH2,0.629
MAPK3,EP300,0.655
MAPK3,GRIN2B,0.666
MAPK3,RAC1,0.679
MAPK3,NTRK1,0.681
MAPK3,AR,0.681
MAPK3,RAP1A,0.686
MAPK3,LEP,0.691
MAPK3,PTPRC,0.692
MAPK3,IGF1,0.697
MAPK3,DCC,0.698
MAPK3,KSR2,0.709
MAPK3,NOTCH1,0.714
MAPK3,FGF13,0.717
MAPK3,SMAD4,0.744
MAPK3,ITGB3,0.758
MAPK3,MTOR,0.762
MAPK3,GNB2,0.806
MAPK3,ACTB,0.844
MAPK3,PTGS2,0.855
MAPK3,CTNNB1,0.873
MAPK3,PPP2R1B,0.913
MAPK3,ATP1A3,0.921
MAPK3,PPP2R1A,0.932
MAPK3,TSC1,0.94
MAPK3,ATP1A1,0.942
MAPK3,SLC9A1,0.946
MAPK3,PRKCB,0.949
MAPK3,GNAI1,0.953
MAPK3,ESR2,0.955
MAPK3,PRKCA,0.956
MAPK3,BRAF,0.96
MAPK3,MAPT,0.968
MAPK3,PPP2CA,0.971
MAPK3,HRAS,0.983
MAPK3,RPS6KA3,0.984
MAPK3,RPS6KA2,0.986
MAPK3,PTPN11,0.99
MYH10,MYH9,0.985
MYH10,ACTN4,0.457
MYH10,MYH4,0.761
MYH10,PAK1,0.518
MYH10,SCN3A,0.524
MYH10,PAK2,0.535
MYH10,USP45,0.499
MYH10,MAP4K4,0.428
MYH10,RAC1,0.584
MYH10,MYLK,0.807
MYH10,FAT1,0.401
MYH10,MYO5A,0.409
MYH10,IQGAP3,0.425
MYH10,ITGA8,0.434
MYH10,FLNA,0.443
MYH10,DNM1,0.475
MYH10,SCN2A,0.515
MYH10,SCN9A,0.52
MYH10,ACTB,0.957
USP9X,USP30,0.491
USP9X,NUAK1,0.891
USP9X,MIB1,0.592
USP9X,PAK1,0.43
USP9X,ANK3,0.413
USP9X,NIPBL,0.484
USP9X,USP24,0.406
USP9X,RICTOR,0.577
USP9X,YWHAG,0.527
USP9X,PAK2,0.471
USP9X,PEX7,0.543
USP9X,OFD1,0.4
USP9X,WAC,0.405
USP9X,RLIM,0.415
USP9X,TRIM33,0.418
USP9X,PJA1,0.432
USP9X,UBE3A,0.437
USP9X,PPP2R1A,0.456
USP9X,MARK2,0.462
USP9X,PRICKLE1,0.464
USP9X,SMARCA4,0.464
USP9X,BIRC6,0.467
USP9X,CYFIP1,0.471
USP9X,NEDD4,0.473
USP9X,MTOR,0.476
USP9X,PRICKLE2,0.479
USP9X,YWHAZ,0.485
USP9X,ARHGEF2,0.49
USP9X,PCDH11X,0.495
USP9X,BTRC,0.496
USP9X,TBL1X,0.509
USP9X,ATRX,0.511
USP9X,NLGN4X,0.525
USP9X,ANKRD17,0.569
USP9X,ERG,0.571
USP9X,UBR5,0.603
USP9X,HECTD1,0.61
USP9X,KDM6A,0.683
USP9X,PCM1,0.69
USP9X,USP7,0.739
USP9X,TRIP12,0.749
USP9X,KDM5C,0.751
USP9X,SMURF1,0.754
USP9X,ZFX,0.777
USP9X,DDX3X,0.816
USP9X,WWP1,0.845
USP9X,CTNNB1,0.88
USP9X,HUWE1,0.908
USP9X,SMAD4,0.971
RAPGEF4,DLX2,0.473
RAPGEF4,SNAP25,0.747
RAPGEF4,SYT1,0.527
RAPGEF4,PDE3B,0.447
RAPGEF4,ADCY1,0.946
RAPGEF4,NLGN2,0.49
RAPGEF4,ADRB2,0.753
RAPGEF4,ITPR1,0.416
RAPGEF4,PCLO,0.989
RAPGEF4,DPP4,0.418
RAPGEF4,RAP1A,0.994
RAPGEF4,GNAS,0.651
RAPGEF4,YWHAZ,0.502
RAPGEF4,PDE1C,0.428
RAPGEF4,UNC13A,0.416
RAPGEF4,NLGN1,0.523
RAPGEF4,PRKAR1B,0.544
RAPGEF4,SLC25A12,0.549
RAPGEF4,RIMS1,0.848
RAPGEF4,GNAI1,0.908
RAPGEF4,RASSF5,0.921
RAPGEF4,ADCY3,0.933
RAPGEF4,ADCY5,0.955
RAPGEF4,RIMS2,0.996
MTOR,SOS2,0.48
MTOR,TSC2,0.99
MTOR,PIK3R2,0.944
MTOR,TRAP1,0.428
MTOR,PXDN,0.674
MTOR,PER2,0.56
MTOR,H3-3B,0.508
MTOR,SRSF1,0.562
MTOR,SLC7A5,0.601
MTOR,RHEB,0.999
MTOR,YY1,0.626
MTOR,PKD1,0.621
MTOR,CREBBP,0.412
MTOR,PHLPP1,0.561
MTOR,EP300,0.638
MTOR,HDAC4,0.401
MTOR,CDH2,0.464
MTOR,SOD1,0.44
MTOR,NTRK2,0.513
MTOR,ACE,0.436
MTOR,MAP1B,0.696
MTOR,RICTOR,0.999
MTOR,TSC1,0.974
MTOR,MAP1A,0.728
MTOR,PSMC5,0.994
MTOR,LEP,0.731
MTOR,PRKDC,0.582
MTOR,TFE3,0.579
MTOR,GLS,0.405
MTOR,HOMER1,0.522
MTOR,PDCD1,0.507
MTOR,LARP1,0.657
MTOR,KPTN,0.526
MTOR,SMAD4,0.54
MTOR,RAC1,0.5
MTOR,NF1,0.616
MTOR,VCP,0.456
MTOR,XRCC6,0.433
MTOR,TRRAP,0.774
MTOR,NTRK3,0.411
MTOR,BRCA2,0.407
MTOR,GRIN2B,0.413
MTOR,PTPRC,0.422
MTOR,PPP2CA,0.428
MTOR,PHB,0.438
MTOR,UBR5,0.442
MTOR,FGFR1,0.45
MTOR,BCKDK,0.453
MTOR,BTRC,0.468
MTOR,RAP1A,0.47
MTOR,GRIA1,0.487
MTOR,PREX1,0.488
MTOR,DLG4,0.492
MTOR,PTPN11,0.499
MTOR,FMR1,0.508
MTOR,BRSK2,0.52
MTOR,SETD2,0.52
MTOR,NTRK1,0.539
MTOR,PRKD2,0.541
MTOR,AR,0.548
MTOR,RPS6KA2,0.57
MTOR,PTGS2,0.575
MTOR,NOTCH1,0.585
MTOR,UBE3A,0.588
MTOR,RPS6KA3,0.6
MTOR,PRKD1,0.609
MTOR,KDM5C,0.63
MTOR,YWHAZ,0.653
MTOR,BRAF,0.654
MTOR,HRAS,0.669
MTOR,PDK2,0.688
MTOR,CTNNB1,0.694
MTOR,EIF4G1,0.719
MTOR,ACTB,0.752
MTOR,DEPDC5,0.756
MTOR,PRKN,0.781
MTOR,IGF1,0.781
MTOR,EIF3F,0.805
MTOR,PIK3CG,0.857
MTOR,GPHN,0.903
MTOR,PRKCB,0.937
MTOR,EIF4E,0.962
MTOR,PRKCA,0.969
MTOR,UBAP2L,0.994
RAP1A,TSC2,0.79
RAP1A,PIK3R2,0.912
RAP1A,SGSM3,0.649
RAP1A,ARF3,0.426
RAP1A,RAPGEF2,0.996
RAP1A,PDE3B,0.414
RAP1A,DGKI,0.532
RAP1A,NF1,0.477
RAP1A,XRCC6,0.441
RAP1A,KIF14,0.432
RAP1A,FGA,0.45
RAP1A,CNKSR2,0.46
RAP1A,KSR2,0.489
RAP1A,ITGB3,0.518
RAP1A,DOCK1,0.52
RAP1A,ITSN1,0.535
RAP1A,SENP6,0.577
RAP1A,TLN2,0.606
RAP1A,SYNGAP1,0.608
RAP1A,NTRK1,0.693
RAP1A,HRAS,0.703
RAP1A,YWHAZ,0.783
RAP1A,SHANK3,0.801
RAP1A,CAMK2B,0.9
RAP1A,PRKD2,0.905
RAP1A,CAMK2A,0.905
RAP1A,PRKD1,0.91
RAP1A,DOCK4,0.936
RAP1A,BRAF,0.989
RAP1A,RASSF5,0.992
SOS2,PPP3CA,0.41
SOS2,TSC1,0.474
SOS2,ARF3,0.477
SOS2,YWHAZ,0.496
SOS2,PRKCA,0.518
SOS2,LAMB1,0.549
SOS2,PAK2,0.59
SOS2,LZTR1,0.611
SOS2,PAK1,0.612
SOS2,BRAF,0.631
SOS2,NF1,0.633
SOS2,RAC1,0.665
SOS2,FGFR1,0.937
SOS2,HRAS,0.981
SOS2,PTPN11,0.994
PPP2CA,CTTNBP2,0.995
PPP2CA,CSNK2A1,0.565
PPP2CA,TSC2,0.476
PPP2CA,PPFIA1,0.994
PPP2CA,PPP1R1B,0.501
PPP2CA,H3-3B,0.508
PPP2CA,SMG6,0.692
PPP2CA,EP300,0.417
PPP2CA,YWHAE,0.65
PPP2CA,CUL3,0.491
PPP2CA,HDAC4,0.683
PPP2CA,CACNA1C,0.747
PPP2CA,PAK1,0.452
PPP2CA,CACNA1D,0.684
PPP2CA,WNT1,0.532
PPP2CA,RAD21,0.463
PPP2CA,CACNG2,0.65
PPP2CA,ITPR1,0.41
PPP2CA,YWHAG,0.413
PPP2CA,LEMD3,0.561
PPP2CA,INTS6,0.999
PPP2CA,PPP2R1B,0.999
PPP2CA,PABPC1,0.716
PPP2CA,PRKDC,0.47
PPP2CA,DVL3,0.515
PPP2CA,CACNB2,0.668
PPP2CA,FBXL13,0.413
PPP2CA,PPP2R1A,0.999
PPP2CA,PRR14L,0.666
PPP2CA,SF3B1,0.512
PPP2CA,PPFIA3,0.994
PPP2CA,MAPT,0.684
PPP2CA,USP7,0.68
PPP2CA,MAP4K4,0.414
PPP2CA,CCNG1,0.625
PPP2CA,MINK1,0.786
PPP2CA,RAC1,0.475
PPP2CA,CACNA2D1,0.665
PPP2CA,VCP,0.626
PPP2CA,ARHGEF2,0.408
PPP2CA,DRD2,0.915
PPP2CA,BTRC,0.602
PPP2CA,FMR1,0.55
PPP2CA,SET,0.928
PPP2CA,CSNK2B,0.488
PPP2CA,CACNA1F,0.672
PPP2CA,SPRY2,0.776
PPP2CA,CACNB1,0.668
PPP2CA,CCT4,0.995
PPP2CA,PPP3CA,0.937
PPP2CA,YWHAZ,0.401
PPP2CA,XPO1,0.484
PPP2CA,INTS1,0.998
PPP2CA,TAF1,0.459
PPP2CA,HRAS,0.543
PPP2CA,PRKCA,0.928
PPP2CA,PPP2R5C,0.999
PPP2CA,EIF4G1,0.611
PPP2CA,ANP32A,0.851
PPP2CA,PPP2R5D,0.999
PPP2CA,SETBP1,0.454
PPP2CA,EIF4E,0.524
PPP2CA,ACTB,0.567
PPP2CA,PTPN11,0.624
PPP2CA,BRAF,0.647
PPP2CA,CACNA2D3,0.663
PPP2CA,CTNNB1,0.701
PPP2CA,POLR2A,0.845
PPP2CA,PRKCB,0.914
TSC2,GRB10,0.402
TSC2,SMARCA4,0.406
TSC2,SETD2,0.408
TSC2,SCN1A,0.416
TSC2,FGFR1,0.422
TSC2,KMT2D,0.427
TSC2,PXDN,0.431
TSC2,ARF3,0.438
TSC2,HERC1,0.44
TSC2,KDM5C,0.443
TSC2,ADCY5,0.444
TSC2,FOXG1,0.445
TSC2,BRCA2,0.445
TSC2,PRKCA,0.451
TSC2,NLGN4X,0.459
TSC2,PIK3CG,0.461
TSC2,NLGN3,0.471
TSC2,PDK2,0.474
TSC2,NASP,0.483
TSC2,ARID1A,0.488
TSC2,ATRX,0.49
TSC2,ACTB,0.492
TSC2,PIK3R2,0.501
TSC2,PHLPP1,0.507
TSC2,MECP2,0.507
TSC2,TRIM23,0.511
TSC2,NAA10,0.515
TSC2,CTNNB1,0.517
TSC2,PRKD1,0.525
TSC2,PRKDC,0.534
TSC2,HRAS,0.534
TSC2,SHANK3,0.537
TSC2,EIF4G1,0.553
TSC2,TFE3,0.556
TSC2,BRSK2,0.569
TSC2,IGF1,0.585
TSC2,FMR1,0.619
TSC2,DYRK1A,0.625
TSC2,TRAP1,0.644
TSC2,MYCBP2,0.694
TSC2,DEPDC5,0.702
TSC2,NF1,0.709
TSC2,YWHAE,0.792
TSC2,BRAF,0.832
TSC2,YWHAG,0.838
TSC2,EIF4E,0.862
TSC2,RICTOR,0.908
TSC2,PKD1,0.951
TSC2,YWHAZ,0.952
TSC2,RPS6KA3,0.96
TSC2,RPS6KA2,0.96
TSC2,UBE3A,0.981
TSC2,TSC1,0.999
TSC2,RHEB,0.999
NF1,MSX2,0.403
NF1,GFAP,0.47
NF1,H3-3B,0.795
NF1,PSMD11,0.426
NF1,RHEB,0.538
NF1,KMT2C,0.645
NF1,YY1,0.688
NF1,CREBBP,0.547
NF1,PHLPP1,0.469
NF1,SYP,0.454
NF1,EP300,0.501
NF1,YWHAE,0.44
NF1,CUL3,0.669
NF1,DNMT3A,0.53
NF1,NTRK2,0.416
NF1,RICTOR,0.434
NF1,CSMD3,0.447
NF1,TSC1,0.527
NF1,KMT2D,0.549
NF1,PPM1D,0.435
NF1,SDC2,0.593
NF1,PSMC5,0.437
NF1,ARID1A,0.65
NF1,RNF135,0.684
NF1,IKZF1,0.45
NF1,PTCH1,0.515
NF1,ARID2,0.654
NF1,DYRK1A,0.467
NF1,SMAD4,0.873
NF1,SMARCA4,0.751
NF1,PSMD12,0.4
NF1,RAC1,0.428
NF1,PSMD6,0.4
NF1,NSD1,0.414
NF1,DNM1,0.415
NF1,PIK3CG,0.415
NF1,PTPRD,0.429
NF1,RAB11FIP4,0.432
NF1,BCORL1,0.435
NF1,FAT1,0.437
NF1,VCP,0.462
NF1,FMR1,0.473
NF1,KMT2A,0.484
NF1,NFIA,0.49
NF1,NFIB,0.498
NF1,PAX6,0.503
NF1,SETBP1,0.505
NF1,GNAS,0.509
NF1,BIRC6,0.509
NF1,KDM6A,0.513
NF1,NTRK3,0.522
NF1,TBL1XR1,0.534
NF1,NFIX,0.537
NF1,UBE3A,0.538
NF1,POLR2A,0.538
NF1,NTRK1,0.553
NF1,CTNNB1,0.555
NF1,XPO1,0.567
NF1,ARID1B,0.567
NF1,NOTCH1,0.588
NF1,SYNGAP1,0.599
NF1,SETD2,0.605
NF1,TET2,0.61
NF1,FGFR1,0.618
NF1,CSDE1,0.643
NF1,CTCF,0.647
NF1,LZTR1,0.66
NF1,BRCA2,0.75
NF1,ATRX,0.753
NF1,PTPN11,0.852
NF1,BRAF,0.903
NF1,HRAS,0.994
RALGAPA1,PHF3,0.453
RALGAPA1,RALGAPB,0.825
RALGAPA1,BTAF1,0.446
RALGAPA1,PAK1,0.405
RALGAPA1,PAK2,0.413
RALGAPA1,VCP,0.41
RALGAPA1,ARHGAP5,0.493
RALGAPA1,ASH1L,0.46
RALGAPA1,MBD5,0.402
RALGAPA1,AP2M1,0.563
RAC1,BAIAP2L1,0.593
RAC1,MYH9,0.653
RAC1,PIK3R2,0.512
RAC1,ARF3,0.431
RAC1,EXOC6,0.546
RAC1,RHEB,0.465
RAC1,PHLPP1,0.513
RAC1,HACE1,0.866
RAC1,SOD1,0.448
RAC1,NTRK2,0.612
RAC1,PAK1,0.999
RAC1,SH3RF1,0.608
RAC1,WNT1,0.596
RAC1,LEMD3,0.547
RAC1,ARHGAP32,0.823
RAC1,PAK2,0.983
RAC1,DVL3,0.593
RAC1,TRAF7,0.489
RAC1,TRIO,0.994
RAC1,PLAUR,0.41
RAC1,OPHN1,0.635
RAC1,FMR1,0.409
RAC1,PRKCA,0.448
RAC1,NR3C2,0.449
RAC1,CLTC,0.468
RAC1,ARHGAP30,0.473
RAC1,DSCAM,0.522
RAC1,EXOC3,0.523
RAC1,EXOC5,0.523
RAC1,ADGRB1,0.533
RAC1,MYO9B,0.537
RAC1,ARHGAP5,0.541
RAC1,MYLK,0.543
RAC1,SET,0.543
RAC1,GRIN1,0.552
RAC1,KIF14,0.575
RAC1,EPHB1,0.578
RAC1,GRIN2B,0.579
RAC1,DCC,0.581
RAC1,ERBIN,0.586
RAC1,EPHB2,0.588
RAC1,ARHGEF10,0.604
RAC1,OCRL,0.609
RAC1,FLNA,0.622
RAC1,PLXNB1,0.629
RAC1,ARHGEF9,0.63
RAC1,CDC42BPA,0.647
RAC1,CTNND1,0.65
RAC1,ABL2,0.65
RAC1,DLG4,0.65
RAC1,DOCK4,0.657
RAC1,SRGAP3,0.683
RAC1,DOCK8,0.724
RAC1,ITSN1,0.741
RAC1,CTNNB1,0.768
RAC1,PLXNA4,0.773
RAC1,PLXNA3,0.793
RAC1,IQGAP3,0.811
RAC1,ARHGEF2,0.823
RAC1,ACTB,0.823
RAC1,CYFIP2,0.871
RAC1,WASF1,0.906
RAC1,DOCK1,0.975
RAC1,NCKAP1,0.99
RAC1,PREX1,0.993
RAC1,CYFIP1,0.993
MYH9,EXOC6,0.404
MYH9,DYNC1H1,0.406
MYH9,ADRB2,0.407
MYH9,CSNK2A1,0.408
MYH9,EXOC3,0.411
MYH9,PIK3CG,0.413
MYH9,YWHAZ,0.415
MYH9,CTNNB1,0.417
MYH9,TRPC6,0.44
MYH9,EXOC5,0.449
MYH9,MYO5C,0.464
MYH9,TRPM7,0.467
MYH9,USP45,0.475
MYH9,HUWE1,0.481
MYH9,NCL,0.485
MYH9,PRKDC,0.487
MYH9,PRPF8,0.488
MYH9,HNRNPK,0.488
MYH9,MYO1E,0.491
MYH9,SCN2A,0.501
MYH9,SCN9A,0.508
MYH9,USH2A,0.509
MYH9,SCN3A,0.518
MYH9,CASK,0.523
MYH9,BRD4,0.529
MYH9,PAK2,0.537
MYH9,PCDH15,0.537
MYH9,PAK1,0.54
MYH9,HNRNPU,0.57
MYH9,MYO9B,0.589
MYH9,CLTC,0.622
MYH9,CAPZA2,0.623
MYH9,ACE,0.659
MYH9,AHNAK,0.669
MYH9,SPTBN1,0.671
MYH9,MYO5A,0.683
MYH9,MYH4,0.759
MYH9,MYLK,0.77
MYH9,SPTAN1,0.848
MYH9,MYO7A,0.849
MYH9,FLNA,0.861
MYH9,ACTN4,0.926
MYH9,ACTB,0.991
ITSN1,YTHDC2,0.485
ITSN1,TRIM23,0.535
ITSN1,SNAP25,0.933
ITSN1,ARF3,0.556
ITSN1,CEP135,0.417
ITSN1,SYT1,0.685
ITSN1,RHEB,0.546
ITSN1,RAB2A,0.564
ITSN1,SYP,0.54
ITSN1,EPHA1,0.483
ITSN1,NIPBL,0.631
ITSN1,SYN1,0.708
ITSN1,ADRB2,0.532
ITSN1,MADD,0.533
ITSN1,RIT2,0.535
ITSN1,DYRK1A,0.455
ITSN1,DPYSL3,0.503
ITSN1,WNK3,0.608
ITSN1,DMD,0.475
ITSN1,PREX1,0.463
ITSN1,DNM1,0.979
ITSN1,DHX30,0.485
ITSN1,GRIP1,0.529
ITSN1,LDLR,0.531
ITSN1,LRP2,0.531
ITSN1,CSDE1,0.535
ITSN1,DISC1,0.542
ITSN1,HRAS,0.567
ITSN1,ACTB,0.608
ITSN1,DENND2B,0.614
ITSN1,SYN2,0.64
ITSN1,VAMP2,0.799
ITSN1,CLTCL1,0.825
ITSN1,CLTC,0.912
ITSN1,AP2M1,0.927
ITSN1,AP2S1,0.93
ITSN1,EPHB2,0.939
ITSN1,SYNJ1,0.961
VAMP2,LIN7B,0.568
VAMP2,STX1A,0.999
VAMP2,LRP1,0.437
VAMP2,GFAP,0.431
VAMP2,PPFIA1,0.668
VAMP2,SNAP25,0.999
VAMP2,MYH4,0.484
VAMP2,EXOC6,0.663
VAMP2,SYT1,0.999
VAMP2,SLC6A4,0.427
VAMP2,SYP,0.999
VAMP2,NRXN2,0.598
VAMP2,CACNA1C,0.716
VAMP2,ST8SIA2,0.627
VAMP2,CACNA1D,0.681
VAMP2,SYN1,0.969
VAMP2,BSN,0.709
VAMP2,GRIA2,0.497
VAMP2,ADRB2,0.537
VAMP2,ITPR1,0.593
VAMP2,CACNB2,0.436
VAMP2,STXBP5,0.9
VAMP2,GRIN2A,0.401
VAMP2,PCLO,0.603
VAMP2,PPFIA3,0.698
VAMP2,TSPOAP1,0.541
VAMP2,VCP,0.485
VAMP2,DNAJC5,0.949
VAMP2,DMD,0.42
VAMP2,OCRL,0.739
VAMP2,CACNA1B,0.576
VAMP2,KCNB1,0.628
VAMP2,DNM1,0.61
VAMP2,STXBP1,0.988
VAMP2,SNX5,0.51
VAMP2,CADPS,0.449
VAMP2,RPH3A,0.503
VAMP2,MYO5A,0.66
VAMP2,NRXN1,0.587
VAMP2,AP2M1,0.745
VAMP2,SYNJ1,0.665
VAMP2,GRIN2B,0.401
VAMP2,ACTB,0.417
VAMP2,GNAI1,0.434
VAMP2,LDLR,0.499
VAMP2,LRP2,0.509
VAMP2,AP1S2,0.52
VAMP2,RIMS2,0.522
VAMP2,CASK,0.525
VAMP2,GRIA1,0.527
VAMP2,CACNA1A,0.571
VAMP2,AP2S1,0.583
VAMP2,DLG4,0.618
VAMP2,EXOC5,0.685
VAMP2,CLTC,0.728
VAMP2,CLTCL1,0.728
VAMP2,RIMS1,0.773
VAMP2,UNC13A,0.779
VAMP2,EXOC3,0.796
VAMP2,SYN2,0.837
BRAF,PPP5C,0.979
BRAF,TRAP1,0.508
BRAF,PXDN,0.529
BRAF,H3-3B,0.573
BRAF,MKRN1,0.575
BRAF,RHEB,0.452
BRAF,KMT2C,0.535
BRAF,CREBBP,0.465
BRAF,SYP,0.443
BRAF,EP300,0.634
BRAF,BRD4,0.441
BRAF,SLC9A1,0.5
BRAF,YWHAE,0.994
BRAF,CUL3,0.408
BRAF,RAPGEF2,0.421
BRAF,DNMT3A,0.486
BRAF,CDH2,0.468
BRAF,RICTOR,0.658
BRAF,TSC1,0.484
BRAF,KMT2D,0.52
BRAF,YWHAG,0.993
BRAF,PPM1D,0.427
BRAF,PPP2R1B,0.437
BRAF,KMT2E,0.41
BRAF,NCL,0.41
BRAF,ARID1A,0.702
BRAF,RIT2,0.801
BRAF,PPP2R1A,0.627
BRAF,PTCH1,0.638
BRAF,ARID2,0.574
BRAF,PDCD1,0.696
BRAF,JARID2,0.424
BRAF,SMAD4,0.756
BRAF,SMARCA4,0.499
BRAF,SND1,0.641
BRAF,AKAP9,0.851
BRAF,TRIM33,0.56
BRAF,CACNA1G,0.507
BRAF,MACF1,0.489
BRAF,PRKN,0.418
BRAF,KDM5B,0.422
BRAF,PTGS2,0.428
BRAF,DPYD,0.422
BRAF,GNAS,0.761
BRAF,POLR3A,0.49
BRAF,GRIK3,0.401
BRAF,ATRX,0.65
BRAF,AR,0.683
BRAF,SPRY2,0.97
BRAF,KDM6A,0.504
BRAF,CNKSR2,0.773
BRAF,RPS6KA3,0.591
BRAF,BRCA2,0.721
BRAF,MLANA,0.449
BRAF,IGF1,0.486
BRAF,CAMK2B,0.414
BRAF,YWHAZ,0.999
BRAF,HLA-A,0.603
BRAF,SETD2,0.541
BRAF,KSR2,0.823
BRAF,FGFR1,0.402
BRAF,FGF13,0.556
BRAF,PHF21A,0.526
BRAF,RUNX1T1,0.434
BRAF,HRAS,0.999
BRAF,PRKCA,0.937
BRAF,PTPRC,0.413
BRAF,PPP2R5C,0.504
BRAF,PPP2R5D,0.46
BRAF,SYNGAP1,0.402
BRAF,EIF4E,0.404
BRAF,BCORL1,0.405
BRAF,APBA2,0.405
BRAF,SETBP1,0.416
BRAF,CAMK2A,0.417
BRAF,CAMK2D,0.421
BRAF,ARID1B,0.432
BRAF,LZTR1,0.477
BRAF,RPS6KA2,0.478
BRAF,TET2,0.514
BRAF,FGA,0.534
BRAF,CSDE1,0.541
BRAF,PHB,0.568
BRAF,PIK3CG,0.569
BRAF,ACTB,0.576
BRAF,ITGB3,0.58
BRAF,KMT2A,0.598
BRAF,NOTCH1,0.668
BRAF,NTRK1,0.675
BRAF,CTNNB1,0.795
BRAF,PTPN11,0.862
BRAF,PRKCB,0.909
MYO5A,ARF3,0.696
MYO5A,EXOC6,0.861
MYO5A,TAOK1,0.507
MYO5A,MYO5C,0.461
MYO5A,MYO1E,0.4
MYO5A,GRIA2,0.43
MYO5A,DLGAP1,0.45
MYO5A,STXBP5,0.466
MYO5A,NEO1,0.413
MYO5A,CAPZA2,0.545
MYO5A,RAB39B,0.608
MYO5A,FMR1,0.828
MYO5A,SCP2,0.458
MYO5A,RPH3A,0.851
MYO5A,KIF1A,0.409
MYO5A,MECP2,0.41
MYO5A,DLG4,0.441
MYO5A,PPP1R9B,0.447
MYO5A,CSDE1,0.496
MYO5A,KIF5C,0.501
MYO5A,EXOC6B,0.502
MYO5A,MYO9B,0.621
MYO5A,EXOC5,0.746
MYO5A,ACTB,0.811
MYO5A,EXOC3,0.869
MYO5A,GRIA1,0.881
ARF3,RAB2A,0.4
ARF3,CACNA1C,0.408
ARF3,PHB,0.408
ARF3,CMIP,0.423
ARF3,FLNA,0.431
ARF3,RHEB,0.47
ARF3,RPH3A,0.478
ARF3,KIF13B,0.504
ARF3,KIF1A,0.521
ARF3,HERC1,0.527
ARF3,EXOC3,0.538
ARF3,CAPZA2,0.553
ARF3,DYNC1H1,0.586
ARF3,PLXNB1,0.612
ARF3,CLTCL1,0.645
EXOC6B,SNAP25,0.436
EXOC6B,EXOC6,0.827
EXOC6B,MYO5C,0.443
EXOC6B,IL1R2,0.62
EXOC6B,STXBP1,0.473
EXOC6B,EXOC3,0.989
EXOC6B,EXOC5,0.997
CNKSR2,MAGEC3,0.682
CNKSR2,DLGAP1,0.402
CNKSR2,GRIN2A,0.431
CNKSR2,OPHN1,0.415
CNKSR2,ATRX,0.503
CNKSR2,KDM5C,0.514
CNKSR2,DLG2,0.418
CNKSR2,KDM6A,0.467
CNKSR2,ITGB3,0.4
CNKSR2,FGA,0.4
CNKSR2,SHANK3,0.409
CNKSR2,IQSEC2,0.415
CNKSR2,SRGAP3,0.448
CNKSR2,DDX3X,0.469
CNKSR2,SYNGAP1,0.473
CNKSR2,FRMPD4,0.528
CNKSR2,DLG4,0.602
CNKSR2,KSR2,0.633
CNKSR2,HRAS,0.705
HRAS,RANBP9,0.518
HRAS,PPP5C,0.426
HRAS,PIK3R2,0.93
HRAS,PXDN,0.425
HRAS,H3-3B,0.401
HRAS,SLC7A5,0.508
HRAS,RHEB,0.554
HRAS,EP300,0.595
HRAS,CUL3,0.512
HRAS,RAPGEF2,0.958
HRAS,DNMT3A,0.432
HRAS,NTRK2,0.656
HRAS,PAK1,0.584
HRAS,RICTOR,0.526
HRAS,KMT2D,0.447
HRAS,GNB2,0.712
HRAS,PPP2R1B,0.441
HRAS,PAK2,0.559
HRAS,ARID1A,0.494
HRAS,PPP2R1A,0.597
HRAS,PTCH1,0.548
HRAS,ARID2,0.41
HRAS,SMAD4,0.714
HRAS,MAP4K4,0.406
HRAS,DLG1,0.662
HRAS,SND1,0.505
HRAS,MINK1,0.465
HRAS,AKAP9,0.543
HRAS,SPTBN1,0.573
HRAS,NTRK3,0.783
HRAS,PTGS2,0.591
HRAS,BTRC,0.592
HRAS,GNAS,0.812
HRAS,GRIN1,0.551
HRAS,ATRX,0.459
HRAS,DLG3,0.614
HRAS,DLG2,0.571
HRAS,SPRY2,0.442
HRAS,KDM6A,0.448
HRAS,RPS6KA3,0.934
HRAS,TEK,0.599
HRAS,BRCA2,0.48
HRAS,PPP3CA,0.473
HRAS,CAMK2B,0.541
HRAS,MARK2,0.476
HRAS,KSR2,0.608
HRAS,FGFR1,0.962
HRAS,FAT1,0.508
HRAS,MAPK8IP3,0.433
HRAS,ABL2,0.435
HRAS,PPP2R5D,0.461
HRAS,ATP1A1,0.472
HRAS,PHB,0.498
HRAS,PPP2R5C,0.521
HRAS,CAMK2D,0.525
HRAS,FGA,0.526
HRAS,CAMK2A,0.53
HRAS,ZMYM2,0.533
HRAS,ACTB,0.534
HRAS,ERBIN,0.545
HRAS,NTRK1,0.569
HRAS,SHANK3,0.582
HRAS,GRIN2B,0.583
HRAS,SPTAN1,0.586
HRAS,DLG4,0.66
HRAS,ITGB3,0.661
HRAS,SYNGAP1,0.797
HRAS,NOTCH1,0.814
HRAS,LZTR1,0.861
HRAS,CTNNB1,0.865
HRAS,PRKCB,0.919
HRAS,GNAI1,0.923
HRAS,PTPN11,0.926
HRAS,RPS6KA2,0.926
HRAS,PRKCA,0.937
HRAS,PIK3CG,0.998
HRAS,RASSF5,0.999
EXOC6,SNAP25,0.73
EXOC6,STXBP5,0.495
EXOC6,STXBP1,0.498
EXOC6,MYO5C,0.498
EXOC6,IL1R2,0.516
EXOC6,PKD1,0.558
EXOC6,VPS54,0.7
EXOC6,EXOC5,0.999
EXOC6,EXOC3,0.999
PPP2R1B,CTTNBP2,0.994
PPP2R1B,PPP1R1B,0.417
PPP2R1B,CACNA1C,0.654
PPP2R1B,CACNA1D,0.654
PPP2R1B,WNT1,0.511
PPP2R1B,CACNG2,0.65
PPP2R1B,ITPR1,0.405
PPP2R1B,INTS6,0.994
PPP2R1B,ARID1A,0.418
PPP2R1B,MINK1,0.474
PPP2R1B,CCNG1,0.547
PPP2R1B,DVL3,0.547
PPP2R1B,PTPN11,0.562
PPP2R1B,CTNNB1,0.605
PPP2R1B,BTRC,0.613
PPP2R1B,CACNA2D1,0.65
PPP2R1B,CACNA2D3,0.65
PPP2R1B,CACNA1F,0.654
PPP2R1B,CACNB2,0.655
PPP2R1B,CACNB1,0.678
PPP2R1B,PPP3CA,0.738
PPP2R1B,SF3B1,0.78
PPP2R1B,PRKCB,0.9
PPP2R1B,DRD2,0.905
PPP2R1B,PRKCA,0.906
PPP2R1B,PPP2R5D,0.992
PPP2R1B,INTS1,0.995
PPP2R1B,PPP2R5C,0.998
PPP2R1B,PPP2R1A,0.999
EXOC3,STX1A,0.55
EXOC3,PRPF19,0.572
EXOC3,SNAP25,0.981
EXOC3,PKD1,0.557
EXOC3,VPS54,0.508
EXOC3,IL1R2,0.503
EXOC3,DNAJC5,0.539
EXOC3,STXBP1,0.565
EXOC3,DLG3,0.406
EXOC3,MYO7A,0.489
EXOC3,KIZ,0.435
EXOC3,GRIA1,0.443
EXOC3,GRIN2B,0.556
EXOC3,CLTCL1,0.624
EXOC3,EXOC5,0.999
RALGAPB,CTTNBP2,0.405
RALGAPB,PHF3,0.423
RALGAPB,MED13,0.406
RALGAPB,SYNGAP1,0.409
RALGAPB,SETD5,0.423
RALGAPB,ASH1L,0.424
RALGAPB,UBR5,0.426
RALGAPB,SCN2A,0.432
RALGAPB,CDKL5,0.441
RALGAPB,ARHGAP32,0.442
RALGAPB,CUL4B,0.457
RALGAPB,WDFY3,0.483
RALGAPB,NCKAP1,0.488
RALGAPB,TRIP12,0.5
RALGAPB,ZNF292,0.508
RALGAPB,MED13L,0.519
RALGAPB,CHD8,0.606
FLNA,STX1A,0.413
FLNA,LRP1,0.427
FLNA,ACTN4,0.595
FLNA,SLC6A8,0.502
FLNA,TNPO3,0.407
FLNA,SOD1,0.47
FLNA,PAK1,0.95
FLNA,ANK3,0.416
FLNA,GRIA2,0.473
FLNA,ABCE1,0.815
FLNA,NUDCD2,0.407
FLNA,ADRB2,0.479
FLNA,SNTG2,0.54
FLNA,PAK2,0.585
FLNA,FBN1,0.512
FLNA,KCND2,0.791
FLNA,TMLHE,0.584
FLNA,DYNC1H1,0.419
FLNA,ANK2,0.429
FLNA,NLGN3,0.4
FLNA,VCP,0.46
FLNA,MYLK,0.492
FLNA,DRD2,0.596
FLNA,DMD,0.771
FLNA,CAPZA2,0.484
FLNA,DLG4,0.406
FLNA,XPO1,0.414
FLNA,SHANK3,0.415
FLNA,CYFIP2,0.43
FLNA,AHNAK,0.434
FLNA,PPP1R9B,0.441
FLNA,DDX3X,0.447
FLNA,HNRNPU,0.449
FLNA,CTNNB1,0.453
FLNA,SPTAN1,0.536
FLNA,YWHAZ,0.538
FLNA,APBA2,0.566
FLNA,DRD3,0.586
FLNA,NOTCH1,0.587
FLNA,ITGA8,0.687
FLNA,ACTB,0.75
FLNA,TTN,0.753
FLNA,AR,0.839
FLNA,CAMK2B,0.901
FLNA,CAMK2A,0.906
FLNA,CMIP,0.907
FLNA,BRCA2,0.977
FLNA,ITGB3,0.994
FLNA,TLN2,0.996
EXOC5,SNAP25,0.674
EXOC5,TAOK1,0.448
EXOC5,MYO5C,0.404
EXOC5,PKD1,0.626
EXOC5,VPS54,0.535
EXOC5,STXBP5,0.412
EXOC5,IL1R2,0.406
EXOC5,STXBP1,0.558
EXOC5,RPS6KA3,0.519
EXOC5,UNC13A,0.406
EXOC5,CTNNB1,0.86
BAIAP2L1,SENP1,0.4
BAIAP2L1,SLITRK5,0.404
BAIAP2L1,ERBIN,0.409
BAIAP2L1,PIK3R2,0.409
BAIAP2L1,PAK1,0.41
BAIAP2L1,CYFIP1,0.411
BAIAP2L1,NCKAP1,0.421
BAIAP2L1,PAK2,0.426
BAIAP2L1,CDC42BPB,0.429
BAIAP2L1,BRD4,0.51
BAIAP2L1,MTSS2,0.538
BAIAP2L1,SHANK1,0.54
BAIAP2L1,ACTB,0.552
SENP1,NUP133,0.607
SENP1,HDAC4,0.636
SENP1,CBX4,0.426
SENP1,SAE1,0.897
SENP1,GRIK3,0.58
SENP1,TBX22,0.436
SENP1,CHD3,0.634
SENP1,ACTB,0.58
SENP1,GRIK2,0.616
SENP1,SENP6,0.655
SLITRK5,PIK3R2,0.4
SLITRK5,CDH9,0.414
SLITRK5,SLC1A1,0.431
SLITRK5,NTRK2,0.643
SLITRK5,PAK1,0.44
SLITRK5,PAK2,0.425
SLITRK5,DLGAP1,0.482
SLITRK5,ADGRL1,0.581
SLITRK5,NLGN3,0.402
SLITRK5,NTRK3,0.437
SLITRK5,NCKAP1,0.4
SLITRK5,NTNG1,0.564
SLITRK5,DLGAP3,0.937
SLITRK5,CYFIP1,0.401
SLITRK5,IL1RAPL1,0.411
SLITRK5,FHIT,0.411
SLITRK5,UNC5D,0.421
SLITRK5,ERBIN,0.439
SLITRK5,NLGN1,0.457
SLITRK5,NRXN1,0.489
SLITRK5,PTPRS,0.592
SLITRK5,NTRK1,0.627
SLITRK5,PTPRD,0.698
ERBIN,PIK3R2,0.406
ERBIN,PHF3,0.46
ERBIN,PAK1,0.466
ERBIN,NIPBL,0.535
ERBIN,ZFYVE9,0.838
ERBIN,ADRB2,0.491
ERBIN,CTNND2,0.787
ERBIN,BPTF,0.436
ERBIN,DST,0.847
ERBIN,PAK2,0.627
ERBIN,ADGRL1,0.552
ERBIN,SMAD4,0.423
ERBIN,WAC,0.489
ERBIN,NCKAP1,0.473
ERBIN,IQGAP3,0.565
ERBIN,BTRC,0.438
ERBIN,LRRC1,0.405
ERBIN,RIMS3,0.428
ERBIN,TRIP12,0.549
ERBIN,GRIP1,0.437
ERBIN,CTNND1,0.724
ERBIN,MYO9B,0.439
ERBIN,CYFIP1,0.439
ERBIN,TBL1X,0.44
ERBIN,GRIN2B,0.44
ERBIN,NTRK1,0.448
ERBIN,PTPN11,0.587
ERBIN,DLG4,0.698
ERBIN,CTNNB1,0.703
PIK3R2,FGF13,0.407
PIK3R2,NCKAP1,0.422
PIK3R2,ICA1,0.426
PIK3R2,CYFIP1,0.43
PIK3R2,ESR2,0.435
PIK3R2,LEP,0.452
PIK3R2,PAK2,0.454
PIK3R2,EP300,0.468
PIK3R2,PAK1,0.507
PIK3R2,TEK,0.604
PIK3R2,YWHAZ,0.605
PIK3R2,GNB2,0.659
PIK3R2,PLCD4,0.665
PIK3R2,SYNJ1,0.672
PIK3R2,PLCB1,0.693
PIK3R2,OCRL,0.703
PIK3R2,GNAI1,0.902
PIK3R2,PREX1,0.908
PIK3R2,THRA,0.917
PIK3R2,NTRK1,0.93
PIK3R2,FGFR1,0.948
PIK3R2,PTPN11,0.96
PIK3R2,PIK3CG,0.999
PAK1,CSNK2B,0.413
PAK1,ARHGAP30,0.414
PAK1,SH3RF1,0.415
PAK1,VCP,0.422
PAK1,DST,0.426
PAK1,NCKAP1,0.427
PAK1,SPTBN1,0.444
PAK1,IQGAP3,0.459
PAK1,CDC42BPB,0.464
PAK1,ARHGEF2,0.478
PAK1,CYFIP1,0.495
PAK1,SPTAN1,0.502
PAK1,CDC42BPA,0.508
PAK1,PLXNA4,0.52
PAK1,PLXNA3,0.52
PAK1,EPHB2,0.535
PAK1,CLTC,0.539
PAK1,EPHB1,0.542
PAK1,CTNND1,0.596
PAK1,DSCAM,0.608
PAK1,GNB2,0.615
PAK1,CTNNB1,0.695
PAK1,MYLK,0.83
PAK1,ROBO2,0.91
PAK1,PAK2,0.952
CYFIP1,AGO2,0.77
CYFIP1,NOVA2,0.436
CYFIP1,PCDH10,0.939
CYFIP1,MAP1B,0.721
CYFIP1,GRM5,0.566
CYFIP1,YWHAG,0.557
CYFIP1,GABRB3,0.48
CYFIP1,PAK2,0.461
CYFIP1,DLGAP1,0.495
CYFIP1,NCL,0.752
CYFIP1,KCND2,0.427
CYFIP1,NIPA1,0.979
CYFIP1,NIPA2,0.993
CYFIP1,PLCB1,0.403
CYFIP1,SMARCA4,0.458
CYFIP1,SHANK2,0.469
CYFIP1,NLGN3,0.473
CYFIP1,NCKAP1,0.999
CYFIP1,ARHGEF2,0.487
CYFIP1,DRD2,0.427
CYFIP1,FMR1,0.999
CYFIP1,HNRNPK,0.408
CYFIP1,SRGAP3,0.52
CYFIP1,WASF1,0.999
CYFIP1,YWHAZ,0.489
CYFIP1,NRXN1,0.635
CYFIP1,MBD5,0.433
CYFIP1,SLC25A12,0.442
CYFIP1,CTNNA3,0.512
CYFIP1,DISC1,0.611
CYFIP1,EIF4G1,0.464
CYFIP1,EIF4E,0.997
CYFIP1,NTRK1,0.414
CYFIP1,NXF1,0.434
CYFIP1,ATP10A,0.547
CYFIP1,WWOX,0.51
CYFIP1,GRIN2B,0.499
CYFIP1,GABRG3,0.498
CYFIP1,CYFIP2,0.975
CYFIP1,TUBGCP5,0.989
CYFIP1,SYNGAP1,0.462
CYFIP1,DLG4,0.471
CYFIP1,MAGEL2,0.507
CYFIP1,DOCK1,0.522
CYFIP1,ACTB,0.656
CYFIP1,UBE3A,0.688
CYFIP1,SHANK3,0.709
NCKAP1,PCDH10,0.879
NCKAP1,ASXL3,0.473
NCKAP1,MED13L,0.407
NCKAP1,WDFY3,0.403
NCKAP1,ARHGAP32,0.472
NCKAP1,PAK2,0.428
NCKAP1,DPYSL3,0.572
NCKAP1,FRYL,0.44
NCKAP1,CCDC91,0.425
NCKAP1,ZNF292,0.449
NCKAP1,OCRL,0.462
NCKAP1,ARHGAP5,0.465
NCKAP1,SCN2A,0.49
NCKAP1,TNRC6B,0.503
NCKAP1,PCDH11X,0.521
NCKAP1,SYNGAP1,0.525
NCKAP1,SRGAP3,0.528
NCKAP1,ADNP,0.543
NCKAP1,PCDH19,0.593
NCKAP1,ABL2,0.63
NCKAP1,ACTB,0.649
NCKAP1,DOCK1,0.739
NCKAP1,CYFIP2,0.999
NCKAP1,WASF1,0.999
PAK2,SRSF1,0.418
PAK2,PSMD11,0.48
PAK2,SH3RF1,0.57
PAK2,DST,0.491
PAK2,SH3RF3,0.545
PAK2,PSMC5,0.435
PAK2,ARHGAP30,0.417
PAK2,SPTBN1,0.418
PAK2,CDC42BPB,0.445
PAK2,FMR1,0.448
PAK2,IQGAP3,0.449
PAK2,PSMD6,0.45
PAK2,CAPZA2,0.453
PAK2,VCP,0.456
PAK2,PSMD12,0.464
PAK2,DOCK4,0.467
PAK2,DOCK1,0.474
PAK2,SPTAN1,0.486
PAK2,CDC42BPA,0.49
PAK2,PLXNA4,0.52
PAK2,EPHB2,0.523
PAK2,EPHB1,0.523
PAK2,PLXNA3,0.531
PAK2,CLTC,0.535
PAK2,CTNND1,0.537
PAK2,DLG3,0.57
PAK2,CTNNB1,0.609
PAK2,MYLK,0.766
PAK2,ROBO2,0.91
CDC42BPB,GRIA2,0.4
CDC42BPB,IQGAP3,0.449
CDC42BPB,GRIN2B,0.402
CDC42BPB,CEP290,0.426
CDC42BPB,GRIA1,0.431
CDC42BPB,CDC42BPA,0.719
BRD4,CDK13,0.566
BRD4,SUPT16H,0.723
BRD4,CSNK2A1,0.636
BRD4,TAF4,0.586
BRD4,H3-3B,0.995
BRD4,KDM6B,0.561
BRD4,SRSF1,0.677
BRD4,PHF3,0.448
BRD4,KMT2C,0.465
BRD4,YY1,0.591
BRD4,CREBBP,0.71
BRD4,SRCAP,0.509
BRD4,SETD1A,0.473
BRD4,EP300,0.988
BRD4,AHNAK,0.401
BRD4,SAE1,0.403
BRD4,UBE3A,0.407
BRD4,ZMIZ1,0.41
BRD4,TET2,0.41
BRD4,KDM4C,0.411
BRD4,NSD1,0.417
BRD4,FMR1,0.421
BRD4,NFIB,0.421
BRD4,ERG,0.424
BRD4,HUWE1,0.424
BRD4,DDX3X,0.425
BRD4,TRIM33,0.433
BRD4,PTPN11,0.434
BRD4,TCF20,0.437
BRD4,KMT2B,0.437
BRD4,KMT2D,0.442
BRD4,LARP1,0.443
BRD4,HDAC8,0.444
BRD4,KAT6B,0.446
BRD4,XPO1,0.448
BRD4,H4C3,0.454
BRD4,KDM3A,0.454
BRD4,H4C11,0.454
BRD4,H4C5,0.454
BRD4,CUL4B,0.462
BRD4,UBR5,0.464
BRD4,ZMYND11,0.464
BRD4,CBX1,0.465
BRD4,KDM3B,0.466
BRD4,MED13L,0.47
BRD4,KDM2B,0.471
BRD4,H2BC11,0.48
BRD4,RBBP5,0.481
BRD4,EHMT1,0.482
BRD4,U2AF2,0.491
BRD4,KDM5B,0.491
BRD4,ACTB,0.499
BRD4,YWHAE,0.505
BRD4,PHF8,0.51
BRD4,CCT4,0.513
BRD4,ABCE1,0.514
BRD4,HNRNPD,0.514
BRD4,LEO1,0.515
BRD4,CSDE1,0.519
BRD4,ARID1B,0.519
BRD4,CLTC,0.52
BRD4,SIN3A,0.524
BRD4,HCFC1,0.524
BRD4,MED13,0.527
BRD4,SETD5,0.528
BRD4,PHB,0.528
BRD4,ILF2,0.53
BRD4,MCM6,0.532
BRD4,MBD3,0.534
BRD4,MECP2,0.535
BRD4,ZC3H11A,0.537
BRD4,DDX23,0.54
BRD4,SMARCA1,0.543
BRD4,VCP,0.544
BRD4,HDAC4,0.554
BRD4,ASH1L,0.557
BRD4,GTF2I,0.561
BRD4,KAT6A,0.561
BRD4,ANKRD11,0.562
BRD4,CPSF7,0.563
BRD4,TRIP12,0.566
BRD4,SF3B1,0.571
BRD4,ADNP,0.571
BRD4,NCOR1,0.574
BRD4,CHD9,0.581
BRD4,HNRNPK,0.587
BRD4,CBX4,0.589
BRD4,SETDB1,0.589
BRD4,NCL,0.59
BRD4,SETD2,0.593
BRD4,KDM2A,0.596
BRD4,XRCC6,0.598
BRD4,CTNNB1,0.599
BRD4,KDM5C,0.599
BRD4,CHD2,0.602
BRD4,DHX9,0.606
BRD4,ZMYND8,0.612
BRD4,CTR9,0.612
BRD4,CSNK2B,0.613
BRD4,IKZF1,0.613
BRD4,SMC3,0.615
BRD4,PRKDC,0.632
BRD4,TOP2B,0.633
BRD4,RAD21,0.635
BRD4,TAF6,0.638
BRD4,SMARCA2,0.644
BRD4,NOTCH1,0.646
BRD4,CHD3,0.65
BRD4,SMARCC2,0.652
BRD4,RSF1,0.658
BRD4,DNMT3A,0.663
BRD4,KMT5B,0.667
BRD4,KDM6A,0.678
BRD4,BPTF,0.683
BRD4,TRRAP,0.685
BRD4,CHD1,0.689
BRD4,CUL3,0.69
BRD4,USP7,0.696
BRD4,KDM1B,0.7
BRD4,EIF4G1,0.71
BRD4,SSRP1,0.719
BRD4,CCNK,0.72
BRD4,CTCF,0.726
BRD4,TAF1,0.737
BRD4,CUL2,0.758
BRD4,EP400,0.758
BRD4,CDK8,0.765
BRD4,ASXL3,0.773
BRD4,ZNF532,0.793
BRD4,KDM1A,0.808
BRD4,MED23,0.818
BRD4,ARID1A,0.818
BRD4,ATRX,0.827
BRD4,SMC1A,0.855
BRD4,WDR5,0.86
BRD4,KMT2A,0.87
BRD4,DOT1L,0.873
BRD4,BICRA,0.927
BRD4,POLR2A,0.933
BRD4,NSD2,0.941
BRD4,NIPBL,0.95
BRD4,CHD8,0.957
BRD4,SMARCA4,0.957
BRD4,AR,0.969
BRD4,CHD4,0.989
MTSS2,SF3B3,0.404
MTSS2,UNC80,0.48
SHANK1,SYP,0.441
SHANK1,NRXN2,0.876
SHANK1,GRID2,0.419
SHANK1,CACNA1D,0.745
SHANK1,PPP1R9B,0.4
SHANK1,ITGB3,0.402
SHANK1,RIT2,0.413
SHANK1,GPHN,0.416
SHANK1,GRIK5,0.418
SHANK1,CACNG2,0.418
SHANK1,SYN2,0.419
SHANK1,SMURF1,0.419
SHANK1,PTCHD1,0.421
SHANK1,IL1RAPL1,0.422
SHANK1,CAMK2B,0.434
SHANK1,DLG1,0.446
SHANK1,LRFN2,0.456
SHANK1,MECP2,0.475
SHANK1,SYN1,0.499
SHANK1,DPYSL2,0.511
SHANK1,NTRK3,0.511
SHANK1,AGAP2,0.512
SHANK1,BSN,0.523
SHANK1,CAMK2A,0.533
SHANK1,GRIP1,0.548
SHANK1,CNTNAP2,0.553
SHANK1,GRIA2,0.563
SHANK1,FMR1,0.593
SHANK1,GRIN1,0.596
SHANK1,GRIA1,0.619
SHANK1,NRXN3,0.696
SHANK1,ITPR1,0.696
SHANK1,GRIN2A,0.742
SHANK1,GRIN2B,0.752
SHANK1,NLGN4Y,0.76
SHANK1,DLG3,0.778
SHANK1,SPTAN1,0.812
SHANK1,SYNGAP1,0.819
SHANK1,DLGAP2,0.841
SHANK1,NLGN2,0.868
SHANK1,DLG2,0.878
SHANK1,NRXN1,0.887
SHANK1,NLGN4X,0.894
SHANK1,NLGN3,0.904
SHANK1,DLGAP3,0.92
SHANK1,NLGN1,0.926
SHANK1,GRM5,0.939
SHANK1,SHANK2,0.968
SHANK1,SHANK3,0.982
SHANK1,HOMER1,0.984
SHANK1,DLG4,0.992
SHANK1,DLGAP1,0.996
ACTB,ACTL6B,0.95
ACTB,MNT,0.404
ACTB,EEF1A2,0.742
ACTB,CORO1A,0.597
ACTB,AGO2,0.602
ACTB,SERPINE1,0.548
ACTB,CD38,0.4
ACTB,LRP1,0.506
ACTB,ACTN4,0.971
ACTB,PXDN,0.925
ACTB,EIF3G,0.497
ACTB,GFAP,0.738
ACTB,PER2,0.406
ACTB,H3-3B,0.962
ACTB,KDM6B,0.416
ACTB,SNAP25,0.468
ACTB,MYH4,0.483
ACTB,FABP4,0.605
ACTB,EPC2,0.831
ACTB,SRSF1,0.425
ACTB,THBS1,0.538
ACTB,MYO5C,0.771
ACTB,RHEB,0.423
ACTB,YY1,0.916
ACTB,CREBBP,0.556
ACTB,SRCAP,0.481
ACTB,RAB2A,0.414
ACTB,PHLPP1,0.481
ACTB,SYP,0.62
ACTB,EP300,0.778
ACTB,KAT2B,0.859
ACTB,TOP2B,0.604
ACTB,YWHAE,0.538
ACTB,CUL3,0.437
ACTB,HDAC4,0.684
ACTB,THRA,0.92
ACTB,DNMT3A,0.57
ACTB,CDH2,0.784
ACTB,SOD1,0.658
ACTB,SLC6A3,0.406
ACTB,NTRK2,0.558
ACTB,SLC1A2,0.435
ACTB,SSRP1,0.573
ACTB,DENR,0.432
ACTB,ANK3,0.435
ACTB,XPC,0.414
ACTB,MYO1E,0.722
ACTB,ACE,0.765
ACTB,WNT1,0.456
ACTB,SYN1,0.614
ACTB,GRIA2,0.447
ACTB,MAP1B,0.585
ACTB,RICTOR,0.491
ACTB,TSC1,0.503
ACTB,MAP1A,0.7
ACTB,NUDCD2,0.406
ACTB,ADRB2,0.405
ACTB,ITPR1,0.439
ACTB,YWHAG,0.61
ACTB,YEATS2,0.659
ACTB,H1-4,0.509
ACTB,HCFC1,0.777
ACTB,MSL2,0.908
ACTB,MSL3,0.912
ACTB,LEP,0.614
ACTB,PABPC1,0.495
ACTB,HNRNPD,0.745
ACTB,PRKDC,0.695
ACTB,NCL,0.605
ACTB,BACE1,0.596
ACTB,ARID1A,0.995
ACTB,CNOT1,0.421
ACTB,PPP2R1A,0.408
ACTB,KDM3B,0.695
ACTB,PTCH1,0.478
ACTB,GRIN2A,0.535
ACTB,HOMER1,0.442
ACTB,ARID2,0.983
ACTB,SF3B1,0.658
ACTB,EIF5A,0.56
ACTB,FBXO40,0.42
ACTB,MAOA,0.444
ACTB,MAPT,0.817
ACTB,MEF2C,0.412
ACTB,SMAD4,0.586
ACTB,SMARCA4,0.999
ACTB,ESR2,0.627
ACTB,CCNG1,0.488
ACTB,H4C11,0.899
ACTB,DYNC1H1,0.938
ACTB,ANK2,0.435
ACTB,BCL11B,0.808
ACTB,CX3CR1,0.417
ACTB,WDR5,0.821
ACTB,VCP,0.728
ACTB,ELAVL3,0.463
ACTB,XRCC6,0.598
ACTB,TRRAP,0.96
ACTB,ATP2B2,0.414
ACTB,DPP4,0.404
ACTB,TRPM6,0.483
ACTB,DMD,0.952
ACTB,CAPZA2,0.474
ACTB,DLL1,0.438
ACTB,PRKN,0.711
ACTB,PTGS2,0.728
ACTB,DHX9,0.524
ACTB,CNR1,0.401
ACTB,SYNCRIP,0.551
ACTB,BTRC,0.411
ACTB,FMR1,0.453
ACTB,GRIN1,0.438
ACTB,ADA,0.418
ACTB,DNM1,0.632
ACTB,AGO3,0.419
ACTB,AGO4,0.416
ACTB,HDAC8,0.642
ACTB,HNRNPR,0.762
ACTB,AR,0.688
ACTB,HNRNPK,0.543
ACTB,ANXA1,0.7
ACTB,H4C3,0.9
ACTB,MAOB,0.434
ACTB,ITGA8,0.709
ACTB,DDX53,0.449
ACTB,RPS6KA3,0.401
ACTB,PDHA1,0.461
ACTB,TEK,0.461
ACTB,BRCA2,0.418
ACTB,CHD3,0.423
ACTB,SMARCA2,0.896
ACTB,METTL14,0.502
ACTB,EP400,0.965
ACTB,ASH1L,0.44
ACTB,WASF1,0.924
ACTB,IGF1,0.66
ACTB,CCT4,0.702
ACTB,YWHAZ,0.899
ACTB,HLA-A,0.424
ACTB,BICRA,0.598
ACTB,BICDL1,0.841
ACTB,CTNND1,0.407
ACTB,KDM1A,0.688
ACTB,CUL4B,0.55
ACTB,CTNNA2,0.917
ACTB,XPO1,0.479
ACTB,KDM3A,0.734
ACTB,KANSL1,0.726
ACTB,CTNNA3,0.915
ACTB,FGFR1,0.528
ACTB,MECP2,0.421
ACTB,FGF13,0.544
ACTB,AP2M1,0.62
ACTB,PRKCA,0.955
ACTB,PTPRC,0.734
ACTB,EIF4G1,0.477
ACTB,ANP32A,0.496
ACTB,PDK2,0.402
ACTB,MEGF10,0.573
ACTB,NEDD4,0.618
ACTB,EIF4E,0.615
ACTB,GRIA1,0.545
ACTB,NTRK1,0.541
ACTB,EIF3F,0.434
ACTB,CHD4,0.47
ACTB,CLTCL1,0.469
ACTB,TET2,0.518
ACTB,SMARCC2,0.983
ACTB,ITGB3,0.949
ACTB,TLN2,0.957
ACTB,TAF1C,0.521
ACTB,POLR2A,0.896
ACTB,H2BC11,0.424
ACTB,GRIN2B,0.738
ACTB,KANK1,0.484
ACTB,PPP1R9B,0.402
ACTB,PHB,0.863
ACTB,CLTC,0.693
ACTB,CYFIP2,0.631
ACTB,SYN2,0.464
ACTB,TUBGCP5,0.84
ACTB,H4C5,0.9
ACTB,ZEB2,0.481
ACTB,SPTAN1,0.535
ACTB,PTPN11,0.446
ACTB,ARID1B,0.947
ACTB,HNRNPU,0.662
ACTB,PAX6,0.533
ACTB,DDX3X,0.508
ACTB,CTCF,0.436
ACTB,UBE3A,0.494
ACTB,TBL1X,0.519
ACTB,NOTCH1,0.63
ACTB,DLG4,0.673
ACTB,CAMK2A,0.691
ACTB,BCL11A,0.785
ACTB,CTNNB1,0.86
RANBP9,DDX3X,0.424
RANBP9,DYRK1A,0.434
RANBP9,BRCA2,0.448
RANBP9,ACHE,0.45
RANBP9,UBE2H,0.519
RANBP9,PLXNA4,0.521
RANBP9,USP7,0.532
RANBP9,PLXNA3,0.558
RANBP9,AR,0.588
RANBP9,FMR1,0.597
RANBP9,NTRK2,0.631
RANBP9,NTRK1,0.725
RANBP9,WDR26,0.996
DDX3X,YTHDC2,0.433
DDX3X,AGO2,0.88
DDX3X,HNRNPL,0.403
DDX3X,EIF3G,0.71
DDX3X,SRSF1,0.57
DDX3X,YY1,0.685
DDX3X,CREBBP,0.563
DDX3X,EP300,0.58
DDX3X,ASXL3,0.407
DDX3X,USP15,0.437
DDX3X,KAT6B,0.467
DDX3X,MAGEC3,0.486
DDX3X,KMT2D,0.504
DDX3X,SF3B3,0.429
DDX3X,U2AF2,0.544
DDX3X,PABPC1,0.956
DDX3X,NCL,0.4
DDX3X,CNOT1,0.611
DDX3X,ZMYM3,0.54
DDX3X,SMC1A,0.41
DDX3X,SF3B1,0.464
DDX3X,EIF5A,0.601
DDX3X,LARP1,0.578
DDX3X,CAPRIN1,0.731
DDX3X,USP9Y,0.619
DDX3X,SMARCA4,0.439
DDX3X,NLGN4Y,0.409
DDX3X,SON,0.405
DDX3X,CNOT3,0.415
DDX3X,VCP,0.484
DDX3X,G3BP2,0.628
DDX3X,ILF2,0.537
DDX3X,DHX9,0.888
DDX3X,SYNCRIP,0.747
DDX3X,FMR1,0.677
DDX3X,HNRNPH2,0.438
DDX3X,ADA,0.415
DDX3X,PCDH11X,0.453
DDX3X,ATRX,0.5
DDX3X,HNRNPR,0.626
DDX3X,KDM5C,0.775
DDX3X,HNRNPK,0.757
DDX3X,KDM6A,0.843
DDX3X,ZFX,0.605
DDX3X,NLGN4X,0.497
DDX3X,TRIP12,0.421
DDX3X,CSNK1E,0.945
DDX3X,XPO1,0.992
DDX3X,SETD2,0.455
DDX3X,NSD1,0.407
DDX3X,HNRNPF,0.565
DDX3X,DHX30,0.56
DDX3X,DOCK4,0.414
DDX3X,EIF4G1,0.977
DDX3X,EIF4E,0.995
DDX3X,EIF3F,0.651
DDX3X,NXF1,0.78
DDX3X,CUL7,0.429
DDX3X,CHD4,0.432
DDX3X,TET2,0.51
DDX3X,ATXN2,0.473
DDX3X,PRPF8,0.582
DDX3X,PHB,0.415
DDX3X,CSDE1,0.627
DDX3X,HNRNPU,0.545
DDX3X,CTCF,0.41
DDX3X,NOTCH1,0.421
DDX3X,TBL1X,0.53
DDX3X,CTNNB1,0.835
DYRK1A,CTTNBP2,0.461
DYRK1A,FAM53C,0.9
DYRK1A,KATNAL2,0.528
DYRK1A,PER2,0.49
DYRK1A,KDM6B,0.433
DYRK1A,EPC2,0.485
DYRK1A,SRSF1,0.501
DYRK1A,CREBBP,0.694
DYRK1A,EP300,0.69
DYRK1A,YWHAE,0.592
DYRK1A,CUL3,0.463
DYRK1A,ASXL3,0.431
DYRK1A,MED13L,0.82
DYRK1A,FEZF2,0.477
DYRK1A,WDFY3,0.452
DYRK1A,SYN1,0.484
DYRK1A,MAP1B,0.463
DYRK1A,TSC1,0.702
DYRK1A,KIAA0232,0.537
DYRK1A,KMT5B,0.58
DYRK1A,YWHAG,0.597
DYRK1A,ZBTB21,0.45
DYRK1A,SPAST,0.425
DYRK1A,CNOT1,0.43
DYRK1A,MAOA,0.4
DYRK1A,KDM5C,0.401
DYRK1A,TNRC6B,0.404
DYRK1A,MECP2,0.41
DYRK1A,SYNGAP1,0.41
DYRK1A,SMARCC2,0.415
DYRK1A,ZNF292,0.416
DYRK1A,ASH1L,0.42
DYRK1A,DPYSL3,0.426
DYRK1A,MARK2,0.439
DYRK1A,WAC,0.442
DYRK1A,SHANK3,0.446
DYRK1A,CTNNB1,0.45
DYRK1A,MED13,0.457
DYRK1A,ARID1B,0.466
DYRK1A,GRIN2B,0.482
DYRK1A,TRIM33,0.495
DYRK1A,BTRC,0.507
DYRK1A,DSCAM,0.507
DYRK1A,KIF14,0.512
DYRK1A,SATB2,0.519
DYRK1A,SCN2A,0.531
DYRK1A,RFX7,0.547
DYRK1A,USP7,0.561
DYRK1A,DPYSL2,0.597
DYRK1A,TBR1,0.615
DYRK1A,ADNP,0.648
DYRK1A,FMR1,0.664
DYRK1A,DNM1,0.672
DYRK1A,TRIP12,0.692
DYRK1A,CHD8,0.701
DYRK1A,CTNND1,0.708
DYRK1A,SYNJ1,0.733
DYRK1A,LZTS2,0.735
DYRK1A,MAPT,0.748
DYRK1A,AUTS2,0.788
DYRK1A,CADPS2,0.811
DYRK1A,WDR26,0.842
BRCA2,H3-3B,0.462
BRCA2,KMT2C,0.582
BRCA2,KAT2B,0.953
BRCA2,CBX4,0.761
BRCA2,XPC,0.643
BRCA2,RAD21,0.72
BRCA2,CSMD3,0.403
BRCA2,KMT2D,0.45
BRCA2,USH2A,0.479
BRCA2,PPM1D,0.405
BRCA2,PRKDC,0.887
BRCA2,NCL,0.51
BRCA2,ARID1A,0.663
BRCA2,SMC1A,0.418
BRCA2,PTCH1,0.448
BRCA2,SMAD4,0.672
BRCA2,MCPH1,0.844
BRCA2,SMARCA4,0.68
BRCA2,ANK2,0.461
BRCA2,POT1,0.468
BRCA2,XRCC6,0.883
BRCA2,FAN1,0.43
BRCA2,SMC3,0.662
BRCA2,KIF14,0.451
BRCA2,ASPM,0.431
BRCA2,GNAS,0.447
BRCA2,ATRX,0.891
BRCA2,AR,0.594
BRCA2,MTHFR,0.408
BRCA2,POLR2A,0.401
BRCA2,CHD1,0.411
BRCA2,ARID1B,0.416
BRCA2,ZMYND11,0.442
BRCA2,CHD4,0.45
BRCA2,FGFR1,0.485
BRCA2,FAT1,0.489
BRCA2,CTNNB1,0.543
BRCA2,NOTCH1,0.569
BRCA2,PHF21A,0.569
BRCA2,H2BC11,0.578
BRCA2,XPO1,0.604
BRCA2,PSMD6,0.633
BRCA2,KDM1A,0.634
BRCA2,CTCF,0.677
BRCA2,CUL7,0.726
BRCA2,UIMC1,0.8
BRCA2,EMSY,0.997
ACHE,PON1,0.611
ACHE,PXDN,0.695
ACHE,GFAP,0.461
ACHE,SYP,0.55
ACHE,NRXN2,0.725
ACHE,SLC6A3,0.447
ACHE,NTRK2,0.437
ACHE,ACE,0.733
ACHE,SYN1,0.434
ACHE,DRD2,0.427
ACHE,ADA,0.43
ACHE,CHRNA7,0.453
ACHE,DLG4,0.481
ACHE,PTGS2,0.508
ACHE,NLGN4X,0.521
ACHE,SCN4A,0.558
ACHE,NLGN1,0.568
ACHE,ADORA2A,0.591
ACHE,NRXN1,0.712
ACHE,MAOA,0.761
ACHE,MAPT,0.817
ACHE,BACE1,0.831
ACHE,CHKB,0.909
ACHE,MAOB,0.91
UBE2H,RLIM,0.61
UBE2H,UBA7,0.743
UBE2H,TBL1X,0.477
UBE2H,UBE3A,0.566
UBE2H,TRIP12,0.587
UBE2H,WDR26,0.86
PLXNA4,DPYSL5,0.555
PLXNA4,CRMP1,0.755
PLXNA4,DPYSL3,0.67
PLXNA4,PLXNB1,0.603
PLXNA4,NRCAM,0.406
PLXNA4,PRICKLE2,0.416
PLXNA4,RUNX1T1,0.421
PLXNA4,SEMA5A,0.47
PLXNA4,ROBO2,0.476
PLXNA4,DSCAM,0.486
PLXNA4,NTRK1,0.513
PLXNA4,LAMA1,0.541
PLXNA4,PLXNA3,0.708
PLXNA4,DPYSL2,0.717
PLXNA4,NRP2,0.993
USP7,CSNK2A1,0.639
USP7,MBD4,0.631
USP7,H3-3B,0.413
USP7,KDM6B,0.649
USP7,USP30,0.651
USP7,ECPAS,0.438
USP7,PHF3,0.435
USP7,MCM4,0.499
USP7,CREBBP,0.751
USP7,EP300,0.623
USP7,CUL3,0.583
USP7,DNMT3A,0.456
USP7,CBX4,0.557
USP7,USP15,0.566
USP7,OTULIN,0.51
USP7,XPC,0.701
USP7,USP24,0.575
USP7,YWHAG,0.493
USP7,KMT2E,0.789
USP7,NCL,0.599
USP7,PPP2R1A,0.658
USP7,IKZF1,0.467
USP7,PHF7,0.679
USP7,USP45,0.408
USP7,HUWE1,0.859
USP7,SMAD4,0.479
USP7,WWOX,0.403
USP7,ATP2B1,0.404
USP7,SMURF1,0.409
USP7,EHMT1,0.413
USP7,EIF3F,0.417
USP7,SHANK3,0.418
USP7,H2BC11,0.419
USP7,WDR26,0.425
USP7,TRIM8,0.425
USP7,WWP1,0.434
USP7,UIMC1,0.438
USP7,XPO1,0.442
USP7,CUL2,0.443
USP7,ANP32A,0.455
USP7,MINK1,0.459
USP7,BTRC,0.466
USP7,YWHAZ,0.467
USP7,CTCF,0.474
USP7,TRRAP,0.478
USP7,MYCBP2,0.49
USP7,UBE3A,0.496
USP7,BCORL1,0.497
USP7,BIRC6,0.513
USP7,AR,0.52
USP7,HMGN1,0.528
USP7,SENP6,0.535
USP7,SMARCA4,0.539
USP7,ATRX,0.541
USP7,PJA1,0.543
USP7,VCP,0.567
USP7,UBR5,0.603
USP7,CUL4B,0.646
USP7,TCEAL1,0.651
USP7,FBXO11,0.707
USP7,NEDD4,0.73
USP7,PHF8,0.733
USP7,KDM2B,0.748
USP7,NOTCH1,0.84
USP7,CTNNB1,0.881
USP7,KDM1A,0.936
USP7,MAGEL2,0.961
USP7,TRIP12,0.963
PLXNA3,DPYSL5,0.546
PLXNA3,CRMP1,0.609
PLXNA3,DPYSL3,0.645
PLXNA3,PLXNB1,0.617
PLXNA3,NRP2,0.996
PLXNA3,RUNX1T1,0.403
PLXNA3,PRICKLE2,0.406
PLXNA3,EPHB2,0.454
PLXNA3,NTRK1,0.506
PLXNA3,LAMA1,0.548
PLXNA3,DPYSL2,0.708
PLXNA3,SEMA5A,0.846
AR,KDM4B,0.403
AR,EEF1A2,0.507
AR,RHOXF1,0.532
AR,HNRNPL,0.43
AR,PXDN,0.615
AR,H3-3B,0.839
AR,YY1,0.727
AR,CREBBP,0.96
AR,SRCAP,0.605
AR,SYP,0.628
AR,EP300,0.952
AR,KAT2B,0.682
AR,TOP2B,0.774
AR,HDAC4,0.651
AR,NCOR1,0.991
AR,CDH2,0.482
AR,KMT2D,0.713
AR,U2AF2,0.576
AR,LEP,0.593
AR,PRKDC,0.672
AR,ARID1A,0.624
AR,ZBTB7A,0.594
AR,CADM1,0.6
AR,ZMIZ1,0.802
AR,ZBTB16,0.752
AR,FOXG1,0.577
AR,SMAD4,0.859
AR,SMARCA4,0.874
AR,ESR2,0.588
AR,NR4A2,0.475
AR,DYNC1H1,0.411
AR,NR3C2,0.71
AR,VCP,0.402
AR,XRCC6,0.508
AR,TCF20,0.752
AR,CAPZA2,0.4
AR,KDM5B,0.788
AR,PTGS2,0.423
AR,AFF2,0.408
AR,ATRX,0.579
AR,CUL2,0.406
AR,POLR2A,0.424
AR,CHD8,0.425
AR,NOTCH1,0.427
AR,CDKL5,0.436
AR,PHF21A,0.455
AR,TCF7L2,0.462
AR,GLI3,0.474
AR,PRKD1,0.491
AR,JMJD1C,0.529
AR,NEDD4,0.536
AR,H2BC11,0.538
AR,NSD2,0.574
AR,CHD1,0.581
AR,PHB,0.586
AR,KMT2A,0.602
AR,PAX6,0.618
AR,TAF1,0.62
AR,NSD1,0.659
AR,SMARCA2,0.703
AR,PRKCB,0.731
AR,KDM3A,0.732
AR,IGF1,0.747
AR,KDM6A,0.765
AR,UBE3A,0.807
AR,KDM4C,0.823
AR,ERG,0.893
AR,NCOA1,0.984
AR,KDM1A,0.996
AR,CTNNB1,0.996
FMR1,YTHDC2,0.661
FMR1,OXT,0.416
FMR1,AGO2,0.998
FMR1,CDH9,0.471
FMR1,SLC6A8,0.535
FMR1,H3-3B,0.613
FMR1,SRSF1,0.573
FMR1,NOVA2,0.602
FMR1,PCDH10,0.449
FMR1,CDH10,0.45
FMR1,CPEB4,0.889
FMR1,NRXN2,0.538
FMR1,KCNC1,0.612
FMR1,CACNA1C,0.418
FMR1,SOD1,0.554
FMR1,NTRK2,0.426
FMR1,KCNMA1,0.579
FMR1,SYN1,0.475
FMR1,GRIA2,0.507
FMR1,MAP1B,0.957
FMR1,TSC1,0.487
FMR1,SCN1A,0.62
FMR1,NLGN2,0.56
FMR1,GRM5,0.874
FMR1,YWHAG,0.46
FMR1,U2AF2,0.51
FMR1,GABRB3,0.52
FMR1,PABPC1,0.751
FMR1,HNRNPD,0.422
FMR1,DLGAP1,0.423
FMR1,NCL,0.744
FMR1,STXBP5,0.444
FMR1,GRIN2A,0.556
FMR1,KCND2,0.598
FMR1,SLITRK2,0.565
FMR1,HOMER1,0.607
FMR1,LARP1,0.51
FMR1,NIPA1,0.506
FMR1,FBXO40,0.434
FMR1,NIPA2,0.509
FMR1,CAPRIN1,0.944
FMR1,MAPT,0.593
FMR1,SHANK2,0.649
FMR1,DMPK,0.457
FMR1,SND1,0.963
FMR1,OPHN1,0.542
FMR1,NLGN4Y,0.471
FMR1,TRIM33,0.472
FMR1,NLGN3,0.817
FMR1,G3BP2,0.843
FMR1,ATP2B2,0.449
FMR1,ASTN2,0.444
FMR1,CNTNAP2,0.626
FMR1,DHX9,0.614
FMR1,SYNCRIP,0.509
FMR1,GABRA3,0.589
FMR1,AFF2,0.95
FMR1,WASF1,0.408
FMR1,SMARCA2,0.408
FMR1,PTCHD1,0.409
FMR1,SYN2,0.412
FMR1,ADNP,0.415
FMR1,CTCF,0.416
FMR1,CACNA1A,0.418
FMR1,GATM,0.418
FMR1,SLC9A6,0.418
FMR1,DSCAM,0.42
FMR1,CASK,0.423
FMR1,CLTCL1,0.429
FMR1,SCN2A,0.447
FMR1,GPHN,0.452
FMR1,ELAVL2,0.454
FMR1,CLTC,0.457
FMR1,ATRX,0.463
FMR1,TUBGCP5,0.48
FMR1,CNTN4,0.499
FMR1,RBFOX1,0.501
FMR1,DISC1,0.507
FMR1,UBAP2L,0.515
FMR1,DLG2,0.526
FMR1,CUL4B,0.537
FMR1,DLGAP3,0.548
FMR1,GRIN2B,0.555
FMR1,CSDE1,0.557
FMR1,AGO3,0.567
FMR1,CTNNB1,0.575
FMR1,FXN,0.576
FMR1,AGO4,0.619
FMR1,CHD8,0.622
FMR1,METTL14,0.634
FMR1,HNRNPU,0.636
FMR1,CDKL5,0.642
FMR1,NXF1,0.643
FMR1,HNRNPH2,0.657
FMR1,XPO1,0.661
FMR1,NRXN1,0.677
FMR1,HNRNPR,0.683
FMR1,SYNGAP1,0.686
FMR1,TOP3B,0.69
FMR1,NLGN1,0.708
FMR1,HNRNPK,0.74
FMR1,GRIA1,0.746
FMR1,NLGN4X,0.781
FMR1,UBE3A,0.807
FMR1,CAMK2A,0.839
FMR1,SHANK3,0.856
FMR1,EIF4G1,0.865
FMR1,ATXN2,0.901
FMR1,MECP2,0.919
FMR1,DLG4,0.938
FMR1,EIF4E,0.974
FMR1,AGO1,0.983
FMR1,CYFIP2,0.999
NTRK2,OXT,0.645
NTRK2,GFAP,0.669
NTRK2,PPP1R1B,0.453
NTRK2,SNAP25,0.691
NTRK2,GABBR2,0.512
NTRK2,SYT1,0.425
NTRK2,SLC6A4,0.512
NTRK2,SYP,0.658
NTRK2,CNTN3,0.456
NTRK2,NRXN2,0.41
NTRK2,AHI1,0.605
NTRK2,SLC6A3,0.424
NTRK2,EPHA1,0.59
NTRK2,NLGN3,0.408
NTRK2,GPHN,0.409
NTRK2,MEGF10,0.411
NTRK2,LEP,0.411
NTRK2,KCNA3,0.416
NTRK2,CTNNB1,0.431
NTRK2,SPARCL1,0.435
NTRK2,BACE1,0.446
NTRK2,NRXN1,0.447
NTRK2,DDC,0.449
NTRK2,DRD1,0.45
NTRK2,PLXNB1,0.453
NTRK2,MAOA,0.456
NTRK2,MECP2,0.46
NTRK2,ITPR1,0.462
NTRK2,SCN1A,0.464
NTRK2,MAPT,0.464
NTRK2,SLC1A2,0.465
NTRK2,CNTN6,0.466
NTRK2,RIMS1,0.469
NTRK2,MEGF11,0.471
NTRK2,MAOB,0.472
NTRK2,KANK1,0.476
NTRK2,KNG1,0.477
NTRK2,ATP2B2,0.477
NTRK2,DRD2,0.48
NTRK2,NTNG1,0.487
NTRK2,FGFR1,0.494
NTRK2,HOMER1,0.498
NTRK2,SYN2,0.507
NTRK2,PTPRS,0.515
NTRK2,DLG2,0.533
NTRK2,NLGN1,0.534
NTRK2,SLC6A1,0.535
NTRK2,PTPRD,0.557
NTRK2,GRM5,0.559
NTRK2,DPYSL2,0.568
NTRK2,CACNB1,0.587
NTRK2,GRIA2,0.612
NTRK2,GRIA3,0.622
NTRK2,GRIN2A,0.64
NTRK2,SYN1,0.644
NTRK2,GRIA1,0.667
NTRK2,GRIN1,0.708
NTRK2,SLC12A5,0.711
NTRK2,CNR1,0.822
NTRK2,DLG4,0.86
NTRK2,IGF1,0.89
NTRK2,GRIN2B,0.897
NTRK2,PTPN11,0.939
NTRK2,ADORA2A,0.94
NTRK2,NTRK3,0.969
NTRK2,NTRK1,0.989
NTRK1,OXT,0.502
NTRK1,CORO1A,0.473
NTRK1,SGSM3,0.655
NTRK1,GFAP,0.478
NTRK1,SYP,0.423
NTRK1,RAPGEF2,0.633
NTRK1,CDH2,0.412
NTRK1,DMWD,0.436
NTRK1,EPHA1,0.473
NTRK1,SYN1,0.582
NTRK1,ADRB2,0.451
NTRK1,KLF7,0.514
NTRK1,ARHGAP32,0.575
NTRK1,BACE1,0.599
NTRK1,RIT2,0.564
NTRK1,PTCH1,0.456
NTRK1,SLITRK2,0.572
NTRK1,PTPRB,0.594
NTRK1,SMAD4,0.417
NTRK1,TRIM33,0.475
NTRK1,NRP2,0.563
NTRK1,NTRK3,0.8
NTRK1,DRD2,0.456
NTRK1,CNR1,0.432
NTRK1,DNM1,0.516
NTRK1,PRUNE2,0.452
NTRK1,PTPRD,0.502
NTRK1,IGF1,0.99
NTRK1,EPHB2,0.47
NTRK1,SCN9A,0.498
NTRK1,PRKD1,0.474
NTRK1,FGFR1,0.53
NTRK1,PRKD2,0.455
NTRK1,FGF13,0.622
NTRK1,RUNX1T1,0.435
NTRK1,AP2M1,0.52
NTRK1,PTPRC,0.572
NTRK1,MUC4,0.543
NTRK1,NEDD4,0.802
NTRK1,DLG4,0.4
NTRK1,NOTCH1,0.407
NTRK1,AP2S1,0.502
NTRK1,SYN2,0.538
NTRK1,PTPN11,0.56
NTRK1,KNG1,0.595
NTRK1,CLTC,0.618
NTRK1,PTPRS,0.69
NTRK1,CTNNB1,0.745
NTRK1,ADORA2A,0.857
WDR26,CORO1A,0.5
WDR26,MED13L,0.554
WDR26,WAC,0.492
WDR26,SKI,0.46
WDR26,SIN3B,0.525
WDR26,TRIP12,0.79
WDR26,SIN3A,0.564
WDR26,MED13,0.506
WDR26,CUL4B,0.476
WDR26,UBR5,0.549
PPP5C,H2BC11,0.4
PPP5C,HERC2,0.442
PPP5C,KSR2,0.452
PPP5C,YWHAE,0.452
PPP5C,NSD2,0.464
PPP5C,PPP2R5D,0.466
PPP5C,PPP2R1A,0.469
PPP5C,AGO1,0.604
PPP5C,TRAP1,0.637
PPP5C,ESR2,0.663
PPP5C,MAPT,0.671
PPP5C,CCT4,0.926
PPP5C,TSC1,0.958
H2BC11,KDM4B,0.727
H2BC11,SUPT16H,0.589
H2BC11,AGO2,0.57
H2BC11,TAF4,0.819
H2BC11,H3-3B,0.986
H2BC11,KDM6B,0.677
H2BC11,TERF2,0.499
H2BC11,THBS1,0.448
H2BC11,HERC2,0.534
H2BC11,KMT2C,0.924
H2BC11,YY1,0.585
H2BC11,CREBBP,0.572
H2BC11,SETD1A,0.663
H2BC11,EP300,0.968
H2BC11,KAT2B,0.699
H2BC11,RBBP5,0.955
H2BC11,HDAC4,0.731
H2BC11,DNMT3A,0.565
H2BC11,NCOR1,0.559
H2BC11,CBX4,0.507
H2BC11,SSRP1,0.646
H2BC11,RAD21,0.613
H2BC11,LEO1,0.938
H2BC11,NCAPH2,0.554
H2BC11,KMT2D,0.62
H2BC11,SYCE1,0.501
H2BC11,H1-4,0.875
H2BC11,PRKDC,0.604
H2BC11,NCL,0.482
H2BC11,SMC1A,0.549
H2BC11,SF3B1,0.4
H2BC11,TNRC6C,0.558
H2BC11,JARID2,0.746
H2BC11,WAC,0.642
H2BC11,H4C11,0.976
H2BC11,POT1,0.499
H2BC11,PHF8,0.527
H2BC11,WDR5,0.918
H2BC11,XRCC6,0.677
H2BC11,TRRAP,0.715
H2BC11,CUX1,0.436
H2BC11,SMC3,0.628
H2BC11,CTR9,0.949
H2BC11,MED23,0.821
H2BC11,SMARCA1,0.422
H2BC11,AGO3,0.524
H2BC11,AGO1,0.546
H2BC11,AGO4,0.535
H2BC11,ATRX,0.61
H2BC11,HDAC8,0.727
H2BC11,H4C3,0.975
H2BC11,KDM6A,0.694
H2BC11,SIN3B,0.526
H2BC11,CHD3,0.586
H2BC11,KDM4C,0.547
H2BC11,NSD2,0.912
H2BC11,STAG1,0.57
H2BC11,CBX1,0.636
H2BC11,SIN3A,0.544
H2BC11,DOT1L,0.964
H2BC11,KDM1A,0.643
H2BC11,SETD2,0.427
H2BC11,PHF21A,0.485
H2BC11,TAF6,0.842
H2BC11,TNRC6B,0.515
H2BC11,TBL1XR1,0.463
H2BC11,TAF1,0.843
H2BC11,MBD3,0.504
H2BC11,EHMT1,0.495
H2BC11,UIMC1,0.561
H2BC11,KMT2A,0.958
H2BC11,CHD4,0.922
H2BC11,TAF1C,0.405
H2BC11,POLR2A,0.933
H2BC11,SETD1B,0.526
H2BC11,HNRNPU,0.465
H2BC11,TBL1X,0.486
H2BC11,TCF7L2,0.499
H2BC11,HOXA1,0.499
H2BC11,APBB1,0.517
H2BC11,CTNNB1,0.595
H2BC11,CTCF,0.605
H2BC11,CHD1,0.647
H2BC11,H4C5,0.981
HERC2,KDM4B,0.507
HERC2,EIF3G,0.555
HERC2,APBA2,0.444
HERC2,KMT2D,0.453
HERC2,CTNNB1,0.514
HERC2,XRCC6,0.515
HERC2,NSD2,0.545
HERC2,PRKDC,0.546
HERC2,HUWE1,0.55
HERC2,PCM1,0.56
HERC2,HERC1,0.601
HERC2,BIRC6,0.611
HERC2,UIMC1,0.62
HERC2,NUDCD2,0.687
HERC2,UBE3A,0.91
KSR2,RIT2,0.408
KSR2,FGA,0.4
KSR2,ITGB3,0.41
YWHAE,MNT,0.461
YWHAE,HNRNPL,0.507
YWHAE,FAM53C,0.485
YWHAE,RHEB,0.441
YWHAE,ESR2,0.402
YWHAE,HNRNPK,0.403
YWHAE,SMAD4,0.411
YWHAE,TET2,0.42
YWHAE,CTNNB1,0.422
YWHAE,RELN,0.424
YWHAE,HECTD1,0.425
YWHAE,KANK1,0.43
YWHAE,SIK1,0.43
YWHAE,OFD1,0.438
YWHAE,NINL,0.443
YWHAE,HNRNPU,0.444
YWHAE,PCM1,0.452
YWHAE,MACF1,0.454
YWHAE,CDK16,0.466
YWHAE,GRB10,0.47
YWHAE,CUL7,0.482
YWHAE,CUL3,0.489
YWHAE,ATP2B1,0.496
YWHAE,ATP2B2,0.503
YWHAE,CHM,0.507
YWHAE,MARK1,0.524
YWHAE,PPP1R9B,0.525
YWHAE,PPP2R1A,0.542
YWHAE,SOD1,0.557
YWHAE,CLTC,0.563
YWHAE,CLTCL1,0.563
YWHAE,TSC1,0.564
YWHAE,CTNND2,0.581
YWHAE,GLI3,0.594
YWHAE,ANXA1,0.62
YWHAE,WWOX,0.623
YWHAE,RICTOR,0.703
YWHAE,VCP,0.726
YWHAE,MARK2,0.757
YWHAE,MAPT,0.836
YWHAE,HDAC4,0.851
YWHAE,CTNNA3,0.903
YWHAE,CSNK1E,0.909
YWHAE,CTNNA2,0.915
YWHAE,DISC1,0.946
YWHAE,YWHAG,0.988
YWHAE,YWHAZ,0.998
NSD2,KDM4B,0.674
NSD2,AGO2,0.639
NSD2,H3-3B,0.823
NSD2,KDM6B,0.56
NSD2,CREBBP,0.438
NSD2,EP300,0.668
NSD2,RBBP5,0.524
NSD2,DNMT3A,0.438
NSD2,KMT2D,0.452
NSD2,KMT5B,0.601
NSD2,KMT2E,0.468
NSD2,PRKDC,0.653
NSD2,JARID2,0.421
NSD2,SMARCA4,0.429
NSD2,H4C11,0.841
NSD2,XRCC6,0.634
NSD2,KDM5B,0.446
NSD2,ATRX,0.404
NSD2,KDM5C,0.462
NSD2,KDM2B,0.48
NSD2,H4C3,0.838
NSD2,KDM6A,0.654
NSD2,NSD1,0.434
NSD2,KDM5A,0.439
NSD2,SETD5,0.452
NSD2,SETD2,0.511
NSD2,KDM2A,0.517
NSD2,ASH1L,0.539
NSD2,SIN3A,0.562
NSD2,UIMC1,0.626
NSD2,KDM1A,0.632
NSD2,CTNNB1,0.666
NSD2,DOT1L,0.766
NSD2,H4C5,0.846
PPP2R5D,PPFIA1,0.805
PPP2R5D,PPP1R1B,0.635
PPP2R5D,CACNA1C,0.68
PPP2R5D,CACNA1D,0.65
PPP2R5D,WNT1,0.499
PPP2R5D,CACNG2,0.65
PPP2R5D,ITPR1,0.452
PPP2R5D,DVL3,0.554
PPP2R5D,CACNB2,0.661
PPP2R5D,PPP2R1A,0.999
PPP2R5D,CCNG1,0.649
PPP2R5D,MINK1,0.682
PPP2R5D,CACNA2D1,0.672
PPP2R5D,DRD2,0.911
PPP2R5D,BTRC,0.585
PPP2R5D,CACNA1F,0.656
PPP2R5D,TRIP12,0.431
PPP2R5D,CACNB1,0.661
PPP2R5D,PPP3CA,0.722
PPP2R5D,CSNK1E,0.427
PPP2R5D,PPP2R5C,0.849
PPP2R5D,CHD8,0.406
PPP2R5D,CTNNB1,0.575
PPP2R5D,PTPN11,0.599
PPP2R5D,CACNA2D3,0.65
PPP2R1A,CTTNBP2,0.995
PPP2R1A,CSNK2A1,0.509
PPP2R1A,PPFIA1,0.994
PPP2R1A,PPP1R1B,0.581
PPP2R1A,PSMD11,0.81
PPP2R1A,RAB2A,0.46
PPP2R1A,SMG6,0.558
PPP2R1A,HDAC4,0.638
PPP2R1A,CACNA1C,0.662
PPP2R1A,CACNA1D,0.654
PPP2R1A,WNT1,0.499
PPP2R1A,RAD21,0.614
PPP2R1A,CACNG2,0.65
PPP2R1A,YWHAG,0.602
PPP2R1A,LEMD3,0.511
PPP2R1A,INTS6,0.999
PPP2R1A,PSMC5,0.505
PPP2R1A,PABPC1,0.605
PPP2R1A,DVL3,0.52
PPP2R1A,CACNB2,0.65
PPP2R1A,ARID1A,0.914
PPP2R1A,MAPT,0.403
PPP2R1A,CSNK2B,0.413
PPP2R1A,SPTAN1,0.415
PPP2R1A,CHD4,0.423
PPP2R1A,NSMCE3,0.427
PPP2R1A,AP2M1,0.434
PPP2R1A,NOTCH1,0.444
PPP2R1A,SET,0.521
PPP2R1A,YWHAZ,0.593
PPP2R1A,EIF4G1,0.601
PPP2R1A,PTPN11,0.604
PPP2R1A,BTRC,0.605
PPP2R1A,PPFIA3,0.614
PPP2R1A,SPRY2,0.643
PPP2R1A,CACNA2D1,0.65
PPP2R1A,CACNA2D3,0.65
PPP2R1A,CACNB1,0.652
PPP2R1A,CACNA1F,0.654
PPP2R1A,MINK1,0.66
PPP2R1A,PRR14L,0.678
PPP2R1A,VCP,0.705
PPP2R1A,CTNNB1,0.768
PPP2R1A,POLR2A,0.817
PPP2R1A,CCNG1,0.818
PPP2R1A,DRD2,0.905
PPP2R1A,PRKCB,0.906
PPP2R1A,PRKCA,0.911
PPP2R1A,PPP3CA,0.943
PPP2R1A,PPP2R5C,0.999
PPP2R1A,INTS1,0.999
AGO1,AGO2,0.999
AGO1,HNRNPL,0.44
AGO1,PAPOLG,0.651
AGO1,H3-3B,0.704
AGO1,KDM6B,0.566
AGO1,KMT2C,0.436
AGO1,CREBBP,0.564
AGO1,SETD1A,0.517
AGO1,EP300,0.564
AGO1,KAT2B,0.551
AGO1,RBBP5,0.429
AGO1,DNMT3A,0.846
AGO1,CBX4,0.499
AGO1,KMT2D,0.436
AGO1,KMT2E,0.444
AGO1,PABPC1,0.861
AGO1,HNRNPD,0.632
AGO1,NCL,0.471
AGO1,CNOT1,0.465
AGO1,TNRC6C,0.989
AGO1,CPSF7,0.473
AGO1,SND1,0.657
AGO1,ANKRD17,0.421
AGO1,WDR5,0.488
AGO1,ILF2,0.412
AGO1,DHX9,0.952
AGO1,CDK19,0.426
AGO1,SYNCRIP,0.435
AGO1,HNRNPH2,0.411
AGO1,AGO3,0.988
AGO1,PHB,0.401
AGO1,SIN3B,0.444
AGO1,SETD1B,0.459
AGO1,KMT2B,0.467
AGO1,SIN3A,0.471
AGO1,KMT2A,0.479
AGO1,NCOA1,0.519
AGO1,LAS1L,0.535
AGO1,NOTCH1,0.566
AGO1,HNRNPU,0.577
AGO1,HNRNPF,0.582
AGO1,CHD1,0.588
AGO1,XPO1,0.589
AGO1,DHX30,0.603
AGO1,MECP2,0.618
AGO1,ATXN2,0.63
AGO1,EIF4G1,0.633
AGO1,POLR2A,0.851
AGO1,TRIM32,0.888
AGO1,EIF4E,0.983
AGO1,AGO4,0.993
AGO1,TNRC6B,0.994
TRAP1,SOD1,0.407
TRAP1,VCP,0.433
TRAP1,CUL7,0.438
TRAP1,PHB,0.447
TRAP1,CCT4,0.485
TRAP1,PRKN,0.494
TRAP1,GLS,0.539
TRAP1,KDM6A,0.599
TRAP1,KDM6B,0.601
TRAP1,CREBBP,0.683
TRAP1,EXT1,0.782
ESR2,CSNK2A1,0.447
ESR2,OXT,0.791
ESR2,PXDN,0.553
ESR2,CREBBP,0.492
ESR2,EP300,0.811
ESR2,PITX1,0.401
ESR2,NCOR1,0.97
ESR2,WDFY3,0.519
ESR2,AVPR1A,0.401
ESR2,GNB2,0.507
ESR2,LEP,0.595
ESR2,OXTR,0.8
ESR2,FBN1,0.427
ESR2,CACNA1H,0.914
ESR2,SMAD4,0.666
ESR2,CDK8,0.401
ESR2,DRD1,0.409
ESR2,GLI3,0.42
ESR2,CUL4B,0.421
ESR2,ESRRB,0.423
ESR2,RELN,0.424
ESR2,ANXA1,0.456
ESR2,CTNNB1,0.522
ESR2,GNAI1,0.526
ESR2,PTGS2,0.53
ESR2,IGF1,0.731
ESR2,UBE3A,0.843
ESR2,CACNA1I,0.911
ESR2,CACNA1G,0.922
ESR2,NCOA1,0.999
MAPT,EEF1A2,0.618
MAPT,HNRNPL,0.564
MAPT,MAPK8IP1,0.721
MAPT,LRP1,0.632
MAPT,PXDN,0.502
MAPT,GFAP,0.743
MAPT,H3-3B,0.445
MAPT,SNAP25,0.619
MAPT,SYT1,0.694
MAPT,SNCAIP,0.6
MAPT,CREBBP,0.422
MAPT,ABCA7,0.574
MAPT,SYP,0.855
MAPT,EP300,0.714
MAPT,SOD1,0.642
MAPT,SLC6A3,0.517
MAPT,SLC1A2,0.624
MAPT,DENR,0.737
MAPT,SYN1,0.893
MAPT,GRIA2,0.483
MAPT,MAP1B,0.752
MAPT,MAP1A,0.522
MAPT,SRRM2,0.601
MAPT,YWHAG,0.731
MAPT,BPTF,0.401
MAPT,PABPC1,0.43
MAPT,HNRNPD,0.428
MAPT,NCL,0.423
MAPT,BACE1,0.77
MAPT,RIT2,0.477
MAPT,GRIN2A,0.424
MAPT,HNRNPK,0.408
MAPT,EIF4E,0.409
MAPT,NRXN1,0.419
MAPT,PRKCB,0.419
MAPT,SYNCRIP,0.421
MAPT,CLTC,0.425
MAPT,HNRNPR,0.429
MAPT,DNM1,0.439
MAPT,PRKCA,0.448
MAPT,GRIA1,0.465
MAPT,GRIN1,0.479
MAPT,ELAVL2,0.501
MAPT,SYN2,0.504
MAPT,GRIN2B,0.51
MAPT,WWOX,0.512
MAPT,EIF4G1,0.518
MAPT,MAOB,0.528
MAPT,STXBP1,0.53
MAPT,BRSK2,0.531
MAPT,SLC9A6,0.534
MAPT,AP2M1,0.558
MAPT,CHM,0.57
MAPT,SYNJ1,0.584
MAPT,APBB1,0.592
MAPT,APH1A,0.608
MAPT,KIF1A,0.612
MAPT,ATXN2,0.62
MAPT,CTNNB1,0.633
MAPT,RELN,0.645
MAPT,PTPN11,0.646
MAPT,NDUFA5,0.663
MAPT,SPTAN1,0.67
MAPT,DPYSL2,0.677
MAPT,VCP,0.713
MAPT,DLG4,0.753
MAPT,KANSL1,0.785
MAPT,MARK2,0.865
MAPT,MARK1,0.902
MAPT,PRKN,0.92
MAPT,CAMK2B,0.937
MAPT,YWHAZ,0.974
MAPT,CAMK2A,0.976
CCT4,KDM4B,0.433
CCT4,EIF3G,0.608
CCT4,SRSF1,0.471
CCT4,PSMD11,0.821
CCT4,BBS4,0.454
CCT4,CDH2,0.437
CCT4,ABCE1,0.418
CCT4,TSC1,0.943
CCT4,GNB2,0.594
CCT4,PSMC5,0.671
CCT4,PABPC1,0.409
CCT4,PEX7,0.565
CCT4,EIF5A,0.424
CCT4,PSMD12,0.718
CCT4,VCP,0.407
CCT4,ILF2,0.471
CCT4,RGS7,0.516
CCT4,SYNCRIP,0.688
CCT4,HNRNPR,0.544
CCT4,HNRNPK,0.41
CCT4,CTPS1,0.406
CCT4,PRPF8,0.462
CCT4,NAA10,0.468
CCT4,PSMD6,0.515
CCT4,PHB,0.56
CCT4,MSR1,0.572
CCT4,RPL10,0.596
CCT4,EIF3F,0.617
CCT4,XPO1,0.64
TSC1,PER2,0.422
TSC1,KDM6B,0.603
TSC1,RHEB,0.999
TSC1,PKD1,0.789
TSC1,RICTOR,0.755
TSC1,EIF3F,0.403
TSC1,DNAJC5,0.408
TSC1,ARHGAP32,0.409
TSC1,KIF1A,0.426
TSC1,IGF1,0.432
TSC1,KDM5C,0.451
TSC1,BRSK2,0.552
TSC1,DEPDC5,0.563
TSC1,YWHAG,0.609
TSC1,YWHAZ,0.644
TSC1,KDM6A,0.651
TSC1,SHANK3,0.652
TSC1,EIF4E,0.751
TSC1,UBE3A,0.927
TSC1,RPS6KA2,0.944
TSC1,RPS6KA3,0.944
NEXMIF,NAA10,0.403
NEXMIF,CACNA1I,0.411
NEXMIF,BRWD3,0.414
NEXMIF,FAM47A,0.45
NEXMIF,RLIM,0.771
NAA10,HNRNPL,0.482
NAA10,EIF3G,0.594
NAA10,SRSF1,0.434
NAA10,CREBBP,0.408
NAA10,KAT2B,0.443
NAA10,NAA15,0.999
NAA10,HCFC1,0.541
NAA10,SYNCRIP,0.563
NAA10,GRIN1,0.495
NAA10,HNRNPR,0.535
NAA10,HNRNPK,0.502
NAA10,RPL10,0.505
CACNA1I,TRPC5,0.925
CACNA1I,CACNA1C,0.736
CACNA1I,SCN3A,0.694
CACNA1I,KCNMA1,0.452
CACNA1I,CACNA1D,0.654
CACNA1I,CACNG2,0.474
CACNA1I,GRIK5,0.441
CACNA1I,SCN1A,0.796
CACNA1I,KCND3,0.48
CACNA1I,CACNB2,0.778
CACNA1I,KCND2,0.487
CACNA1I,CACNA1H,0.979
CACNA1I,SCN8A,0.795
CACNA1I,CACNA2D1,0.547
CACNA1I,CACNA1G,0.963
CACNA1I,CACNA1E,0.69
CACNA1I,CACNA1B,0.666
CACNA1I,GRIK3,0.591
CACNA1I,CACNA1F,0.663
CACNA1I,CACNB1,0.607
CACNA1I,KCNA2,0.512
CACNA1I,CACNA2D3,0.529
CACNA1I,GRIN2B,0.545
CACNA1I,GRIK2,0.575
CACNA1I,GRIK4,0.576
CACNA1I,CACNA1A,0.675
CACNA1I,SCN4A,0.682
CACNA1I,SCN9A,0.685
CACNA1I,SCN2A,0.699
CACNA1I,TRPC4,0.924
BRWD3,PHIP,0.552
BRWD3,UPF3B,0.517
BRWD3,HUWE1,0.428
BRWD3,OPHN1,0.404
BRWD3,PHF8,0.475
BRWD3,ZNF711,0.603
BRWD3,NSD1,0.438
BRWD3,CHD8,0.507
BRWD3,TAF1,0.566
BRWD3,CECR2,0.569
BRWD3,ATRX,0.598
BRWD3,CUL4B,0.822
FAM47A,PHF3,0.447
FAM47A,DIP2C,0.446
FAM47A,TAF6,0.461
FAM47A,UBN2,0.505
RLIM,KDM6A,0.419
RLIM,SPEN,0.421
RLIM,AFF2,0.438
RLIM,LAS1L,0.445
RLIM,KDM5C,0.45
RLIM,HUWE1,0.459
RLIM,ATRX,0.66
RLIM,SIN3A,0.698
RLIM,LHX2,0.727
RLIM,LDB1,0.917
NFE2L3,CUL3,0.493
NFE2L3,HCFC1,0.629
CUL3,KLHL20,0.999
CUL3,KATNAL2,0.499
CUL3,PSMD11,0.638
CUL3,CREBBP,0.467
CUL3,EP300,0.466
CUL3,SETD2,0.403
CUL3,SMURF1,0.408
CUL3,WNK3,0.427
CUL3,TTN,0.439
CUL3,HUWE1,0.442
CUL3,PHB,0.453
CUL3,NR3C2,0.454
CUL3,TRAF7,0.457
CUL3,TRIM32,0.459
CUL3,YWHAZ,0.461
CUL3,USP15,0.467
CUL3,SF3B3,0.477
CUL3,GSTM1,0.477
CUL3,BIRC6,0.491
CUL3,TRIP12,0.507
CUL3,NOTCH1,0.518
CUL3,SMARCA4,0.524
CUL3,WWP1,0.534
CUL3,LNPK,0.535
CUL3,FBXO11,0.559
CUL3,PSMC5,0.596
CUL3,NEDD4,0.599
CUL3,PSMD6,0.609
CUL3,DVL3,0.617
CUL3,UBE3A,0.628
CUL3,STK39,0.629
CUL3,FBXL13,0.63
CUL3,TLK2,0.631
CUL3,CTNNB1,0.639
CUL3,ANK3,0.674
CUL3,DPP3,0.686
CUL3,ANK2,0.691
CUL3,PSMD12,0.776
CUL3,VCP,0.803
CUL3,CUL4B,0.916
CUL3,ZBTB16,0.925
CUL3,BTRC,0.932
CUL3,GLI3,0.941
CUL3,CUL7,0.96
CUL3,CUL2,0.988
CUL3,KCTD13,0.996
CUL3,LZTR1,0.998
HCFC1,ACTL6B,0.625
HCFC1,TAF4,0.91
HCFC1,H3-3B,0.643
HCFC1,EPC2,0.72
HCFC1,SRSF1,0.403
HCFC1,KMT2C,0.604
HCFC1,YY1,0.913
HCFC1,SETD1A,0.999
HCFC1,EP300,0.749
HCFC1,KAT2B,0.617
HCFC1,RBBP5,0.999
HCFC1,NCOR1,0.483
HCFC1,ASXL3,0.416
HCFC1,KDM1B,0.877
HCFC1,KMT2D,0.599
HCFC1,YEATS2,0.713
HCFC1,U2AF2,0.526
HCFC1,POLR2A,0.41
HCFC1,ZMYM3,0.418
HCFC1,SIN3B,0.426
HCFC1,MAOB,0.473
HCFC1,MAOA,0.477
HCFC1,MECP2,0.514
HCFC1,DYDC2,0.54
HCFC1,DYDC1,0.54
HCFC1,TFB2M,0.586
HCFC1,KMT2E,0.621
HCFC1,PRPF8,0.621
HCFC1,MBD5,0.67
HCFC1,KDM6A,0.677
HCFC1,MBD6,0.679
HCFC1,TET3,0.711
HCFC1,SETD2,0.713
HCFC1,MSL2,0.752
HCFC1,MSL3,0.8
HCFC1,TRRAP,0.807
HCFC1,TET2,0.818
HCFC1,EP400,0.828
HCFC1,KMT2B,0.852
HCFC1,SIN3A,0.866
HCFC1,KDM1A,0.878
HCFC1,LAS1L,0.905
HCFC1,TAF1,0.908
HCFC1,TAF6,0.91
HCFC1,CHD8,0.916
HCFC1,KANSL1,0.96
HCFC1,PHF8,0.97
HCFC1,SETD1B,0.979
HCFC1,KMT2A,0.991
HCFC1,WDR5,0.999
STYK1,PATJ,0.642
PATJ,LIN7B,0.652
PATJ,EPHA1,0.434
PATJ,CGNL1,0.413
PATJ,PRKCA,0.494
PATJ,CTNNB1,0.462
PATJ,CASK,0.708
PATJ,UBE3A,0.919
KDM4B,MYT1L,0.401
KDM4B,ASH1L,0.413
KDM4B,KDM5B,0.417
KDM4B,RBBP5,0.426
KDM4B,NCOR1,0.429
KDM4B,NSD1,0.43
KDM4B,SETD1A,0.436
KDM4B,KDM5C,0.455
KDM4B,DOT1L,0.468
KDM4B,KMT2B,0.476
KDM4B,CHD4,0.478
KDM4B,MECP2,0.486
KDM4B,SETD2,0.501
KDM4B,EHMT1,0.502
KDM4B,WDR5,0.512
KDM4B,PHF2,0.512
KDM4B,KMT2C,0.517
KDM4B,SETDB1,0.537
KDM4B,JARID2,0.54
KDM4B,KDM1B,0.549
KDM4B,SF3B3,0.559
KDM4B,PHF8,0.582
KDM4B,CBX1,0.593
KDM4B,CTNNB1,0.607
KDM4B,KDM6A,0.653
KDM4B,KMT2D,0.654
KDM4B,KDM2A,0.659
KDM4B,KDM1A,0.725
KDM4B,KDM3B,0.734
KDM4B,KDM6B,0.758
KDM4B,H3-3B,0.773
KDM4B,KDM2B,0.779
KDM4B,SMARCA4,0.783
KDM4B,KDM3A,0.837
KDM4B,JMJD1C,0.952
MYT1L,ACTL6B,0.484
MYT1L,DLX2,0.732
MYT1L,PXDN,0.428
MYT1L,PPP1R1B,0.424
MYT1L,SYN1,0.457
MYT1L,GABRB3,0.459
MYT1L,SNTG2,0.64
MYT1L,GRIN2A,0.43
MYT1L,FOXG1,0.407
MYT1L,NR4A2,0.511
MYT1L,SHANK2,0.43
MYT1L,LMX1B,0.687
MYT1L,OPHN1,0.415
MYT1L,BCL11B,0.472
MYT1L,KCNQ2,0.516
MYT1L,ASTN2,0.409
MYT1L,POU3F3,0.84
MYT1L,DLL1,0.598
MYT1L,NKX2-2,0.705
MYT1L,TBR1,0.517
MYT1L,NRXN1,0.501
MYT1L,DISC1,0.492
MYT1L,NRXN3,0.473
MYT1L,PAX6,0.485
MYT1L,NOTCH1,0.413
ASH1L,ACTL6B,0.42
ASH1L,H3-3B,0.702
ASH1L,KDM6B,0.641
ASH1L,PHF3,0.648
ASH1L,KMT2C,0.544
ASH1L,CREBBP,0.478
ASH1L,EP300,0.494
ASH1L,KAT2B,0.435
ASH1L,RBBP5,0.736
ASH1L,KAT6A,0.458
ASH1L,MED13L,0.685
ASH1L,NIPBL,0.717
ASH1L,KAT6B,0.515
ASH1L,UBR1,0.468
ASH1L,WDFY3,0.46
ASH1L,KMT2D,0.585
ASH1L,KMT5B,0.687
ASH1L,BPTF,0.688
ASH1L,RSF1,0.487
ASH1L,KMT2E,0.635
ASH1L,KDM3B,0.403
ASH1L,PCM1,0.547
ASH1L,ARID2,0.486
ASH1L,SMARCA4,0.499
ASH1L,AKAP9,0.415
ASH1L,SON,0.444
ASH1L,FRYL,0.459
ASH1L,WDR5,0.632
ASH1L,KDM5B,0.571
ASH1L,ZNF292,0.553
ASH1L,ADNP,0.631
ASH1L,ATRX,0.469
ASH1L,KDM5C,0.546
ASH1L,KDM2B,0.522
ASH1L,KDM6A,0.676
ASH1L,KDM4C,0.417
ASH1L,ZMYND11,0.434
ASH1L,TRIP12,0.498
ASH1L,UBN2,0.401
ASH1L,CHD9,0.415
ASH1L,KDM1A,0.438
ASH1L,TET2,0.455
ASH1L,MED13,0.464
ASH1L,TRPM7,0.47
ASH1L,BAZ2B,0.478
ASH1L,KMT2B,0.489
ASH1L,TAF1,0.489
ASH1L,SETD5,0.515
ASH1L,SMARCC2,0.528
ASH1L,ZC3H11A,0.53
ASH1L,NSD1,0.549
ASH1L,KDM2A,0.551
ASH1L,KDM5A,0.573
ASH1L,GIGYF2,0.599
ASH1L,CHD8,0.602
ASH1L,UBR5,0.613
ASH1L,DOT1L,0.638
ASH1L,KMT2A,0.673
ASH1L,SETD2,0.815
KDM5B,H3-3B,0.707
KDM5B,KDM6B,0.695
KDM5B,SETD1A,0.624
KDM5B,EP300,0.436
KDM5B,KAT2B,0.481
KDM5B,RBBP5,0.754
KDM5B,HDAC4,0.543
KDM5B,DNMT3A,0.431
KDM5B,NCOR1,0.433
KDM5B,CBX4,0.624
KDM5B,SETDB1,0.603
KDM5B,MED13L,0.46
KDM5B,KDM1B,0.624
KDM5B,ANKRD11,0.488
KDM5B,KMT5B,0.441
KDM5B,KMT2E,0.512
KDM5B,SPAST,0.407
KDM5B,KDM3B,0.617
KDM5B,FOXG1,0.884
KDM5B,SMARCA4,0.476
KDM5B,SETDB2,0.459
KDM5B,PRODH,0.611
KDM5B,PHF8,0.585
KDM5B,WDR5,0.425
KDM5B,PHF2,0.448
KDM5B,ILF2,0.424
KDM5B,HMGN1,0.402
KDM5B,CTNNB1,0.406
KDM5B,CHD1,0.419
KDM5B,RPL10,0.427
KDM5B,TAF1,0.428
KDM5B,TRIP12,0.435
KDM5B,SMARCC2,0.438
KDM5B,CUL7,0.444
KDM5B,ARID1B,0.45
KDM5B,CHD8,0.454
KDM5B,DOT1L,0.456
KDM5B,POLR3A,0.476
KDM5B,NSD1,0.501
KDM5B,PDHA1,0.526
KDM5B,CTCF,0.527
KDM5B,KMT2B,0.535
KDM5B,SETD1B,0.545
KDM5B,EHMT1,0.55
KDM5B,JMJD1C,0.551
KDM5B,KDM2A,0.608
KDM5B,KMT2A,0.632
KDM5B,SIN3A,0.649
KDM5B,KDM6A,0.649
KDM5B,KDM2B,0.656
KDM5B,KDM3A,0.681
KDM5B,SETD2,0.704
KDM5B,KDM1A,0.988
RBBP5,TAF4,0.907
RBBP5,H3-3B,0.932
RBBP5,KDM6B,0.961
RBBP5,THBS1,0.402
RBBP5,KMT2C,0.999
RBBP5,YY1,0.586
RBBP5,CREBBP,0.428
RBBP5,SRCAP,0.424
RBBP5,SETD1A,0.999
RBBP5,EP300,0.768
RBBP5,KAT2B,0.661
RBBP5,AGO4,0.403
RBBP5,TCF20,0.406
RBBP5,TNRC6B,0.411
RBBP5,SMARCA4,0.422
RBBP5,EP400,0.434
RBBP5,SETDB2,0.441
RBBP5,PHF8,0.441
RBBP5,TNRC6C,0.445
RBBP5,BPTF,0.453
RBBP5,AGO3,0.462
RBBP5,KDM5A,0.467
RBBP5,KDM1A,0.48
RBBP5,CHD1,0.486
RBBP5,TCF7L2,0.516
RBBP5,BTRC,0.516
RBBP5,HOXA1,0.519
RBBP5,NSD1,0.521
RBBP5,TLE3,0.524
RBBP5,EHMT1,0.528
RBBP5,DOT1L,0.536
RBBP5,DYDC1,0.542
RBBP5,DYDC2,0.547
RBBP5,KDM2A,0.555
RBBP5,NCOR1,0.598
RBBP5,SETDB1,0.599
RBBP5,JARID2,0.614
RBBP5,RERE,0.615
RBBP5,SIN3B,0.633
RBBP5,CUL4B,0.652
RBBP5,POLR2A,0.667
RBBP5,CHD7,0.703
RBBP5,SIN3A,0.718
RBBP5,KMT2E,0.721
RBBP5,CTCF,0.761
RBBP5,SETD2,0.83
RBBP5,LAS1L,0.91
RBBP5,TAF6,0.92
RBBP5,TAF1,0.928
RBBP5,CTNNB1,0.935
RBBP5,H4C5,0.94
RBBP5,H4C11,0.94
RBBP5,H4C3,0.94
RBBP5,KANSL1,0.959
RBBP5,KMT2B,0.978
RBBP5,CHD8,0.981
RBBP5,KMT2D,0.997
RBBP5,WDR5,0.999
RBBP5,SETD1B,0.999
RBBP5,KMT2A,0.999
RBBP5,KDM6A,0.999
NCOR1,CYP27B1,0.815
NCOR1,NR1D1,0.999
NCOR1,GFAP,0.558
NCOR1,H3-3B,0.852
NCOR1,FABP4,0.6
NCOR1,RORA,0.631
NCOR1,KMT2C,0.83
NCOR1,YY1,0.931
NCOR1,CREBBP,0.947
NCOR1,SRCAP,0.61
NCOR1,EP300,0.959
NCOR1,KAT2B,0.921
NCOR1,HDAC4,0.999
NCOR1,THRA,0.978
NCOR1,DNMT3A,0.641
NCOR1,KAT6A,0.457
NCOR1,HOXA1,0.4
NCOR1,CHD3,0.403
NCOR1,TCF12,0.418
NCOR1,SETDB1,0.422
NCOR1,EP400,0.423
NCOR1,NSD1,0.426
NCOR1,JMJD1C,0.431
NCOR1,SMARCA1,0.435
NCOR1,CTNNB1,0.438
NCOR1,ZNF292,0.439
NCOR1,CTNND1,0.448
NCOR1,YWHAZ,0.45
NCOR1,KMT2A,0.469
NCOR1,PSMC5,0.474
NCOR1,CBX1,0.482
NCOR1,ATRX,0.485
NCOR1,NCL,0.489
NCOR1,ANKRD11,0.492
NCOR1,KDM5C,0.498
NCOR1,DISC1,0.502
NCOR1,BCL11A,0.512
NCOR1,CAMK4,0.512
NCOR1,ARID1B,0.518
NCOR1,CECR2,0.532
NCOR1,SETD2,0.534
NCOR1,CDK19,0.545
NCOR1,USP27X,0.559
NCOR1,CUL4B,0.578
NCOR1,CHD1,0.585
NCOR1,PAX6,0.604
NCOR1,CDK8,0.606
NCOR1,SF3B1,0.611
NCOR1,SMARCC2,0.614
NCOR1,MED23,0.615
NCOR1,APBB1,0.622
NCOR1,PBX1,0.626
NCOR1,WDR5,0.626
NCOR1,NR4A2,0.627
NCOR1,PHB,0.629
NCOR1,POLR2A,0.636
NCOR1,NR3C2,0.637
NCOR1,NPAS2,0.641
NCOR1,ZMYND11,0.643
NCOR1,MED13L,0.644
NCOR1,EHMT1,0.648
NCOR1,NOTCH1,0.654
NCOR1,MED13,0.654
NCOR1,ARID1A,0.664
NCOR1,CHD4,0.675
NCOR1,CHD9,0.681
NCOR1,BPTF,0.71
NCOR1,KDM6A,0.721
NCOR1,ESRRB,0.725
NCOR1,RORB,0.758
NCOR1,KMT2D,0.763
NCOR1,SMARCA2,0.782
NCOR1,KMT2E,0.8
NCOR1,SMARCA4,0.82
NCOR1,HDAC8,0.821
NCOR1,ZBTB7A,0.823
NCOR1,KDM1A,0.831
NCOR1,TRRAP,0.837
NCOR1,SMAD4,0.855
NCOR1,NR2F1,0.88
NCOR1,CTCF,0.898
NCOR1,SPEN,0.898
NCOR1,TAF6,0.905
NCOR1,SIN3B,0.932
NCOR1,NCOA1,0.936
NCOR1,SKI,0.947
NCOR1,RUNX1T1,0.963
NCOR1,ZBTB16,0.975
NCOR1,MECP2,0.997
NCOR1,TBL1X,0.999
NCOR1,TBL1XR1,0.999
NCOR1,SIN3A,0.999
NSD1,TGM1,0.408
NSD1,H3-3B,0.616
NSD1,KDM6B,0.562
NSD1,KMT2C,0.403
NSD1,CREBBP,0.616
NSD1,EP300,0.649
NSD1,DNMT3A,0.587
NSD1,KAT6A,0.508
NSD1,NIPBL,0.455
NSD1,KAT6B,0.482
NSD1,KDM1B,0.406
NSD1,KMT2D,0.427
NSD1,KMT5B,0.6
NSD1,BPTF,0.472
NSD1,ARID1A,0.499
NSD1,NR2F1,0.449
NSD1,KDM3B,0.498
NSD1,ARID2,0.428
NSD1,HUWE1,0.644
NSD1,JARID2,0.414
NSD1,PHF8,0.499
NSD1,ATRX,0.63
NSD1,KDM5C,0.637
NSD1,KDM2B,0.567
NSD1,KDM6A,0.683
NSD1,KDM4C,0.423
NSD1,SIN3A,0.402
NSD1,NFIX,0.586
NSD1,DOT1L,0.648
NSD1,KDM5A,0.765
NSD1,KDM1A,0.446
NSD1,SETD2,0.641
NSD1,BIRC6,0.46
NSD1,MECP2,0.528
NSD1,TAF1,0.417
NSD1,TET2,0.43
NSD1,ARID1B,0.446
NSD1,PHF21A,0.448
NSD1,POLR2A,0.451
NSD1,KMT2A,0.458
NSD1,NOTCH1,0.473
NSD1,CTCF,0.514
NSD1,FAT1,0.542
NSD1,KDM2A,0.653
NSD1,CHD8,0.669
NSD1,SETBP1,0.682
SETD1A,SUPT16H,0.609
SETD1A,H3-3B,0.924
SETD1A,KDM6B,0.671
SETD1A,THBS1,0.441
SETD1A,KMT2C,0.988
SETD1A,YY1,0.598
SETD1A,CREBBP,0.557
SETD1A,SRCAP,0.468
SETD1A,KDM3B,0.407
SETD1A,PHF12,0.409
SETD1A,MSL3,0.412
SETD1A,PHF2,0.415
SETD1A,CHD7,0.418
SETD1A,KAT6B,0.42
SETD1A,RERE,0.423
SETD1A,TNRC6B,0.427
SETD1A,SMARCA2,0.431
SETD1A,DNMT3A,0.439
SETD1A,PHRF1,0.451
SETD1A,AGO3,0.454
SETD1A,AGO4,0.469
SETD1A,MAOA,0.48
SETD1A,KAT6A,0.481
SETD1A,CHD4,0.482
SETD1A,KDM3A,0.483
SETD1A,MAOB,0.485
SETD1A,FBRSL1,0.487
SETD1A,JARID2,0.507
SETD1A,CTCF,0.51
SETD1A,HDAC8,0.534
SETD1A,TNRC6C,0.546
SETD1A,SETBP1,0.562
SETD1A,DYDC1,0.572
SETD1A,KDM4C,0.572
SETD1A,DYDC2,0.572
SETD1A,KDM2B,0.579
SETD1A,KMT5B,0.579
SETD1A,SIN3B,0.583
SETD1A,KDM5C,0.584
SETD1A,CTR9,0.587
SETD1A,EP400,0.59
SETD1A,KDM2A,0.602
SETD1A,LEO1,0.603
SETD1A,BPTF,0.611
SETD1A,SMARCA1,0.612
SETD1A,KANSL1,0.621
SETD1A,CHD1,0.629
SETD1A,PHF21A,0.633
SETD1A,KDM1B,0.647
SETD1A,CHD8,0.673
SETD1A,KDM5A,0.685
SETD1A,SIN3A,0.705
SETD1A,CCNK,0.707
SETD1A,SMARCA4,0.714
SETD1A,KMT2D,0.79
SETD1A,KMT2B,0.821
SETD1A,KMT2E,0.822
SETD1A,EP300,0.854
SETD1A,PHF8,0.855
SETD1A,POLR2A,0.868
SETD1A,SETD2,0.882
SETD1A,KAT2B,0.895
SETD1A,DOT1L,0.911
SETD1A,KDM6A,0.927
SETD1A,KMT2A,0.933
SETD1A,KDM1A,0.936
SETD1A,CTNNB1,0.947
SETD1A,SETD1B,0.998
SETD1A,WDR5,0.999
KDM5C,ACTL6B,0.532
KDM5C,H3-3B,0.696
KDM5C,KDM6B,0.644
KDM5C,CREBBP,0.465
KDM5C,EP300,0.504
KDM5C,DNMT3A,0.411
KDM5C,SETDB1,0.549
KDM5C,CDK16,0.436
KDM5C,SYN1,0.572
KDM5C,KDM1B,0.546
KDM5C,MAGEC3,0.531
KDM5C,KMT2D,0.515
KDM5C,KMT2E,0.463
KDM5C,ARID1A,0.561
KDM5C,CNOT1,0.551
KDM5C,RAI1,0.481
KDM5C,SMC1A,0.74
KDM5C,KDM3B,0.736
KDM5C,ARID2,0.403
KDM5C,ZNF532,0.524
KDM5C,HUWE1,0.504
KDM5C,USP9Y,0.722
KDM5C,SMARCA4,0.622
KDM5C,PHF8,0.713
KDM5C,CNOT3,0.522
KDM5C,PHF2,0.481
KDM5C,TRRAP,0.426
KDM5C,ZNF711,0.418
KDM5C,POLR3A,0.496
KDM5C,ATRX,0.542
KDM5C,HDAC8,0.405
KDM5C,HMGN1,0.402
KDM5C,SIN3B,0.415
KDM5C,ARID1B,0.42
KDM5C,DOT1L,0.425
KDM5C,RPL10,0.453
KDM5C,CUL7,0.453
KDM5C,CHD8,0.458
KDM5C,TBL1X,0.466
KDM5C,JMJD1C,0.468
KDM5C,SMARCC2,0.502
KDM5C,CTNNB1,0.504
KDM5C,SETD1B,0.517
KDM5C,EP400,0.525
KDM5C,NLGN4X,0.536
KDM5C,ARX,0.544
KDM5C,TAF1,0.544
KDM5C,CHD4,0.577
KDM5C,EHMT1,0.58
KDM5C,KMT2B,0.597
KDM5C,SIN3A,0.612
KDM5C,KDM3A,0.612
KDM5C,KDM2B,0.615
KDM5C,SCN2A,0.618
KDM5C,KMT2A,0.618
KDM5C,MECP2,0.623
KDM5C,PDHA1,0.629
KDM5C,IL1RAPL1,0.637
KDM5C,KDM2A,0.652
KDM5C,KDM1A,0.655
KDM5C,TSPYL2,0.715
KDM5C,ZFX,0.716
KDM5C,IQSEC2,0.788
KDM5C,SETD2,0.887
KDM5C,ZMYND8,0.887
KDM5C,KDM6A,0.923
DOT1L,H3-3B,0.89
DOT1L,KDM6B,0.591
DOT1L,KMT2C,0.465
DOT1L,CREBBP,0.42
DOT1L,EP300,0.676
DOT1L,KAT2B,0.557
DOT1L,DNMT3A,0.71
DOT1L,KAT6A,0.546
DOT1L,SETDB1,0.628
DOT1L,KAT6B,0.437
DOT1L,KDM1B,0.623
DOT1L,KMT2D,0.415
DOT1L,KMT5B,0.646
DOT1L,BPTF,0.526
DOT1L,JARID2,0.414
DOT1L,SMARCA4,0.64
DOT1L,SETDB2,0.458
DOT1L,H4C11,0.937
DOT1L,PHF8,0.435
DOT1L,WDR5,0.669
DOT1L,TRRAP,0.675
DOT1L,SMARCA1,0.552
DOT1L,ATRX,0.413
DOT1L,HDAC8,0.46
DOT1L,KDM2B,0.586
DOT1L,H4C3,0.937
DOT1L,KDM6A,0.667
DOT1L,KDM4C,0.623
DOT1L,TET2,0.446
DOT1L,PHF21A,0.462
DOT1L,CHD1,0.464
DOT1L,KDM5A,0.506
DOT1L,KDM2A,0.516
DOT1L,KMT2B,0.552
DOT1L,EHMT1,0.604
DOT1L,KDM1A,0.688
DOT1L,SETD1B,0.704
DOT1L,CTNNB1,0.777
DOT1L,SETD2,0.821
DOT1L,KMT2A,0.894
DOT1L,H4C5,0.937
KMT2B,TAF4,0.601
KMT2B,H3-3B,0.509
KMT2B,KDM6B,0.552
KMT2B,THBS1,0.425
KMT2B,KMT2C,0.977
KMT2B,CREBBP,0.48
KMT2B,SRCAP,0.416
KMT2B,EP300,0.755
KMT2B,KAT2B,0.601
KMT2B,KMT2D,0.949
KMT2B,KMT2E,0.609
KMT2B,ARID1A,0.484
KMT2B,KDM3B,0.401
KMT2B,PHF12,0.683
KMT2B,TNRC6C,0.497
KMT2B,RERE,0.459
KMT2B,WDR5,0.998
KMT2B,AGO3,0.462
KMT2B,AGO4,0.467
KMT2B,LAS1L,0.578
KMT2B,KDM6A,0.715
KMT2B,SIN3B,0.622
KMT2B,EP400,0.404
KMT2B,SIN3A,0.627
KMT2B,KDM5A,0.582
KMT2B,KDM1A,0.407
KMT2B,KANSL1,0.754
KMT2B,TNRC6B,0.427
KMT2B,ARID1B,0.437
KMT2B,KDM2A,0.548
KMT2B,TAF6,0.562
KMT2B,CHD8,0.715
KMT2B,TAF1,0.728
KMT2B,SETD1B,0.95
KMT2B,KMT2A,0.973
CHD4,ACTL6B,0.414
CHD4,SUPT16H,0.815
CHD4,CSNK2A1,0.909
CHD4,HNRNPL,0.512
CHD4,PRPF19,0.49
CHD4,PER2,0.412
CHD4,H3-3B,0.994
CHD4,SRSF1,0.546
CHD4,YY1,0.621
CHD4,EP300,0.933
CHD4,KAT2B,0.407
CHD4,MCM6,0.502
CHD4,TOP2B,0.662
CHD4,KAT6A,0.555
CHD4,CBX4,0.595
CHD4,SAE1,0.572
CHD4,SETDB1,0.447
CHD4,POGZ,0.74
CHD4,PHIP,0.422
CHD4,ZNF462,0.473
CHD4,SSRP1,0.843
CHD4,NIPBL,0.476
CHD4,LEO1,0.493
CHD4,SRRM2,0.479
CHD4,HNRNPUL2,0.436
CHD4,SF3B3,0.453
CHD4,BPTF,0.729
CHD4,U2AF2,0.546
CHD4,DDX23,0.541
CHD4,RSF1,0.437
CHD4,PABPC1,0.422
CHD4,HNRNPD,0.417
CHD4,PRKDC,0.478
CHD4,NCL,0.513
CHD4,ARID1A,0.726
CHD4,ZMYM3,0.719
CHD4,SMC1A,0.554
CHD4,ZBTB7A,0.512
CHD4,IKZF1,0.969
CHD4,SF3B1,0.448
CHD4,LARP1,0.417
CHD4,MCPH1,0.416
CHD4,SMARCA4,0.966
CHD4,H4C11,0.944
CHD4,BCL11B,0.888
CHD4,TRIM33,0.638
CHD4,WDR5,0.422
CHD4,XRCC6,0.609
CHD4,TCF20,0.475
CHD4,TRRAP,0.684
CHD4,SMC3,0.482
CHD4,ILF2,0.46
CHD4,CTR9,0.557
CHD4,DHX9,0.64
CHD4,SMARCA1,0.756
CHD4,ADNP,0.991
CHD4,HDAC8,0.4
CHD4,HNRNPR,0.443
CHD4,SPEN,0.619
CHD4,HNRNPK,0.523
CHD4,KDM2B,0.416
CHD4,H4C3,0.944
CHD4,KDM6A,0.424
CHD4,SIN3B,0.517
CHD4,CHD3,0.999
CHD4,SMARCA2,0.739
CHD4,TRIP12,0.529
CHD4,EP400,0.487
CHD4,CBX1,0.91
CHD4,SIN3A,0.884
CHD4,BICRA,0.571
CHD4,KDM1A,0.99
CHD4,PHF14,0.583
CHD4,SETD5,0.416
CHD4,CHD9,0.421
CHD4,PHF21A,0.731
CHD4,HNRNPF,0.455
CHD4,TAF1,0.649
CHD4,MBD3,0.994
CHD4,EIF4G1,0.552
CHD4,EHMT1,0.65
CHD4,ZNF827,0.609
CHD4,UBR5,0.502
CHD4,KDM2A,0.455
CHD4,PUF60,0.513
CHD4,KMT2A,0.685
CHD4,ZMYND8,0.946
CHD4,ATP1A3,0.402
CHD4,TAF1C,0.405
CHD4,ATP1A1,0.407
CHD4,ZEB2,0.422
CHD4,MARK1,0.427
CHD4,PRPF8,0.46
CHD4,CHAMP1,0.498
CHD4,HNRNPU,0.552
CHD4,ZMYM2,0.569
CHD4,CHD8,0.601
CHD4,ZFHX3,0.631
CHD4,CHD1,0.671
CHD4,CTCF,0.763
CHD4,SMARCC2,0.775
CHD4,ZFHX4,0.862
CHD4,BCL11A,0.877
CHD4,H4C5,0.945
MECP2,CTTNBP2,0.419
MECP2,GLRA2,0.436
MECP2,AGO2,0.69
MECP2,MBD4,0.438
MECP2,SLC6A8,0.603
MECP2,GFAP,0.471
MECP2,H3-3B,0.787
MECP2,TERF2,0.448
MECP2,SLC6A4,0.472
MECP2,YY1,0.739
MECP2,CREBBP,0.654
MECP2,EP300,0.517
MECP2,PTPN4,0.759
MECP2,PCDH10,0.638
MECP2,HDAC4,0.544
MECP2,DNMT3A,0.949
MECP2,NRXN2,0.434
MECP2,CACNA1C,0.417
MECP2,SETDB1,0.593
MECP2,CAMK4,0.567
MECP2,SYN1,0.499
MECP2,GRIA2,0.71
MECP2,AVPR1A,0.448
MECP2,ZNF804A,0.516
MECP2,SCN1A,0.576
MECP2,NLGN2,0.424
MECP2,KMT5B,0.66
MECP2,GRM5,0.435
MECP2,GABRB3,0.779
MECP2,ARHGAP32,0.509
MECP2,SLC9A9,0.446
MECP2,SMC1A,0.444
MECP2,OXTR,0.505
MECP2,PHF12,0.568
MECP2,GRIN2A,0.876
MECP2,TNRC6C,0.583
MECP2,FOXG1,0.947
MECP2,HUWE1,0.452
MECP2,MEF2C,0.852
MECP2,SMARCA4,0.729
MECP2,AUTS2,0.577
MECP2,SHANK2,0.706
MECP2,NLGN3,0.775
MECP2,KCNQ2,0.448
MECP2,SMC3,0.668
MECP2,CNTNAP2,0.599
MECP2,DLL1,0.785
MECP2,SYNE1,0.591
MECP2,DHX9,0.542
MECP2,RAB39B,0.407
MECP2,NTNG1,0.672
MECP2,GABRA3,0.518
MECP2,AFF2,0.459
MECP2,SLC9A6,0.492
MECP2,PCDH19,0.683
MECP2,AGO3,0.587
MECP2,AGO4,0.572
MECP2,STXBP1,0.474
MECP2,ATRX,0.981
MECP2,HDAC8,0.46
MECP2,KDM6A,0.405
MECP2,SKI,0.545
MECP2,IL1RAPL1,0.405
MECP2,ARX,0.595
MECP2,PTCHD1,0.6
MECP2,SIN3B,0.828
MECP2,CDKL5,0.975
MECP2,CHD3,0.484
MECP2,NLGN4X,0.732
MECP2,SMARCA2,0.831
MECP2,IGF1,0.447
MECP2,NTNG2,0.57
MECP2,CBX1,0.687
MECP2,SIN3A,0.999
MECP2,CAMK2B,0.563
MECP2,KDM1A,0.516
MECP2,NRXN1,0.594
MECP2,MBD5,0.524
MECP2,FOXP2,0.459
MECP2,TET3,0.603
MECP2,SLC12A5,0.488
MECP2,RBFOX1,0.836
MECP2,RELN,0.551
MECP2,NLGN1,0.474
MECP2,PHF21A,0.406
MECP2,CLTC,0.424
MECP2,TAF1,0.43
MECP2,DISC1,0.448
MECP2,SPTAN1,0.452
MECP2,GPHN,0.458
MECP2,GRIA1,0.464
MECP2,ADSL,0.466
MECP2,IQSEC2,0.499
MECP2,SYNGAP1,0.505
MECP2,DLG4,0.521
MECP2,CAMK2D,0.523
MECP2,SCN2A,0.526
MECP2,ARHGEF9,0.535
MECP2,TET2,0.535
MECP2,GABRG3,0.547
MECP2,KMT2A,0.589
MECP2,SMARCC2,0.596
MECP2,CHD8,0.602
MECP2,TNRC6B,0.621
MECP2,MBD1,0.631
MECP2,CAMK2A,0.67
MECP2,EHMT1,0.722
MECP2,DLX6,0.741
MECP2,SHANK3,0.741
MECP2,CTCF,0.775
MECP2,TBL1X,0.824
MECP2,UBE3A,0.846
MECP2,GRIN2B,0.885
MECP2,TBL1XR1,0.971
SETD2,CDK13,0.65
SETD2,SUPT16H,0.754
SETD2,HNRNPL,0.935
SETD2,GSE1,0.463
SETD2,H3-3B,0.985
SETD2,KDM6B,0.642
SETD2,PHF3,0.766
SETD2,KMT2C,0.631
SETD2,CREBBP,0.805
SETD2,SRCAP,0.659
SETD2,EP300,0.761
SETD2,KAT2B,0.634
SETD2,PHRF1,0.419
SETD2,DNMT3A,0.599
SETD2,KAT6A,0.543
SETD2,SSRP1,0.525
SETD2,NIPBL,0.771
SETD2,KAT6B,0.53
SETD2,KDM1B,0.473
SETD2,LEO1,0.668
SETD2,KMT2D,0.612
SETD2,KMT5B,0.693
SETD2,BPTF,0.768
SETD2,MSL3,0.573
SETD2,KMT2E,0.66
SETD2,PRKDC,0.404
SETD2,ARID1A,0.695
SETD2,ZMYM3,0.532
SETD2,KDM3B,0.494
SETD2,PHF12,0.598
SETD2,IKZF1,0.4
SETD2,ARID2,0.608
SETD2,JARID2,0.431
SETD2,SMAD4,0.505
SETD2,SMARCA4,0.599
SETD2,H4C11,0.873
SETD2,SON,0.687
SETD2,PHF8,0.545
SETD2,WDR5,0.99
SETD2,PHF2,0.479
SETD2,CTR9,0.695
SETD2,SMARCA1,0.474
SETD2,ADNP,0.491
SETD2,ATRX,0.762
SETD2,HDAC8,0.8
SETD2,SPEN,0.491
SETD2,KDM2B,0.658
SETD2,H4C3,0.873
SETD2,KDM6A,0.89
SETD2,KDM4C,0.48
SETD2,ZMYND11,0.707
SETD2,SMARCA2,0.422
SETD2,TRIP12,0.806
SETD2,EP400,0.661
SETD2,CCNK,0.515
SETD2,CHD2,0.441
SETD2,SIN3A,0.48
SETD2,BCAS1,0.405
SETD2,JMJD1C,0.499
SETD2,KDM5A,0.71
SETD2,KDM1A,0.576
SETD2,CECR2,0.409
SETD2,SETD5,0.599
SETD2,KDM3A,0.446
SETD2,NOTCH1,0.406
SETD2,CHD9,0.424
SETD2,TAF1,0.436
SETD2,CTCF,0.465
SETD2,BIRC6,0.466
SETD2,CHD7,0.501
SETD2,ARID1B,0.529
SETD2,TET2,0.573
SETD2,SETBP1,0.623
SETD2,KMT2A,0.626
SETD2,UBR5,0.637
SETD2,CHD8,0.681
SETD2,SETD1B,0.716
SETD2,KDM2A,0.764
SETD2,CHD1,0.845
SETD2,H4C5,0.876
SETD2,POLR2A,0.999
EHMT1,H3-3B,0.98
EHMT1,KDM6B,0.637
EHMT1,EP300,0.455
EHMT1,HDAC4,0.431
EHMT1,DNMT3A,0.602
EHMT1,SETDB1,0.778
EHMT1,POGZ,0.452
EHMT1,ZNF462,0.678
EHMT1,KDM1B,0.445
EHMT1,ANKRD11,0.527
EHMT1,KMT5B,0.616
EHMT1,BPTF,0.439
EHMT1,KMT2E,0.55
EHMT1,KDM3B,0.454
EHMT1,JARID2,0.572
EHMT1,SMARCA4,0.446
EHMT1,PHF8,0.48
EHMT1,WDR5,0.53
EHMT1,NTRK3,0.448
EHMT1,EBF3,0.457
EHMT1,ZNF644,0.667
EHMT1,CACNA1B,0.685
EHMT1,ATRX,0.405
EHMT1,KDM2B,0.536
EHMT1,KDM6A,0.61
EHMT1,KDM4C,0.445
EHMT1,CBX1,0.698
EHMT1,SIN3A,0.404
EHMT1,KDM5A,0.477
EHMT1,KDM1A,0.774
EHMT1,CECR2,0.404
EHMT1,SETD5,0.44
EHMT1,MBD5,0.611
EHMT1,KDM3A,0.514
EHMT1,KMT2A,0.425
EHMT1,SMARCC2,0.429
EHMT1,DLGAP2,0.442
EHMT1,KDM2A,0.536
EHMT1,CHD8,0.551
WDR5,ACTL6B,0.608
WDR5,TAF4,0.921
WDR5,PER2,0.467
WDR5,H3-3B,0.999
WDR5,KDM6B,0.954
WDR5,EPC2,0.724
WDR5,THBS1,0.466
WDR5,KMT2C,0.999
WDR5,YY1,0.743
WDR5,CREBBP,0.486
WDR5,EP300,0.896
WDR5,KAT2B,0.993
WDR5,DNMT3A,0.614
WDR5,KAT6A,0.734
WDR5,SETDB1,0.527
WDR5,KDM1B,0.633
WDR5,KMT2D,0.999
WDR5,SF3B3,0.591
WDR5,YEATS2,0.991
WDR5,BPTF,0.766
WDR5,MSL2,0.783
WDR5,MSL3,0.816
WDR5,KMT2E,0.628
WDR5,PER1,0.426
WDR5,NCL,0.497
WDR5,TNRC6C,0.474
WDR5,RERE,0.811
WDR5,HUWE1,0.465
WDR5,JARID2,0.423
WDR5,SMARCA4,0.72
WDR5,H4C11,0.831
WDR5,DYNC1H1,0.449
WDR5,PHF8,0.695
WDR5,FOXP1,0.401
WDR5,ADNP,0.411
WDR5,TNRC6B,0.416
WDR5,CTNNB1,0.434
WDR5,KDM2A,0.438
WDR5,CBX1,0.444
WDR5,AGO4,0.461
WDR5,AGO3,0.476
WDR5,KDM5A,0.476
WDR5,HOXA1,0.499
WDR5,HNRNPK,0.518
WDR5,KDM4C,0.551
WDR5,MBD3,0.556
WDR5,DYDC1,0.577
WDR5,POLR2A,0.589
WDR5,DYDC2,0.6
WDR5,SIN3B,0.631
WDR5,SMARCA1,0.656
WDR5,CHD1,0.661
WDR5,KDM2B,0.669
WDR5,CHD7,0.67
WDR5,SIN3A,0.73
WDR5,KDM1A,0.736
WDR5,EP400,0.803
WDR5,H4C5,0.831
WDR5,H4C3,0.832
WDR5,CUL4B,0.837
WDR5,CTCF,0.848
WDR5,TRRAP,0.881
WDR5,TAF6,0.925
WDR5,LAS1L,0.94
WDR5,TAF1,0.942
WDR5,CHD8,0.992
WDR5,KANSL1,0.999
WDR5,SETD1B,0.999
WDR5,KMT2A,0.999
WDR5,KDM6A,0.999
PHF2,H3-3B,0.413
PHF2,KDM6B,0.488
PHF2,SETDB1,0.408
PHF2,KDM1B,0.513
PHF2,KMT5B,0.441
PHF2,KDM3B,0.701
PHF2,PHF8,0.512
PHF2,KDM6A,0.425
PHF2,KDM4C,0.434
PHF2,SETD1B,0.46
PHF2,KDM1A,0.468
PHF2,JMJD1C,0.473
PHF2,KDM5A,0.496
PHF2,KDM3A,0.684
KMT2C,GSE1,0.426
KMT2C,H3-3B,0.919
KMT2C,KDM6B,0.872
KMT2C,THBS1,0.45
KMT2C,MBD5,0.403
KMT2C,PTPRD,0.413
KMT2C,BIRC6,0.413
KMT2C,SETD5,0.417
KMT2C,MED13L,0.428
KMT2C,CHD7,0.428
KMT2C,ANKRD11,0.433
KMT2C,BPTF,0.434
KMT2C,CSMD3,0.44
KMT2C,AGO4,0.441
KMT2C,SMARCA2,0.441
KMT2C,CTNNB1,0.447
KMT2C,AKAP9,0.448
KMT2C,GNAS,0.448
KMT2C,KDM2B,0.449
KMT2C,CHD1,0.452
KMT2C,SET,0.454
KMT2C,EP400,0.465
KMT2C,AGO3,0.468
KMT2C,ZFHX4,0.481
KMT2C,TNRC6C,0.49
KMT2C,TTN,0.504
KMT2C,HOXA1,0.505
KMT2C,FOXP1,0.508
KMT2C,TNRC6B,0.519
KMT2C,ASXL3,0.519
KMT2C,CHD8,0.521
KMT2C,KDM2A,0.523
KMT2C,SYNE1,0.525
KMT2C,KDM1B,0.527
KMT2C,KDM1A,0.528
KMT2C,NOTCH1,0.531
KMT2C,SMAD4,0.534
KMT2C,PAX5,0.541
KMT2C,KMT5B,0.541
KMT2C,SIN3B,0.557
KMT2C,DNMT3A,0.563
KMT2C,POLR2A,0.581
KMT2C,SRCAP,0.582
KMT2C,FAT1,0.587
KMT2C,ZFHX3,0.587
KMT2C,SPEN,0.596
KMT2C,SMARCA4,0.615
KMT2C,TET2,0.621
KMT2C,NIPBL,0.624
KMT2C,KAT2B,0.629
KMT2C,ZMYM3,0.631
KMT2C,SIN3A,0.639
KMT2C,JMJD1C,0.657
KMT2C,ARID2,0.671
KMT2C,CTCF,0.697
KMT2C,ATRX,0.743
KMT2C,KMT2E,0.753
KMT2C,ARID1B,0.757
KMT2C,CREBBP,0.822
KMT2C,ARID1A,0.823
KMT2C,H4C5,0.855
KMT2C,H4C11,0.855
KMT2C,H4C3,0.855
KMT2C,EP300,0.884
KMT2C,KMT2A,0.947
KMT2C,SETD1B,0.976
KMT2C,KMT2D,0.998
KMT2C,KDM6A,0.999
SETDB1,YTHDC2,0.449
SETDB1,AGO2,0.57
SETDB1,H3-3B,0.982
SETDB1,KDM6B,0.639
SETDB1,YY1,0.616
SETDB1,CREBBP,0.582
SETDB1,EP300,0.529
SETDB1,KAT2B,0.478
SETDB1,HDAC4,0.427
SETDB1,DNMT3A,0.996
SETDB1,NTRK3,0.401
SETDB1,POGZ,0.415
SETDB1,CHD1,0.419
SETDB1,KMT2E,0.42
SETDB1,TCF12,0.421
SETDB1,CPSF7,0.424
SETDB1,POLR2A,0.433
SETDB1,SETD5,0.44
SETDB1,PHF12,0.449
SETDB1,TLK2,0.457
SETDB1,TET3,0.461
SETDB1,KDM3A,0.466
SETDB1,CHD8,0.493
SETDB1,SMARCA4,0.502
SETDB1,DDX23,0.503
SETDB1,LEO1,0.509
SETDB1,KDM1B,0.524
SETDB1,KDM5A,0.529
SETDB1,KDM4C,0.53
SETDB1,KDM2A,0.538
SETDB1,TET2,0.539
SETDB1,DEPDC5,0.544
SETDB1,NOTCH1,0.552
SETDB1,SIN3B,0.558
SETDB1,CTR9,0.559
SETDB1,HNRNPK,0.572
SETDB1,KDM2B,0.604
SETDB1,KDM6A,0.611
SETDB1,KDM3B,0.614
SETDB1,PHF8,0.621
SETDB1,CTCF,0.623
SETDB1,TAF1,0.648
SETDB1,SIN3A,0.705
SETDB1,KDM1A,0.765
SETDB1,CHD3,0.779
SETDB1,JARID2,0.784
SETDB1,ATRX,0.786
SETDB1,KMT5B,0.818
SETDB1,ERG,0.841
SETDB1,CBX1,0.851
SETDB1,MBD1,0.853
JARID2,H3-3B,0.938
JARID2,KDM6B,0.627
JARID2,EPC2,0.418
JARID2,YY1,0.627
JARID2,SMG6,0.471
JARID2,EP300,0.415
JARID2,DNMT3A,0.715
JARID2,KAT6A,0.402
JARID2,ASXL3,0.407
JARID2,CBX4,0.736
JARID2,KDM1B,0.451
JARID2,BPTF,0.507
JARID2,ARID1A,0.44
JARID2,PHF8,0.4
JARID2,MYOCD,0.4
JARID2,JMJD1C,0.401
JARID2,HMGN1,0.408
JARID2,CASZ1,0.415
JARID2,PAX5,0.417
JARID2,RPL10,0.427
JARID2,CUL7,0.433
JARID2,SETD1B,0.436
JARID2,UBAP2L,0.47
JARID2,POLR3A,0.474
JARID2,SMARCA4,0.482
JARID2,KDM2A,0.507
JARID2,KDM3A,0.514
JARID2,KDM6A,0.549
JARID2,KDM1A,0.56
JARID2,CTCF,0.594
JARID2,ESRRB,0.632
JARID2,KDM2B,0.78
KDM1B,H3-3B,0.726
KDM1B,KDM6B,0.591
KDM1B,DNMT3A,0.446
KDM1B,SETDB2,0.415
KDM1B,BCKDK,0.431
KDM1B,PDK2,0.431
KDM1B,JMJD1C,0.441
KDM1B,TET3,0.443
KDM1B,BPTF,0.457
KDM1B,SETD1B,0.464
KDM1B,KDM3B,0.489
KDM1B,SMARCA1,0.502
KDM1B,KDM2A,0.548
KDM1B,PHF8,0.565
KDM1B,KDM2B,0.617
KDM1B,KDM5A,0.632
KDM1B,PHF21A,0.668
KDM1B,KDM6A,0.696
KDM1B,KDM4C,0.712
KDM1B,MBD6,0.733
KDM1B,KDM3A,0.747
KDM1B,MBD5,0.808
KDM1B,KDM1A,0.812
SF3B3,HNRNPL,0.473
SF3B3,PRPF19,0.998
SF3B3,TAF4,0.686
SF3B3,SRSF1,0.941
SF3B3,MCM4,0.427
SF3B3,EP300,0.429
SF3B3,KAT2B,0.929
SF3B3,UPF3B,0.444
SF3B3,SRRM2,0.994
SF3B3,CHD3,0.404
SF3B3,METTL14,0.413
SF3B3,ILF2,0.429
SF3B3,HNRNPF,0.431
SF3B3,HNRNPH2,0.501
SF3B3,UBE3A,0.521
SF3B3,EIF4G1,0.524
SF3B3,PHB,0.535
SF3B3,DHX30,0.585
SF3B3,SMC1A,0.608
SF3B3,WAC,0.614
SF3B3,SYNCRIP,0.615
SF3B3,HNRNPU,0.617
SF3B3,HNRNPR,0.634
SF3B3,YEATS2,0.638
SF3B3,PRPF39,0.64
SF3B3,TAF6,0.697
SF3B3,DHX9,0.73
SF3B3,SF1,0.808
SF3B3,DDX23,0.923
SF3B3,TRRAP,0.947
SF3B3,PUF60,0.971
SF3B3,HNRNPK,0.971
SF3B3,U2AF2,0.998
SF3B3,SF3B1,0.999
SF3B3,PRPF8,0.999
PHF8,H3-3B,0.985
PHF8,KDM6B,0.655
PHF8,NCAPH2,0.529
PHF8,KMT5B,0.542
PHF8,ZBTB7A,0.437
PHF8,KDM3B,0.759
PHF8,PHF12,0.536
PHF8,HUWE1,0.51
PHF8,SMARCA4,0.468
PHF8,WNK3,0.766
PHF8,TRIP12,0.406
PHF8,HDAC8,0.406
PHF8,KDM2A,0.412
PHF8,SIN3A,0.418
PHF8,PHF21A,0.437
PHF8,CBX1,0.449
PHF8,CHD8,0.455
PHF8,CTCF,0.471
PHF8,FRYL,0.553
PHF8,SETD1B,0.583
PHF8,JMJD1C,0.584
PHF8,NOTCH1,0.589
PHF8,CHD1,0.607
PHF8,KDM5A,0.621
PHF8,KDM4C,0.633
PHF8,TAF1,0.662
PHF8,KDM6A,0.672
PHF8,POLR2A,0.676
PHF8,KDM1A,0.713
PHF8,KDM3A,0.755
PHF8,ZNF711,0.827
PHF8,KMT2A,0.882
CBX1,CSNK2A1,0.638
CBX1,H3-3B,0.998
CBX1,NASP,0.424
CBX1,SRSF1,0.557
CBX1,DNMT3A,0.898
CBX1,POGZ,0.882
CBX1,SSRP1,0.406
CBX1,NIPBL,0.498
CBX1,KMT5B,0.748
CBX1,BPTF,0.509
CBX1,ZMYM3,0.534
CBX1,SMARCA4,0.62
CBX1,TRIM33,0.603
CBX1,XRCC6,0.628
CBX1,ZNF644,0.631
CBX1,SMARCA1,0.637
CBX1,ADNP,0.848
CBX1,ATRX,0.556
CBX1,AHDC1,0.625
CBX1,KDM2B,0.459
CBX1,CHD3,0.78
CBX1,ZMYND11,0.616
CBX1,SMARCA2,0.7
CBX1,TBL1XR1,0.421
CBX1,CUL4B,0.422
CBX1,KDM2A,0.427
CBX1,TBL1X,0.451
CBX1,KDM1A,0.513
CBX1,MBD1,0.518
CBX1,CHD1,0.603
CBX1,CHAMP1,0.789
CBX1,EMSY,0.966
CTNNB1,CDK13,0.506
CTNNB1,CSNK2A1,0.936
CTNNB1,AGO2,0.513
CTNNB1,SERPINE1,0.494
CTNNB1,CDH9,0.828
CTNNB1,IRF2BPL,0.426
CTNNB1,MSX2,0.54
CTNNB1,ACTN4,0.845
CTNNB1,PXDN,0.79
CTNNB1,GFAP,0.552
CTNNB1,H3-3B,0.837
CTNNB1,KDM6B,0.675
CTNNB1,FABP4,0.432
CTNNB1,SRSF1,0.515
CTNNB1,THBS1,0.516
CTNNB1,SLCO1B3,0.494
CTNNB1,YY1,0.498
CTNNB1,PKD1,0.799
CTNNB1,CREBBP,0.999
CTNNB1,SYP,0.507
CTNNB1,EP300,0.999
CTNNB1,KAT2B,0.767
CTNNB1,RAPGEF2,0.655
CTNNB1,CDH10,0.866
CTNNB1,HDAC4,0.606
CTNNB1,DNMT3A,0.506
CTNNB1,AHI1,0.54
CTNNB1,CDH11,0.993
CTNNB1,CDH13,0.858
CTNNB1,CDH2,0.999
CTNNB1,SLC6A3,0.488
CTNNB1,EPHA1,0.434
CTNNB1,USP15,0.755
CTNNB1,ANK3,0.486
CTNNB1,WNT1,0.973
CTNNB1,GRIA2,0.615
CTNNB1,NAA15,0.406
CTNNB1,RICTOR,0.401
CTNNB1,LEO1,0.691
CTNNB1,KMT2D,0.936
CTNNB1,NLGN2,0.499
CTNNB1,YWHAG,0.504
CTNNB1,CTNND2,0.751
CTNNB1,LEMD3,0.55
CTNNB1,ARHGAP32,0.568
CTNNB1,LEP,0.634
CTNNB1,PRKDC,0.427
CTNNB1,DVL3,0.887
CTNNB1,BACE1,0.505
CTNNB1,ARID1A,0.684
CTNNB1,ALDH1A3,0.407
CTNNB1,PTCH1,0.731
CTNNB1,PTPRB,0.967
CTNNB1,ARID2,0.529
CTNNB1,PDCD1,0.474
CTNNB1,FOXG1,0.74
CTNNB1,PLAUR,0.447
CTNNB1,HUWE1,0.716
CTNNB1,MEF2C,0.939
CTNNB1,SMAD4,0.998
CTNNB1,SMARCA4,0.998
CTNNB1,PRICKLE1,0.514
CTNNB1,DLG1,0.786
CTNNB1,NLGN4Y,0.498
CTNNB1,ANK2,0.765
CTNNB1,TRIM33,0.742
CTNNB1,NLGN3,0.513
CTNNB1,XRCC6,0.662
CTNNB1,TRRAP,0.964
CTNNB1,CUX1,0.656
CTNNB1,NTRK3,0.444
CTNNB1,IQGAP3,0.52
CTNNB1,MACF1,0.415
CTNNB1,SMURF1,0.554
CTNNB1,DRD2,0.506
CTNNB1,ILF2,0.501
CTNNB1,DLL1,0.762
CTNNB1,PRKN,0.49
CTNNB1,SYNE1,0.574
CTNNB1,PTGS2,0.768
CTNNB1,DHX9,0.709
CTNNB1,BTRC,0.999
CTNNB1,DPYD,0.531
CTNNB1,LZTS2,0.677
CTNNB1,GNAS,0.623
CTNNB1,ADNP,0.42
CTNNB1,PCDH11X,0.667
CTNNB1,PTPRT,0.599
CTNNB1,ATRX,0.404
CTNNB1,PCDH15,0.475
CTNNB1,CSNK2B,0.955
CTNNB1,HNRNPK,0.814
CTNNB1,ANXA1,0.624
CTNNB1,KDM6A,0.491
CTNNB1,DDX53,0.401
CTNNB1,RPS6KA3,0.435
CTNNB1,TEK,0.497
CTNNB1,NLGN4X,0.508
CTNNB1,CDK8,0.658
CTNNB1,EP400,0.578
CTNNB1,CDON,0.677
CTNNB1,IGF1,0.687
CTNNB1,GLI3,0.686
CTNNB1,YWHAZ,0.993
CTNNB1,SOX6,0.918
CTNNB1,HLA-A,0.511
CTNNB1,CSNK1E,0.647
CTNNB1,MED13,0.605
CTNNB1,TCF4,0.999
CTNNB1,CTNND1,0.999
CTNNB1,KDM1A,0.839
CTNNB1,EPHB2,0.666
CTNNB1,CUL4B,0.406
CTNNB1,CTNNA2,0.998
CTNNB1,XPO1,0.889
CTNNB1,NCOA1,0.698
CTNNB1,FOXP2,0.538
CTNNB1,MYO7A,0.445
CTNNB1,CTNNA3,0.998
CTNNB1,NLGN1,0.553
CTNNB1,FGFR1,0.947
CTNNB1,FGF13,0.593
CTNNB1,GRIK2,0.468
CTNNB1,SOX5,0.855
CTNNB1,SATB1,0.662
CTNNB1,SATB2,0.4
CTNNB1,MYOCD,0.598
CTNNB1,TBL1XR1,0.997
CTNNB1,FAT1,0.933
CTNNB1,TRIM32,0.449
CTNNB1,PRKCA,0.748
CTNNB1,DOCK4,0.496
CTNNB1,PTPRC,0.735
CTNNB1,PPP2R5C,0.586
CTNNB1,MUC4,0.467
CTNNB1,FHIT,0.811
CTNNB1,PTK7,0.603
CTNNB1,PIK3CG,0.4
CTNNB1,EIF4E,0.728
CTNNB1,UBR5,0.707
CTNNB1,KMT2A,0.671
CTNNB1,CDH22,0.883
CTNNB1,ATP1A1,0.47
CTNNB1,SMARCC2,0.503
CTNNB1,ITGB3,0.435
CTNNB1,TLE3,0.952
CTNNB1,TLN2,0.639
CTNNB1,WWOX,0.568
CTNNB1,CDH8,0.955
CTNNB1,PTPRS,0.564
CTNNB1,CSNK1G1,0.44
CTNNB1,GRIN2B,0.757
CTNNB1,KANK1,0.596
CTNNB1,FOXP1,0.496
CTNNB1,TRPC4,0.465
CTNNB1,TCF7L2,0.999
CTNNB1,ZEB2,0.693
CTNNB1,SPTAN1,0.54
CTNNB1,PTPN11,0.902
CTNNB1,ARID1B,0.441
CTNNB1,PAX6,0.602
CTNNB1,PRICKLE2,0.446
CTNNB1,CTCF,0.453
CTNNB1,CHD8,0.993
CTNNB1,LZTR1,0.517
CTNNB1,DLG4,0.538
CTNNB1,LDB1,0.918
CTNNB1,UBE3A,0.974
CTNNB1,NOTCH1,0.976
CTNNB1,TBL1X,0.998
KDM6A,SUPT16H,0.487
KDM6A,KATNAL2,0.406
KDM6A,GSE1,0.464
KDM6A,H3-3B,0.962
KDM6A,KDM6B,0.747
KDM6A,SNCAIP,0.431
KDM6A,YY1,0.573
KDM6A,CREBBP,0.811
KDM6A,EP300,0.902
KDM6A,KAT2B,0.443
KDM6A,HDAC4,0.452
KDM6A,DNMT3A,0.612
KDM6A,KAT6A,0.493
KDM6A,ASXL3,0.542
KDM6A,CBX4,0.534
KDM6A,NIPBL,0.501
KDM6A,KAT6B,0.456
KDM6A,RAD21,0.429
KDM6A,MAGEC3,0.49
KDM6A,LEO1,0.589
KDM6A,KMT2D,0.999
KDM6A,BPTF,0.509
KDM6A,KMT2E,0.674
KDM6A,ARID1A,0.675
KDM6A,ZMYM3,0.684
KDM6A,SMC1A,0.57
KDM6A,KDM3B,0.589
KDM6A,IKZF1,0.434
KDM6A,ARID2,0.547
KDM6A,MAOA,0.529
KDM6A,SMAD4,0.439
KDM6A,USP9Y,0.593
KDM6A,SMARCA4,0.848
KDM6A,SETDB2,0.525
KDM6A,SMC3,0.502
KDM6A,SMARCA1,0.559
KDM6A,ADNP,0.499
KDM6A,DYDC2,0.424
KDM6A,DYDC1,0.424
KDM6A,POLR3A,0.511
KDM6A,ATRX,0.637
KDM6A,HDAC8,0.506
KDM6A,KDM2B,0.703
KDM6A,TET3,0.405
KDM6A,CASK,0.41
KDM6A,HMGN1,0.422
KDM6A,SATB2,0.428
KDM6A,KANSL1,0.431
KDM6A,PDHA1,0.443
KDM6A,CTPS1,0.449
KDM6A,ARID1B,0.459
KDM6A,CHD8,0.46
KDM6A,SIN3A,0.471
KDM6A,CHD1,0.484
KDM6A,CHD7,0.491
KDM6A,PHF21A,0.501
KDM6A,SMARCA2,0.507
KDM6A,JMJD1C,0.511
KDM6A,HOXA1,0.522
KDM6A,RPL10,0.525
KDM6A,NOTCH1,0.527
KDM6A,CUL7,0.541
KDM6A,BCORL1,0.559
KDM6A,EP400,0.602
KDM6A,SETBP1,0.619
KDM6A,BIRC6,0.642
KDM6A,TET2,0.65
KDM6A,KDM2A,0.658
KDM6A,POLR2A,0.672
KDM6A,KDM3A,0.681
KDM6A,CTCF,0.721
KDM6A,KDM4C,0.761
KDM6A,KDM5A,0.768
KDM6A,SETD1B,0.773
KDM6A,ZFX,0.804
KDM6A,KDM1A,0.82
KDM6A,KMT2A,0.869
KMT2D,GSE1,0.458
KMT2D,H3-3B,0.829
KMT2D,KDM6B,0.768
KMT2D,THBS1,0.442
KMT2D,CREBBP,0.87
KMT2D,SRCAP,0.492
KMT2D,EP300,0.896
KMT2D,KAT2B,0.583
KMT2D,DNMT3A,0.542
KMT2D,KAT6A,0.634
KMT2D,ASXL3,0.435
KMT2D,NIPBL,0.45
KMT2D,CSMD3,0.526
KMT2D,ANKRD11,0.452
KMT2D,PAX5,0.404
KMT2D,H1-4,0.408
KMT2D,TBL1XR1,0.423
KMT2D,TNRC6B,0.431
KMT2D,AGO3,0.433
KMT2D,KDM2A,0.435
KMT2D,AGO4,0.441
KMT2D,DYNC1H1,0.455
KMT2D,CHD8,0.461
KMT2D,TNRC6C,0.469
KMT2D,PCLO,0.475
KMT2D,ATRX,0.481
KMT2D,KDM1A,0.488
KMT2D,ZFHX3,0.493
KMT2D,TAF1,0.503
KMT2D,HOXA1,0.505
KMT2D,CHD7,0.511
KMT2D,BTRC,0.524
KMT2D,SYNE1,0.524
KMT2D,ZFHX4,0.528
KMT2D,TLE3,0.542
KMT2D,KMT2E,0.547
KMT2D,TCF7L2,0.561
KMT2D,SMARCA4,0.566
KMT2D,SPEN,0.589
KMT2D,ZMYM3,0.6
KMT2D,CARD11,0.601
KMT2D,ARID1B,0.602
KMT2D,ARID2,0.608
KMT2D,TET2,0.612
KMT2D,NOTCH1,0.614
KMT2D,SIN3B,0.615
KMT2D,EP400,0.616
KMT2D,FAT1,0.652
KMT2D,CTCF,0.673
KMT2D,POLR2A,0.699
KMT2D,TRRAP,0.713
KMT2D,SIN3A,0.719
KMT2D,ARID1A,0.813
KMT2D,SETD1B,0.896
KMT2D,KMT2A,0.997
KDM2A,H3-3B,0.682
KDM2A,KDM6B,0.726
KDM2A,CREBBP,0.414
KDM2A,SRCAP,0.474
KDM2A,EP300,0.771
KDM2A,KAT6A,0.544
KDM2A,SSRP1,0.414
KDM2A,KMT5B,0.402
KDM2A,ARID1A,0.497
KDM2A,KDM3B,0.668
KDM2A,BTRC,0.534
KDM2A,ADNP,0.54
KDM2A,KDM4C,0.656
KDM2A,SMARCA2,0.405
KDM2A,EP400,0.472
KDM2A,JMJD1C,0.547
KDM2A,KDM5A,0.71
KDM2A,KDM1A,0.676
KDM2A,SETD5,0.511
KDM2A,KDM3A,0.611
KDM2A,KMT2A,0.435
KDM2A,MBD1,0.455
KDM2A,CHD8,0.465
KDM2A,SETD1B,0.545
KDM1A,CSNK2A1,0.649
KDM1A,GSE1,0.917
KDM1A,H3-3B,0.959
KDM1A,KDM6B,0.731
KDM1A,TERF2,0.488
KDM1A,YY1,0.473
KDM1A,CREBBP,0.446
KDM1A,EP300,0.899
KDM1A,KAT2B,0.758
KDM1A,HDAC4,0.707
KDM1A,DNMT3A,0.751
KDM1A,KAT6A,0.425
KDM1A,CBX4,0.607
KDM1A,XPC,0.902
KDM1A,KMT5B,0.458
KDM1A,MSL2,0.414
KDM1A,KMT2E,0.41
KDM1A,PRKDC,0.919
KDM1A,ZMYM3,0.908
KDM1A,KDM3B,0.598
KDM1A,IKZF1,0.492
KDM1A,SMAD4,0.682
KDM1A,SMARCA4,0.894
KDM1A,SETDB2,0.432
KDM1A,H4C11,0.589
KDM1A,FRYL,0.474
KDM1A,XRCC6,0.923
KDM1A,DHX9,0.427
KDM1A,SMARCA1,0.435
KDM1A,ADNP,0.536
KDM1A,HDAC8,0.647
KDM1A,KDM2B,0.662
KDM1A,H4C3,0.537
KDM1A,SIN3B,0.624
KDM1A,CHD3,0.941
KDM1A,KDM4C,0.924
KDM1A,EP400,0.409
KDM1A,SIN3A,0.948
KDM1A,BCKDK,0.444
KDM1A,YWHAZ,0.646
KDM1A,SOX6,0.5
KDM1A,JMJD1C,0.486
KDM1A,KDM5A,0.836
KDM1A,TET3,0.409
KDM1A,TBL1XR1,0.433
KDM1A,PDK2,0.438
KDM1A,NCOA1,0.448
KDM1A,TET2,0.49
KDM1A,SETD1B,0.529
KDM1A,H4C5,0.541
KDM1A,KMT2A,0.558
KDM1A,CTCF,0.57
KDM1A,PRKCB,0.626
KDM1A,ZMYND8,0.643
KDM1A,ZEB2,0.647
KDM1A,NOTCH1,0.675
KDM1A,CHD1,0.83
KDM1A,GTF2I,0.858
KDM1A,BCL11A,0.867
KDM1A,MBD3,0.868
KDM1A,KDM3A,0.9
KDM1A,ZMYM2,0.969
KDM1A,PHF21A,0.999
KDM3B,ACTL6B,0.651
KDM3B,FAM53C,0.545
KDM3B,H3-3B,0.437
KDM3B,KDM6B,0.554
KDM3B,CREBBP,0.558
KDM3B,EP300,0.434
KDM3B,TOP2B,0.463
KDM3B,RBM27,0.429
KDM3B,SCAF4,0.426
KDM3B,KMT2E,0.455
KDM3B,ARID1A,0.762
KDM3B,EP400,0.438
KDM3B,ADNP,0.439
KDM3B,SIN3A,0.442
KDM3B,KDM5A,0.56
KDM3B,CHD8,0.58
KDM3B,KDM4C,0.641
KDM3B,KDM2B,0.667
KDM3B,SMARCA2,0.683
KDM3B,ARID1B,0.718
KDM3B,SMARCC2,0.74
KDM3B,SMARCA4,0.745
KDM3B,KDM3A,0.922
KDM6B,SUPT16H,0.472
KDM6B,KATNAL2,0.424
KDM6B,H3-3B,0.963
KDM6B,CTCF,0.402
KDM6B,TRIP12,0.403
KDM6B,SIN3A,0.404
KDM6B,DSCAM,0.405
KDM6B,WDFY3,0.413
KDM6B,HMGN1,0.419
KDM6B,DYDC2,0.424
KDM6B,DYDC1,0.424
KDM6B,HDAC8,0.426
KDM6B,TET3,0.428
KDM6B,ANKRD11,0.439
KDM6B,SMARCA2,0.441
KDM6B,CREBBP,0.449
KDM6B,NIPBL,0.449
KDM6B,KAT6A,0.45
KDM6B,MED13L,0.452
KDM6B,ADNP,0.453
KDM6B,KAT2B,0.453
KDM6B,KMT5B,0.463
KDM6B,TET2,0.473
KDM6B,SSRP1,0.482
KDM6B,METTL14,0.488
KDM6B,POLR3A,0.514
KDM6B,RPL10,0.514
KDM6B,DNMT3A,0.528
KDM6B,CUL7,0.528
KDM6B,TNRC6B,0.535
KDM6B,AGO4,0.535
KDM6B,AGO3,0.536
KDM6B,LEO1,0.547
KDM6B,JMJD1C,0.555
KDM6B,SETDB2,0.563
KDM6B,BIRC6,0.589
KDM6B,NOTCH1,0.61
KDM6B,KMT2E,0.632
KDM6B,TNRC6C,0.636
KDM6B,HDAC4,0.644
KDM6B,SETD1B,0.646
KDM6B,SMAD4,0.648
KDM6B,KMT2A,0.656
KDM6B,CBX4,0.671
KDM6B,KDM4C,0.678
KDM6B,KDM5A,0.693
KDM6B,KDM2B,0.7
KDM6B,EP300,0.754
KDM6B,KDM3A,0.761
KDM6B,SMARCA4,0.935
H3-3B,ACTL6B,0.468
H3-3B,SUPT16H,0.886
H3-3B,EEF1A2,0.403
H3-3B,AGO2,0.704
H3-3B,PXDN,0.719
H3-3B,GFAP,0.516
H3-3B,PPP1R1B,0.513
H3-3B,IKZF1,0.401
H3-3B,NIPBL,0.403
H3-3B,SETBP1,0.404
H3-3B,NEDD4,0.405
H3-3B,CUX1,0.409
H3-3B,HNRNPU,0.412
H3-3B,FOXG1,0.416
H3-3B,IGF1,0.416
H3-3B,TOP2B,0.42
H3-3B,SMAD4,0.422
H3-3B,TBR1,0.425
H3-3B,CDK8,0.432
H3-3B,BCL11B,0.437
H3-3B,SRCAP,0.443
H3-3B,PTPRC,0.447
H3-3B,MARK2,0.453
H3-3B,KMT5B,0.458
H3-3B,CECR2,0.459
H3-3B,BAZ2B,0.46
H3-3B,MAOB,0.462
H3-3B,ZMYM3,0.466
H3-3B,HMGN1,0.474
H3-3B,AGTR2,0.479
H3-3B,EP400,0.481
H3-3B,MAOA,0.482
H3-3B,NCL,0.485
H3-3B,TAF1C,0.486
H3-3B,CDH2,0.488
H3-3B,RSF1,0.488
H3-3B,MSL3,0.49
H3-3B,PRKDC,0.491
H3-3B,HNRNPK,0.494
H3-3B,TAF6,0.499
H3-3B,TET3,0.505
H3-3B,NOTCH1,0.505
H3-3B,PHRF1,0.505
H3-3B,LARP1,0.511
H3-3B,RUNX1T1,0.517
H3-3B,H1-4,0.525
H3-3B,MCM6,0.526
H3-3B,TAF1,0.527
H3-3B,PAX6,0.532
H3-3B,FGFR1,0.534
H3-3B,TET2,0.534
H3-3B,HOXA1,0.542
H3-3B,TRRAP,0.546
H3-3B,PPM1D,0.549
H3-3B,THBS1,0.55
H3-3B,POT1,0.55
H3-3B,CTR9,0.563
H3-3B,TLK2,0.564
H3-3B,U2AF2,0.565
H3-3B,TNRC6B,0.58
H3-3B,CHD7,0.584
H3-3B,SF3B1,0.584
H3-3B,NCAPH2,0.589
H3-3B,CHD8,0.598
H3-3B,TNRC6C,0.609
H3-3B,XRCC6,0.61
H3-3B,TERF2,0.613
H3-3B,XPO1,0.613
H3-3B,SET,0.617
H3-3B,MBD3,0.621
H3-3B,ZMYND8,0.622
H3-3B,SETDB2,0.626
H3-3B,TBL1X,0.629
H3-3B,TCF7L2,0.638
H3-3B,RPS6KA3,0.642
H3-3B,PSMC5,0.654
H3-3B,MCM4,0.67
H3-3B,HDAC4,0.673
H3-3B,PHF7,0.673
H3-3B,STAG1,0.679
H3-3B,SIN3B,0.684
H3-3B,METTL14,0.692
H3-3B,AGO4,0.699
H3-3B,LEO1,0.702
H3-3B,YWHAZ,0.706
H3-3B,KDM2B,0.709
H3-3B,KDM5A,0.716
H3-3B,JMJD1C,0.717
H3-3B,SMC1A,0.74
H3-3B,KDM3A,0.741
H3-3B,YEATS2,0.749
H3-3B,SIN3A,0.79
H3-3B,AGO3,0.791
H3-3B,RAD21,0.791
H3-3B,SMC3,0.796
H3-3B,HDAC8,0.798
H3-3B,SMARCA2,0.824
H3-3B,SETD1B,0.845
H3-3B,CHD3,0.847
H3-3B,CTCF,0.85
H3-3B,ZMYND11,0.855
H3-3B,KDM4C,0.856
H3-3B,SSRP1,0.861
H3-3B,POLR2A,0.868
H3-3B,SMARCA1,0.87
H3-3B,CBX4,0.872
H3-3B,YY1,0.878
H3-3B,ARID1A,0.884
H3-3B,PHF21A,0.887
H3-3B,SMARCC2,0.899
H3-3B,H4C11,0.936
H3-3B,H4C5,0.938
H3-3B,H4C3,0.938
H3-3B,KMT2E,0.941
H3-3B,EP300,0.962
H3-3B,TRIM33,0.973
H3-3B,KAT6B,0.977
H3-3B,SRSF1,0.981
H3-3B,SMARCA4,0.983
H3-3B,CREBBP,0.985
H3-3B,KMT2A,0.985
H3-3B,NASP,0.987
H3-3B,KAT6A,0.991
H3-3B,CHD1,0.994
H3-3B,KAT2B,0.998
H3-3B,BPTF,0.998
H3-3B,ATRX,0.999
H3-3B,DNMT3A,0.999
KDM2B,YY1,0.567
KDM2B,CREBBP,0.516
KDM2B,SRCAP,0.495
KDM2B,EP300,0.49
KDM2B,DNMT3A,0.439
KDM2B,CBX4,0.483
KDM2B,CXXC5,0.506
KDM2B,GLIS1,0.593
KDM2B,SMARCA4,0.638
KDM2B,AUTS2,0.513
KDM2B,TCF20,0.46
KDM2B,MBD1,0.493
KDM2B,JMJD1C,0.558
KDM2B,SETD1B,0.559
KDM2B,KMT2A,0.59
KDM2B,KDM3A,0.612
KDM2B,KDM4C,0.654
KDM2B,SIN3A,0.695
KDM2B,KDM5A,0.786
KDM2B,BCORL1,0.988
SMARCA4,ACTL6B,0.98
SMARCA4,SUPT16H,0.573
SMARCA4,CSNK2A1,0.469
SMARCA4,AGO2,0.533
SMARCA4,SRSF1,0.533
SMARCA4,YY1,0.709
SMARCA4,CREBBP,0.944
SMARCA4,SRCAP,0.662
SMARCA4,EP300,0.969
SMARCA4,KAT2B,0.946
SMARCA4,TOP2B,0.719
SMARCA4,HDAC4,0.69
SMARCA4,DNMT3A,0.957
SMARCA4,BTAF1,0.697
SMARCA4,PHIP,0.548
SMARCA4,SSRP1,0.617
SMARCA4,NIPBL,0.426
SMARCA4,XPC,0.534
SMARCA4,RAD21,0.772
SMARCA4,YWHAG,0.467
SMARCA4,BPTF,0.777
SMARCA4,RSF1,0.544
SMARCA4,ARID1A,0.999
SMARCA4,IKZF1,0.715
SMARCA4,ARID2,0.999
SMARCA4,MEF2C,0.63
SMARCA4,SMAD4,0.644
SMARCA4,MCPH1,0.434
SMARCA4,CTR9,0.403
SMARCA4,HDAC8,0.415
SMARCA4,CSNK1E,0.416
SMARCA4,HNRNPK,0.42
SMARCA4,XRCC6,0.431
SMARCA4,ZFX,0.433
SMARCA4,NCOA1,0.445
SMARCA4,FRYL,0.453
SMARCA4,CNOT3,0.454
SMARCA4,EP400,0.457
SMARCA4,TRRAP,0.459
SMARCA4,ARHGEF2,0.46
SMARCA4,ZMYND8,0.463
SMARCA4,KMT2A,0.465
SMARCA4,TRIM33,0.466
SMARCA4,CDK8,0.467
SMARCA4,RPS6KA3,0.475
SMARCA4,KDM5A,0.478
SMARCA4,BTRC,0.481
SMARCA4,SET,0.482
SMARCA4,CECR2,0.491
SMARCA4,MBD3,0.505
SMARCA4,SIN3B,0.522
SMARCA4,WWOX,0.538
SMARCA4,TET2,0.541
SMARCA4,SMC3,0.551
SMARCA4,KDM4C,0.577
SMARCA4,TLE3,0.597
SMARCA4,CHD8,0.6
SMARCA4,NR4A2,0.603
SMARCA4,TCF7L2,0.606
SMARCA4,YWHAZ,0.634
SMARCA4,PHB,0.636
SMARCA4,ADNP,0.64
SMARCA4,CHD3,0.657
SMARCA4,NOTCH1,0.665
SMARCA4,ATRX,0.667
SMARCA4,MYOCD,0.669
SMARCA4,CHD1,0.685
SMARCA4,PAX6,0.708
SMARCA4,TAF1,0.736
SMARCA4,CTCF,0.738
SMARCA4,PBX1,0.755
SMARCA4,CHD7,0.787
SMARCA4,H4C11,0.929
SMARCA4,POLR2A,0.929
SMARCA4,H4C5,0.929
SMARCA4,H4C3,0.93
SMARCA4,SIN3A,0.948
SMARCA4,BCL11A,0.956
SMARCA4,SMARCA1,0.958
SMARCA4,BCL11B,0.967
SMARCA4,KDM3A,0.972
SMARCA4,BICRA,0.99
SMARCA4,ARID1B,0.999
SMARCA4,SMARCC2,0.999
SMARCA4,SMARCA2,0.999
KDM3A,ACTL6B,0.662
KDM3A,EP300,0.743
KDM3A,DNMT3A,0.43
KDM3A,CBX4,0.41
KDM3A,ARID1A,0.738
KDM3A,HUWE1,0.406
KDM3A,TCEAL1,0.532
KDM3A,KDM4C,0.869
KDM3A,SMARCA2,0.708
KDM3A,KDM5A,0.646
KDM3A,MRTFB,0.401
KDM3A,HNRNPF,0.571
KDM3A,MYOCD,0.614
KDM3A,ARID1B,0.701
KDM3A,SMARCC2,0.717
JMJD1C,NIPBL,0.594
JMJD1C,KMT2E,0.574
JMJD1C,PCM1,0.44
JMJD1C,REEP3,0.901
JMJD1C,KDM4C,0.894
JMJD1C,BAZ2B,0.475
JMJD1C,KDM5A,0.444
JMJD1C,UIMC1,0.547
JMJD1C,CHD1,0.562
CTTNBP2,WDFY3,0.401
CTTNBP2,CDKL5,0.407
CTTNBP2,SCN2A,0.426
CTTNBP2,DSCAM,0.43
CTTNBP2,CHD8,0.433
CTTNBP2,MED13L,0.447
CTTNBP2,NBEA,0.47
CTTNBP2,ASXL3,0.477
CTTNBP2,REEP3,0.52
CTTNBP2,KCND2,0.702
WDFY3,OXT,0.424
WDFY3,ZC3H4,0.445
WDFY3,ASXL3,0.449
WDFY3,MED13L,0.577
WDFY3,MYO9B,0.403
WDFY3,ILF2,0.411
WDFY3,ANKRD11,0.412
WDFY3,SYNGAP1,0.421
WDFY3,CDKL5,0.431
WDFY3,TNRC6B,0.431
WDFY3,TBL1XR1,0.433
WDFY3,NRXN1,0.442
WDFY3,SCN2A,0.468
WDFY3,HLA-B,0.479
WDFY3,KMT5B,0.487
WDFY3,DSCAM,0.488
WDFY3,ZNF292,0.493
WDFY3,ADNP,0.494
WDFY3,SPAST,0.509
WDFY3,NCOA1,0.528
WDFY3,TRIP12,0.53
WDFY3,CHD8,0.546
CDKL5,GLRA2,0.583
CDKL5,PCDH10,0.834
CDKL5,ASXL3,0.409
CDKL5,LRRC4C,0.624
CDKL5,MED13L,0.468
CDKL5,SYN1,0.426
CDKL5,SCN1A,0.861
CDKL5,KMT5B,0.412
CDKL5,GABRB3,0.724
CDKL5,GRIN2A,0.513
CDKL5,PLCB1,0.632
CDKL5,FOXG1,0.866
CDKL5,MEF2C,0.482
CDKL5,SCN8A,0.653
CDKL5,OPHN1,0.432
CDKL5,KCNQ2,0.844
CDKL5,ASTN1,0.406
CDKL5,CNTNAP2,0.444
CDKL5,ZNF292,0.457
CDKL5,NTNG1,0.847
CDKL5,GABRA3,0.585
CDKL5,SLC9A6,0.573
CDKL5,GPC4,0.433
CDKL5,KCNB1,0.435
CDKL5,DNM1,0.401
CDKL5,PCDH19,0.9
CDKL5,STXBP1,0.865
CDKL5,ARX,0.813
CDKL5,SLC6A1,0.4
CDKL5,KCNA2,0.403
CDKL5,SMARCA2,0.404
CDKL5,NLGN4X,0.405
CDKL5,DLG4,0.419
CDKL5,TAF1,0.427
CDKL5,CHD8,0.433
CDKL5,NRXN1,0.44
CDKL5,DSCAM,0.463
CDKL5,ARID1B,0.475
CDKL5,DEPDC5,0.481
CDKL5,GRIN2B,0.485
CDKL5,SHANK3,0.514
CDKL5,CACNA1A,0.514
CDKL5,KCNQ3,0.527
CDKL5,SYNGAP1,0.552
CDKL5,GABRG2,0.573
CDKL5,MBD5,0.586
CDKL5,IQSEC2,0.664
CDKL5,SPTAN1,0.715
CDKL5,ARHGEF9,0.718
CDKL5,UBE3A,0.726
CDKL5,NTNG2,0.751
CDKL5,SCN2A,0.821
SCN2A,ACTL6B,0.52
SCN2A,KATNAL2,0.621
SCN2A,PXDN,0.4
SCN2A,SNAP25,0.493
SCN2A,UNC79,0.504
SCN2A,GABBR2,0.409
SCN2A,SYT1,0.665
SCN2A,PCDH10,0.797
SCN2A,KCNC1,0.687
SCN2A,ASXL3,0.492
SCN2A,GABRB2,0.55
SCN2A,ANK3,0.971
SCN2A,MED13L,0.475
SCN2A,SCN3A,0.982
SCN2A,KCNMA1,0.588
SCN2A,CACNA1D,0.48
SCN2A,SYN1,0.649
SCN2A,GRIA2,0.488
SCN2A,GRIK5,0.537
SCN2A,SCN1A,0.948
SCN2A,KMT5B,0.504
SCN2A,GABRB3,0.624
SCN2A,KCND3,0.526
SCN2A,CACNB2,0.49
SCN2A,GRIN2A,0.591
SCN2A,KCND2,0.607
SCN2A,CACNA1H,0.707
SCN2A,PTPRB,0.46
SCN2A,PLCB1,0.634
SCN2A,FOXG1,0.445
SCN2A,SHANK2,0.465
SCN2A,SCN8A,0.802
SCN2A,SPTBN1,0.628
SCN2A,CACNA2D1,0.507
SCN2A,ANK2,0.848
SCN2A,NLGN3,0.414
SCN2A,CACNA1G,0.721
SCN2A,KCNQ2,0.942
SCN2A,ATP2B2,0.485
SCN2A,CNTNAP2,0.548
SCN2A,ZNF292,0.409
SCN2A,KCNA3,0.57
SCN2A,SLC9A6,0.457
SCN2A,ADNP,0.518
SCN2A,KCNB1,0.458
SCN2A,DNM1,0.455
SCN2A,PCDH19,0.853
SCN2A,GRIK3,0.634
SCN2A,STXBP1,0.849
SCN2A,DLG2,0.416
SCN2A,FGF14,0.771
SCN2A,NRCAM,0.731
SCN2A,ARX,0.583
SCN2A,NLGN4X,0.407
SCN2A,KCNQ3,0.859
SCN2A,TBR1,0.469
SCN2A,CACNB1,0.557
SCN2A,DSCAM,0.504
SCN2A,NRXN1,0.625
SCN2A,MBD5,0.422
SCN2A,SCN9A,0.943
SCN2A,SLC12A5,0.498
SCN2A,RBFOX1,0.434
SCN2A,RELN,0.448
SCN2A,FGF13,0.561
SCN2A,SCN4A,0.944
SCN2A,GRIK2,0.663
SCN2A,GABRG2,0.774
SCN2A,CACNA2D3,0.563
SCN2A,NEDD4,0.519
SCN2A,GABRA2,0.402
SCN2A,RIMS1,0.444
SCN2A,GRIK4,0.61
SCN2A,ATP1A3,0.537
SCN2A,KCNC2,0.66
SCN2A,SMARCC2,0.506
SCN2A,GRIN2B,0.647
SCN2A,SPTAN1,0.832
SCN2A,KCNA2,0.764
SCN2A,SHANK3,0.588
SCN2A,NRXN3,0.4
SCN2A,ARID1B,0.428
SCN2A,KCNJ10,0.461
SCN2A,DEPDC5,0.493
SCN2A,BCL11A,0.543
SCN2A,SYNGAP1,0.579
SCN2A,SLC6A1,0.589
SCN2A,ARHGEF9,0.653
SCN2A,CHD8,0.711
DSCAM,LRRC4,0.439
DSCAM,PCDH10,0.479
DSCAM,NRXN2,0.509
DSCAM,CDH2,0.558
DSCAM,ASXL3,0.505
DSCAM,LRRC4C,0.462
DSCAM,NLGN2,0.441
DSCAM,KMT5B,0.488
DSCAM,NEO1,0.514
DSCAM,CACNA2D1,0.467
DSCAM,NLGN3,0.446
DSCAM,CNTNAP2,0.493
DSCAM,ZNF292,0.404
DSCAM,NTNG1,0.469
DSCAM,PCDH11X,0.563
DSCAM,DLG2,0.559
DSCAM,NLGN4X,0.425
DSCAM,NTNG2,0.411
DSCAM,TNRC6B,0.412
DSCAM,DOCK1,0.483
DSCAM,NLGN1,0.484
DSCAM,PTPRS,0.49
DSCAM,UNC5D,0.521
DSCAM,KIF1A,0.527
DSCAM,DLG4,0.601
DSCAM,CNTNAP5,0.607
DSCAM,NRXN1,0.722
DSCAM,DCC,0.969
CHD8,SUPT16H,0.814
CHD8,KATNAL2,0.71
CHD8,TAF4,0.91
CHD8,ZC3H4,0.455
CHD8,PHF3,0.473
CHD8,YY1,0.676
CHD8,CREBBP,0.495
CHD8,SRCAP,0.489
CHD8,EP300,0.597
CHD8,TOP2B,0.495
CHD8,CACNA1C,0.402
CHD8,ASXL3,0.458
CHD8,POGZ,0.64
CHD8,SSRP1,0.549
CHD8,MED13L,0.554
CHD8,NIPBL,0.554
CHD8,LEO1,0.469
CHD8,ANKRD11,0.458
CHD8,SCN1A,0.406
CHD8,NLGN2,0.432
CHD8,KMT5B,0.516
CHD8,BPTF,0.584
CHD8,TLK2,0.519
CHD8,ARID1A,0.593
CHD8,ZBTB7A,0.568
CHD8,PRR14L,0.792
CHD8,FOXG1,0.403
CHD8,HUWE1,0.558
CHD8,AUTS2,0.635
CHD8,SHANK2,0.507
CHD8,ANK2,0.403
CHD8,NLGN3,0.53
CHD8,TRRAP,0.478
CHD8,SMC3,0.417
CHD8,CNTNAP2,0.479
CHD8,CTR9,0.503
CHD8,ZNF292,0.519
CHD8,SMARCA1,0.469
CHD8,ADNP,0.835
CHD8,LAS1L,0.914
CHD8,CSNK2B,0.473
CHD8,CHD3,0.505
CHD8,NLGN4X,0.485
CHD8,TRIP12,0.535
CHD8,TBR1,0.587
CHD8,EP400,0.575
CHD8,SIN3A,0.511
CHD8,BCKDK,0.554
CHD8,KDM5A,0.414
CHD8,NRXN1,0.572
CHD8,SETD5,0.685
CHD8,MBD5,0.56
CHD8,GIGYF2,0.453
CHD8,KANSL1,0.926
CHD8,CHD7,0.957
CHD8,RELN,0.407
CHD8,CHD9,0.449
CHD8,TAF6,0.921
CHD8,TNRC6B,0.452
CHD8,TBL1XR1,0.43
CHD8,TAF1,0.964
CHD8,DOCK4,0.427
CHD8,UBN2,0.401
CHD8,EMSY,0.417
CHD8,KMT2A,0.946
CHD8,SMARCC2,0.644
CHD8,KCTD13,0.439
CHD8,POLR2A,0.573
CHD8,CDH8,0.5
CHD8,SETD1B,0.408
CHD8,GRIN2B,0.553
CHD8,CHD1,0.769
CHD8,FOXP1,0.463
CHD8,SHANK3,0.664
CHD8,ARID1B,0.684
CHD8,CTCF,0.944
CHD8,UBE3A,0.434
CHD8,SYNGAP1,0.534
MED13L,TAF4,0.457
MED13L,ZC3H4,0.469
MED13L,FABP4,0.508
MED13L,PHF3,0.533
MED13L,CREBBP,0.677
MED13L,EP300,0.729
MED13L,THRA,0.662
MED13L,KAT6A,0.529
MED13L,BTAF1,0.441
MED13L,ASXL3,0.427
MED13L,FOXP1,0.402
MED13L,TBL1XR1,0.409
MED13L,SYNGAP1,0.415
MED13L,SPEN,0.42
MED13L,UBR5,0.429
MED13L,VPS13B,0.431
MED13L,SPAST,0.439
MED13L,KMT2A,0.453
MED13L,ILF2,0.453
MED13L,TNRC6B,0.459
MED13L,UBN2,0.464
MED13L,LEP,0.505
MED13L,SCAF4,0.516
MED13L,NIPBL,0.528
MED13L,SETD5,0.532
MED13L,ZNF292,0.555
MED13L,ADNP,0.568
MED13L,ANKRD11,0.57
MED13L,ARID1B,0.572
MED13L,NCOA1,0.586
MED13L,KMT5B,0.627
MED13L,TRIP12,0.65
MED13L,MED13,0.973
MED13L,MED23,0.978
MED13L,CDK19,0.997
MED13L,CDK8,0.997
MED13L,MED12L,0.998
NBEA,GLRA2,0.61
NBEA,LIN7B,0.468
NBEA,SLC1A2,0.427
NBEA,DST,0.494
NBEA,DLG1,0.481
NBEA,DLG3,0.963
NBEA,MAP4K1,0.505
NBEA,NOTCH1,0.909
ASXL3,YY1,0.6
ASXL3,ADNP,0.4
ASXL3,ARID1A,0.406
ASXL3,TNRC6B,0.436
ASXL3,ANKRD11,0.447
ASXL3,ZNF644,0.497
ASXL3,NCOA1,0.505
ASXL3,CBX4,0.573
ASXL3,UBAP2L,0.579
ASXL3,ZNF292,0.682
REEP3,SPAST,0.413
REEP3,YWHAZ,0.467
KCND2,KCNN2,0.942
KCND2,KCNC1,0.441
KCND2,CACNA1C,0.726
KCND2,KCNH1,0.588
KCND2,GABRB2,0.402
KCND2,GRID2,0.404
KCND2,SCN3A,0.491
KCND2,CACNA1D,0.518
KCND2,GRIA2,0.456
KCND2,SCN1A,0.603
KCND2,GRM5,0.544
KCND2,KCND3,0.932
KCND2,CACNB2,0.471
KCND2,KCNH5,0.534
KCND2,GRIN2A,0.636
KCND2,CNTNAP2,0.401
KCND2,DLG2,0.406
KCND2,DOCK4,0.412
KCND2,EIF5A,0.426
KCND2,KCNS3,0.428
KCND2,CACNA1A,0.453
KCND2,NXPH1,0.454
KCND2,CTNNA3,0.456
KCND2,KCNJ10,0.458
KCND2,DRD2,0.459
KCND2,CUL7,0.462
KCND2,HMGN1,0.478
KCND2,GRIA1,0.491
KCND2,CACNA1E,0.492
KCND2,CACNA1H,0.494
KCND2,KCNQ3,0.507
KCND2,CACNA2D1,0.519
KCND2,SCN4A,0.519
KCND2,CACNA1G,0.529
KCND2,SCN9A,0.538
KCND2,CACNA1B,0.556
KCND2,SCN8A,0.571
KCND2,IL1RAPL1,0.592
KCND2,CADPS,0.597
KCND2,GRIN1,0.625
KCND2,GRIN2B,0.649
KCND2,DLG1,0.663
KCND2,KCNQ2,0.72
KCND2,DLG4,0.877
KCND2,IRX5,0.884
KCND2,DPP10,0.98
KCND2,DPP6,0.994
ACTL6B,KCNQ2,0.4
ACTL6B,NTRK3,0.415
ACTL6B,ELAVL3,0.443
ACTL6B,KAT6B,0.53
ACTL6B,KAT6A,0.535
ACTL6B,SMARCA1,0.537
ACTL6B,MSL2,0.551
ACTL6B,KANSL1,0.552
ACTL6B,SYN1,0.556
ACTL6B,PTBP2,0.591
ACTL6B,DNMT3A,0.617
ACTL6B,MSL3,0.683
ACTL6B,YEATS2,0.694
ACTL6B,BICRA,0.833
ACTL6B,SRCAP,0.849
ACTL6B,BCL11B,0.886
ACTL6B,BCL11A,0.895
ACTL6B,EPC2,0.905
ACTL6B,EP400,0.937
ACTL6B,TRRAP,0.938
ACTL6B,ARID1B,0.964
ACTL6B,ARID2,0.968
ACTL6B,ARID1A,0.978
ACTL6B,SMARCA2,0.982
ACTL6B,SMARCC2,0.991
KCNQ2,EEF1A2,0.424
KCNQ2,PCDH10,0.838
KCNQ2,KCNN2,0.455
KCNQ2,KCNC1,0.601
KCNQ2,CACNA1C,0.485
KCNQ2,SLC6A3,0.507
KCNQ2,KCNH1,0.601
KCNQ2,SLC1A2,0.605
KCNQ2,ANK3,0.956
KCNQ2,GUCY1A2,0.418
KCNQ2,SCN3A,0.751
KCNQ2,CACNA1D,0.409
KCNQ2,GRIA2,0.416
KCNQ2,SCN1A,0.934
KCNQ2,GABRB3,0.62
KCNQ2,KCND3,0.486
KCNQ2,KCNH5,0.565
KCNQ2,KCNH7,0.482
KCNQ2,GRIN2A,0.606
KCNQ2,EIF5A,0.426
KCNQ2,PLCB1,0.641
KCNQ2,FOXG1,0.445
KCNQ2,SHANK2,0.53
KCNQ2,SCN8A,0.95
KCNQ2,SPTBN1,0.629
KCNQ2,ANK2,0.704
KCNQ2,CACNA1G,0.474
KCNQ2,DOCK4,0.403
KCNQ2,DLGAP2,0.407
KCNQ2,RBFOX1,0.411
KCNQ2,KNG1,0.416
KCNQ2,SLC9A6,0.424
KCNQ2,GRIA1,0.427
KCNQ2,TRPM3,0.429
KCNQ2,IQSEC2,0.434
KCNQ2,NRXN1,0.437
KCNQ2,KCNA3,0.442
KCNQ2,GRIN1,0.452
KCNQ2,DNM1,0.457
KCNQ2,CUL7,0.462
KCNQ2,KCNC2,0.467
KCNQ2,DLG2,0.469
KCNQ2,ATP1A3,0.473
KCNQ2,HMGN1,0.478
KCNQ2,SYNGAP1,0.481
KCNQ2,CACNA1E,0.491
KCNQ2,FGF14,0.498
KCNQ2,KCNB1,0.509
KCNQ2,SLC12A5,0.512
KCNQ2,SLC6A1,0.516
KCNQ2,KCNJ10,0.539
KCNQ2,ATP2B2,0.553
KCNQ2,DEPDC5,0.556
KCNQ2,CNTNAP2,0.562
KCNQ2,GRIN2B,0.566
KCNQ2,KCNA2,0.567
KCNQ2,CACNA1B,0.594
KCNQ2,ARX,0.615
KCNQ2,DLG4,0.651
KCNQ2,SCN4A,0.677
KCNQ2,ARHGEF9,0.678
KCNQ2,GABRG2,0.709
KCNQ2,CACNA1A,0.734
KCNQ2,NRCAM,0.75
KCNQ2,SCN9A,0.758
KCNQ2,SPTAN1,0.852
KCNQ2,STXBP1,0.855
KCNQ2,PCDH19,0.878
KCNQ2,KCNQ3,0.999
NTRK3,GFAP,0.475
NTRK3,SLC6A4,0.49
NTRK3,SYP,0.408
NTRK3,ANK3,0.417
NTRK3,LRFN5,0.432
NTRK3,PTCH1,0.41
NTRK3,SLITRK2,0.437
NTRK3,NRXN1,0.423
NTRK3,KNG1,0.431
NTRK3,CNR1,0.441
NTRK3,NRCAM,0.49
NTRK3,NFIB,0.496
NTRK3,FGFR1,0.512
NTRK3,DLG2,0.529
NTRK3,PTPRD,0.606
NTRK3,DPYSL2,0.619
NTRK3,IL1RAPL1,0.65
NTRK3,PTPRS,0.999
ELAVL3,GFAP,0.688
ELAVL3,SNAP25,0.406
ELAVL3,SYP,0.472
ELAVL3,NOVA2,0.448
ELAVL3,SYN1,0.415
ELAVL3,HNRNPUL2,0.497
ELAVL3,CELF4,0.448
ELAVL3,PAX6,0.57
ELAVL3,RBFOX1,0.646
ELAVL3,ELAVL2,0.72
KAT6B,EPC2,0.591
KAT6B,CREBBP,0.582
KAT6B,EP300,0.729
KAT6B,KAT2B,0.754
KAT6B,TOP2B,0.558
KAT6B,HDAC4,0.478
KAT6B,KAT6A,0.998
KAT6B,EP400,0.406
KAT6B,KMT2E,0.414
KAT6B,KMT2A,0.441
KAT6B,CECR2,0.452
KAT6B,MSL2,0.459
KAT6B,YEATS2,0.462
KAT6B,ARID2,0.466
KAT6B,HDAC8,0.482
KAT6B,MSL3,0.541
KAT6B,TAF1,0.55
KAT6B,BPTF,0.564
KAT6B,KANSL1,0.576
KAT6B,PHF14,0.582
KAT6B,TRRAP,0.713
KAT6A,EPC2,0.562
KAT6A,CREBBP,0.939
KAT6A,EP300,0.956
KAT6A,KAT2B,0.833
KAT6A,TOP2B,0.489
KAT6A,HDAC4,0.522
KAT6A,DNMT3A,0.429
KAT6A,SPEN,0.413
KAT6A,NOTCH1,0.417
KAT6A,SETD1B,0.426
KAT6A,BPTF,0.451
KAT6A,KMT2E,0.453
KAT6A,NCOA1,0.483
KAT6A,MBD3,0.495
KAT6A,CECR2,0.503
KAT6A,CHD3,0.523
KAT6A,MSL2,0.536
KAT6A,KDM4C,0.564
KAT6A,KANSL1,0.566
KAT6A,HDAC8,0.569
KAT6A,KDM5A,0.569
KAT6A,EP400,0.573
KAT6A,MSL3,0.591
KAT6A,PHF14,0.638
KAT6A,TAF1,0.661
KAT6A,YEATS2,0.67
KAT6A,TRRAP,0.722
KAT6A,KMT2A,0.826
SMARCA1,SUPT16H,0.617
SMARCA1,SRSF1,0.53
SMARCA1,SRCAP,0.428
SMARCA1,EP300,0.563
SMARCA1,KAT2B,0.607
SMARCA1,TOP2B,0.483
SMARCA1,BTAF1,0.613
SMARCA1,POGZ,0.521
SMARCA1,SSRP1,0.565
SMARCA1,NIPBL,0.446
SMARCA1,RAD21,0.473
SMARCA1,BPTF,0.999
SMARCA1,RSF1,0.968
SMARCA1,MSL2,0.402
SMARCA1,MSL3,0.472
SMARCA1,ARID1A,0.656
SMARCA1,ARID2,0.489
SMARCA1,FOXG1,0.419
SMARCA1,TRRAP,0.47
SMARCA1,ATRX,0.407
SMARCA1,CHD2,0.427
SMARCA1,KDM4C,0.434
SMARCA1,CHD7,0.439
SMARCA1,CHD9,0.449
SMARCA1,CTCF,0.465
SMARCA1,HDAC8,0.486
SMARCA1,CHD1,0.535
SMARCA1,SIN3B,0.586
SMARCA1,ARID1B,0.589
SMARCA1,SIN3A,0.761
SMARCA1,CHD3,0.764
SMARCA1,SMARCC2,0.83
SMARCA1,BAZ2B,0.931
SMARCA1,SMARCA2,0.948
SMARCA1,CECR2,0.999
MSL2,CAT,0.401
MSL2,EPC2,0.778
MSL2,SOD1,0.473
MSL2,YEATS2,0.543
MSL2,CUL4B,0.41
MSL2,WWP1,0.426
MSL2,DHX9,0.61
MSL2,CSDE1,0.646
MSL2,KANSL1,0.836
MSL2,EP400,0.905
MSL2,TRRAP,0.906
MSL2,MSL3,0.999
KANSL1,TAF4,0.909
KANSL1,EPC2,0.733
KANSL1,YY1,0.499
KANSL1,CREBBP,0.427
KANSL1,EP300,0.406
KANSL1,YEATS2,0.625
KANSL1,MSL3,0.842
KANSL1,RERE,0.496
KANSL1,CHM,0.493
KANSL1,TRRAP,0.74
KANSL1,LAS1L,0.9
KANSL1,EP400,0.763
KANSL1,MBD5,0.411
KANSL1,CTCF,0.419
KANSL1,SETD1B,0.473
KANSL1,TAF6,0.9
KANSL1,TAF1,0.906
KANSL1,KMT2A,0.953
SYN1,EEF1A2,0.403
SYN1,GLRA2,0.438
SYN1,LIN7B,0.566
SYN1,STX1A,0.881
SYN1,PXDN,0.491
SYN1,GFAP,0.741
SYN1,PPFIA1,0.708
SYN1,PPP1R1B,0.483
SYN1,SNAP25,0.97
SYN1,SYT1,0.945
SYN1,RHEB,0.42
SYN1,SYP,0.984
SYN1,NRXN2,0.625
SYN1,SLC6A3,0.475
SYN1,SLC1A2,0.511
SYN1,CAMK4,0.627
SYN1,RBFOX1,0.403
SYN1,DPYSL2,0.407
SYN1,BCL11B,0.417
SYN1,DRD1,0.419
SYN1,CACNA1A,0.422
SYN1,DLG3,0.423
SYN1,FOXG1,0.439
SYN1,TRPM7,0.448
SYN1,SHANK2,0.45
SYN1,CAMK2B,0.451
SYN1,SLC6A1,0.46
SYN1,CACNA1B,0.461
SYN1,PRKN,0.466
SYN1,NLGN4X,0.468
SYN1,NTNG1,0.487
SYN1,SLC12A5,0.493
SYN1,RIMS2,0.495
SYN1,TBR1,0.496
SYN1,RPH3A,0.499
SYN1,NLGN2,0.499
SYN1,SHANK3,0.506
SYN1,PPP1R9B,0.51
SYN1,SYNJ1,0.513
SYN1,NTNG2,0.518
SYN1,PAX6,0.522
SYN1,NLGN3,0.529
SYN1,DLG2,0.565
SYN1,TSPOAP1,0.58
SYN1,HOMER1,0.591
SYN1,NLGN1,0.612
SYN1,NRXN1,0.621
SYN1,GRM5,0.648
SYN1,GRIN2A,0.651
SYN1,BACE1,0.656
SYN1,DLG1,0.662
SYN1,GRIN2B,0.666
SYN1,GRIN1,0.667
SYN1,MAP1B,0.677
SYN1,GRIA2,0.684
SYN1,PCLO,0.691
SYN1,GPHN,0.711
SYN1,CASK,0.716
SYN1,SYN2,0.726
SYN1,STXBP5,0.726
SYN1,CAMK2A,0.733
SYN1,UNC13A,0.737
SYN1,BSN,0.756
SYN1,PPFIA3,0.772
SYN1,DNM1,0.779
SYN1,STXBP1,0.816
SYN1,GRIA1,0.818
SYN1,DNAJC5,0.893
SYN1,RIMS1,0.9
SYN1,DLG4,0.958
PTBP2,HNRNPL,0.478
PTBP2,SRSF1,0.67
PTBP2,NOVA2,0.893
PTBP2,U2AF2,0.473
PTBP2,HNRNPD,0.665
PTBP2,CUX1,0.456
PTBP2,DPYD,0.428
PTBP2,ELAVL2,0.417
PTBP2,SRSF11,0.429
PTBP2,GPC4,0.45
PTBP2,HNRNPK,0.452
PTBP2,HNRNPH2,0.491
PTBP2,HNRNPF,0.497
PTBP2,RBFOX1,0.62
PTBP2,PUF60,0.631
PTBP2,CELF2,0.715
DNMT3A,MBD4,0.901
DNMT3A,PXDN,0.412
DNMT3A,YY1,0.437
DNMT3A,CREBBP,0.525
DNMT3A,EP300,0.583
DNMT3A,HDAC4,0.541
DNMT3A,MTHFR,0.41
DNMT3A,CUL4B,0.412
DNMT3A,HDAC8,0.419
DNMT3A,LEO1,0.425
DNMT3A,NR2F1,0.449
DNMT3A,METTL14,0.457
DNMT3A,GNAS,0.479
DNMT3A,CD276,0.483
DNMT3A,BACE1,0.487
DNMT3A,IKZF1,0.515
DNMT3A,PPM1D,0.521
DNMT3A,RUNX1T1,0.522
DNMT3A,PBX1,0.526
DNMT3A,SMC3,0.535
DNMT3A,NOTCH1,0.542
DNMT3A,PAX6,0.544
DNMT3A,CHD3,0.547
DNMT3A,RAD21,0.551
DNMT3A,SMC1A,0.552
DNMT3A,SMARCC2,0.576
DNMT3A,PTPN11,0.585
DNMT3A,PCDHA4,0.603
DNMT3A,CTCF,0.604
DNMT3A,RELN,0.609
DNMT3A,BCORL1,0.609
DNMT3A,MBD1,0.61
DNMT3A,SIN3A,0.662
DNMT3A,SETBP1,0.673
DNMT3A,ARID2,0.673
DNMT3A,CBX4,0.675
DNMT3A,ARID1B,0.68
DNMT3A,SMARCA2,0.697
DNMT3A,ARID1A,0.72
DNMT3A,KMT2A,0.746
DNMT3A,ATRX,0.747
DNMT3A,TET3,0.802
DNMT3A,ZBTB18,0.863
DNMT3A,NKX2-2,0.865
DNMT3A,AGO4,0.875
DNMT3A,TLE3,0.914
DNMT3A,KMT5B,0.915
DNMT3A,TET2,0.946
MSL3,EPC2,0.851
MSL3,YEATS2,0.648
MSL3,BPTF,0.402
MSL3,KMT2E,0.465
MSL3,MUC4,0.475
MSL3,NOTCH1,0.475
MSL3,SIN3B,0.476
MSL3,HDAC8,0.476
MSL3,SIN3A,0.48
MSL3,TBL1X,0.531
MSL3,FRMPD4,0.589
MSL3,DHX9,0.692
MSL3,PHF12,0.718
MSL3,H4C5,0.916
MSL3,H4C11,0.916
MSL3,H4C3,0.916
MSL3,EP400,0.924
MSL3,TRRAP,0.945
YEATS2,TAF4,0.786
YEATS2,EPC2,0.709
YEATS2,SRCAP,0.464
YEATS2,KAT2B,0.971
YEATS2,UBAP2L,0.557
YEATS2,CECR2,0.658
YEATS2,TAF1,0.659
YEATS2,EP400,0.739
YEATS2,TAF6,0.853
YEATS2,TRRAP,0.913
BICRA,ARID1A,0.98
BICRA,ARID2,0.953
BICRA,BCL11B,0.91
BICRA,SMARCA2,0.986
BICRA,BCL11A,0.918
BICRA,SMARCC2,0.968
BICRA,ARID1B,0.978
SRCAP,SUPT16H,0.402
SRCAP,YY1,0.655
SRCAP,CREBBP,0.944
SRCAP,MED12L,0.436
SRCAP,TRIP12,0.447
SRCAP,ARID1A,0.46
SRCAP,SMARCC2,0.47
SRCAP,BPTF,0.472
SRCAP,KMT2A,0.474
SRCAP,KMT2E,0.486
SRCAP,SRRM2,0.505
SRCAP,ARID1B,0.506
SRCAP,TCF20,0.554
SRCAP,SMARCA2,0.683
SRCAP,EP400,0.903
SRCAP,EP300,0.911
SRCAP,TRRAP,0.93
BCL11B,DLX2,0.53
BCL11B,GFAP,0.579
BCL11B,PPP1R1B,0.572
BCL11B,CUX2,0.616
BCL11B,YY1,0.615
BCL11B,EP300,0.668
BCL11B,FEZF2,0.418
BCL11B,BPTF,0.531
BCL11B,PRKDC,0.472
BCL11B,ARID1A,0.944
BCL11B,NR2F1,0.991
BCL11B,ARID2,0.911
BCL11B,RERE,0.524
BCL11B,FOXG1,0.67
BCL11B,MEF2C,0.406
BCL11B,NR4A2,0.424
BCL11B,RELN,0.406
BCL11B,DLG4,0.408
BCL11B,POU3F3,0.411
BCL11B,OTX1,0.457
BCL11B,LHX2,0.463
BCL11B,DRD1,0.466
BCL11B,PAX5,0.473
BCL11B,UNC5D,0.489
BCL11B,CHD1,0.491
BCL11B,RORB,0.491
BCL11B,SATB1,0.497
BCL11B,FOXP1,0.503
BCL11B,SOX5,0.54
BCL11B,MBD3,0.603
BCL11B,FOXP2,0.631
BCL11B,NOTCH1,0.677
BCL11B,PAX6,0.711
BCL11B,CHD3,0.713
BCL11B,RANBP17,0.759
BCL11B,CUX1,0.821
BCL11B,SATB2,0.848
BCL11B,TBR1,0.884
BCL11B,SMARCC2,0.945
BCL11B,SMARCA2,0.951
BCL11B,ARID1B,0.966
BCL11B,BCL11A,0.989
BCL11A,EP300,0.58
BCL11A,KAT2B,0.473
BCL11A,ARID1A,0.975
BCL11A,NR2F1,0.793
BCL11A,IKZF1,0.701
BCL11A,ARID2,0.916
BCL11A,RERE,0.482
BCL11A,MEF2C,0.643
BCL11A,PAX5,0.72
BCL11A,CHD3,0.582
BCL11A,FRMPD4,0.404
BCL11A,SMARCA2,0.948
BCL11A,TBR1,0.44
BCL11A,SIN3A,0.741
BCL11A,SOX6,0.942
BCL11A,TCF4,0.644
BCL11A,TCF12,0.451
BCL11A,BIRC6,0.541
BCL11A,MBD3,0.466
BCL11A,ZMYND8,0.492
BCL11A,SMARCC2,0.974
BCL11A,CLTC,0.476
BCL11A,TCF7L2,0.426
BCL11A,ARID1B,0.967
BCL11A,LDB1,0.525
EPC2,LEMD3,0.506
EPC2,MBD5,0.615
EPC2,EP400,0.966
EPC2,TRRAP,0.997
EP400,SUPT16H,0.402
EP400,YY1,0.925
EP400,CREBBP,0.653
EP400,EP300,0.859
EP400,KAT2B,0.692
EP400,NIPBL,0.437
EP400,ANKRD11,0.453
EP400,SRRM2,0.403
EP400,BPTF,0.452
EP400,H1-4,0.438
EP400,KMT2E,0.476
EP400,ARID1A,0.599
EP400,SMC1A,0.43
EP400,PHF12,0.521
EP400,HUWE1,0.432
EP400,TRRAP,0.999
EP400,ZMYND11,0.498
EP400,SMARCA2,0.469
EP400,TRIP12,0.496
EP400,TAF1,0.407
EP400,TCF7L2,0.418
EP400,ARID1B,0.453
EP400,SMARCC2,0.459
EP400,SETD1B,0.492
EP400,KMT2A,0.493
TRRAP,TAF4,0.982
TRRAP,USP30,0.555
TRRAP,YY1,0.932
TRRAP,CREBBP,0.539
TRRAP,HACE1,0.575
TRRAP,WDR37,0.547
TRRAP,EP300,0.758
TRRAP,KAT2B,0.999
TRRAP,BTAF1,0.452
TRRAP,PRKDC,0.562
TRRAP,DVL3,0.416
TRRAP,ARID1A,0.508
TRRAP,CNOT1,0.482
TRRAP,GNB1L,0.501
TRRAP,HUWE1,0.778
TRRAP,XRCC6,0.472
TRRAP,ARID1B,0.408
TRRAP,CHD9,0.408
TRRAP,TBL1X,0.418
TRRAP,TAF1,0.431
TRRAP,CDK8,0.443
TRRAP,CHD3,0.459
TRRAP,CHD1,0.465
TRRAP,TRIP12,0.468
TRRAP,KMT2A,0.468
TRRAP,TBL1XR1,0.475
TRRAP,KDM5A,0.476
TRRAP,APBB1,0.484
TRRAP,ATRX,0.485
TRRAP,MED13,0.486
TRRAP,CHD7,0.504
TRRAP,TLE3,0.506
TRRAP,PRPF8,0.536
TRRAP,SMARCA2,0.544
TRRAP,MED23,0.552
TRRAP,TCF7L2,0.588
TRRAP,TTI2,0.735
TRRAP,CECR2,0.844
TRRAP,USP27X,0.882
TRRAP,TAF6,0.999
ARID1B,SUPT16H,0.409
ARID1B,CREBBP,0.585
ARID1B,EP300,0.6
ARID1B,ANKRD11,0.544
ARID1B,ARID1A,0.999
ARID1B,ARID2,0.997
ARID1B,ADNP,0.595
ARID1B,ATRX,0.751
ARID1B,SMARCA2,0.999
ARID1B,SETD5,0.463
ARID1B,MBD5,0.409
ARID1B,CHD7,0.433
ARID1B,TBL1XR1,0.408
ARID1B,TAF1,0.455
ARID1B,CUL2,0.755
ARID1B,KMT2A,0.535
ARID1B,SMARCC2,0.999
ARID1B,TLE3,0.46
ARID1B,CHD1,0.414
ARID1B,SYNGAP1,0.408
ARID1B,LDB1,0.442
ARID1B,CTCF,0.484
ARID1B,HNRNPU,0.525
ARID2,MACROD2,0.425
ARID2,CREBBP,0.436
ARID2,EP300,0.44
ARID2,NIPBL,0.511
ARID2,BPTF,0.437
ARID2,INTS6,0.425
ARID2,ARID1A,0.998
ARID2,CASZ1,0.403
ARID2,TCF7L2,0.409
ARID2,RPS6KA3,0.432
ARID2,NCOA1,0.443
ARID2,TET2,0.451
ARID2,CHD7,0.469
ARID2,TRIM33,0.471
ARID2,KMT2A,0.472
ARID2,SMAD4,0.5
ARID2,ATRX,0.72
ARID2,H4C3,0.8
ARID2,H4C5,0.8
ARID2,H4C11,0.8
ARID2,SMARCA2,0.994
ARID2,SMARCC2,0.999
ARID1A,SUPT16H,0.411
ARID1A,MACROD2,0.444
ARID1A,SYT1,0.448
ARID1A,CREBBP,0.849
ARID1A,EP300,0.855
ARID1A,SSRP1,0.61
ARID1A,CSMD3,0.572
ARID1A,BPTF,0.496
ARID1A,HNRNPU,0.407
ARID1A,PCLO,0.426
ARID1A,CARD11,0.439
ARID1A,CHD1,0.449
ARID1A,PRKD2,0.456
ARID1A,MEF2C,0.463
ARID1A,TET2,0.47
ARID1A,TTN,0.478
ARID1A,LDB1,0.483
ARID1A,FGFR1,0.484
ARID1A,TLE3,0.496
ARID1A,SIN3A,0.497
ARID1A,SPEN,0.507
ARID1A,SYNE1,0.509
ARID1A,NOTCH1,0.52
ARID1A,CHD3,0.525
ARID1A,CHD7,0.531
ARID1A,FAT1,0.542
ARID1A,KMT2A,0.559
ARID1A,GNAS,0.571
ARID1A,NCOA1,0.644
ARID1A,CTCF,0.646
ARID1A,SMAD4,0.676
ARID1A,ADNP,0.754
ARID1A,ATRX,0.782
ARID1A,H4C11,0.8
ARID1A,H4C3,0.803
ARID1A,H4C5,0.808
ARID1A,SMARCC2,0.999
ARID1A,SMARCA2,0.999
SMARCA2,SUPT16H,0.488
SMARCA2,SRSF1,0.544
SMARCA2,CREBBP,0.74
SMARCA2,EP300,0.616
SMARCA2,KAT2B,0.874
SMARCA2,TOP2B,0.554
SMARCA2,BTAF1,0.706
SMARCA2,SSRP1,0.601
SMARCA2,NIPBL,0.416
SMARCA2,RAD21,0.604
SMARCA2,ZNF804A,0.457
SMARCA2,BPTF,0.666
SMARCA2,RSF1,0.517
SMARCA2,MEF2C,0.401
SMARCA2,MCPH1,0.414
SMARCA2,AUTS2,0.401
SMARCA2,TRIM33,0.408
SMARCA2,SMC3,0.514
SMARCA2,AGO4,0.497
SMARCA2,ATRX,0.672
SMARCA2,HDAC8,0.408
SMARCA2,SIN3B,0.43
SMARCA2,CHD3,0.678
SMARCA2,ZMYND11,0.542
SMARCA2,CTCF,0.426
SMARCA2,CECR2,0.472
SMARCA2,KMT2A,0.474
SMARCA2,PHB,0.548
SMARCA2,TAF1,0.552
SMARCA2,CHD1,0.675
SMARCA2,SIN3A,0.83
SMARCA2,POLR2A,0.88
SMARCA2,SMARCC2,0.999
SMARCC2,SUPT16H,0.423
SMARCC2,EP300,0.508
SMARCC2,TOP2B,0.533
SMARCC2,BPTF,0.428
SMARCC2,HNRNPD,0.404
SMARCC2,MEF2C,0.473
SMARCC2,SMAD4,0.464
SMARCC2,MCPH1,0.677
SMARCC2,H4C11,0.856
SMARCC2,ADNP,0.741
SMARCC2,ATRX,0.584
SMARCC2,H4C3,0.856
SMARCC2,CHD3,0.715
SMARCC2,SIN3A,0.501
SMARCC2,PLAA,0.411
SMARCC2,CHD7,0.684
SMARCC2,TBL1XR1,0.603
SMARCC2,UIMC1,0.412
SMARCC2,KMT2A,0.561
SMARCC2,CTCF,0.403
SMARCC2,TLE3,0.425
SMARCC2,SYNGAP1,0.444
SMARCC2,CHD1,0.483
SMARCC2,PAX6,0.556
SMARCC2,H4C5,0.857
YTHDC2,DHX9,0.407
YTHDC2,ADA,0.407
YTHDC2,UBR1,0.41
YTHDC2,SETDB2,0.439
YTHDC2,NXF1,0.453
YTHDC2,KRR1,0.471
YTHDC2,PRPF8,0.472
YTHDC2,PRPF19,0.472
YTHDC2,SF3B1,0.496
YTHDC2,G3BP2,0.507
YTHDC2,PAPOLG,0.547
YTHDC2,METTL14,0.931
DHX9,SUPT16H,0.641
DHX9,EEF1A2,0.475
DHX9,AGO2,0.999
DHX9,HNRNPL,0.901
DHX9,PRPF19,0.852
DHX9,SRSF1,0.895
DHX9,CREBBP,0.58
DHX9,EP300,0.63
DHX9,SSRP1,0.902
DHX9,NIPBL,0.409
DHX9,ABCE1,0.406
DHX9,SRRM2,0.914
DHX9,U2AF2,0.704
DHX9,DDX23,0.603
DHX9,PABPC1,0.708
DHX9,HNRNPD,0.529
DHX9,PRKDC,0.74
DHX9,NCL,0.786
DHX9,CNOT1,0.449
DHX9,SF3B1,0.582
DHX9,LARP1,0.619
DHX9,CAPRIN1,0.705
DHX9,SND1,0.653
DHX9,SON,0.498
DHX9,XRCC6,0.819
DHX9,G3BP2,0.489
DHX9,ILF2,0.985
DHX9,CTR9,0.776
DHX9,UIMC1,0.403
DHX9,SRSF11,0.41
DHX9,TOP3B,0.422
DHX9,METTL14,0.423
DHX9,LAS1L,0.426
DHX9,MAGEL2,0.476
DHX9,TNRC6B,0.495
DHX9,CTCF,0.54
DHX9,GTF2I,0.542
DHX9,DHX30,0.552
DHX9,EIF4G1,0.56
DHX9,HNRNPH2,0.578
DHX9,ADA,0.647
DHX9,HDLBP,0.738
DHX9,AGO4,0.768
DHX9,PRPF8,0.772
DHX9,AGO3,0.779
DHX9,POLR2A,0.781
DHX9,XPO1,0.791
DHX9,HNRNPF,0.826
DHX9,NXF1,0.864
DHX9,SF1,0.872
DHX9,HNRNPR,0.909
DHX9,CSDE1,0.929
DHX9,HNRNPK,0.939
DHX9,EIF4E,0.962
DHX9,SYNCRIP,0.995
DHX9,HNRNPU,0.999
ADA,CD38,0.401
ADA,GDA,0.737
ADA,ADORA3,0.649
ADA,GRIA2,0.669
ADA,DPP4,0.999
ADA,ADSS2,0.489
ADA,PTGS2,0.474
ADA,HNRNPF,0.402
ADA,XPO1,0.423
ADA,CTPS1,0.46
ADA,DPP6,0.514
ADA,PTPRC,0.56
ADA,ADSL,0.667
ADA,AMPD1,0.902
ADA,ADORA2A,0.907
ADA,ADK,0.992
UBR1,PRPF19,0.409
UBR1,UGGT1,0.412
UBR1,HACE1,0.424
UBR1,BTAF1,0.453
UBR1,PHIP,0.503
UBR1,MED13,0.407
UBR1,FRYL,0.445
UBR1,FBXO11,0.454
UBR1,HECTD1,0.482
UBR1,USP45,0.482
UBR1,TAF1,0.501
UBR1,ACAP2,0.507
UBR1,BIRC6,0.511
UBR1,UBR3,0.52
UBR1,UBA7,0.521
UBR1,UBE3C,0.524
UBR1,UBE3A,0.615
UBR1,HUWE1,0.639
UBR1,VCP,0.717
UBR1,UBR5,0.933
UBR1,TRIP12,0.973
SETDB2,KMT5B,0.54
SETDB2,KMT2E,0.511
SETDB2,KDM4C,0.409
SETDB2,SETD5,0.451
SETDB2,KDM5A,0.483
SETDB2,BAZ2B,0.496
NXF1,NUP155,0.803
NXF1,SRSF1,0.992
NXF1,NUP133,0.859
NXF1,NOVA2,0.406
NXF1,TNPO3,0.471
NXF1,UPF3B,0.999
NXF1,GPR37,0.42
NXF1,U2AF2,0.705
NXF1,PABPC1,0.787
NXF1,NCL,0.631
NXF1,CPSF7,0.61
NXF1,UPF2,0.751
NXF1,SON,0.733
NXF1,ILF2,0.555
NXF1,SRSF11,0.586
NXF1,HNRNPK,0.712
NXF1,SF1,0.429
NXF1,METTL14,0.432
NXF1,QRICH1,0.5
NXF1,XPO1,0.924
NXF1,EIF4G1,0.424
NXF1,EIF4E,0.795
KRR1,CSNK2A1,0.628
KRR1,H1-4,0.406
KRR1,LARP1,0.413
KRR1,NAA15,0.441
KRR1,CADM2,0.447
KRR1,DHX30,0.449
KRR1,NCL,0.465
KRR1,ZNF804A,0.506
KRR1,PRKDC,0.576
KRR1,CSNK2B,0.59
KRR1,RSRC1,0.61
KRR1,DOCK4,0.717
KRR1,TFB2M,0.727
KRR1,LAS1L,0.728
KRR1,HNRNPK,0.758
PRPF8,SUPT16H,0.414
PRPF8,FRG1,0.906
PRPF8,PRPF19,0.999
PRPF8,ACTN4,0.489
PRPF8,PER2,0.4
PRPF8,SRSF1,0.948
PRPF8,SSRP1,0.419
PRPF8,SRRM2,0.999
PRPF8,NUDCD2,0.462
PRPF8,USH2A,0.471
PRPF8,U2AF2,0.837
PRPF8,DDX23,0.999
PRPF8,HNRNPD,0.56
PRPF8,PRKDC,0.664
PRPF8,SMC1A,0.419
PRPF8,SF3B1,0.999
PRPF8,HUWE1,0.643
PRPF8,SND1,0.478
PRPF8,PRPF39,0.482
PRPF8,DYNC1H1,0.51
PRPF8,XRCC6,0.614
PRPF8,G3BP2,0.518
PRPF8,DNAJC5,0.787
PRPF8,ILF2,0.414
PRPF8,SYNCRIP,0.618
PRPF8,HNRNPH2,0.634
PRPF8,HNRNPR,0.483
PRPF8,HNRNPK,0.512
PRPF8,SF1,0.682
PRPF8,CHD3,0.411
PRPF8,HNRNPF,0.459
PRPF8,DHX30,0.622
PRPF8,DOCK4,0.444
PRPF8,UBR5,0.52
PRPF8,EIF3F,0.499
PRPF8,PHB,0.489
PRPF8,SPTAN1,0.494
PRPF8,RSRC1,0.495
PRPF8,POLR2A,0.563
PRPF8,HNRNPU,0.627
PRPF19,HNRNPL,0.764
PRPF19,FRG1,0.82
PRPF19,CPSF7,0.402
PRPF19,HUWE1,0.407
PRPF19,NCL,0.414
PRPF19,PHRF1,0.42
PRPF19,NASP,0.425
PRPF19,SF1,0.427
PRPF19,PUF60,0.436
PRPF19,HNRNPUL2,0.437
PRPF19,SSRP1,0.444
PRPF19,SET,0.451
PRPF19,LEMD3,0.451
PRPF19,SCAF1,0.451
PRPF19,HNRNPF,0.455
PRPF19,HNRNPU,0.486
PRPF19,OCRL,0.526
PRPF19,NACC1,0.546
PRPF19,DHX30,0.549
PRPF19,SYNCRIP,0.557
PRPF19,POLR2A,0.617
PRPF19,ILF2,0.697
PRPF19,DDX23,0.702
PRPF19,HNRNPK,0.711
PRPF19,HNRNPR,0.723
PRPF19,SRSF1,0.8
PRPF19,SENP6,0.837
PRPF19,DNAJC5,0.855
PRPF19,U2AF2,0.969
PRPF19,PTPN11,0.987
PRPF19,SF3B1,0.996
PRPF19,SRRM2,0.997
SF3B1,HNRNPL,0.443
SF3B1,SRSF1,0.952
SF3B1,EP300,0.607
SF3B1,KAT2B,0.574
SF3B1,UPF3B,0.52
SF3B1,NIPBL,0.498
SF3B1,SRRM2,0.996
SF3B1,U2AF2,0.999
SF3B1,DDX23,0.956
SF3B1,HNRNPD,0.509
SF3B1,SMC1A,0.524
SF3B1,ZC3H11A,0.4
SF3B1,ATRX,0.4
SF3B1,TET2,0.407
SF3B1,XRCC6,0.424
SF3B1,GTF2I,0.427
SF3B1,SETBP1,0.459
SF3B1,TAF1C,0.499
SF3B1,WAC,0.504
SF3B1,HNRNPF,0.572
SF3B1,HNRNPU,0.575
SF3B1,SRSF11,0.724
SF3B1,HNRNPK,0.765
SF3B1,SON,0.774
SF3B1,PRPF39,0.94
SF3B1,PUF60,0.962
SF3B1,SF1,0.963
G3BP2,AGO2,0.574
G3BP2,ABCE1,0.58
G3BP2,PABPC1,0.907
G3BP2,HNRNPD,0.466
G3BP2,LARP1,0.467
G3BP2,CAPRIN1,0.993
G3BP2,VCP,0.433
G3BP2,GIGYF2,0.401
G3BP2,TRAPPC9,0.41
G3BP2,PRKCA,0.439
G3BP2,HDLBP,0.478
G3BP2,HNRNPK,0.488
G3BP2,EIF4E,0.49
G3BP2,SYNCRIP,0.571
G3BP2,ATXN2,0.572
G3BP2,DHX30,0.616
G3BP2,CSDE1,0.678
G3BP2,EIF4G1,0.702
G3BP2,UBAP2L,0.891
PAPOLG,AGO2,0.475
PAPOLG,SRSF1,0.447
PAPOLG,EIF4G1,0.488
PAPOLG,ZC3H4,0.507
PAPOLG,CPEB4,0.514
PAPOLG,EIF4E,0.535
PAPOLG,CPSF7,0.542
PAPOLG,PABPC1,0.829
PAPOLG,U2AF2,0.92
METTL14,ZC3H4,0.54
METTL14,SRSF1,0.432
METTL14,YWHAG,0.418
METTL14,HNRNPD,0.428
METTL14,CAPRIN1,0.498
METTL14,SYNCRIP,0.675
METTL14,HNRNPK,0.445
METTL14,HNRNPU,0.42
METTL14,POLR2A,0.49
METTL14,DPP10,0.653
VASH1,FGF13,0.528
FGF13,MSX2,0.543
FGF13,PXDN,0.521
FGF13,GFAP,0.596
FGF13,THBS1,0.584
FGF13,CDH2,0.504
FGF13,SCN3A,0.808
FGF13,WNT1,0.414
FGF13,SCN1A,0.727
FGF13,FOXG1,0.413
FGF13,SCN8A,0.463
FGF13,PTGS2,0.606
FGF13,GPC4,0.587
FGF13,AGTR2,0.482
FGF13,TEK,0.716
FGF13,IGF1,0.744
FGF13,SCN9A,0.737
FGF13,FGFR1,0.998
FGF13,PTPRC,0.481
FGF13,PAX6,0.609
SPP2,FGA,0.682
SPP2,CUX1,0.772
FGA,PON1,0.422
FGA,SERPINE1,0.554
FGA,THBS1,0.903
FGA,TRIM33,0.501
FGA,C4B,0.43
FGA,PAH,0.475
FGA,ITGB3,0.978
FGA,KNG1,0.908
CUX1,GFAP,0.507
CUX1,CREBBP,0.485
CUX1,HDAC4,0.42
CUX1,FEZF2,0.571
CUX1,IKZF1,0.407
CUX1,FOXG1,0.581
CUX1,NPAS3,0.406
CUX1,GPC4,0.411
CUX1,DLG4,0.417
CUX1,OTX1,0.419
CUX1,POU3F3,0.422
CUX1,BCORL1,0.434
CUX1,BIRC6,0.435
CUX1,RELN,0.438
CUX1,CHD3,0.449
CUX1,TET2,0.466
CUX1,DLX6,0.467
CUX1,GNAS,0.476
CUX1,LHX2,0.478
CUX1,SETBP1,0.481
CUX1,SOX5,0.484
CUX1,RORB,0.518
CUX1,ZMYM2,0.545
CUX1,FOXP1,0.614
CUX1,FGFR1,0.637
CUX1,SATB1,0.639
CUX1,FOXP2,0.656
CUX1,PAX6,0.659
CUX1,SATB2,0.755
CUX1,TBR1,0.851
MNT,CTCF,0.528
MNT,SIN3A,0.817
CTCF,AGO2,0.495
CTCF,FRG1,0.437
CTCF,YY1,0.991
CTCF,CREBBP,0.653
CTCF,EP300,0.959
CTCF,TOP2B,0.775
CTCF,NIPBL,0.875
CTCF,RAD21,0.999
CTCF,BPTF,0.457
CTCF,PRKDC,0.443
CTCF,TLK2,0.505
CTCF,NCL,0.631
CTCF,SMC1A,0.963
CTCF,ZBTB7A,0.421
CTCF,IKZF1,0.471
CTCF,SMAD4,0.654
CTCF,DMPK,0.505
CTCF,PAX5,0.555
CTCF,SMC3,0.989
CTCF,ADNP,0.446
CTCF,SET,0.403
CTCF,ATRX,0.625
CTCF,HDAC8,0.421
CTCF,HNRNPK,0.438
CTCF,ZFX,0.551
CTCF,ESRRB,0.525
CTCF,RFX3,0.707
CTCF,STAG1,0.864
CTCF,HDLBP,0.567
CTCF,SIN3A,0.932
CTCF,FOXP2,0.444
CTCF,RAD21L1,0.746
CTCF,TET3,0.417
CTCF,TCF12,0.438
CTCF,FGFR1,0.486
CTCF,SATB1,0.495
CTCF,SATB2,0.553
CTCF,TAF1,0.699
CTCF,PTPRC,0.566
CTCF,RPL10,0.515
CTCF,KMT2A,0.426
CTCF,TET2,0.515
CTCF,POLR2A,0.894
CTCF,ZMYM2,0.406
CTCF,CHD1,0.54
CTCF,TCF7L2,0.448
CTCF,HNRNPU,0.631
CTCF,ZC3H11A,0.417
CTCF,PAX6,0.44
CTCF,TBL1X,0.407
CTCF,IQSEC2,0.462
CTCF,LDB1,0.525
SIN3A,CSNK2A1,0.95
SIN3A,NR1D1,0.415
SIN3A,MBD4,0.518
SIN3A,KLF16,0.865
SIN3A,PER2,0.535
SIN3A,THBS1,0.481
SIN3A,YY1,0.846
SIN3A,CREBBP,0.79
SIN3A,EP300,0.816
SIN3A,KAT2B,0.729
SIN3A,HDAC4,0.952
SIN3A,THRA,0.662
SIN3A,GRIA2,0.717
SIN3A,RAD21,0.507
SIN3A,YWHAG,0.44
SIN3A,BPTF,0.49
SIN3A,KMT2E,0.792
SIN3A,ZBTB7A,0.724
SIN3A,PHF12,0.998
SIN3A,IKZF1,0.971
SIN3A,TNRC6C,0.439
SIN3A,ZBTB16,0.826
SIN3A,SMAD4,0.612
SIN3A,TCF20,0.54
SIN3A,SMC3,0.569
SIN3A,ADNP,0.446
SIN3A,AGO3,0.462
SIN3A,AGO4,0.439
SIN3A,HDAC8,0.949
SIN3A,SKI,0.777
SIN3A,SIN3B,0.993
SIN3A,CHD3,0.608
SIN3A,CAMK2B,0.403
SIN3A,MEIS2,0.429
SIN3A,SATB2,0.432
SIN3A,APBB1,0.444
SIN3A,TNRC6B,0.458
SIN3A,KDM5A,0.495
SIN3A,CHD7,0.528
SIN3A,MBD3,0.539
SIN3A,POLR2A,0.555
SIN3A,CHD9,0.569
SIN3A,CHD1,0.569
SIN3A,NCOA1,0.6
SIN3A,SETD1B,0.632
SIN3A,TET2,0.667
SIN3A,TBL1XR1,0.706
SIN3A,TAF1,0.729
SIN3A,CUL4B,0.758
SIN3A,KMT2A,0.762
SIN3A,EMSY,0.77
SIN3A,TBL1X,0.772
SIN3A,RUNX1T1,0.823
SIN3A,TET3,0.86
CDK13,MED13,0.418
CDK13,SRSF1,0.431
CDK13,FBXO11,0.451
CDK13,SETD5,0.467
CDK13,DIXDC1,0.485
CDK13,TRIP12,0.485
CDK13,TAF1,0.505
CDK13,CDK8,0.543
CDK13,ELP4,0.548
CDK13,ELP2,0.583
CDK13,SSRP1,0.62
CDK13,SUPT16H,0.644
CDK13,TLK2,0.658
CDK13,CTR9,0.701
CDK13,LEO1,0.788
CDK13,POLR2A,0.903
CDK13,CCNK,0.999
MED13,CYP27B1,0.515
MED13,FABP4,0.499
MED13,UGGT1,0.417
MED13,PHF3,0.516
MED13,CREBBP,0.631
MED13,EP300,0.666
MED13,THRA,0.675
MED13,BTAF1,0.661
MED13,NIPBL,0.512
MED13,LEP,0.557
MED13,MED23,0.996
MED13,CDK19,0.999
MED13,CDK8,0.999
MED13,GLI3,0.485
MED13,SOX6,0.419
MED13,UBN2,0.475
MED13,UBR5,0.49
MED13,NCOA1,0.576
MED13,MED12L,0.996
SRSF1,SUPT16H,0.554
SRSF1,CSNK2A1,0.551
SRSF1,AGO2,0.419
SRSF1,HNRNPL,0.945
SRSF1,NUP155,0.488
SRSF1,TAF4,0.435
SRSF1,EIF3G,0.492
SRSF1,NASP,0.51
SRSF1,IGF1,0.4
SRSF1,GGNBP2,0.401
SRSF1,NIPBL,0.403
SRSF1,TAF1,0.413
SRSF1,HUWE1,0.415
SRSF1,DHX30,0.418
SRSF1,ZBTB7A,0.42
SRSF1,GNB1L,0.422
SRSF1,SMC1A,0.429
SRSF1,UPF2,0.429
SRSF1,TCF4,0.44
SRSF1,H1-4,0.441
SRSF1,WAC,0.449
SRSF1,ZMYND11,0.45
SRSF1,CELF2,0.45
SRSF1,SET,0.453
SRSF1,CHD3,0.457
SRSF1,AGTR2,0.457
SRSF1,EIF5A,0.458
SRSF1,MCM6,0.458
SRSF1,SON,0.466
SRSF1,RBFOX1,0.468
SRSF1,PRPF39,0.485
SRSF1,XRCC6,0.487
SRSF1,CHD1,0.491
SRSF1,ARHGEF2,0.493
SRSF1,ATRX,0.497
SRSF1,MCM4,0.508
SRSF1,NUP133,0.508
SRSF1,DDX23,0.538
SRSF1,EP300,0.55
SRSF1,NDUFA5,0.555
SRSF1,CAMK2D,0.562
SRSF1,NOVA2,0.59
SRSF1,PRKDC,0.591
SRSF1,ELAVL2,0.606
SRSF1,UPF3B,0.633
SRSF1,SSRP1,0.642
SRSF1,RSRC1,0.655
SRSF1,EIF4E,0.657
SRSF1,POLR2A,0.665
SRSF1,SRRM2,0.671
SRSF1,CPSF7,0.691
SRSF1,PUF60,0.703
SRSF1,XPO1,0.729
SRSF1,PABPC1,0.752
SRSF1,ILF2,0.757
SRSF1,HNRNPD,0.794
SRSF1,TLK2,0.805
SRSF1,SF1,0.813
SRSF1,NCL,0.823
SRSF1,HNRNPH2,0.869
SRSF1,SYNCRIP,0.917
SRSF1,HNRNPR,0.935
SRSF1,SRSF11,0.942
SRSF1,HNRNPU,0.951
SRSF1,HNRNPK,0.966
SRSF1,HNRNPF,0.97
SRSF1,TNPO3,0.996
SRSF1,U2AF2,0.998
FBXO11,KLHL20,0.475
FBXO11,CREBBP,0.499
FBXO11,EP300,0.529
FBXO11,FBXO33,0.497
FBXO11,TLK2,0.533
FBXO11,FBXL13,0.448
FBXO11,BTRC,0.501
FBXO11,TRIP12,0.413
FBXO11,PRKD1,0.588
FBXO11,UBR3,0.619
FBXO11,UBR5,0.622
FBXO11,CUL2,0.665
SETD5,SUPT16H,0.433
SETD5,PHF3,0.468
SETD5,EP300,0.496
SETD5,SSRP1,0.473
SETD5,NIPBL,0.503
SETD5,LEO1,0.41
SETD5,ANKRD11,0.669
SETD5,KMT5B,0.558
SETD5,KMT2E,0.702
SETD5,HUWE1,0.583
SETD5,ANKRD17,0.513
SETD5,CTR9,0.486
SETD5,ADNP,0.421
SETD5,TRIP12,0.449
SETD5,TBL1XR1,0.414
SETD5,ELP2,0.414
SETD5,KMT2A,0.427
SETD5,UBR5,0.45
SETD5,UBN2,0.51
SETD5,GIGYF2,0.617
DIXDC1,DISC1,0.961
TRIP12,SUPT16H,0.456
TRIP12,KATNAL2,0.545
TRIP12,ZFYVE26,0.408
TRIP12,ZC3H4,0.446
TRIP12,MKRN1,0.437
TRIP12,PHF3,0.661
TRIP12,CREBBP,0.408
TRIP12,EP300,0.402
TRIP12,NIPBL,0.43
TRIP12,USP24,0.488
TRIP12,NAA15,0.44
TRIP12,ANKRD11,0.522
TRIP12,KMT5B,0.564
TRIP12,UBE3C,0.519
TRIP12,PSMC5,0.887
TRIP12,TRAF7,0.407
TRIP12,SPAST,0.491
TRIP12,CNOT1,0.763
TRIP12,HUWE1,0.581
TRIP12,USP9Y,0.441
TRIP12,WAC,0.574
TRIP12,ANKRD17,0.558
TRIP12,VCP,0.514
TRIP12,ILF2,0.422
TRIP12,ADNP,0.633
TRIP12,TBL1XR1,0.403
TRIP12,CUL7,0.412
TRIP12,CUL2,0.437
TRIP12,UBE3A,0.444
TRIP12,UIMC1,0.448
TRIP12,ZC3H11A,0.451
TRIP12,UBR3,0.471
TRIP12,CLTC,0.488
TRIP12,PLAA,0.494
TRIP12,CUL4B,0.497
TRIP12,SOX5,0.54
TRIP12,BIRC6,0.576
TRIP12,HECTD1,0.641
TRIP12,SOX6,0.7
TRIP12,UBR5,0.934
TAF1,CSNK2A1,0.573
TAF1,TAF4,0.999
TAF1,GSE1,0.435
TAF1,YY1,0.682
TAF1,EP300,0.616
TAF1,KAT2B,0.479
TAF1,CPEB4,0.425
TAF1,BTAF1,0.666
TAF1,PHIP,0.684
TAF1,RICTOR,0.445
TAF1,RAD21,0.477
TAF1,TLK2,0.482
TAF1,ZBTB7A,0.452
TAF1,RERE,0.454
TAF1,HUWE1,0.433
TAF1,H4C11,0.826
TAF1,SMC3,0.411
TAF1,MED23,0.86
TAF1,SET,0.533
TAF1,ATRX,0.417
TAF1,HDAC8,0.497
TAF1,DLG3,0.475
TAF1,LAS1L,0.928
TAF1,H4C3,0.826
TAF1,CHD3,0.485
TAF1,GLI3,0.46
TAF1,HECTD1,0.408
TAF1,CECR2,0.439
TAF1,GIGYF2,0.45
TAF1,TCF12,0.7
TAF1,TAF6,0.999
TAF1,HNRNPU,0.4
TAF1,TBL1X,0.449
TAF1,ATP1A3,0.459
TAF1,EMSY,0.463
TAF1,FOXP1,0.481
TAF1,CHD1,0.493
TAF1,ANP32A,0.499
TAF1,UBR5,0.541
TAF1,TAF1C,0.729
TAF1,H4C5,0.826
TAF1,KMT2A,0.946
TAF1,POLR2A,0.993
CDK8,CSNK2A1,0.462
CDK8,FABP4,0.499
CDK8,CREBBP,0.702
CDK8,EP300,0.666
CDK8,KAT2B,0.848
CDK8,CDK16,0.487
CDK8,NIPBL,0.425
CDK8,LEP,0.513
CDK8,PRKDC,0.416
CDK8,SMAD4,0.619
CDK8,MED23,0.996
CDK8,CDK19,0.994
CDK8,NCOA1,0.556
CDK8,NOTCH1,0.685
CDK8,CCNK,0.807
CDK8,POLR2A,0.977
CDK8,MED12L,0.995
ELP4,SUPT16H,0.565
ELP4,USP30,0.415
ELP4,SSRP1,0.569
ELP4,MYO1E,0.518
ELP4,LEO1,0.906
ELP4,CTR9,0.909
ELP4,CCNK,0.578
ELP4,CMIP,0.41
ELP4,DEPDC5,0.411
ELP4,MEIS2,0.424
ELP4,PAX6,0.832
ELP4,ELP2,0.997
ELP2,SUPT16H,0.609
ELP2,SSRP1,0.619
ELP2,LEO1,0.771
ELP2,KPTN,0.424
ELP2,TRIM33,0.42
ELP2,CTR9,0.76
ELP2,CCNK,0.545
SSRP1,SUPT16H,0.999
SSRP1,CSNK2A1,0.936
SSRP1,NASP,0.619
SSRP1,MCM4,0.943
SSRP1,MCM6,0.865
SSRP1,TOP2B,0.436
SSRP1,SOD1,0.401
SSRP1,PHIP,0.484
SSRP1,NEDD4,0.4
SSRP1,PHB,0.444
SSRP1,CHD9,0.459
SSRP1,SMC1A,0.467
SSRP1,CHD7,0.486
SSRP1,CHD2,0.547
SSRP1,CHD3,0.551
SSRP1,PRKDC,0.583
SSRP1,RSF1,0.642
SSRP1,NCL,0.658
SSRP1,CCNK,0.671
SSRP1,XPC,0.699
SSRP1,TRIM33,0.742
SSRP1,XRCC6,0.747
SSRP1,ATRX,0.782
SSRP1,CHD1,0.901
SSRP1,H4C5,0.938
SSRP1,H4C11,0.939
SSRP1,H4C3,0.94
SSRP1,CSNK2B,0.943
SSRP1,POLR2A,0.982
SSRP1,CTR9,0.989
SSRP1,LEO1,0.991
SUPT16H,PRKDC,0.407
SUPT16H,BTAF1,0.409
SUPT16H,SCN3A,0.411
SUPT16H,SMC3,0.422
SUPT16H,SETD1B,0.431
SUPT16H,CUL4B,0.432
SUPT16H,SMC1A,0.437
SUPT16H,PSMC5,0.438
SUPT16H,XPO1,0.442
SUPT16H,ABCE1,0.447
SUPT16H,PABPC1,0.448
SUPT16H,HNRNPU,0.449
SUPT16H,HDAC4,0.477
SUPT16H,MCM6,0.516
SUPT16H,TNRC6C,0.523
SUPT16H,CHD2,0.525
SUPT16H,SYNCRIP,0.535
SUPT16H,CHD9,0.542
SUPT16H,TOP2B,0.559
SUPT16H,KAT2B,0.577
SUPT16H,RSF1,0.586
SUPT16H,PHIP,0.592
SUPT16H,CHD7,0.631
SUPT16H,TRIM33,0.633
SUPT16H,CHD3,0.635
SUPT16H,NCL,0.636
SUPT16H,CCNK,0.65
SUPT16H,UBR5,0.657
SUPT16H,MCM4,0.722
SUPT16H,NASP,0.727
SUPT16H,XPC,0.736
SUPT16H,XRCC6,0.8
SUPT16H,ATRX,0.83
SUPT16H,CHD1,0.861
SUPT16H,CSNK2B,0.926
SUPT16H,CSNK2A1,0.927
SUPT16H,H4C11,0.948
SUPT16H,H4C5,0.948
SUPT16H,H4C3,0.95
SUPT16H,POLR2A,0.994
SUPT16H,LEO1,0.997
SUPT16H,CTR9,0.997
TLK2,NASP,0.455
TLK2,UIMC1,0.428
TLK2,XPO1,0.522
CTR9,CSNK2A1,0.871
CTR9,AGO2,0.744
CTR9,LEO1,0.999
CTR9,WAC,0.578
CTR9,H4C11,0.857
CTR9,VCP,0.443
CTR9,SETD1B,0.407
CTR9,CHD3,0.422
CTR9,KMT2A,0.434
CTR9,FGFR1,0.442
CTR9,PLAA,0.563
CTR9,CHD2,0.679
CTR9,CSNK2B,0.7
CTR9,CCNK,0.817
CTR9,H4C5,0.857
CTR9,H4C3,0.857
CTR9,CHD1,0.883
CTR9,POLR2A,0.998
LEO1,CSNK2A1,0.698
LEO1,BBS4,0.484
LEO1,ZBTB18,0.402
LEO1,SETD1B,0.412
LEO1,KMT2A,0.478
LEO1,TLE3,0.513
LEO1,TCF7L2,0.526
LEO1,CHD1,0.536
LEO1,WAC,0.548
LEO1,CHD2,0.701
LEO1,CCNK,0.766
LEO1,H4C3,0.86
LEO1,H4C5,0.861
LEO1,H4C11,0.861
LEO1,POLR2A,0.987
POLR2A,EEF1A2,0.561
POLR2A,CSNK2A1,0.595
POLR2A,AGO2,0.78
POLR2A,CYP27B1,0.624
POLR2A,TAF4,0.945
POLR2A,HECW2,0.468
POLR2A,PHF3,0.877
POLR2A,YY1,0.682
POLR2A,CREBBP,0.779
POLR2A,EP300,0.695
POLR2A,KAT2B,0.749
POLR2A,PHRF1,0.626
POLR2A,SOD1,0.448
POLR2A,SCAF4,0.918
POLR2A,RAD21,0.466
POLR2A,SRRM2,0.433
POLR2A,NLGN2,0.414
POLR2A,U2AF2,0.556
POLR2A,INTS6,0.999
POLR2A,RSF1,0.461
POLR2A,HNRNPD,0.431
POLR2A,NCL,0.576
POLR2A,TRAF7,0.593
POLR2A,CNOT1,0.602
POLR2A,SMC1A,0.463
POLR2A,ZBTB7A,0.457
POLR2A,H4C11,0.883
POLR2A,CNOT3,0.881
POLR2A,VCP,0.859
POLR2A,SMURF1,0.607
POLR2A,SMC3,0.724
POLR2A,MED23,0.951
POLR2A,CDK19,0.881
POLR2A,POLR3A,0.464
POLR2A,AGO4,0.403
POLR2A,HNRNPK,0.415
POLR2A,H4C3,0.883
POLR2A,CCNK,0.977
POLR2A,YWHAZ,0.488
POLR2A,CUL4B,0.548
POLR2A,INTS1,0.999
POLR2A,CHD7,0.514
POLR2A,TAF6,0.934
POLR2A,HNRNPF,0.548
POLR2A,NEDD4,0.916
POLR2A,WWP1,0.666
POLR2A,KMT2A,0.469
POLR2A,CUL7,0.427
POLR2A,WWOX,0.453
POLR2A,HOXA1,0.499
POLR2A,CHD1,0.687
POLR2A,SETD1B,0.693
POLR2A,HNRNPU,0.768
POLR2A,H4C5,0.883
CCNK,CDK16,0.481
CCNK,SMAD4,0.451
CCNK,RFX4,0.534
CCNK,CDK19,0.562
CCNK,RFX3,0.667
CCNK,SETD1B,0.439
CCNK,RFX7,0.459
CCNK,TAF6,0.538
TGM1,GRB10,0.4
TGM1,HNRNPK,0.419
TGM1,GLIS1,0.535
TGM1,SLC27A4,0.553
GRB10,HECW2,0.423
GRB10,RHEB,0.425
GRB10,GIGYF1,0.973
GRB10,RICTOR,0.46
GRB10,SHANK2,0.57
GRB10,GNAS,0.593
GRB10,IGF1,0.977
GRB10,YWHAZ,0.462
GRB10,EPHB1,0.625
GRB10,GIGYF2,0.985
GRB10,NEDD4,0.976
GRB10,UBE3A,0.443
GRB10,MAGEL2,0.487
HNRNPK,CSNK2A1,0.486
HNRNPK,AGO2,0.427
HNRNPK,HNRNPL,0.99
HNRNPK,TAF4,0.428
HNRNPK,EIF3G,0.544
HNRNPK,NOVA2,0.428
HNRNPK,CBX4,0.647
HNRNPK,KHDRBS2,0.724
HNRNPK,MAP1B,0.478
HNRNPK,SRRM2,0.401
HNRNPK,HNRNPUL2,0.492
HNRNPK,NUDCD2,0.415
HNRNPK,U2AF2,0.947
HNRNPK,PABPC1,0.954
HNRNPK,HNRNPD,0.965
HNRNPK,PRKDC,0.487
HNRNPK,NCL,0.993
HNRNPK,EIF5A,0.515
HNRNPK,CAPRIN1,0.517
HNRNPK,SON,0.424
HNRNPK,VCP,0.683
HNRNPK,XRCC6,0.738
HNRNPK,ILF2,0.848
HNRNPK,PRKN,0.486
HNRNPK,PTGS2,0.42
HNRNPK,SYNCRIP,0.959
HNRNPK,SRSF11,0.648
HNRNPK,SET,0.657
HNRNPK,HNRNPH2,0.874
HNRNPK,ATRX,0.453
HNRNPK,HNRNPR,0.962
HNRNPK,SPEN,0.613
HNRNPK,CSNK2B,0.409
HNRNPK,ANP32A,0.412
HNRNPK,PHB,0.415
HNRNPK,EIF4E,0.515
HNRNPK,EIF3F,0.535
HNRNPK,YWHAZ,0.573
HNRNPK,EIF4G1,0.618
HNRNPK,CSDE1,0.623
HNRNPK,ZNF827,0.642
HNRNPK,XPO1,0.667
HNRNPK,ELAVL2,0.725
HNRNPK,SF1,0.832
HNRNPK,HNRNPF,0.971
HNRNPK,PUF60,0.974
HNRNPK,HNRNPU,0.991
GLIS1,CAMK4,0.559
GLIS1,ZNF559,0.408
GLIS1,ZNF827,0.409
GLIS1,ZNF385B,0.418
GLIS1,ESRRB,0.428
SLC27A4,FABP4,0.524
SLC27A4,FABP5,0.533
SLC27A4,TPO,0.438
SLC27A4,CPT2,0.483
SLC27A4,SCP2,0.511
KLHL20,KANK1,0.414
KLHL20,CUL4B,0.433
KLHL20,ZBTB16,0.445
KLHL20,CUL2,0.513
KLHL20,ENOX2,0.534
KLHL20,LZTR1,0.908
KLHL20,KCTD13,0.919
KANK1,PPFIA1,0.669
KANK1,MYO1E,0.415
KANK1,CXXC5,0.784
KANK1,PPFIA3,0.516
KANK1,DOCK8,0.935
KANK1,TLN2,0.977
CUL4B,PSMD11,0.641
CUL4B,YY1,0.441
CUL4B,PHIP,0.898
CUL4B,XPC,0.681
CUL4B,IKZF1,0.441
CUL4B,HUWE1,0.786
CUL4B,PRKN,0.482
CUL4B,BTRC,0.45
CUL4B,AFF2,0.413
CUL4B,SLC9A6,0.419
CUL4B,UBR5,0.536
CUL4B,UBE3A,0.625
CUL4B,CUL7,0.904
CUL4B,CUL2,0.926
ZBTB16,EEF1A2,0.445
ZBTB16,CYP27B1,0.535
ZBTB16,TSHZ3,0.425
ZBTB16,YY1,0.414
ZBTB16,EP300,0.844
ZBTB16,HDAC4,0.942
ZBTB16,PER1,0.426
ZBTB16,IKZF1,0.432
ZBTB16,ZNF385B,0.405
ZBTB16,SIN3B,0.42
ZBTB16,PTPRC,0.431
ZBTB16,AGTR2,0.435
ZBTB16,ASB9,0.454
ZBTB16,ASB11,0.46
ZBTB16,HSD11B1,0.49
ZBTB16,TCF12,0.505
ZBTB16,RUNX1T1,0.903
CUL2,OXT,0.619
CUL2,ZSWIM6,0.6
CUL2,PSMD11,0.428
CUL2,MCM4,0.825
CUL2,EP300,0.562
CUL2,KAT2B,0.904
CUL2,MCM6,0.848
CUL2,ANK3,0.598
CUL2,NIPBL,0.436
CUL2,SH3RF1,0.462
CUL2,ARNT2,0.529
CUL2,PSMC5,0.462
CUL2,SMAD4,0.506
CUL2,PSMD12,0.515
CUL2,ANK2,0.596
CUL2,VCP,0.831
CUL2,BTRC,0.612
CUL2,PSMD6,0.459
CUL2,UBE3A,0.621
CUL2,CUL7,0.959
ENOX2,DIPK2A,0.44
LZTR1,CREBBP,0.436
LZTR1,HDAC4,0.702
LZTR1,RIT2,0.802
LZTR1,MAN1B1,0.404
LZTR1,CUL7,0.447
LZTR1,KCTD13,0.904
LZTR1,TCF7L2,0.414
LZTR1,PTPN11,0.507
KCTD13,CORO1A,0.505
KCTD13,TAOK2,0.802
KCTD13,SEZ6L2,0.724
DYNC1H1,KATNAL2,0.424
DYNC1H1,CLASP1,0.432
DYNC1H1,SOD1,0.5
DYNC1H1,NINL,0.732
DYNC1H1,NUDCD2,0.405
DYNC1H1,ITPR1,0.424
DYNC1H1,DST,0.549
DYNC1H1,TRAPPC6B,0.472
DYNC1H1,HUWE1,0.602
DYNC1H1,CLTC,0.415
DYNC1H1,NR3C2,0.426
DYNC1H1,DISC1,0.426
DYNC1H1,GAS2,0.43
DYNC1H1,TRAPPC9,0.477
DYNC1H1,GALNT2,0.521
DYNC1H1,SPTAN1,0.562
DYNC1H1,KIF1A,0.57
DYNC1H1,CAPZA2,0.619
DYNC1H1,CCDC88C,0.64
DYNC1H1,KIF5C,0.745
DYNC1H1,VCP,0.765
DYNC1H1,BICDL1,0.934
ADRB2,OXT,0.786
ADRB2,GFAP,0.44
ADRB2,SLC6A4,0.469
ADRB2,CACNA1C,0.937
ADRB2,HTR2C,0.641
ADRB2,ACE,0.552
ADRB2,ADCY1,0.449
ADRB2,GNB2,0.487
ADRB2,YWHAZ,0.4
ADRB2,CACNB2,0.401
ADRB2,MAOA,0.402
ADRB2,CAMK2A,0.406
ADRB2,LEP,0.449
ADRB2,PTGS2,0.452
ADRB2,BACE1,0.453
ADRB2,APH1A,0.457
ADRB2,KCNA2,0.478
ADRB2,DRD3,0.483
ADRB2,CNR1,0.49
ADRB2,LDLR,0.5
ADRB2,GRIN2B,0.503
ADRB2,GRIN2A,0.506
ADRB2,LRP2,0.512
ADRB2,ADORA2A,0.514
ADRB2,ADCY5,0.519
ADRB2,AP2M1,0.534
ADRB2,OXTR,0.542
ADRB2,AP2S1,0.549
ADRB2,GRM5,0.618
ADRB2,KNG1,0.63
ADRB2,CLTCL1,0.637
ADRB2,GRK4,0.664
ADRB2,GRIA1,0.706
ADRB2,DLG4,0.795
ADRB2,CLTC,0.81
ADRB2,NEDD4,0.815
ADRB2,GNAI1,0.949
ADRB2,GNAS,0.993
CSNK2A1,SNCAIP,0.405
CSNK2A1,TBL1X,0.407
CSNK2A1,GRIN2B,0.408
CSNK2A1,PRKCB,0.416
CSNK2A1,SET,0.417
CSNK2A1,KMT2E,0.418
CSNK2A1,XRCC6,0.421
CSNK2A1,SRRM2,0.425
CSNK2A1,TBL1XR1,0.43
CSNK2A1,MYLK,0.447
CSNK2A1,RSRC1,0.465
CSNK2A1,EP300,0.47
CSNK2A1,PTPRC,0.472
CSNK2A1,SYNCRIP,0.484
CSNK2A1,TAF1C,0.485
CSNK2A1,PRKDC,0.503
CSNK2A1,ATRX,0.516
CSNK2A1,PLAA,0.537
CSNK2A1,BTRC,0.581
CSNK2A1,SIN3B,0.583
CSNK2A1,CREBBP,0.623
CSNK2A1,FBRSL1,0.629
CSNK2A1,NCL,0.629
CSNK2A1,PACS2,0.666
CSNK2A1,CBX4,0.7
CSNK2A1,ZMYND8,0.706
CSNK2A1,PHF12,0.722
CSNK2A1,CHD1,0.769
CSNK2A1,MBD3,0.777
CSNK2A1,KIF5C,0.8
CSNK2A1,PACS1,0.807
CSNK2A1,CHD3,0.851
CSNK2A1,AUTS2,0.852
CSNK2A1,DVL3,0.949
CSNK2A1,CSNK2B,0.999
PIK3CG,CDH2,0.477
PIK3CG,PDE3B,0.757
PIK3CG,RICTOR,0.496
PIK3CG,GNB2,0.668
PIK3CG,IKZF1,0.597
PIK3CG,PTCH1,0.466
PIK3CG,PLCB1,0.739
PIK3CG,PTGS2,0.557
PIK3CG,OCRL,0.69
PIK3CG,PREX1,0.633
PIK3CG,IGF1,0.592
PIK3CG,PLCD4,0.672
PIK3CG,SYNJ1,0.704
PIK3CG,PTPRC,0.556
PIK3CG,FHIT,0.424
PIK3CG,NOTCH1,0.565
PIK3CG,PRKCB,0.613
PIK3CG,PTPN11,0.755
PIK3CG,GNAI1,0.913
YWHAZ,EEF1A2,0.403
YWHAZ,AGO2,0.461
YWHAZ,FAM53C,0.453
YWHAZ,GFAP,0.502
YWHAZ,FABP4,0.469
YWHAZ,SMG6,0.726
YWHAZ,EP300,0.525
YWHAZ,TOP2B,0.41
YWHAZ,HDAC4,0.838
YWHAZ,SIK1,0.42
YWHAZ,CDK16,0.677
YWHAZ,RICTOR,0.653
YWHAZ,YWHAG,0.985
YWHAZ,ARHGAP32,0.551
YWHAZ,HNRNPD,0.484
YWHAZ,SMC1A,0.512
YWHAZ,MEF2C,0.489
YWHAZ,NR3C2,0.402
YWHAZ,VCP,0.671
YWHAZ,ARHGEF2,0.804
YWHAZ,ANXA1,0.795
YWHAZ,EIF4E,0.409
YWHAZ,PRKCA,0.41
YWHAZ,GPHN,0.424
YWHAZ,TET2,0.432
YWHAZ,CUL7,0.437
YWHAZ,CYFIP2,0.454
YWHAZ,PRKCB,0.455
YWHAZ,EIF3F,0.511
YWHAZ,CSDE1,0.53
YWHAZ,PRKD1,0.534
YWHAZ,PHB,0.537
YWHAZ,CLTC,0.554
YWHAZ,WWOX,0.567
YWHAZ,HNRNPU,0.581
YWHAZ,PACS2,0.595
YWHAZ,MARK1,0.685
YWHAZ,MARK2,0.834
YWHAZ,DISC1,0.851
YWHAZ,XPO1,0.862
YWHAZ,CTNNA3,0.9
YWHAZ,CTNNA2,0.908
YWHAZ,CSNK1E,0.909
TRPC6,ACTN4,0.905
TRPC6,PKD1,0.489
TRPC6,TRPC5,0.872
TRPC6,CACNA1C,0.614
TRPC6,CDH2,0.498
TRPC6,ANK3,0.711
TRPC6,CAMK4,0.405
TRPC6,KCNMA1,0.522
TRPC6,MYO1E,0.479
TRPC6,ITPR1,0.703
TRPC6,BACE1,0.495
TRPC6,DLL1,0.401
TRPC6,KIRREL3,0.423
TRPC6,TRPM6,0.425
TRPC6,PRKCA,0.44
TRPC6,TRPM7,0.442
TRPC6,LMX1B,0.482
TRPC6,FAT1,0.561
TRPC6,TRPM3,0.613
TRPC6,ANK2,0.714
TRPC6,TRPC4,0.813
MYO5C,ACTN4,0.499
MYO5C,SPTBN1,0.44
MYO5C,CAPZA2,0.516
TRPM7,SYT1,0.459
TRPM7,PKD1,0.486
TRPM7,TRPC5,0.418
TRPM7,ANK3,0.546
TRPM7,CGNL1,0.549
TRPM7,ITPR1,0.542
TRPM7,NIPA2,0.423
TRPM7,PLCB1,0.792
TRPM7,ANK2,0.544
TRPM7,TRPM6,0.974
TRPM7,KCNA3,0.464
TRPM7,ANXA1,0.436
TRPM7,UBR5,0.564
TRPM7,TRPC4,0.419
USP45,OTULIN,0.4
HUWE1,USP30,0.475
HUWE1,ECPAS,0.407
HUWE1,PSMD11,0.46
HUWE1,EP300,0.512
HUWE1,ZNF462,0.408
HUWE1,USP15,0.57
HUWE1,SRRM2,0.41
HUWE1,UBE3C,0.533
HUWE1,PSMC5,0.555
HUWE1,DVL3,0.413
HUWE1,CNOT1,0.486
HUWE1,SMC1A,0.552
HUWE1,AHDC1,0.405
HUWE1,TBL1X,0.405
HUWE1,SND1,0.415
HUWE1,SPEN,0.415
HUWE1,HNRNPU,0.439
HUWE1,CHAMP1,0.447
HUWE1,BTRC,0.449
HUWE1,PDHA1,0.451
HUWE1,PRKN,0.452
HUWE1,GIGYF2,0.473
HUWE1,XPO1,0.476
HUWE1,UBE3A,0.499
HUWE1,UIMC1,0.52
HUWE1,BIRC6,0.52
HUWE1,UBR5,0.537
HUWE1,ATRX,0.553
HUWE1,CLTC,0.622
HUWE1,MYCBP2,0.722
HUWE1,VCP,0.75
HUWE1,ANKRD17,0.805
NCL,EEF1A2,0.52
NCL,AGO2,0.688
NCL,HNRNPL,0.756
NCL,FRG1,0.641
NCL,PXDN,0.437
NCL,NASP,0.42
NCL,YY1,0.974
NCL,EP300,0.496
NCL,NINL,0.424
NCL,H1-4,0.532
NCL,U2AF2,0.701
NCL,PABPC1,0.602
NCL,HNRNPD,0.971
NCL,CHD3,0.411
NCL,ANXA1,0.412
NCL,GPC4,0.428
NCL,CSDE1,0.429
NCL,PHB,0.432
NCL,PAX5,0.45
NCL,CYFIP2,0.459
NCL,ANP32A,0.484
NCL,ATXN2,0.491
NCL,PTK7,0.5
NCL,LAS1L,0.518
NCL,TBL1XR1,0.554
NCL,SYNCRIP,0.587
NCL,HNRNPR,0.594
NCL,EIF4E,0.611
NCL,EIF4G1,0.632
NCL,XPO1,0.644
NCL,HNRNPH2,0.651
NCL,SET,0.704
NCL,ILF2,0.73
NCL,HNRNPF,0.811
NCL,XRCC6,0.875
NCL,HNRNPU,0.961
PRKDC,TERF2,0.677
PRKDC,CIB2,0.417
PRKDC,MCM4,0.887
PRKDC,YY1,0.518
PRKDC,EP300,0.598
PRKDC,XPC,0.923
PRKDC,RICTOR,0.915
PRKDC,RAD21,0.597
PRKDC,HDLBP,0.41
PRKDC,ZMYM2,0.416
PRKDC,CHD3,0.425
PRKDC,CUL7,0.432
PRKDC,PHB,0.439
PRKDC,ZMYM3,0.44
PRKDC,SPTAN1,0.444
PRKDC,NOTCH1,0.462
PRKDC,UIMC1,0.489
PRKDC,KMT2A,0.496
PRKDC,XPO1,0.507
PRKDC,TTI2,0.533
PRKDC,ZBTB7A,0.558
PRKDC,ILF2,0.585
PRKDC,SMC1A,0.616
PRKDC,UBR5,0.696
PRKDC,POT1,0.702
PRKDC,ATRX,0.704
PRKDC,PHF21A,0.908
PRKDC,XRCC6,0.999
MYO1E,ACTN4,0.745
MYO1E,NUDCD2,0.435
MYO1E,LMX1B,0.472
MYO1E,SYNJ1,0.639
SCN9A,UNC79,0.411
SCN9A,NUP133,0.428
SCN9A,TRPC5,0.401
SCN9A,KCNC1,0.461
SCN9A,KCNH1,0.407
SCN9A,ANK3,0.662
SCN9A,CAMK4,0.408
SCN9A,SCN3A,0.939
SCN9A,KCNMA1,0.542
SCN9A,GRIK5,0.469
SCN9A,SCN1A,0.736
SCN9A,KCND3,0.509
SCN9A,CACNB2,0.485
SCN9A,CRMP1,0.713
SCN9A,CACNA1H,0.712
SCN9A,SCN8A,0.743
SCN9A,SPTBN1,0.499
SCN9A,CACNA2D1,0.538
SCN9A,ANK2,0.646
SCN9A,CACNA1G,0.695
SCN9A,KCNA3,0.56
SCN9A,KCNB1,0.609
SCN9A,GRIK3,0.586
SCN9A,NRCAM,0.575
SCN9A,KCNQ3,0.699
SCN9A,CACNB1,0.473
SCN9A,CACNA2D3,0.49
SCN9A,SPTAN1,0.541
SCN9A,GRIK4,0.573
SCN9A,KCNA2,0.619
SCN9A,GRIK2,0.663
SCN9A,SCN4A,0.686
SCN9A,DPYSL2,0.702
SCN9A,GABRG2,0.864
USH2A,CIB2,0.743
USH2A,LRRC4C,0.605
USH2A,NINL,0.901
USH2A,CSMD3,0.658
USH2A,NAV3,0.403
USH2A,HLA-B,0.437
USH2A,CSMD1,0.438
USH2A,OXTR,0.524
USH2A,SYNE1,0.542
USH2A,PCLO,0.544
USH2A,ESRRB,0.55
USH2A,CNGB3,0.563
USH2A,HLA-A,0.574
USH2A,ZFHX4,0.576
USH2A,OFD1,0.633
USH2A,CEP290,0.747
USH2A,PCDH15,0.927
USH2A,MYO7A,0.938
SCN3A,UNC79,0.439
SCN3A,KCNC1,0.439
SCN3A,ANK3,0.66
SCN3A,KCNA3,0.412
SCN3A,KCNMA1,0.444
SCN3A,CACNB2,0.458
SCN3A,KCND3,0.478
SCN3A,CACNA2D1,0.481
SCN3A,GRIK5,0.487
SCN3A,SPTBN1,0.53
SCN3A,SPTAN1,0.551
SCN3A,CACNB1,0.555
SCN3A,KCNA2,0.566
SCN3A,GRIK4,0.572
SCN3A,GRIK3,0.595
SCN3A,SCN8A,0.602
SCN3A,NRCAM,0.61
SCN3A,GRIK2,0.645
SCN3A,ANK2,0.652
SCN3A,KCNC2,0.669
SCN3A,KCNQ3,0.695
SCN3A,CACNA1H,0.704
SCN3A,CACNA1G,0.706
SCN3A,SCN1A,0.72
SCN3A,SCN4A,0.909
CASK,LIN7B,0.996
CASK,STX1A,0.592
CASK,PPFIA1,0.688
CASK,SNAP25,0.619
CASK,CIB2,0.459
CASK,SYT1,0.588
CASK,RHEB,0.413
CASK,NRXN2,0.919
CASK,KCNH1,0.488
CASK,NLGN2,0.797
CASK,SDC2,0.966
CASK,KCNH5,0.488
CASK,CADM1,0.613
CASK,GRIN2A,0.754
CASK,PPFIA3,0.723
CASK,MAOA,0.404
CASK,CASKIN1,0.972
CASK,DLG1,0.98
CASK,TSPOAP1,0.514
CASK,NLGN4Y,0.788
CASK,SPTBN1,0.559
CASK,NLGN3,0.786
CASK,CNTNAP2,0.455
CASK,CAPZA2,0.538
CASK,PRKN,0.594
CASK,GRIN1,0.836
CASK,STXBP1,0.64
CASK,DLG3,0.728
CASK,TSPYL2,0.574
CASK,DLG2,0.686
CASK,SCGN,0.439
CASK,NLGN4X,0.809
CASK,TBR1,0.927
CASK,EPHB2,0.444
CASK,NRXN1,0.938
CASK,PARD3B,0.45
CASK,MYO7A,0.499
CASK,NLGN1,0.808
CASK,GRIK2,0.544
CASK,UIMC1,0.429
CASK,RIMS1,0.628
CASK,KIRREL3,0.465
CASK,APBA2,0.751
CASK,GRIN2B,0.868
CASK,CNTNAP4,0.438
CASK,SYN2,0.59
CASK,SPTAN1,0.559
CASK,NRXN3,0.719
CASK,DLG4,0.789
PCDH15,CIB2,0.879
PCDH15,CDH11,0.441
PCDH15,CTNND2,0.454
PCDH15,ATP2B2,0.805
PCDH15,PCDH11X,0.559
PCDH15,CTNND1,0.403
PCDH15,CTNNA2,0.445
PCDH15,CTNNA3,0.449
PCDH15,CDH8,0.478
PCDH15,ITGA8,0.525
PCDH15,MYO7A,0.996
HNRNPU,AGO2,0.471
HNRNPU,HNRNPL,0.974
HNRNPU,MBD4,0.419
HNRNPU,EIF3G,0.573
HNRNPU,YY1,0.408
HNRNPU,SMG6,0.589
HNRNPU,EP300,0.821
HNRNPU,KAT2B,0.758
HNRNPU,SRRM2,0.407
HNRNPU,U2AF2,0.852
HNRNPU,PABPC1,0.881
HNRNPU,HNRNPD,0.973
HNRNPU,LARP1,0.488
HNRNPU,CPSF7,0.491
HNRNPU,SND1,0.497
HNRNPU,ZBTB18,0.604
HNRNPU,VCP,0.454
HNRNPU,XRCC6,0.566
HNRNPU,ILF2,0.849
HNRNPU,SYNCRIP,0.998
HNRNPU,BTRC,0.84
HNRNPU,SRSF11,0.707
HNRNPU,SET,0.404
HNRNPU,HNRNPH2,0.867
HNRNPU,AGO4,0.413
HNRNPU,ATRX,0.534
HNRNPU,HNRNPR,0.947
HNRNPU,SPEN,0.508
HNRNPU,SF1,0.592
HNRNPU,SATB1,0.435
HNRNPU,HNRNPF,0.951
HNRNPU,DISC1,0.485
HNRNPU,CLTC,0.404
HNRNPU,CSDE1,0.947
HNRNPU,CAMK2A,0.424
MYO9B,GFAP,0.426
MYO9B,NR2F1,0.548
MYO9B,IQGAP3,0.472
MYO9B,ARHGEF2,0.615
CLTC,SYP,0.523
CLTC,ANK3,0.548
CLTC,MAP1B,0.475
CLTC,YWHAG,0.409
CLTC,DST,0.405
CLTC,MADD,0.678
CLTC,TFE3,0.774
CLTC,ANK2,0.558
CLTC,VCP,0.621
CLTC,HLA-DRB1,0.512
CLTC,OCRL,0.949
CLTC,DNM1,0.941
CLTC,STXBP1,0.558
CLTC,SNX5,0.733
CLTC,RPS6KA3,0.57
CLTC,EPHB1,0.507
CLTC,EPHB2,0.522
CLTC,XPO1,0.571
CLTC,HERC1,0.654
CLTC,BIRC6,0.516
CLTC,AP2M1,0.988
CLTC,HLA-DPB1,0.512
CLTC,SYNJ1,0.928
CLTC,RPS6KA2,0.524
CLTC,NEDD4,0.528
CLTC,PAFAH1B2,0.604
CLTC,CLTCL1,0.937
CLTC,LDLR,0.578
CLTC,AP2S1,0.958
CLTC,PHB,0.62
CLTC,LRP2,0.611
CLTC,AP1S2,0.654
CAPZA2,ACTN4,0.537
CAPZA2,CNOT1,0.582
CAPZA2,SPTBN1,0.613
CAPZA2,NR3C2,0.4
CAPZA2,CNOT3,0.629
CAPZA2,GALNT2,0.501
CAPZA2,MYO7A,0.521
CAPZA2,TTN,0.533
CAPZA2,SPTAN1,0.609
ACE,PON1,0.48
ACE,SERPINE1,0.71
ACE,PXDN,0.54
ACE,SLC6A4,0.407
ACE,PKD1,0.457
ACE,TTN,0.404
ACE,DPP3,0.415
ACE,BACE1,0.43
ACE,EIF4E,0.442
ACE,PCCA,0.453
ACE,MAOB,0.472
ACE,MAOA,0.503
ACE,IGF1,0.511
ACE,GRK4,0.566
ACE,PTGS2,0.576
ACE,LEP,0.611
ACE,MTHFR,0.818
ACE,DPP4,0.874
ACE,NR3C2,0.891
ACE,AGTR2,0.948
ACE,KNG1,0.995
AHNAK,ACTN4,0.402
AHNAK,RNF38,0.535
AHNAK,CACNA1C,0.514
AHNAK,UBE3C,0.448
AHNAK,HNRNPD,0.412
AHNAK,PCLO,0.547
AHNAK,DMD,0.416
AHNAK,SYNE1,0.414
AHNAK,ANXA1,0.712
AHNAK,SF1,0.77
AHNAK,APBB1,0.423
AHNAK,DPYSL2,0.482
AHNAK,EPPK1,0.5
AHNAK,PRKCA,0.544
AHNAK,MARK2,0.767
SPTBN1,ACTN4,0.489
SPTBN1,ANK3,0.974
SPTBN1,SCN1A,0.55
SPTBN1,SMAD4,0.673
SPTBN1,SCN8A,0.63
SPTBN1,PRKCB,0.44
SPTBN1,PJA1,0.464
SPTBN1,PTPRC,0.466
SPTBN1,SCN4A,0.5
SPTBN1,ZMYM2,0.519
SPTBN1,DISC1,0.575
SPTBN1,KCNQ3,0.58
SPTBN1,DLG2,0.586
SPTBN1,MYO7A,0.596
SPTBN1,NRCAM,0.811
SPTBN1,ANK2,0.997
SPTBN1,SPTAN1,0.999
MYH4,HYDIN,0.418
MYH4,COL12A1,0.49
MYH4,TTN,0.655
MYLK,FBN1,0.649
MYLK,MYOCD,0.546
SPTAN1,ACTN4,0.76
SPTAN1,PXDN,0.481
SPTAN1,ECPAS,0.454
SPTAN1,SYP,0.464
SPTAN1,PCDH10,0.714
SPTAN1,ANK3,0.972
SPTAN1,SCN1A,0.813
SPTAN1,CTNND2,0.415
SPTAN1,TNS2,0.589
SPTAN1,GRIN2A,0.507
SPTAN1,PLCB1,0.616
SPTAN1,SHANK2,0.473
SPTAN1,SCN8A,0.802
SPTAN1,ANK2,0.995
SPTAN1,XRCC6,0.424
SPTAN1,KIF14,0.435
SPTAN1,PTGS2,0.408
SPTAN1,GRIN1,0.43
SPTAN1,DNM1,0.537
SPTAN1,PCDH19,0.789
SPTAN1,STXBP1,0.892
SPTAN1,DLG2,0.555
SPTAN1,MAOB,0.49
SPTAN1,NRCAM,0.622
SPTAN1,ARX,0.734
SPTAN1,KCNQ3,0.72
SPTAN1,MYO7A,0.546
SPTAN1,SCN4A,0.499
SPTAN1,DISC1,0.599
SPTAN1,KIF1A,0.546
SPTAN1,TLN2,0.425
SPTAN1,TTN,0.563
SPTAN1,GRIN2B,0.493
SPTAN1,PRKCB,0.411
SPTAN1,SHANK3,0.458
MYO7A,CIB2,0.872
MYO7A,CNGB3,0.422
MYO7A,ATP2B2,0.693
MYO7A,ANXA1,0.429
MYO7A,TECTA,0.497
MYO7A,CEP290,0.491
ACTN4,XRCC6,0.4
ACTN4,CAMK2A,0.414
ACTN4,THBS1,0.424
ACTN4,SYNCRIP,0.431
ACTN4,LMX1B,0.507
ACTN4,RAPGEF2,0.517
ACTN4,PPP1R9B,0.582
ACTN4,VCP,0.582
ACTN4,FAT1,0.6
ACTN4,ITGA8,0.708
ACTN4,ITGB3,0.712
ACTN4,PRKCA,0.725
ACTN4,TLN2,0.781
ACTN4,CAPN12,0.793
ACTN4,CTNNA2,0.919
ACTN4,CTNNA3,0.922
BTAF1,TAF4,0.598
BTAF1,PHF3,0.457
BTAF1,KAT2B,0.467
BTAF1,ATRX,0.421
BTAF1,PRPF39,0.448
BTAF1,ARHGAP5,0.452
BTAF1,BIRC6,0.503
BTAF1,NIPBL,0.566
BTAF1,PHF12,0.591
BTAF1,CHD1,0.606
BTAF1,TAF6,0.633
SMC3,TERF2,0.653
SMC3,PHF3,0.423
SMC3,MCM4,0.581
SMC3,YY1,0.611
SMC3,EP300,0.748
SMC3,MCM6,0.553
SMC3,TOP2B,0.659
SMC3,AMT,0.435
SMC3,NIPBL,0.999
SMC3,RAD21,0.999
SMC3,NCAPH2,0.555
SMC3,ANKRD11,0.581
SMC3,SYCE1,0.732
SMC3,SMC1A,0.999
SMC3,ZBTB7A,0.482
SMC3,NSMCE3,0.641
SMC3,AKAP9,0.512
SMC3,POT1,0.542
SMC3,XRCC6,0.417
SMC3,KIF14,0.416
SMC3,PTPN11,0.432
SMC3,KMT2A,0.45
SMC3,CEP290,0.453
SMC3,SETBP1,0.493
SMC3,TET2,0.549
SMC3,BCORL1,0.565
SMC3,NAALADL2,0.587
SMC3,SYNE1,0.608
SMC3,ATRX,0.789
SMC3,HDAC8,0.92
SMC3,RAD21L1,0.998
SMC3,STAG1,0.999
SETD1B,THBS1,0.423
SETD1B,EP300,0.734
SETD1B,KAT2B,0.737
SETD1B,ANKRD11,0.468
SETD1B,KMT5B,0.549
SETD1B,KMT2E,0.83
SETD1B,PHF12,0.497
SETD1B,TNRC6C,0.541
SETD1B,RERE,0.452
SETD1B,MBD6,0.43
SETD1B,DYDC2,0.572
SETD1B,DYDC1,0.572
SETD1B,AGO3,0.454
SETD1B,AGO4,0.459
SETD1B,SIN3B,0.562
SETD1B,KDM5A,0.63
SETD1B,PHF21A,0.403
SETD1B,TNRC6B,0.44
SETD1B,KMT2A,0.852
SMC1A,TERF2,0.72
SMC1A,MCM4,0.55
SMC1A,YY1,0.643
SMC1A,EP300,0.786
SMC1A,MCM6,0.743
SMC1A,TOP2B,0.479
SMC1A,POLA2,0.466
SMC1A,NIPBL,0.999
SMC1A,RAD21,0.999
SMC1A,NCAPH2,0.469
SMC1A,ANKRD11,0.607
SMC1A,SYCE1,0.591
SMC1A,QRICH1,0.44
SMC1A,UBR5,0.451
SMC1A,CHD3,0.454
SMC1A,KMT2A,0.462
SMC1A,PTPN11,0.495
SMC1A,POT1,0.532
SMC1A,NSMCE3,0.535
SMC1A,TET2,0.551
SMC1A,SETBP1,0.566
SMC1A,SYNE1,0.575
SMC1A,BCORL1,0.589
SMC1A,XRCC6,0.596
SMC1A,NAALADL2,0.649
SMC1A,IQSEC2,0.741
SMC1A,ATRX,0.763
SMC1A,HDAC8,0.913
SMC1A,RAD21L1,0.996
SMC1A,STAG1,0.999
PSMC5,ECPAS,0.911
PSMC5,RORA,0.609
PSMC5,PSMD11,0.999
PSMC5,SOD1,0.698
PSMC5,ABCE1,0.402
PSMC5,GPD2,0.739
PSMC5,UBE3C,0.551
PSMC5,PRICKLE1,0.4
PSMC5,VSIG4,0.402
PSMC5,HIVEP3,0.411
PSMC5,GLI3,0.414
PSMC5,DVL3,0.414
PSMC5,BTRC,0.417
PSMC5,WWOX,0.418
PSMC5,BCKDK,0.428
PSMC5,CUL7,0.431
PSMC5,WWP1,0.436
PSMC5,HNRNPD,0.492
PSMC5,EIF3F,0.568
PSMC5,PHB,0.572
PSMC5,CTPS1,0.602
PSMC5,RPL10,0.641
PSMC5,UBE3A,0.707
PSMC5,VCP,0.808
PSMC5,PRKN,0.905
PSMC5,PSMD6,0.999
PSMC5,PSMD12,0.999
XPO1,AGO2,0.767
XPO1,NUP155,0.769
XPO1,NUP133,0.668
XPO1,EP300,0.646
XPO1,CPEB4,0.431
XPO1,TNPO3,0.764
XPO1,ABCE1,0.414
XPO1,U2AF2,0.436
XPO1,PABPC1,0.581
XPO1,CNOT1,0.487
XPO1,ZMYM3,0.441
XPO1,EIF5A,0.698
XPO1,CAPRIN1,0.528
XPO1,SMAD4,0.623
XPO1,SMURF1,0.83
XPO1,SET,0.885
XPO1,HNRNPR,0.553
XPO1,PRKD2,0.419
XPO1,EIF4G1,0.43
XPO1,NOTCH1,0.441
XPO1,SETBP1,0.465
XPO1,PBX1,0.493
XPO1,NEDD4,0.499
XPO1,HNRNPF,0.537
XPO1,UBR5,0.605
XPO1,PHB,0.611
XPO1,RANBP17,0.647
XPO1,EIF4E,0.744
XPO1,ANP32A,0.974
ABCE1,EIF3G,0.939
ABCE1,SMG6,0.528
ABCE1,UPF3B,0.489
ABCE1,DENR,0.845
ABCE1,NAA15,0.602
ABCE1,NEDD4,0.41
ABCE1,PSMD12,0.417
ABCE1,CACNA2D1,0.424
ABCE1,ATXN2,0.426
ABCE1,PDHA1,0.434
ABCE1,CAPRIN1,0.44
ABCE1,VCP,0.455
ABCE1,EIF4E,0.471
ABCE1,SYNCRIP,0.529
ABCE1,EIF4G1,0.542
ABCE1,DOCK4,0.545
ABCE1,CTPS1,0.564
ABCE1,UPF2,0.612
ABCE1,PRKN,0.646
ABCE1,GSPT2,0.659
ABCE1,RSRC1,0.684
ABCE1,PABPC1,0.712
ABCE1,RPL10,0.857
ABCE1,EIF3F,0.918
PABPC1,EEF1A2,0.66
PABPC1,AGO2,0.919
PABPC1,HNRNPL,0.714
PABPC1,EIF3G,0.495
PABPC1,MKRN1,0.821
PABPC1,SMG6,0.932
PABPC1,CPEB4,0.494
PABPC1,UPF3B,0.824
PABPC1,SRRM2,0.442
PABPC1,U2AF2,0.625
PABPC1,WWOX,0.408
PABPC1,AGO3,0.455
PABPC1,ILF2,0.467
PABPC1,HNRNPF,0.489
PABPC1,CELF2,0.49
PABPC1,HDLBP,0.501
PABPC1,AGO4,0.514
PABPC1,GIGYF2,0.529
PABPC1,ZC3H11A,0.548
PABPC1,EIF3F,0.558
PABPC1,SND1,0.561
PABPC1,HNRNPH2,0.606
PABPC1,RPL10,0.617
PABPC1,VCP,0.658
PABPC1,UBR5,0.678
PABPC1,HNRNPR,0.719
PABPC1,TNRC6B,0.724
PABPC1,ELAVL2,0.737
PABPC1,CNOT3,0.792
PABPC1,UBAP2L,0.817
PABPC1,CAPRIN1,0.837
PABPC1,UPF2,0.858
PABPC1,CNOT1,0.893
PABPC1,LARP1,0.922
PABPC1,SYNCRIP,0.929
PABPC1,HNRNPD,0.96
PABPC1,CSDE1,0.985
PABPC1,GSPT2,0.993
PABPC1,TNRC6C,0.996
PABPC1,ATXN2,0.998
PABPC1,EIF4G1,0.999
PABPC1,EIF4E,0.999
HDAC4,NUP155,0.966
HDAC4,NUP133,0.455
HDAC4,YY1,0.947
HDAC4,PKD1,0.46
HDAC4,CREBBP,0.745
HDAC4,EP300,0.887
HDAC4,KAT2B,0.898
HDAC4,SOX6,0.401
HDAC4,CACNA1C,0.401
HDAC4,HLA-B,0.402
HDAC4,IGF1,0.408
HDAC4,IKZF1,0.41
HDAC4,KIF5C,0.419
HDAC4,ATRX,0.419
HDAC4,ANK3,0.426
HDAC4,PHF12,0.43
HDAC4,ANK2,0.438
HDAC4,ZEB2,0.446
HDAC4,PRKD2,0.451
HDAC4,PRKD1,0.458
HDAC4,PTGS2,0.462
HDAC4,SYNCRIP,0.491
HDAC4,CAMTA2,0.493
HDAC4,SMAD4,0.498
HDAC4,SIN3B,0.507
HDAC4,ANKRD11,0.509
HDAC4,ITPR1,0.547
HDAC4,KMT2A,0.557
HDAC4,PRKN,0.615
HDAC4,HDAC8,0.619
HDAC4,TBL1X,0.678
HDAC4,NOTCH1,0.683
HDAC4,MYOCD,0.737
HDAC4,BCORL1,0.743
HDAC4,CAMK2D,0.751
HDAC4,TBL1XR1,0.766
HDAC4,NACC1,0.874
HDAC4,CAMK4,0.96
HDAC4,MEF2C,0.984
HDAC4,YWHAG,0.989
MCM6,NUP155,0.408
MCM6,NASP,0.709
MCM6,NUP133,0.463
MCM6,MCM4,0.999
MCM6,PHB,0.403
MCM6,XRCC6,0.409
MCM6,ZWILCH,0.446
MCM6,ATRX,0.467
MCM6,H4C3,0.491
MCM6,RAD21,0.536
MCM6,ASPM,0.615
MCM6,UBE3A,0.676
MCM6,POLA2,0.865
TNRC6C,AGO2,0.992
TNRC6C,CREBBP,0.594
TNRC6C,EP300,0.586
TNRC6C,KAT2B,0.579
TNRC6C,CBX4,0.519
TNRC6C,GIGYF1,0.954
TNRC6C,SCAF4,0.495
TNRC6C,KMT2E,0.599
TNRC6C,HNRNPD,0.462
TNRC6C,CNOT1,0.898
TNRC6C,HNRNPF,0.424
TNRC6C,SIN3B,0.43
TNRC6C,CPSF7,0.459
TNRC6C,GIGYF2,0.503
TNRC6C,KMT2A,0.522
TNRC6C,NCOA1,0.542
TNRC6C,CHD1,0.567
TNRC6C,NOTCH1,0.568
TNRC6C,TNRC6B,0.577
TNRC6C,TCF20,0.579
TNRC6C,EIF4G1,0.614
TNRC6C,CNOT3,0.85
TNRC6C,AGO4,0.927
TNRC6C,AGO3,0.972
SYNCRIP,AGO2,0.464
SYNCRIP,HNRNPL,0.933
SYNCRIP,EIF3G,0.568
SYNCRIP,PSMD11,0.402
SYNCRIP,SYP,0.474
SYNCRIP,KHDRBS2,0.401
SYNCRIP,HNRNPUL2,0.503
SYNCRIP,U2AF2,0.704
SYNCRIP,HNRNPD,0.98
SYNCRIP,LARP1,0.497
SYNCRIP,CAPRIN1,0.596
SYNCRIP,ILF2,0.861
SYNCRIP,RPL10,0.532
SYNCRIP,ATXN2,0.549
SYNCRIP,EIF4E,0.613
SYNCRIP,PHB,0.649
SYNCRIP,HNRNPF,0.675
SYNCRIP,HNRNPH2,0.676
SYNCRIP,EIF4G1,0.758
SYNCRIP,HNRNPR,0.956
SYNCRIP,CSDE1,0.984
CHD9,PHF3,0.49
CHD9,CREBBP,0.54
CHD9,PHIP,0.453
CHD9,NIPBL,0.425
CHD9,BPTF,0.405
CHD9,PHF12,0.413
CHD9,NPAS2,0.443
CHD9,CPT2,0.419
CHD9,SIN3B,0.573
CHD9,CHD3,0.439
CHD9,BAZ2B,0.508
CHD9,NCOA1,0.509
CHD9,CHD7,0.432
CHD9,TBL1XR1,0.582
CHD9,TBL1X,0.586
CHD9,CHD1,0.71
TOP2B,MCM4,0.404
TOP2B,CREBBP,0.466
TOP2B,EP300,0.41
TOP2B,BIRC6,0.4
TOP2B,SENP6,0.405
TOP2B,ADSL,0.43
TOP2B,CSNK2B,0.445
TOP2B,CUL7,0.475
TOP2B,CHD3,0.477
TOP2B,KMT2A,0.479
TOP2B,XRCC6,0.526
TOP2B,CHD7,0.547
TOP2B,RAD21,0.62
TOP2B,TOP3B,0.627
TOP2B,ILF2,0.65
TOP2B,XPC,0.688
KAT2B,AGO2,0.556
KAT2B,NR1D1,0.415
KAT2B,TAF4,0.977
KAT2B,USP30,0.455
KAT2B,THBS1,0.463
KAT2B,YY1,0.618
KAT2B,CREBBP,0.999
KAT2B,WDR37,0.519
KAT2B,EP300,0.999
KAT2B,SIK1,0.402
KAT2B,CDK19,0.421
KAT2B,NAA15,0.446
KAT2B,CBX4,0.464
KAT2B,CHD7,0.474
KAT2B,TLE3,0.503
KAT2B,AGO3,0.508
KAT2B,TNRC6B,0.518
KAT2B,AGO4,0.531
KAT2B,ZEB2,0.531
KAT2B,TAF1C,0.562
KAT2B,SATB1,0.599
KAT2B,SIN3B,0.656
KAT2B,KMT2E,0.659
KAT2B,KMT2A,0.664
KAT2B,THRA,0.669
KAT2B,MEF2C,0.673
KAT2B,TBL1XR1,0.678
KAT2B,TBL1X,0.7
KAT2B,CHD1,0.724
KAT2B,XRCC6,0.73
KAT2B,NPAS2,0.742
KAT2B,USP27X,0.752
KAT2B,NOTCH1,0.835
KAT2B,HDAC8,0.86
KAT2B,TAF6,0.995
KAT2B,NCOA1,0.995
RSF1,PHF3,0.561
RSF1,EP300,0.51
RSF1,PHIP,0.682
RSF1,NIPBL,0.72
RSF1,BPTF,0.918
RSF1,KDM5A,0.428
RSF1,ZNF292,0.434
RSF1,TRIM33,0.439
RSF1,CHD1,0.462
RSF1,EMSY,0.535
RSF1,ATRX,0.587
RSF1,CECR2,0.83
PHIP,AGO2,0.457
PHIP,TAF4,0.616
PHIP,GSE1,0.471
PHIP,PHF3,0.466
PHIP,CPEB4,0.426
PHIP,CUL7,0.423
PHIP,FOXP1,0.425
PHIP,RERE,0.432
PHIP,TCF12,0.446
PHIP,GLI3,0.452
PHIP,RICTOR,0.467
PHIP,BPTF,0.48
PHIP,CHD1,0.519
PHIP,BIRC6,0.536
PHIP,TAF6,0.611
PHIP,CECR2,0.635
PHIP,NIPBL,0.647
PHIP,ATRX,0.742
CHD7,CREBBP,0.405
CHD7,EP300,0.442
CHD7,CACNA1C,0.496
CHD7,NIPBL,0.627
CHD7,XPC,0.419
CHD7,CNOT1,0.413
CHD7,POLR3A,0.417
CHD7,GLI3,0.537
CHD7,TSPAN4,0.649
CHD7,PAX6,0.405
CHD7,CAMK2A,0.419
CHD7,TBL1X,0.46
CHD7,FGFR1,0.719
CHD7,CHD1,0.727
TRIM33,AGO2,0.49
TRIM33,THBS1,0.458
TRIM33,RBM27,0.455
TRIM33,SAE1,0.813
TRIM33,KMT5B,0.561
TRIM33,LEMD3,0.475
TRIM33,PTCH1,0.517
TRIM33,SMAD4,0.986
TRIM33,AKAP9,0.413
TRIM33,ATRX,0.408
TRIM33,LRP2,0.42
TRIM33,TCF4,0.437
TRIM33,HLA-DRB1,0.472
TRIM33,LDB1,0.73
CHD3,HNRNPL,0.521
CHD3,CREBBP,0.457
CHD3,EP300,0.598
CHD3,CBX4,0.71
CHD3,SAE1,0.618
CHD3,BPTF,0.461
CHD3,DDX23,0.437
CHD3,ZMYM3,0.422
CHD3,RAI1,0.414
CHD3,ZBTB7A,0.606
CHD3,IKZF1,0.898
CHD3,XRCC6,0.491
CHD3,ADNP,0.458
CHD3,HDAC8,0.423
CHD3,SIN3B,0.525
CHD3,TAF1C,0.425
CHD3,RPL10,0.429
CHD3,SATB1,0.441
CHD3,ZNF827,0.456
CHD3,FOXP2,0.485
CHD3,ZMYND8,0.491
CHD3,PHF21A,0.566
CHD3,CHD1,0.71
CHD3,MBD3,0.982
UBR5,AGO2,0.434
UBR5,TERF2,0.523
UBR5,RNF38,0.463
UBR5,TAOK1,0.518
UBR5,PHF3,0.549
UBR5,NIPBL,0.597
UBR5,RICTOR,0.412
UBR5,ANKRD11,0.476
UBR5,BPTF,0.453
UBR5,SON,0.571
UBR5,ANKRD17,0.51
UBR5,HECTD1,0.453
UBR5,BIRC6,0.449
UBR5,UBR3,0.658
UBR5,EIF4G1,0.572
UBR5,TLE3,0.428
UBR5,UBE3A,0.537
MCM4,NASP,0.599
MCM4,EP300,0.416
MCM4,ZWILCH,0.448
MCM4,H4C3,0.5
MCM4,PSMD12,0.507
MCM4,CTPS1,0.56
MCM4,KIF14,0.579
MCM4,RAD21,0.625
MCM4,ASPM,0.678
MCM4,ATRX,0.745
MCM4,TM4SF19,0.898
MCM4,POLA2,0.94
NASP,ADCY1,0.422
NASP,ANP32A,0.424
NASP,ADCY5,0.435
NASP,KIF14,0.513
NASP,MYCBP2,0.768
NASP,H4C5,0.943
NASP,H4C11,0.943
NASP,H4C3,0.966
XPC,YY1,0.423
XPC,PHF21A,0.915
XPC,XRCC6,0.979
XRCC6,AGO2,0.411
XRCC6,MSX2,0.576
XRCC6,TERF2,0.973
XRCC6,YY1,0.655
XRCC6,CREBBP,0.618
XRCC6,SMG6,0.492
XRCC6,EP300,0.61
XRCC6,CLASP1,0.469
XRCC6,PHRF1,0.405
XRCC6,NAA15,0.599
XRCC6,NUDCD2,0.416
XRCC6,U2AF2,0.481
XRCC6,HNRNPD,0.456
XRCC6,ZBTB7A,0.53
XRCC6,SMAD4,0.429
XRCC6,POT1,0.92
XRCC6,VCP,0.415
XRCC6,ERMN,0.432
XRCC6,TCF7L2,0.461
XRCC6,SET,0.583
XRCC6,UIMC1,0.702
XRCC6,ATRX,0.802
XRCC6,ILF2,0.828
XRCC6,PHF21A,0.91
ATRX,GFAP,0.435
ATRX,TERF2,0.648
ATRX,NUP133,0.451
ATRX,CREBBP,0.629
ATRX,SYP,0.437
ATRX,EP300,0.459
ATRX,NIPBL,0.674
ATRX,RAD21,0.529
ATRX,MAGEC3,0.436
ATRX,PPM1D,0.443
ATRX,BPTF,0.709
ATRX,MEF2C,0.426
ATRX,H4C11,0.418
ATRX,OPHN1,0.564
ATRX,POT1,0.665
ATRX,ZNF711,0.551
ATRX,AFF2,0.456
ATRX,GNAS,0.439
ATRX,ADNP,0.446
ATRX,WWOX,0.4
ATRX,EMSY,0.423
ATRX,PTPN11,0.426
ATRX,FGFR1,0.46
ATRX,HDAC8,0.465
ATRX,KDM5A,0.467
ATRX,CSDE1,0.47
ATRX,DLG2,0.472
ATRX,NOTCH1,0.481
ATRX,BCORL1,0.492
ATRX,SETBP1,0.501
ATRX,KMT2A,0.53
ATRX,TET2,0.54
ATRX,ZFX,0.567
ATRX,UBE3A,0.611
ATRX,BAZ2B,0.629
CHD1,AGO2,0.596
CHD1,MBD4,0.436
CHD1,PHF3,0.433
CHD1,YY1,0.64
CHD1,EP300,0.459
CHD1,NIPBL,0.638
CHD1,BPTF,0.781
CHD1,KMT2E,0.547
CHD1,VCP,0.592
CHD1,AGO3,0.554
CHD1,AGO4,0.557
CHD1,HDAC8,0.414
CHD1,CSNK2B,0.627
CHD1,PLAA,0.515
CHD1,KDM5A,0.424
CHD1,FOXP2,0.44
CHD1,TAF6,0.534
CHD1,TNRC6B,0.538
CHD1,FOXP1,0.47
CSNK2B,MBD4,0.423
CSNK2B,ZC3H4,0.436
CSNK2B,EIF3G,0.405
CSNK2B,PHRF1,0.427
CSNK2B,CBX4,0.699
CSNK2B,DVL3,0.917
CSNK2B,AUTS2,0.854
CSNK2B,VCP,0.459
CSNK2B,BTRC,0.548
CSNK2B,CSNK1E,0.478
CSNK2B,ZMYND8,0.493
CSNK2B,FBRSL1,0.518
CSNK2B,PLAA,0.539
CSNK2B,RPS6KA2,0.604
CSNK2B,RPS6KA3,0.688
CSNK2B,KIF5C,0.749
H4C11,TAF4,0.802
H4C11,CREBBP,0.903
H4C11,EP300,0.905
H4C11,H1-4,0.943
H4C11,MED23,0.8
H4C11,TAF6,0.805
H4C11,KMT2A,0.829
H4C11,H4C3,0.956
H4C11,H4C5,0.966
H4C5,TAF4,0.802
H4C5,CREBBP,0.903
H4C5,EP300,0.903
H4C5,H1-4,0.963
H4C5,MED23,0.8
H4C5,H4C3,0.957
H4C5,TAF6,0.805
H4C5,KMT2A,0.838
H4C3,TAF4,0.802
H4C3,CREBBP,0.903
H4C3,EP300,0.903
H4C3,H1-4,0.946
H4C3,MED23,0.8
H4C3,TAF6,0.806
H4C3,KMT2A,0.829
PPP3CA,PPP1R1B,0.923
PPP3CA,SLC9A1,0.912
PPP3CA,CACNA1C,0.926
PPP3CA,SOD1,0.95
PPP3CA,CAMK4,0.416
PPP3CA,CACNA1D,0.918
PPP3CA,ITPR1,0.662
PPP3CA,PLCB1,0.731
PPP3CA,PTGS2,0.463
PPP3CA,UNC80,0.439
PPP3CA,CAMK2D,0.506
PPP3CA,ATP2B1,0.537
PPP3CA,SETBP1,0.621
PPP3CA,CAMK2A,0.625
PPP3CA,PRKCA,0.726
PPP3CA,PPP2R5C,0.943
PRKCA,CD38,0.912
PRKCA,PXDN,0.475
PRKCA,GFAP,0.474
PRKCA,RHEB,0.413
PRKCA,SLC1A1,0.4
PRKCA,EP300,0.649
PRKCA,SLC9A1,0.916
PRKCA,KCNN2,0.907
PRKCA,CACNA1C,0.953
PRKCA,SLC6A3,0.913
PRKCA,SLC1A2,0.485
PRKCA,CACNA1D,0.917
PRKCA,DGKI,0.55
PRKCA,GRIA2,0.605
PRKCA,RICTOR,0.84
PRKCA,ADCY1,0.801
PRKCA,GNB2,0.79
PRKCA,GRM5,0.454
PRKCA,ITPR1,0.937
PRKCA,SDC2,0.484
PRKCA,LEMD3,0.5
PRKCA,GRID1,0.59
PRKCA,GRIN2A,0.677
PRKCA,HOMER1,0.465
PRKCA,PLCB1,0.947
PRKCA,DLG1,0.508
PRKCA,GRM7,0.601
PRKCA,VCP,0.43
PRKCA,CACNA1G,0.429
PRKCA,PTGS2,0.626
PRKCA,GNAS,0.547
PRKCA,GRIN1,0.61
PRKCA,DLG3,0.475
PRKCA,CACNA1F,0.926
PRKCA,SCGN,0.405
PRKCA,IGF1,0.4
PRKCA,GRIP1,0.722
PRKCA,CTNND1,0.592
PRKCA,ADCY3,0.681
PRKCA,PLCD4,0.917
PRKCA,DLX3,0.452
PRKCA,PRKD1,0.917
PRKCA,RELN,0.516
PRKCA,FGFR1,0.466
PRKCA,PRKD2,0.911
PRKCA,AP2M1,0.415
PRKCA,AP2S1,0.405
PRKCA,PAX6,0.415
PRKCA,EIF4E,0.419
PRKCA,CAMK2A,0.456
PRKCA,GRIA3,0.49
PRKCA,TLN2,0.509
PRKCA,ROBO2,0.552
PRKCA,PTPRC,0.558
PRKCA,GRIA1,0.706
PRKCA,ITGB3,0.723
PRKCA,GNAI1,0.732
PRKCA,GRIN2B,0.747
PRKCA,ADCY5,0.878
PRKCA,CACNA1A,0.915
PRKCA,DLG4,0.957
PRKCA,PRKCB,0.963
LAMB1,ASTN1,0.426
LAMB1,NRCAM,0.515
LAMB1,FBN1,0.539
LAMB1,NTNG2,0.541
LAMB1,PLAUR,0.575
LAMB1,CACNA1A,0.59
LAMB1,THBS1,0.595
LAMB1,NTNG1,0.607
LAMB1,COL12A1,0.715
LAMB1,ITGA8,0.741
LAMB1,DMD,0.774
LAMB1,ITGB3,0.838
LAMB1,LAMA1,0.983
FGFR1,MSX2,0.681
FGFR1,CREBBP,0.923
FGFR1,CDH11,0.467
FGFR1,CDH2,0.946
FGFR1,PTCH1,0.435
FGFR1,HOMER1,0.42
FGFR1,PLCB1,0.664
FGFR1,SMAD4,0.588
FGFR1,NR4A2,0.54
FGFR1,GNAS,0.579
FGFR1,TBX22,0.456
FGFR1,FGF14,0.628
FGFR1,SPRY2,0.491
FGFR1,NRCAM,0.456
FGFR1,RPS6KA3,0.859
FGFR1,TEK,0.587
FGFR1,ESRRB,0.537
FGFR1,IGF1,0.82
FGFR1,GLI3,0.404
FGFR1,EMSY,0.4
FGFR1,FAT1,0.406
FGFR1,CNTN6,0.414
FGFR1,GNAI1,0.425
FGFR1,PAX6,0.525
FGFR1,PTK7,0.545
FGFR1,ITGB3,0.65
FGFR1,RPS6KA2,0.685
FGFR1,ADORA2A,0.718
FGFR1,NOTCH1,0.737
FGFR1,NEDD4,0.78
FGFR1,PTPN11,0.794
FGFR1,ZMYM2,0.957
PTPN11,TAOK1,0.633
PTPN11,PTPN4,0.54
PTPN11,SLC9A1,0.48
PTPN11,RAD21,0.454
PTPN11,YWHAG,0.472
PTPN11,LEP,0.808
PTPN11,IKZF1,0.5
PTPN11,PDCD1,0.998
PTPN11,NEO1,0.463
PTPN11,SMAD4,0.505
PTPN11,HLA-DRB1,0.716
PTPN11,DRD2,0.425
PTPN11,GNAS,0.579
PTPN11,TCEAL1,0.477
PTPN11,SPRY2,0.735
PTPN11,RPS6KA3,0.592
PTPN11,TEK,0.884
PTPN11,IGF1,0.638
PTPN11,UNC5D,0.9
PTPN11,DCC,0.523
PTPN11,CTNNA3,0.41
PTPN11,HLA-DPB1,0.534
PTPN11,TRIM32,0.452
PTPN11,PTPRC,0.452
PTPN11,PPP2R5C,0.573
PTPN11,DAPP1,0.483
PTPN11,KMT2A,0.466
PTPN11,BCORL1,0.483
PTPN11,TET2,0.62
PTPN11,ITGB3,0.668
PTPN11,GRIN2B,0.441
PTPN11,SYNGAP1,0.445
PTPN11,NOTCH1,0.571
PTPN11,SETBP1,0.623
EEF1A2,UBE3A,0.4
EEF1A2,TAF6,0.405
EEF1A2,PXDN,0.416
EEF1A2,ANK3,0.522
EEF1A2,ANK2,0.533
EEF1A2,RPL10,0.557
EEF1A2,EIF5A,0.728
EEF1A2,HLA-DRB1,0.908
UBE3A,AGO2,0.578
UBE3A,CDH9,0.422
UBE3A,GFAP,0.478
UBE3A,PSMD11,0.8
UBE3A,EP300,0.631
UBE3A,PCDH10,0.405
UBE3A,CDH10,0.434
UBE3A,SOD1,0.45
UBE3A,SAE1,0.462
UBE3A,USP15,0.418
UBE3A,MAP1B,0.525
UBE3A,SCN1A,0.415
UBE3A,GABRB3,0.867
UBE3A,UBE3C,0.48
UBE3A,SNX14,0.47
UBE3A,TRAF7,0.483
UBE3A,NIPA1,0.495
UBE3A,FBXO40,0.594
UBE3A,NIPA2,0.504
UBE3A,MEF2C,0.477
UBE3A,SHANK2,0.486
UBE3A,DLG1,0.974
UBE3A,PSMD12,0.788
UBE3A,NLGN3,0.667
UBE3A,ASTN2,0.505
UBE3A,CNTNAP2,0.446
UBE3A,PRKN,0.436
UBE3A,ASPM,0.633
UBE3A,BTRC,0.451
UBE3A,GABRA3,0.434
UBE3A,SLC9A6,0.489
UBE3A,PCDH19,0.406
UBE3A,DLG3,0.913
UBE3A,DLG2,0.913
UBE3A,NLGN4X,0.633
UBE3A,SACS,0.793
UBE3A,TRAPPC9,0.496
UBE3A,RPH3A,0.632
UBE3A,CNTN4,0.482
UBE3A,NRXN1,0.532
UBE3A,NLGN1,0.548
UBE3A,PSMD6,0.762
UBE3A,GRIA1,0.592
UBE3A,ATP1A3,0.419
UBE3A,ATP10A,0.886
UBE3A,GABRG3,0.757
UBE3A,TUBGCP5,0.608
UBE3A,SHANK3,0.647
UBE3A,SYNGAP1,0.402
UBE3A,DLG4,0.447
UBE3A,MAGEL2,0.716
TAF6,TAF4,0.999
TAF6,USP30,0.474
TAF6,CNOT3,0.421
TAF6,MED23,0.832
TAF6,LAS1L,0.911
TAF6,CECR2,0.638
TAF6,USP27X,0.797
TAF6,KMT2A,0.946
PXDN,OXT,0.407
PXDN,AGO2,0.494
PXDN,SERPINE1,0.553
PXDN,CD38,0.413
PXDN,KNG1,0.403
PXDN,PC,0.406
PXDN,SLC6A3,0.409
PXDN,WNT1,0.41
PXDN,PAX6,0.412
PXDN,SNTG2,0.417
PXDN,TEK,0.425
PXDN,FBN1,0.426
PXDN,ANXA1,0.433
PXDN,FABP4,0.439
PXDN,THBS1,0.44
PXDN,TBL1X,0.445
PXDN,RICTOR,0.449
PXDN,ITGB3,0.456
PXDN,MAOA,0.456
PXDN,MAOB,0.478
PXDN,SLC25A27,0.483
PXDN,GRIN2A,0.489
PXDN,EIF4E,0.494
PXDN,PLAUR,0.513
PXDN,BACE1,0.514
PXDN,MAP1B,0.515
PXDN,GRIA1,0.522
PXDN,GRIN2B,0.527
PXDN,NOTCH1,0.531
PXDN,MAP1A,0.537
PXDN,SMAD4,0.561
PXDN,DLG4,0.603
PXDN,PRODH,0.607
PXDN,SOD1,0.614
PXDN,LRP2,0.634
PXDN,IGF1,0.638
PXDN,SYP,0.681
PXDN,PTPRC,0.713
PXDN,CDH2,0.726
PXDN,LEP,0.742
PXDN,GFAP,0.808
ANK3,MAPK8IP1,0.481
ANK3,SNAP25,0.521
ANK3,CIB2,0.512
ANK3,PKD1,0.405
ANK3,TRPC5,0.735
ANK3,SYP,0.454
ANK3,SLC9A1,0.669
ANK3,NRXN2,0.401
ANK3,KCNC1,0.551
ANK3,CACNA1C,0.76
ANK3,CDH2,0.514
ANK3,EPHA1,0.517
ANK3,SYNE1,0.416
ANK3,LZTS2,0.444
ANK3,CACNB2,0.467
ANK3,NRXN1,0.467
ANK3,GRIP1,0.469
ANK3,NEDD4,0.473
ANK3,CTNND1,0.486
ANK3,TRPM6,0.494
ANK3,KCNA2,0.5
ANK3,DLGAP1,0.505
ANK3,CAMTA2,0.509
ANK3,ZNF804A,0.517
ANK3,GRIA1,0.522
ANK3,CADM1,0.526
ANK3,PRKD2,0.531
ANK3,GRIN2B,0.534
ANK3,NOTCH1,0.536
ANK3,TRPM3,0.54
ANK3,DLG4,0.541
ANK3,CLTCL1,0.544
ANK3,DGKI,0.556
ANK3,PRKD1,0.567
ANK3,MAP1B,0.578
ANK3,AGAP1,0.593
ANK3,NLGN4X,0.607
ANK3,SHANK2,0.612
ANK3,SCN4A,0.638
ANK3,TLN2,0.639
ANK3,CNTNAP2,0.64
ANK3,AGAP2,0.641
ANK3,DLG1,0.645
ANK3,DISC1,0.647
ANK3,HOMER1,0.649
ANK3,DMD,0.667
ANK3,TRPC4,0.737
ANK3,SCN1A,0.758
ANK3,ANK2,0.911
ANK3,TTN,0.926
ANK3,KCNQ3,0.942
ANK3,ITPR1,0.946
ANK3,NRCAM,0.953
ANK3,SCN8A,0.959
ANK2,MAPK8IP1,0.42
ANK2,CIB2,0.515
ANK2,PKD1,0.42
ANK2,TRPC5,0.742
ANK2,SLC9A1,0.481
ANK2,NRXN2,0.421
ANK2,CACNA1C,0.63
ANK2,EPHA1,0.499
ANK2,ASAP2,0.522
ANK2,CACNA1D,0.613
ANK2,MAP1B,0.683
ANK2,MAP1A,0.421
ANK2,SCN1A,0.698
ANK2,ITPR1,0.986
ANK2,DLGAP1,0.517
ANK2,KCND3,0.434
ANK2,CADM1,0.519
ANK2,CACNA1H,0.524
ANK2,HOMER1,0.572
ANK2,SHANK2,0.615
ANK2,SCN8A,0.817
ANK2,AKAP9,0.574
ANK2,CACNA2D1,0.415
ANK2,GRIA1,0.403
ANK2,GRIN2B,0.413
ANK2,ATP2B1,0.431
ANK2,SYNGAP1,0.436
ANK2,KCNA2,0.458
ANK2,NEDD4,0.464
ANK2,CACNA1G,0.468
ANK2,NRXN1,0.482
ANK2,TRPM6,0.491
ANK2,CAMTA2,0.51
ANK2,PRKD2,0.531
ANK2,NOTCH1,0.54
ANK2,TRPM3,0.548
ANK2,DLG2,0.553
ANK2,DLG4,0.557
ANK2,CLTCL1,0.558
ANK2,CACNA1E,0.569
ANK2,PRKD1,0.581
ANK2,CNTNAP2,0.623
ANK2,SCN4A,0.635
ANK2,AGAP2,0.643
ANK2,KCNQ3,0.67
ANK2,TLN2,0.67
ANK2,TRPC4,0.747
ANK2,DMD,0.76
ANK2,TTN,0.935
ANK2,NRCAM,0.938
RPL10,EIF3G,0.535
RPL10,PEBP4,0.488
RPL10,SRPRA,0.914
RPL10,EIF5A,0.955
RPL10,GSPT2,0.602
RPL10,CNOT3,0.403
RPL10,POLR3A,0.739
RPL10,LAS1L,0.583
RPL10,HMGN1,0.743
RPL10,KDM5A,0.427
RPL10,DOCK4,0.909
RPL10,WWP1,0.421
RPL10,FRRS1L,0.5
RPL10,CTPS1,0.58
RPL10,EIF3F,0.736
RPL10,CUL7,0.833
RPL10,RSRC1,0.878
EIF5A,HNRNPL,0.479
EIF5A,EIF3G,0.46
EIF5A,KCNC1,0.426
EIF5A,DENR,0.415
EIF5A,U2AF2,0.545
EIF5A,KCND3,0.427
EIF5A,EIF4E,0.402
EIF5A,HNRNPR,0.405
EIF5A,KCNQ3,0.426
EIF5A,KCNS3,0.426
EIF5A,KCNA2,0.426
EIF5A,KCNB1,0.426
EIF5A,KCNC2,0.426
EIF5A,KCNA3,0.427
EIF5A,PDHA1,0.436
EIF5A,EIF3F,0.461
EIF5A,ADGRB1,0.54
EIF5A,PHB,0.604
EIF5A,RSRC1,0.614
EIF5A,HMGN1,0.661
EIF5A,DOCK4,0.701
EIF5A,CUL7,0.795
HLA-DRB1,ABCA7,0.507
HLA-DRB1,WDFY4,0.448
HLA-DRB1,PDCD1,0.769
HLA-DRB1,TBL1X,0.493
HLA-DRB1,AP1S2,0.499
HLA-DRB1,AP2S1,0.499
HLA-DRB1,AP2M1,0.5
HLA-DRB1,DNM1,0.506
HLA-DRB1,HLA-G,0.71
HLA-DRB1,PTPRC,0.739
HLA-DRB1,MLANA,0.906
HLA-DRB1,HLA-A,0.942
HLA-DRB1,HLA-DPB1,0.943
HLA-DRB1,HLA-B,0.963
SNCAIP,MAOB,0.447
SNCAIP,NR4A2,0.449
SNCAIP,SLC6A3,0.749
SNCAIP,GPR37,0.797
SNCAIP,PRKN,0.999
TBL1X,CREBBP,0.607
TBL1X,EP300,0.629
TBL1X,THRA,0.409
TBL1X,CAMK4,0.517
TBL1X,KMT2E,0.763
TBL1X,TPO,0.914
TBL1X,NPAS2,0.491
TBL1X,OFD1,0.742
TBL1X,CPT2,0.453
TBL1X,HDAC8,0.847
TBL1X,ZFX,0.535
TBL1X,SIN3B,0.598
TBL1X,NLGN4X,0.51
TBL1X,CAMK2B,0.417
TBL1X,HLA-A,0.507
TBL1X,NCOA1,0.613
TBL1X,HLA-B,0.507
TBL1X,RUNX1T1,0.427
TBL1X,TBL1XR1,0.999
TBL1X,HLA-DPB1,0.493
TBL1X,PAFAH1B2,0.443
TBL1X,MEIS2,0.419
TBL1X,APBB1,0.419
TBL1X,NOTCH1,0.615
GRIN2B,LIN7B,0.844
GRIN2B,STX1A,0.585
GRIN2B,KATNAL2,0.465
GRIN2B,GFAP,0.579
GRIN2B,PPP1R1B,0.541
GRIN2B,SNAP25,0.559
GRIN2B,GABBR2,0.741
GRIN2B,SYT1,0.497
GRIN2B,SLC6A4,0.542
GRIN2B,SLC1A1,0.725
GRIN2B,SYP,0.705
GRIN2B,GABRA4,0.463
GRIN2B,THRA,0.428
GRIN2B,NRXN2,0.516
GRIN2B,KCNC1,0.45
GRIN2B,CACNA1C,0.443
GRIN2B,SLC6A3,0.553
GRIN2B,KCNH1,0.486
GRIN2B,GABRB2,0.589
GRIN2B,HTR2C,0.441
GRIN2B,SLC1A2,0.739
GRIN2B,GRID2,0.696
GRIN2B,CAMK4,0.478
GRIN2B,BSN,0.62
GRIN2B,GRIA2,0.885
GRIN2B,CACNG2,0.893
GRIN2B,GRIK5,0.726
GRIN2B,SCN1A,0.544
GRIN2B,NLGN2,0.496
GRIN2B,GRM5,0.842
GRIN2B,ITPR1,0.447
GRIN2B,GABRB3,0.579
GRIN2B,ARHGAP32,0.463
GRIN2B,DLGAP1,0.9
GRIN2B,BACE1,0.418
GRIN2B,HTR3C,0.587
GRIN2B,GRID1,0.559
GRIN2B,GRIN2A,0.999
GRIN2B,HOMER1,0.675
GRIN2B,PTPRB,0.472
GRIN2B,PLCB1,0.52
GRIN2B,FOXG1,0.403
GRIN2B,MAOA,0.447
GRIN2B,SHANK2,0.628
GRIN2B,CASKIN1,0.415
GRIN2B,DLG1,0.992
GRIN2B,LRFN2,0.685
GRIN2B,SCN8A,0.462
GRIN2B,HTR3A,0.818
GRIN2B,NLGN4Y,0.448
GRIN2B,GRM7,0.617
GRIN2B,NR3C2,0.47
GRIN2B,NLGN3,0.573
GRIN2B,CNTNAP2,0.542
GRIN2B,DRD2,0.637
GRIN2B,DLL1,0.408
GRIN2B,PRKN,0.75
GRIN2B,AVPR1B,0.461
GRIN2B,CACNA1E,0.417
GRIN2B,CNR1,0.471
GRIN2B,HTR1B,0.463
GRIN2B,GABRA3,0.433
GRIN2B,CACNA1B,0.444
GRIN2B,GRIN1,0.999
GRIN2B,ADNP,0.435
GRIN2B,KCNB1,0.461
GRIN2B,GRIK3,0.711
GRIN2B,STXBP1,0.675
GRIN2B,DLGAP3,0.753
GRIN2B,DLG3,0.998
GRIN2B,TSPYL2,0.461
GRIN2B,DLG2,0.996
GRIN2B,MAOB,0.416
GRIN2B,IL1RAPL1,0.417
GRIN2B,NLGN4X,0.546
GRIN2B,DRD3,0.654
GRIN2B,KCNQ3,0.494
GRIN2B,RPH3A,0.565
GRIN2B,TBR1,0.736
GRIN2B,INPP1,0.402
GRIN2B,DRD1,0.641
GRIN2B,CAMK2B,0.883
GRIN2B,GRIP1,0.477
GRIN2B,EPHB2,0.413
GRIN2B,NRXN1,0.832
GRIN2B,MBD5,0.44
GRIN2B,FOXP2,0.49
GRIN2B,SLC12A5,0.574
GRIN2B,SLC25A12,0.43
GRIN2B,CTNNA3,0.469
GRIN2B,RELN,0.47
GRIN2B,NLGN1,0.755
GRIN2B,GRIK2,0.813
GRIN2B,SATB2,0.432
GRIN2B,DISC1,0.543
GRIN2B,GABRG2,0.567
GRIN2B,GPHN,0.526
GRIN2B,CAMK2D,0.704
GRIN2B,RIMS2,0.462
GRIN2B,GABRA2,0.49
GRIN2B,DPYSL2,0.712
GRIN2B,RIMS1,0.447
GRIN2B,GRIA1,0.934
GRIN2B,GRIK4,0.686
GRIN2B,AGAP2,0.499
GRIN2B,ADORA2A,0.414
GRIN2B,NRXN3,0.414
GRIN2B,CSMD1,0.422
GRIN2B,PPP1R9B,0.449
GRIN2B,CACNA1A,0.458
GRIN2B,DLGAP2,0.514
GRIN2B,SYN2,0.564
GRIN2B,IQSEC2,0.577
GRIN2B,SLC6A1,0.581
GRIN2B,KCNA2,0.612
GRIN2B,SHANK3,0.785
GRIN2B,GRIA3,0.823
GRIN2B,SYNGAP1,0.936
GRIN2B,DLG4,0.999
GRIN2B,CAMK2A,0.999
PRKCB,CORO1A,0.447
PRKCB,CD38,0.922
PRKCB,PHLPP1,0.402
PRKCB,EP300,0.651
PRKCB,SLC9A1,0.911
PRKCB,KCNN2,0.907
PRKCB,CACNA1C,0.916
PRKCB,SLC6A3,0.917
PRKCB,CACNA1D,0.933
PRKCB,GRIA2,0.52
PRKCB,ADCY1,0.715
PRKCB,GNB2,0.704
PRKCB,GRM5,0.441
PRKCB,ITPR1,0.937
PRKCB,LEMD3,0.551
PRKCB,PLCB1,0.935
PRKCB,DRD2,0.419
PRKCB,CACNA1F,0.902
PRKCB,DRD3,0.425
PRKCB,IGF1,0.464
PRKCB,CARD11,0.972
PRKCB,GRIP1,0.413
PRKCB,ADCY3,0.664
PRKCB,PLCD4,0.921
PRKCB,PRKD1,0.91
PRKCB,PRKD2,0.907
PRKCB,PHF21A,0.431
PRKCB,AP2M1,0.486
PRKCB,ADCY5,0.708
PRKCB,GRIA1,0.486
PRKCB,ITGB3,0.768
PRKCB,AP2S1,0.401
PRKCB,GRIA3,0.432
PRKCB,CELF2,0.434
PRKCB,CACNA1A,0.919
PRKCB,GNAI1,0.719
SET,HNRNPL,0.405
SET,TRIM23,0.512
SET,SLC6A4,0.445
SET,CREBBP,0.528
SET,NCAPH2,0.501
SET,MCPH1,0.804
SET,ILF2,0.483
SET,AGAP2,0.594
SET,KMT2A,0.743
SET,SETBP1,0.774
SET,ANP32A,0.999
KMT2E,THBS1,0.461
KMT2E,PHF3,0.557
KMT2E,EP300,0.749
KMT2E,NIPBL,0.5
KMT2E,KMT5B,0.485
KMT2E,BPTF,0.433
KMT2E,SRSF11,0.428
KMT2E,AGO4,0.455
KMT2E,SON,0.457
KMT2E,AGO3,0.463
KMT2E,RUNX1T1,0.47
KMT2E,HDAC8,0.512
KMT2E,ZNF292,0.525
KMT2E,KDM5A,0.553
KMT2E,TNRC6B,0.602
KMT2E,SIN3B,0.64
KMT2E,KMT2A,0.718
KMT2E,TBL1XR1,0.739
SRRM2,FRG1,0.805
SRRM2,EP300,0.509
SRRM2,UPF3B,0.82
SRRM2,ANKRD11,0.447
SRRM2,MINK1,0.402
SRRM2,RERE,0.459
SRRM2,DDX23,0.46
SRRM2,U2AF2,0.615
SRRM2,PUF60,0.651
SRRM2,SRSF11,0.724
SRRM2,SF1,0.942
TBL1XR1,C12orf57,0.482
TBL1XR1,CREBBP,0.706
TBL1XR1,EP300,0.67
TBL1XR1,CAMK4,0.459
TBL1XR1,IKZF1,0.438
TBL1XR1,NPAS2,0.449
TBL1XR1,CPT2,0.418
TBL1XR1,HDAC8,0.77
TBL1XR1,SPEN,0.574
TBL1XR1,SIN3B,0.582
TBL1XR1,CARD11,0.434
TBL1XR1,NCOA1,0.578
TBL1XR1,RUNX1T1,0.44
TBL1XR1,APBB1,0.404
TBL1XR1,TCF7L2,0.46
TBL1XR1,NOTCH1,0.667
RSRC1,EIF3G,0.521
RSRC1,DENR,0.509
RSRC1,DDX23,0.78
RSRC1,TFB2M,0.435
RSRC1,KCNB1,0.436
RSRC1,HMGN1,0.734
RSRC1,KCNS3,0.415
RSRC1,DOCK4,0.898
RSRC1,CUL7,0.687
EP300,AGO2,0.633
EP300,HNRNPL,0.472
EP300,CYP27B1,0.672
EP300,NR1D1,0.766
EP300,KLF16,0.426
EP300,TAF4,0.672
EP300,PER2,0.559
EP300,TERF2,0.418
EP300,FABP4,0.579
EP300,THBS1,0.706
EP300,RORA,0.96
EP300,YY1,0.999
EP300,CREBBP,0.999
EP300,USP24,0.403
EP300,PPP2R5C,0.406
EP300,FAN1,0.409
EP300,BIRC6,0.417
EP300,NR3C2,0.417
EP300,SATB2,0.417
EP300,RORB,0.418
EP300,CARD11,0.419
EP300,EBF3,0.425
EP300,ADNP,0.427
EP300,MTF1,0.428
EP300,ERG,0.428
EP300,IKZF1,0.437
EP300,FAT1,0.439
EP300,NEDD4,0.444
EP300,MBD3,0.456
EP300,SOX6,0.463
EP300,MED12L,0.47
EP300,NIPBL,0.471
EP300,ZBTB7A,0.477
EP300,SOX5,0.497
EP300,ESRRB,0.507
EP300,BPTF,0.517
EP300,TAF1C,0.523
EP300,ZEB2,0.524
EP300,STAG1,0.529
EP300,AGO3,0.54
EP300,HOXA1,0.546
EP300,AGO4,0.549
EP300,TET2,0.555
EP300,CDK19,0.559
EP300,RICTOR,0.566
EP300,GLI3,0.578
EP300,LEP,0.595
EP300,KDM5A,0.599
EP300,SPEN,0.616
EP300,ILF2,0.624
EP300,TNRC6B,0.629
EP300,SIN3B,0.644
EP300,MED23,0.648
EP300,LDB1,0.653
EP300,TCF4,0.66
EP300,PBX1,0.68
EP300,SATB1,0.69
EP300,PTGS2,0.692
EP300,PAX5,0.694
EP300,AUTS2,0.696
EP300,GRIP1,0.71
EP300,BTRC,0.741
EP300,RAD21,0.754
EP300,HDAC8,0.773
EP300,THRA,0.785
EP300,ARNT2,0.793
EP300,MYOCD,0.803
EP300,MEF2C,0.806
EP300,KMT2A,0.831
EP300,TLE3,0.855
EP300,RERE,0.867
EP300,PAX6,0.888
EP300,CAMK2B,0.903
EP300,CAMK2A,0.908
EP300,TCF12,0.912
EP300,EGR3,0.918
EP300,CAMK4,0.922
EP300,NOTCH1,0.94
EP300,HMGN1,0.947
EP300,NPAS2,0.948
EP300,TCF7L2,0.975
EP300,SMAD4,0.994
EP300,NCOA1,0.999
PTPRC,CORO1A,0.52
PTPRC,HNRNPL,0.519
PTPRC,CD38,0.864
PTPRC,GFAP,0.619
PTPRC,FABP4,0.45
PTPRC,THBS1,0.423
PTPRC,SYP,0.59
PTPRC,CDH2,0.56
PTPRC,LRFN5,0.499
PTPRC,LEP,0.407
PTPRC,BACE1,0.452
PTPRC,CD276,0.739
PTPRC,WDFY4,0.433
PTPRC,IKZF1,0.806
PTPRC,PDCD1,0.69
PTPRC,PPFIA3,0.468
PTPRC,PAX5,0.689
PTPRC,CX3CR1,0.75
PTPRC,DPP4,0.99
PTPRC,DLL1,0.442
PTPRC,PTGS2,0.473
PTPRC,ARHGAP30,0.579
PTPRC,HLA-G,0.589
PTPRC,DDX53,0.544
PTPRC,TEK,0.696
PTPRC,LILRB2,0.637
PTPRC,IGF1,0.582
PTPRC,HLA-A,0.539
PTPRC,CARD11,0.443
PTPRC,TCF4,0.42
PTPRC,DOCK8,0.554
PTPRC,MSR1,0.466
PTPRC,HLA-DPB1,0.606
PTPRC,DOCK1,0.409
PTPRC,TET2,0.427
PTPRC,KNG1,0.447
PTPRC,TLN2,0.477
PTPRC,NOTCH1,0.54
PTPRC,ITGB3,0.653
PTPRC,CD99L2,0.728
TAF1C,MBD3,0.413
TAF1C,DPYSL2,0.431
PLAA,KATNAL2,0.491
PLAA,RBM27,0.454
PLAA,TNPO3,0.456
PLAA,SPAST,0.45
PLAA,UBA7,0.406
PLAA,PSMD12,0.611
PLAA,VCP,0.992
PLAA,EBF3,0.518
PLAA,ANXA1,0.493
BTRC,PER2,0.993
BTRC,NUAK1,0.625
BTRC,PSMD11,0.461
BTRC,CREBBP,0.62
BTRC,PHLPP1,0.659
BTRC,RAPGEF2,0.476
BTRC,USP15,0.712
BTRC,WNT1,0.451
BTRC,HNRNPD,0.52
BTRC,PER1,0.962
BTRC,NPAS2,0.641
BTRC,SMAD4,0.889
BTRC,PSMD12,0.435
BTRC,VCP,0.856
BTRC,SMURF1,0.857
BTRC,PRKN,0.505
BTRC,HIVEP2,0.765
BTRC,UBR3,0.42
BTRC,EIF4E,0.424
BTRC,PSMD6,0.432
BTRC,PPP2R5C,0.553
BTRC,CUL7,0.58
BTRC,NEDD4,0.598
BTRC,PRKD1,0.615
BTRC,TLE3,0.641
BTRC,TCF7L2,0.674
BTRC,CSNK1E,0.803
BTRC,RASSF5,0.943
BTRC,GLI3,0.991
SIN3B,KLF16,0.492
SIN3B,THBS1,0.456
SIN3B,YY1,0.529
SIN3B,CREBBP,0.647
SIN3B,PHF12,0.996
SIN3B,IKZF1,0.894
SIN3B,SCN8A,0.432
SIN3B,AGO3,0.439
SIN3B,AGO4,0.444
SIN3B,HDAC8,0.637
SIN3B,ZMYND8,0.403
SIN3B,MBD3,0.408
SIN3B,TNRC6B,0.436
SIN3B,PHF21A,0.494
SIN3B,NCOA1,0.566
SIN3B,KMT2A,0.58
SIN3B,EMSY,0.906
SIN3B,KDM5A,0.923
CREBBP,AGO2,0.602
CREBBP,SERPINE1,0.501
CREBBP,CYP27B1,0.653
CREBBP,TAF4,0.585
CREBBP,GSE1,0.426
CREBBP,PER2,0.481
CREBBP,FABP4,0.558
CREBBP,YY1,0.951
CREBBP,SATB1,0.402
CREBBP,EBF3,0.406
CREBBP,NIPBL,0.407
CREBBP,MTF1,0.408
CREBBP,SETBP1,0.408
CREBBP,ABL2,0.414
CREBBP,NR3C2,0.419
CREBBP,FAT1,0.423
CREBBP,CPT2,0.432
CREBBP,PAX5,0.464
CREBBP,RPS6KA2,0.466
CREBBP,IKZF1,0.47
CREBBP,BAZ2B,0.473
CREBBP,CSNK1E,0.481
CREBBP,MEF2C,0.5
CREBBP,RPS6KA3,0.511
CREBBP,ZMYM3,0.522
CREBBP,TET2,0.532
CREBBP,PBX1,0.539
CREBBP,CDK19,0.545
CREBBP,AGO4,0.545
CREBBP,SBF1,0.547
CREBBP,CARD11,0.556
CREBBP,SPEN,0.563
CREBBP,LEP,0.577
CREBBP,TNRC6B,0.592
CREBBP,MED23,0.621
CREBBP,NPAS2,0.666
CREBBP,AGO3,0.682
CREBBP,TLE3,0.687
CREBBP,GLI3,0.69
CREBBP,KDM5A,0.701
CREBBP,THRA,0.706
CREBBP,HDAC8,0.721
CREBBP,NOTCH1,0.783
CREBBP,PAX6,0.855
CREBBP,CAMK2B,0.91
CREBBP,TCF4,0.916
CREBBP,SMAD4,0.917
CREBBP,EGR3,0.919
CREBBP,CAMK2A,0.919
CREBBP,CDH2,0.934
CREBBP,TCF12,0.937
CREBBP,CAMK4,0.937
CREBBP,TCF7L2,0.966
CREBBP,KMT2A,0.995
CREBBP,NCOA1,0.999
PACS2,WDR37,0.892
PACS2,ITPR1,0.762
PACS2,PACS1,0.462
PACS2,PDZD8,0.589
PACS2,PTDSS1,0.47
CBX4,YY1,0.728
CBX4,ZEB2,0.401
CBX4,SAE1,0.436
CBX4,YWHAG,0.463
CBX4,AGO3,0.499
CBX4,AGO4,0.504
CBX4,TNRC6B,0.505
CBX4,AUTS2,0.542
CBX4,MBD3,0.564
CBX4,SATB1,0.609
CBX4,UBAP2L,0.9
CBX4,CUL7,0.903
ZMYND8,INTS6,0.994
ZMYND8,ZNF532,0.808
ZMYND8,TSPYL2,0.783
ZMYND8,KDM5A,0.644
ZMYND8,INTS1,0.994
ZMYND8,MBD3,0.798
PHF12,KMT2A,0.422
PHF12,DIP2A,0.507
PHF12,HDAC8,0.603
PHF12,STK39,0.78
PHF12,KDM5A,0.932
PHF12,EMSY,0.96
MBD3,ZBTB7A,0.411
MBD3,PHF21A,0.544
MBD3,TET2,0.469
KIF5C,STX1A,0.49
KIF5C,MAPK8IP1,0.507
KIF5C,SNAP25,0.46
KIF5C,GRIA2,0.887
KIF5C,KIF14,0.609
KIF5C,STXBP1,0.443
KIF5C,GRIP1,0.557
KIF5C,MBD5,0.41
KIF5C,SYBU,0.472
KIF5C,DISC1,0.504
KIF5C,MAPK8IP3,0.505
KIF5C,KIF13B,0.651
KIF5C,KIF1A,0.8
KIF5C,GRIA3,0.846
KIF5C,GRIA1,0.871
PACS1,WDR37,0.934
AUTS2,CDH9,0.403
AUTS2,GABRA4,0.541
AUTS2,NRXN2,0.554
AUTS2,GALNT10,0.47
AUTS2,GABRB3,0.548
AUTS2,SLC9A9,0.526
AUTS2,RERE,0.697
AUTS2,MEF2C,0.422
AUTS2,DLGAP2,0.423
AUTS2,CSMD1,0.425
AUTS2,FOXP2,0.427
AUTS2,FOXP1,0.453
AUTS2,HTR1B,0.465
AUTS2,PAX5,0.48
AUTS2,ASTN2,0.486
AUTS2,TBR1,0.488
AUTS2,DLG2,0.506
AUTS2,RELN,0.506
AUTS2,DOCK1,0.514
AUTS2,CNTN4,0.527
AUTS2,NPAS3,0.542
AUTS2,PTCHD1,0.601
AUTS2,PTPRD,0.607
AUTS2,NLGN4X,0.644
AUTS2,NLGN3,0.651
AUTS2,SHANK2,0.683
AUTS2,SHANK3,0.729
AUTS2,NRXN1,0.745
AUTS2,CNTNAP2,0.833
AUTS2,CADPS2,0.871
DVL3,PSMD11,0.4
DVL3,WNT1,0.848
DVL3,PSMD12,0.4
DVL3,PSMD6,0.4
DVL3,CNTNAP4,0.405
DVL3,KDM5A,0.419
DVL3,DRD2,0.472
DVL3,DLG4,0.499
DVL3,PTK7,0.518
DVL3,PPP2R5C,0.556
DVL3,CTNND1,0.583
DVL3,CCDC88C,0.604
DVL3,NOTCH1,0.926
DVL3,CSNK1E,0.94
DVL3,PRICKLE2,0.962
DVL3,PRICKLE1,0.977
MACROD2,KHDRBS2,0.401
MACROD2,CSMD1,0.403
MACROD2,CCSER1,0.404
MACROD2,TCF7L2,0.409
MACROD2,CNTNAP2,0.415
MACROD2,IMMP2L,0.44
MACROD2,SEMA5A,0.452
MACROD2,CDH10,0.48
MACROD2,CDH9,0.508
MACROD2,WWOX,0.513
MACROD2,RBFOX1,0.539
MACROD2,FHIT,0.583
KHDRBS2,UNC5D,0.408
KHDRBS2,SH3RF1,0.426
KHDRBS2,NRXN1,0.439
KHDRBS2,RBFOX1,0.449
KHDRBS2,HNRNPD,0.507
KHDRBS2,HNRNPR,0.626
CSMD1,CACNA1C,0.546
CSMD1,CDH13,0.438
CSMD1,ZNF804A,0.61
CSMD1,DLGAP1,0.435
CSMD1,PCLO,0.495
CSMD1,MCPH1,0.529
CSMD1,ZNF536,0.446
CSMD1,SYNE1,0.463
CSMD1,PTPRT,0.557
CSMD1,PTPRD,0.556
CSMD1,CNTN4,0.443
CSMD1,CADM2,0.423
CSMD1,NRXN1,0.411
CSMD1,RBFOX1,0.441
CSMD1,GRIK2,0.501
CSMD1,SLC35G1,0.431
CSMD1,NAALADL2,0.479
CSMD1,MDGA2,0.515
CSMD1,FHIT,0.418
CSMD1,CNTN5,0.48
CSMD1,TTN,0.454
CSMD1,ZFHX4,0.466
CCSER1,GRID2,0.413
CCSER1,NAALADL2,0.461
CCSER1,WWOX,0.446
TCF7L2,YY1,0.591
TCF7L2,WNT1,0.512
TCF7L2,CTNND2,0.912
TCF7L2,LEP,0.443
TCF7L2,FOXG1,0.521
TCF7L2,SMAD4,0.948
TCF7L2,AGMO,0.455
TCF7L2,ELOVL2,0.457
TCF7L2,POU3F3,0.458
TCF7L2,NKX2-2,0.407
TCF7L2,TCF4,0.852
TCF7L2,EPHB2,0.565
TCF7L2,RBFOX1,0.426
TCF7L2,ADCY5,0.57
TCF7L2,PUF60,0.417
TCF7L2,TLE3,0.883
TCF7L2,ENPP1,0.416
TCF7L2,PAX6,0.424
TCF7L2,CAMK2A,0.496
TCF7L2,LDB1,0.757
CNTNAP2,OXT,0.446
CNTNAP2,CDH9,0.564
CNTNAP2,GABBR2,0.465
CNTNAP2,CNTN3,0.473
CNTNAP2,PCDH10,0.45
CNTNAP2,CDH10,0.516
CNTNAP2,NRXN2,0.485
CNTNAP2,CACNA1C,0.425
CNTNAP2,CDH13,0.455
CNTNAP2,GRID2,0.515
CNTNAP2,DPYSL5,0.825
CNTNAP2,EN2,0.623
CNTNAP2,SCN1A,0.558
CNTNAP2,NLGN2,0.457
CNTNAP2,GRM5,0.69
CNTNAP2,SDC2,0.414
CNTNAP2,GABRB3,0.581
CNTNAP2,ARHGAP32,0.415
CNTNAP2,SLC9A9,0.642
CNTNAP2,OXTR,0.411
CNTNAP2,TPO,0.446
CNTNAP2,GRIN2A,0.475
CNTNAP2,CACNA1H,0.49
CNTNAP2,SLITRK2,0.421
CNTNAP2,ZMIZ1,0.534
CNTNAP2,SHANK2,0.826
CNTNAP2,DNER,0.674
CNTNAP2,DLG1,0.52
CNTNAP2,SCN8A,0.473
CNTNAP2,NLGN4Y,0.414
CNTNAP2,NEGR1,0.537
CNTNAP2,NLGN3,0.913
CNTNAP2,ASTN2,0.553
CNTNAP2,PCDHA4,0.401
CNTNAP2,IL1RAPL1,0.414
CNTNAP2,ELAVL2,0.422
CNTNAP2,PCDH9,0.429
CNTNAP2,PCDH19,0.443
CNTNAP2,CTNNA2,0.451
CNTNAP2,SYNGAP1,0.452
CNTNAP2,CTNNA3,0.455
CNTNAP2,KCNQ3,0.459
CNTNAP2,DRD2,0.461
CNTNAP2,CDH8,0.468
CNTNAP2,DISC1,0.478
CNTNAP2,CADPS2,0.481
CNTNAP2,DLG3,0.484
CNTNAP2,RBFOX1,0.505
CNTNAP2,GRIN1,0.508
CNTNAP2,TTN,0.513
CNTNAP2,ROBO2,0.516
CNTNAP2,CNTN6,0.519
CNTNAP2,RELN,0.529
CNTNAP2,NRXN1,0.543
CNTNAP2,CNTN5,0.576
CNTNAP2,DLGAP2,0.589
CNTNAP2,NRXN3,0.592
CNTNAP2,GRIA1,0.609
CNTNAP2,NRCAM,0.612
CNTNAP2,CMIP,0.634
CNTNAP2,FOXP1,0.646
CNTNAP2,DLG4,0.673
CNTNAP2,PTCHD1,0.744
CNTNAP2,DLG2,0.756
CNTNAP2,NLGN1,0.765
CNTNAP2,IMMP2L,0.777
CNTNAP2,SHANK3,0.789
CNTNAP2,CNTN4,0.799
CNTNAP2,DPP10,0.836
CNTNAP2,DPP6,0.842
CNTNAP2,NLGN4X,0.867
CNTNAP2,FOXP2,0.977
CNTNAP2,KCNA2,0.983
IMMP2L,ST7,0.487
IMMP2L,SLITRK2,0.647
IMMP2L,DRD2,0.422
IMMP2L,NLGN4X,0.478
IMMP2L,ZNF385B,0.409
IMMP2L,RELN,0.42
IMMP2L,TDO2,0.426
IMMP2L,NRXN1,0.447
IMMP2L,WWOX,0.451
IMMP2L,FHIT,0.497
IMMP2L,DOCK4,0.619
SEMA5A,CDH9,0.788
SEMA5A,CDH10,0.745
SEMA5A,CTNND2,0.677
SEMA5A,FBXO40,0.558
SEMA5A,NPAS3,0.462
SEMA5A,PLXNB1,0.79
SEMA5A,NLGN3,0.637
SEMA5A,NRP2,0.614
SEMA5A,ASTN2,0.609
SEMA5A,PRKN,0.42
SEMA5A,NTNG1,0.434
SEMA5A,PTCHD1,0.486
SEMA5A,NLGN4X,0.651
SEMA5A,NTNG2,0.414
SEMA5A,DOCK4,0.416
SEMA5A,DLGAP2,0.438
SEMA5A,GLI3,0.442
SEMA5A,ROBO2,0.451
SEMA5A,PTPRS,0.478
SEMA5A,NRXN1,0.53
SEMA5A,NLGN1,0.58
SEMA5A,CNTN4,0.685
CDH10,CDH9,0.74
CDH10,GABRA4,0.506
CDH10,SCN1A,0.425
CDH10,GRID2,0.429
CDH10,CSMD3,0.432
CDH10,SDC2,0.434
CDH10,PCDH9,0.456
CDH10,CTNND2,0.457
CDH10,KIRREL3,0.466
CDH10,BRINP3,0.494
CDH10,DLGAP2,0.535
CDH10,SHANK2,0.555
CDH10,SHANK3,0.564
CDH10,CTNNA3,0.574
CDH10,PTCHD1,0.588
CDH10,CDH8,0.598
CDH10,CDH22,0.617
CDH10,CDH13,0.619
CDH10,FBXO40,0.631
CDH10,CTNNA2,0.666
CDH10,ASTN2,0.668
CDH10,NRXN1,0.671
CDH10,CTNND1,0.672
CDH10,NLGN1,0.708
CDH10,CDH11,0.718
CDH10,NLGN3,0.724
CDH10,CNTN4,0.731
CDH10,NLGN4X,0.751
CDH10,CDH2,0.843
CDH9,CNTN5,0.401
CDH9,CTNND2,0.404
CDH9,NXPH1,0.408
CDH9,MEGF10,0.439
CDH9,GRID2,0.476
CDH9,GABRA4,0.498
CDH9,CNTNAP4,0.554
CDH9,CDH11,0.557
CDH9,SHANK2,0.568
CDH9,SHANK3,0.592
CDH9,CDH22,0.602
CDH9,PTCHD1,0.619
CDH9,DLGAP2,0.623
CDH9,CTNNA2,0.667
CDH9,CTNND1,0.668
CDH9,ASTN2,0.682
CDH9,FBXO40,0.691
CDH9,NRXN1,0.706
CDH9,NLGN1,0.707
CDH9,CDH8,0.726
CDH9,NLGN3,0.743
CDH9,CDH2,0.745
CDH9,CDH13,0.751
CDH9,CNTN4,0.751
CDH9,NLGN4X,0.77
WWOX,NUP133,0.501
WWOX,RAPGEF2,0.51
WWOX,AHI1,0.451
WWOX,YWHAG,0.401
WWOX,SMAD4,0.583
WWOX,NPAS3,0.419
WWOX,PRKN,0.6
WWOX,AFF2,0.447
WWOX,RBFOX1,0.414
WWOX,SLC45A1,0.43
WWOX,FHIT,0.938
WWOX,ADK,0.669
RBFOX1,SNAP25,0.442
RBFOX1,NOVA2,0.692
RBFOX1,NRXN2,0.476
RBFOX1,CACNA1C,0.428
RBFOX1,CELF6,0.454
RBFOX1,LRFN5,0.42
RBFOX1,U2AF2,0.474
RBFOX1,HNRNPD,0.463
RBFOX1,GRIN2A,0.417
RBFOX1,MEF2C,0.533
RBFOX1,SCN8A,0.421
RBFOX1,NPAS3,0.524
RBFOX1,NLGN3,0.431
RBFOX1,ATP2B2,0.441
RBFOX1,ELAVL2,0.691
RBFOX1,NLGN4X,0.425
RBFOX1,PTPRD,0.484
RBFOX1,NRXN1,0.668
RBFOX1,CTNNA3,0.502
RBFOX1,SHANK3,0.404
RBFOX1,APBA2,0.422
RBFOX1,FHIT,0.435
RBFOX1,NLGN1,0.436
RBFOX1,NRXN3,0.445
RBFOX1,CAMK2A,0.466
RBFOX1,HNRNPF,0.502
RBFOX1,GABRG2,0.565
RBFOX1,CELF2,0.594
RBFOX1,CELF4,0.623
RBFOX1,ATXN2,0.995
FHIT,CDH13,0.599
FHIT,GRID2,0.552
FHIT,SMAD4,0.41
FHIT,NPAS3,0.407
FHIT,GRM7,0.459
FHIT,PRKN,0.579
FHIT,AFF2,0.545
FHIT,NFIB,0.549
FHIT,PTPRD,0.494
FHIT,ACY1,0.4
FHIT,ENPP1,0.452
FHIT,RASSF5,0.543
OXT,TPO,0.406
OXT,NLGN3,0.431
OXT,HTR2C,0.45
OXT,SLC12A5,0.461
OXT,PTGS2,0.468
OXT,SHANK3,0.481
OXT,MAOA,0.484
OXT,SLC6A3,0.505
OXT,TRIO,0.507
OXT,IGF1,0.511
OXT,BST1,0.562
OXT,PLCB1,0.603
OXT,SLC6A4,0.635
OXT,LEP,0.636
OXT,GABBR2,0.692
OXT,CD38,0.706
OXT,HTR1B,0.795
OXT,MAGEL2,0.796
OXT,KNG1,0.824
OXT,DRD2,0.838
OXT,AVPR1B,0.896
OXT,AVPR1A,0.993
OXT,OXTR,0.999
TPO,DPYSL5,0.447
TPO,SNTG2,0.518
TPO,PAH,0.822
TPO,DDC,0.918
NLGN3,SNAP25,0.639
NLGN3,SYT1,0.426
NLGN3,SYP,0.443
NLGN3,GABRA4,0.517
NLGN3,PCDH10,0.437
NLGN3,NRXN2,0.999
NLGN3,GRIA2,0.535
NLGN3,NLGN2,0.683
NLGN3,GRM5,0.735
NLGN3,GABRB3,0.579
NLGN3,SNTG2,0.526
NLGN3,DLGAP1,0.855
NLGN3,SLC9A9,0.678
NLGN3,CADM1,0.713
NLGN3,GRIN2A,0.472
NLGN3,SLITRK2,0.501
NLGN3,HOMER1,0.721
NLGN3,FBXO40,0.639
NLGN3,SHANK2,0.958
NLGN3,DLG1,0.436
NLGN3,OPHN1,0.401
NLGN3,NLGN4Y,0.697
NLGN3,ZFX,0.403
NLGN3,RELN,0.409
NLGN3,DISC1,0.414
NLGN3,CNTNAP4,0.416
NLGN3,NXPH1,0.418
NLGN3,SPARCL1,0.436
NLGN3,AFF2,0.439
NLGN3,GRIN1,0.446
NLGN3,PTPRS,0.476
NLGN3,SYN2,0.477
NLGN3,RIMS3,0.492
NLGN3,ARHGEF9,0.526
NLGN3,GRIA1,0.536
NLGN3,IL1RAPL1,0.568
NLGN3,GPHN,0.648
NLGN3,MDGA2,0.679
NLGN3,ASTN2,0.681
NLGN3,MDGA1,0.686
NLGN3,SYNGAP1,0.729
NLGN3,CNTN4,0.736
NLGN3,DLGAP3,0.763
NLGN3,DLG2,0.776
NLGN3,NLGN4X,0.796
NLGN3,NLGN1,0.799
NLGN3,PTCHD1,0.812
NLGN3,DLGAP2,0.839
NLGN3,DLG3,0.885
NLGN3,PTPRD,0.902
NLGN3,NRXN3,0.94
NLGN3,SHANK3,0.993
NLGN3,DLG4,0.995
NLGN3,NRXN1,0.999
HTR2C,SNAP25,0.43
HTR2C,CHRM3,0.484
HTR2C,GABBR2,0.439
HTR2C,SLC6A4,0.914
HTR2C,AHI1,0.418
HTR2C,CACNA1C,0.918
HTR2C,SLC6A3,0.622
HTR2C,SLC6A1,0.405
HTR2C,GRIA3,0.406
HTR2C,GRIK2,0.41
HTR2C,GRIK5,0.413
HTR2C,HTR3C,0.438
HTR2C,GRIA2,0.457
HTR2C,GRIN2A,0.471
HTR2C,ATP10A,0.491
HTR2C,TRIO,0.499
HTR2C,ATP1A3,0.5
HTR2C,LEP,0.503
HTR2C,GRM5,0.505
HTR2C,MTHFR,0.528
HTR2C,GABRA3,0.547
HTR2C,DRD2,0.548
HTR2C,MAGEL2,0.553
HTR2C,PLCB1,0.573
HTR2C,GNB2,0.576
HTR2C,DLG4,0.655
HTR2C,MAOA,0.691
HTR2C,HTR1B,0.721
HTR2C,MAOB,0.8
HTR2C,HTR3A,0.804
HTR2C,CACNA1F,0.905
HTR2C,CACNA1D,0.921
HTR2C,GNAS,0.972
SLC12A5,GFAP,0.484
SLC12A5,SNAP25,0.438
SLC12A5,GABBR2,0.401
SLC12A5,SYT1,0.579
SLC12A5,SYP,0.424
SLC12A5,GABRA4,0.405
SLC12A5,KCNC1,0.507
SLC12A5,GABRB2,0.421
SLC12A5,SLC1A2,0.545
SLC12A5,BSN,0.414
SLC12A5,GRIA2,0.499
SLC12A5,SCN1A,0.523
SLC12A5,NLGN2,0.44
SLC12A5,GABRB3,0.495
SLC12A5,GRIN2A,0.701
SLC12A5,SCN8A,0.519
SLC12A5,WNK3,0.887
SLC12A5,STK39,0.75
SLC12A5,ATP2B2,0.433
SLC12A5,GRIN1,0.495
SLC12A5,GABRA2,0.402
SLC12A5,SYN2,0.407
SLC12A5,GRIK2,0.419
SLC12A5,ATP1A3,0.422
SLC12A5,CACNA1A,0.434
SLC12A5,KCNJ10,0.456
SLC12A5,DLG4,0.485
SLC12A5,SLC4A10,0.496
SLC12A5,GABRG2,0.539
SLC12A5,GRIA1,0.54
SLC12A5,GPHN,0.592
SLC12A5,SLC6A1,0.651
PTGS2,SERPINE1,0.815
PTGS2,GFAP,0.453
PTGS2,THBS1,0.498
PTGS2,SOD1,0.523
PTGS2,LEP,0.52
PTGS2,HNRNPD,0.452
PTGS2,EGR3,0.416
PTGS2,BACE1,0.446
PTGS2,OXTR,0.507
PTGS2,GRIN2A,0.504
PTGS2,PLAUR,0.489
PTGS2,MAOA,0.466
PTGS2,NR4A2,0.524
PTGS2,NR3C2,0.502
PTGS2,NOTCH1,0.413
PTGS2,CNR1,0.438
PTGS2,HLA-A,0.465
PTGS2,ANXA1,0.479
PTGS2,MAOB,0.496
PTGS2,ITGB3,0.57
PTGS2,IGF1,0.604
PTGS2,KNG1,0.698
PTGS2,CELF2,0.713
SHANK3,KATNAL2,0.439
SHANK3,RHEB,0.421
SHANK3,GABRA4,0.645
SHANK3,PCDH10,0.453
SHANK3,NRXN2,0.897
SHANK3,CACNA1C,0.508
SHANK3,CACNA1D,0.758
SHANK3,GRIA2,0.573
SHANK3,EN2,0.458
SHANK3,LRFN5,0.472
SHANK3,SCN1A,0.502
SHANK3,NLGN2,0.935
SHANK3,GRM5,0.88
SHANK3,GABRB3,0.751
SHANK3,DLGAP1,0.997
SHANK3,OXTR,0.478
SHANK3,GRIN2A,0.638
SHANK3,HOMER1,0.957
SHANK3,FBXO40,0.51
SHANK3,TRIO,0.402
SHANK3,SHANK2,0.98
SHANK3,DLG1,0.587
SHANK3,OPHN1,0.405
SHANK3,NLGN4Y,0.899
SHANK3,ASTN2,0.575
SHANK3,LZTS2,0.809
SHANK3,GRIN1,0.568
SHANK3,ADNP,0.447
SHANK3,PCDH19,0.546
SHANK3,STXBP1,0.415
SHANK3,DLGAP3,0.992
SHANK3,DLG3,0.759
SHANK3,DLG2,0.919
SHANK3,IL1RAPL1,0.4
SHANK3,PTCHD1,0.711
SHANK3,NLGN4X,0.995
SHANK3,TBR1,0.436
SHANK3,WASF1,0.481
SHANK3,CNTN4,0.65
SHANK3,NRXN1,0.961
SHANK3,MBD5,0.434
SHANK3,FOXP2,0.402
SHANK3,ATP2B1,0.405
SHANK3,RELN,0.51
SHANK3,NLGN1,0.978
SHANK3,GRIK2,0.404
SHANK3,DISC1,0.547
SHANK3,GPHN,0.541
SHANK3,RPS6KA2,0.464
SHANK3,GRIA1,0.623
SHANK3,AGAP2,0.414
SHANK3,CYFIP2,0.552
SHANK3,CNTNAP4,0.42
SHANK3,SYN2,0.428
SHANK3,ADSL,0.435
SHANK3,IQSEC2,0.413
SHANK3,CAMK2A,0.509
SHANK3,NRXN3,0.703
SHANK3,SYNGAP1,0.896
SHANK3,DLGAP2,0.988
SHANK3,DLG4,0.996
MAOA,SYT1,0.52
MAOA,SLC6A4,0.942
MAOA,SLC6A3,0.89
MAOA,AVPR1A,0.442
MAOA,ALDH5A1,0.443
MAOA,BACE1,0.454
MAOA,OXTR,0.474
MAOA,PAH,0.406
MAOA,SLC29A4,0.406
MAOA,MTHFR,0.42
MAOA,GABRA2,0.43
MAOA,BCKDK,0.431
MAOA,PDK2,0.438
MAOA,PHF21A,0.471
MAOA,ABAT,0.475
MAOA,CACNA1F,0.492
MAOA,ASMT,0.492
MAOA,TDO2,0.514
MAOA,DPP4,0.522
MAOA,HTR3A,0.554
MAOA,DRD1,0.628
MAOA,DRD3,0.64
MAOA,HTR1B,0.734
MAOA,DRD2,0.736
MAOA,GLO1,0.844
MAOA,PRKN,0.949
MAOA,MAOB,0.965
MAOA,DDC,0.986
SLC6A3,STX1A,0.992
SLC6A3,GFAP,0.47
SLC6A3,PPP1R1B,0.621
SLC6A3,SNAP25,0.588
SLC6A3,GABBR2,0.531
SLC6A3,SLC6A4,0.431
SLC6A3,CUX2,0.424
SLC6A3,SLC1A1,0.472
SLC6A3,SYP,0.482
SLC6A3,GRIA2,0.405
SLC6A3,SYN2,0.416
SLC6A3,HTR3A,0.428
SLC6A3,DLG4,0.44
SLC6A3,SCN8A,0.455
SLC6A3,GRIN2A,0.46
SLC6A3,DISC1,0.479
SLC6A3,GRIA1,0.48
SLC6A3,CNR1,0.482
SLC6A3,GRM5,0.485
SLC6A3,GABRB2,0.514
SLC6A3,SLC29A4,0.521
SLC6A3,ADORA2A,0.537
SLC6A3,SLC1A2,0.54
SLC6A3,SLC9A9,0.559
SLC6A3,GRIN1,0.564
SLC6A3,LMX1B,0.569
SLC6A3,NEDD4,0.592
SLC6A3,KCNB1,0.676
SLC6A3,RIT2,0.707
SLC6A3,HTR1B,0.748
SLC6A3,GPR37,0.783
SLC6A3,DRD3,0.784
SLC6A3,NR4A2,0.788
SLC6A3,PRKN,0.839
SLC6A3,DDC,0.862
SLC6A3,MAOB,0.882
SLC6A3,DRD1,0.906
SLC6A3,CAMK2B,0.907
SLC6A3,CAMK2A,0.949
SLC6A3,DRD2,0.999
TRIO,CHRM3,0.499
TRIO,AVPR1A,0.516
TRIO,GNB2,0.525
TRIO,GRM5,0.544
TRIO,NPFFR2,0.579
TRIO,OXTR,0.517
TRIO,NAV2,0.401
TRIO,ABL2,0.405
TRIO,ANXA1,0.512
TRIO,AVPR1B,0.516
TRIO,KNG1,0.525
TRIO,DISC1,0.544
TRIO,DCC,0.603
TRIO,DOCK1,0.622
IGF1,SERPINE1,0.733
IGF1,GFAP,0.611
IGF1,FABP4,0.455
IGF1,THBS1,0.658
IGF1,RHEB,0.519
IGF1,SYP,0.617
IGF1,CDH2,0.481
IGF1,SOD1,0.503
IGF1,GIGYF1,0.489
IGF1,EPHA1,0.529
IGF1,WNT1,0.4
IGF1,RICTOR,0.586
IGF1,LEP,0.907
IGF1,MEF2C,0.626
IGF1,SMAD4,0.445
IGF1,CX3CR1,0.43
IGF1,DPP4,0.434
IGF1,HSD11B1,0.419
IGF1,CNR1,0.414
IGF1,TCEAL1,0.421
IGF1,FGF14,0.406
IGF1,TEK,0.874
IGF1,SHOX,0.447
IGF1,PAX6,0.427
IGF1,DRD1,0.437
IGF1,ZBTB20,0.451
IGF1,GIGYF2,0.462
IGF1,NOTCH1,0.48
IGF1,EIF4E,0.518
IGF1,ITGB3,0.961
BST1,CD38,0.92
BST1,CNTN3,0.406
BST1,NTNG1,0.4
BST1,CNTN5,0.406
BST1,CNTN4,0.406
BST1,MDGA2,0.414
BST1,MDGA1,0.416
BST1,TECTA,0.416
BST1,NTNG2,0.424
BST1,NEGR1,0.424
BST1,ITGB3,0.532
BST1,ENPP1,0.93
PLCB1,CHRM3,0.607
PLCB1,PCDH10,0.675
PLCB1,DGKI,0.68
PLCB1,ADCY1,0.65
PLCB1,AVPR1A,0.599
PLCB1,SCN1A,0.661
PLCB1,GNB2,0.805
PLCB1,NLGN2,0.422
PLCB1,GRM5,0.749
PLCB1,ITPR1,0.95
PLCB1,NPFFR2,0.517
PLCB1,OXTR,0.578
PLCB1,CACNA1A,0.415
PLCB1,RIMS1,0.465
PLCB1,ANXA1,0.507
PLCB1,AVPR1B,0.541
PLCB1,GRIK3,0.569
PLCB1,KNG1,0.625
PLCB1,TEK,0.65
PLCB1,STXBP1,0.654
PLCB1,ARHGEF9,0.666
PLCB1,ARX,0.668
PLCB1,OCRL,0.69
PLCB1,ADCY5,0.709
PLCB1,PCDH19,0.711
PLCB1,PLCD4,0.721
PLCB1,SYNJ1,0.73
PLCB1,INPP1,0.921
PLCB1,CAMK2B,0.924
PLCB1,GNAI1,0.928
PLCB1,CAMK2A,0.937
SLC6A4,STX1A,0.931
SLC6A4,SNAP25,0.524
SLC6A4,GABBR2,0.542
SLC6A4,RELN,0.409
SLC6A4,GRIK2,0.41
SLC6A4,SLC1A2,0.417
SLC6A4,GRIK4,0.419
SLC6A4,HTR3C,0.429
SLC6A4,ABCA13,0.433
SLC6A4,SLC6A1,0.441
SLC6A4,NRXN3,0.443
SLC6A4,GABRB3,0.455
SLC6A4,GRIN2A,0.46
SLC6A4,CACNA1C,0.461
SLC6A4,DISC1,0.476
SLC6A4,ZNF804A,0.48
SLC6A4,SLC1A1,0.488
SLC6A4,CUX2,0.489
SLC6A4,CNR1,0.489
SLC6A4,LMX1B,0.493
SLC6A4,RNF135,0.504
SLC6A4,GABRA4,0.534
SLC6A4,GABRA2,0.595
SLC6A4,AVPR1A,0.659
SLC6A4,SLC29A4,0.669
SLC6A4,MTHFR,0.679
SLC6A4,OXTR,0.69
SLC6A4,HTR3A,0.726
SLC6A4,ITGB3,0.741
SLC6A4,DDC,0.756
SLC6A4,DRD1,0.763
SLC6A4,DRD3,0.787
SLC6A4,MAOB,0.868
SLC6A4,DRD2,0.91
SLC6A4,HTR1B,0.932
LEP,PON1,0.657
LEP,SERPINE1,0.851
LEP,LRP1,0.735
LEP,NR1D1,0.404
LEP,PER2,0.542
LEP,FABP4,0.804
LEP,SLC9A1,0.451
LEP,BBS4,0.581
LEP,PDE3B,0.567
LEP,NOTCH1,0.411
LEP,DRD2,0.448
LEP,CNR1,0.45
LEP,OXTR,0.459
LEP,HSD11B1,0.465
LEP,NR3C2,0.487
LEP,CDK19,0.499
LEP,MED23,0.499
LEP,TEK,0.546
LEP,LRP2,0.574
LEP,DPP4,0.589
LEP,NCOA1,0.606
GABBR2,PPP1R1B,0.442
GABBR2,SCN1A,0.409
GABBR2,NRXN1,0.414
GABBR2,GRIN1,0.418
GABBR2,ITPR1,0.432
GABBR2,CADM1,0.435
GABBR2,GRM5,0.443
GABBR2,GRIN2A,0.491
GABBR2,CACNA1D,0.505
GABBR2,GRIA3,0.507
GABBR2,KCNJ15,0.509
GABBR2,AGTR2,0.523
GABBR2,CACNA1B,0.536
GABBR2,GRIA1,0.545
GABBR2,GRIA2,0.547
GABBR2,CHRNB3,0.568
GABBR2,DDC,0.571
GABBR2,KCNJ10,0.589
GABBR2,DRD2,0.593
GABBR2,DRD1,0.597
GABBR2,SLC6A1,0.623
GABBR2,SLC1A2,0.631
GABBR2,GRM7,0.653
GABBR2,GNB2,0.661
GABBR2,GABRG3,0.774
GABBR2,GABRA3,0.804
GABBR2,GABRA4,0.812
GABBR2,GABRB2,0.817
GABBR2,GABRG2,0.83
GABBR2,GABRA2,0.89
GABBR2,GABRB3,0.925
GABBR2,GNAI1,0.992
CD38,TET2,0.4
CD38,ITGB3,0.441
CD38,HLA-A,0.445
CD38,CX3CR1,0.446
CD38,DPP4,0.474
CD38,NOTCH1,0.481
CD38,CD276,0.486
CD38,AVPR1A,0.488
CD38,IKZF1,0.507
CD38,ANXA1,0.538
CD38,CD99L2,0.614
CD38,PAX5,0.629
CD38,OXTR,0.727
CD38,PDCD1,0.751
CD38,ENPP1,0.93
HTR1B,SNAP25,0.73
HTR1B,GNB2,0.744
HTR1B,GRM5,0.475
HTR1B,HTR3C,0.45
HTR1B,GRIN2A,0.401
HTR1B,SCN8A,0.555
HTR1B,HTR3A,0.742
HTR1B,DRD2,0.543
HTR1B,GABRA2,0.406
HTR1B,DDC,0.507
HTR1B,AGTR2,0.527
HTR1B,GRIA1,0.563
HTR1B,GNAI1,0.728
HTR1B,MAOB,0.802
MAGEL2,BBS4,0.566
MAGEL2,GABRB3,0.604
MAGEL2,NIPA1,0.596
MAGEL2,NIPA2,0.583
MAGEL2,DYDC2,0.429
MAGEL2,ATP10A,0.856
MAGEL2,GABRG3,0.583
MAGEL2,TUBGCP5,0.625
KNG1,PON1,0.557
KNG1,SERPINE1,0.578
KNG1,ADORA3,0.915
KNG1,CHRM3,0.903
KNG1,THBS1,0.522
KNG1,SOD1,0.478
KNG1,AZGP1,0.449
KNG1,GNB2,0.525
KNG1,ITPR1,0.403
KNG1,GPR37,0.524
KNG1,PLAUR,0.681
KNG1,DPP4,0.511
KNG1,CACNA1B,0.461
KNG1,AGTR2,0.887
KNG1,ANXA1,0.541
KNG1,C4B,0.428
KNG1,NDUFA5,0.502
KNG1,PAFAH1B2,0.404
KNG1,TDO2,0.591
DRD2,TAF4,0.532
DRD2,PPP1R1B,0.764
DRD2,SNAP25,0.516
DRD2,SYT1,0.539
DRD2,CACNA1C,0.508
DRD2,GABRB2,0.465
DRD2,SLC1A2,0.441
DRD2,CHRNB3,0.436
DRD2,GRIA2,0.497
DRD2,ADCY1,0.463
DRD2,GRIK5,0.459
DRD2,ZNF804A,0.6
DRD2,GNB2,0.789
DRD2,GRM5,0.627
DRD2,MSRA,0.474
DRD2,BACE1,0.464
DRD2,OXTR,0.802
DRD2,IL1R2,0.462
DRD2,GRIN2A,0.618
DRD2,NR4A2,0.659
DRD2,SCN8A,0.426
DRD2,HTR3A,0.627
DRD2,GRM7,0.431
DRD2,ITGB3,0.404
DRD2,GABRG3,0.407
DRD2,DPP10,0.412
DRD2,MTHFR,0.418
DRD2,GRIK2,0.418
DRD2,DPP6,0.419
DRD2,GABRG2,0.425
DRD2,NRXN1,0.429
DRD2,DNM1,0.436
DRD2,CTNNA3,0.44
DRD2,ADCY5,0.442
DRD2,CAMK2A,0.447
DRD2,DRD3,0.451
DRD2,GRIK3,0.451
DRD2,DLG4,0.478
DRD2,AVPR1B,0.501
DRD2,CADPS,0.508
DRD2,CACNA1B,0.535
DRD2,RGS7,0.59
DRD2,GRIN1,0.592
DRD2,DDC,0.606
DRD2,GABRA2,0.609
DRD2,GRIA1,0.615
DRD2,DRD1,0.63
DRD2,GNAS,0.639
DRD2,MAOB,0.647
DRD2,PPP1R9B,0.742
DRD2,PPP2R5C,0.903
DRD2,DISC1,0.958
DRD2,CNR1,0.99
DRD2,ADORA2A,0.997
DRD2,GNAI1,0.998
AVPR1B,AVPR1A,0.94
AVPR1B,OXTR,0.64
AVPR1B,CTNNA3,0.403
AVPR1B,GNAS,0.739
AVPR1A,DRD3,0.411
AVPR1A,DRD1,0.44
AVPR1A,GNAS,0.747
AVPR1A,OXTR,0.775
OXTR,CACNA1C,0.727
OXTR,CAMK4,0.467
OXTR,CACNA1D,0.674
OXTR,CACNG2,0.694
OXTR,CACNB2,0.654
OXTR,ANXA1,0.404
OXTR,RELN,0.407
OXTR,CACNA1F,0.65
OXTR,CACNA2D3,0.65
OXTR,CACNB1,0.654
OXTR,CACNA2D1,0.671
OXTR,GNAI1,0.909
OXTR,GNAS,0.992
GLRA2,GPHN,0.502
GLRA2,NOVA2,0.61
GLRA2,NTNG1,0.684
GLRA2,NTNG2,0.686
GPHN,SYT1,0.419
GPHN,SYP,0.809
GPHN,NOVA2,0.527
GPHN,GABRA4,0.427
GPHN,NRXN2,0.831
GPHN,SAE1,0.502
GPHN,GABRB2,0.416
GPHN,GRIA2,0.52
GPHN,MAP1B,0.437
GPHN,NLGN2,0.968
GPHN,GRM5,0.545
GPHN,GABRB3,0.436
GPHN,ARHGAP32,0.475
GPHN,GRIN2A,0.482
GPHN,UBA7,0.462
GPHN,HOMER1,0.733
GPHN,NEO1,0.553
GPHN,SHANK2,0.486
GPHN,NLGN4Y,0.478
GPHN,GABRA3,0.436
GPHN,GRIN1,0.446
GPHN,DLG3,0.472
GPHN,DLG2,0.607
GPHN,NRCAM,0.609
GPHN,NLGN4X,0.767
GPHN,NRXN1,0.831
GPHN,NLGN1,0.722
GPHN,GABRG2,0.755
GPHN,NRXN3,0.404
GPHN,CAMK2A,0.418
GPHN,GABRG3,0.43
GPHN,GABRA2,0.509
GPHN,SLC6A1,0.523
GPHN,GRIA1,0.621
GPHN,SYN2,0.648
GPHN,DLG4,0.884
GPHN,ARHGEF9,0.998
NOVA2,RIMS1,0.423
NOVA2,CELF2,0.433
NOVA2,SF1,0.442
NOVA2,HNRNPH2,0.448
NOVA2,CELF4,0.448
NOVA2,ELAVL2,0.475
NOVA2,GABRG2,0.589
NOVA2,NEO1,0.617
NOVA2,SCN1A,0.7
NTNG1,KATNAL2,0.454
NTNG1,LRRC4,0.924
NTNG1,CNTN3,0.463
NTNG1,LRRC4C,0.999
NTNG1,LRFN5,0.486
NTNG1,NLGN2,0.453
NTNG1,SLITRK2,0.544
NTNG1,FOXG1,0.497
NTNG1,NEO1,0.665
NTNG1,LRFN2,0.496
NTNG1,PTPRS,0.402
NTNG1,NRXN1,0.411
NTNG1,MEGF11,0.422
NTNG1,NLGN1,0.454
NTNG1,UNC5D,0.516
NTNG1,CDH8,0.544
NTNG1,NTNG2,0.551
NTNG1,IL1RAPL1,0.57
NTNG1,LAMA1,0.626
NTNG1,DCC,0.627
NTNG1,ROBO2,0.641
NTNG2,LRRC4,0.999
NTNG2,CUX2,0.432
NTNG2,LRRC4C,0.999
NTNG2,FOXG1,0.469
NTNG2,NEO1,0.616
NTNG2,LRFN2,0.413
NTNG2,RORB,0.462
NTNG2,LAMA1,0.558
NTNG2,NRXN1,0.428
NTNG2,CDH22,0.435
NTNG2,CDH8,0.437
NTNG2,UNC5D,0.515
NTNG2,DCC,0.546
NTNG2,ROBO2,0.616
NTNG2,MDGA1,0.634
CORO1A,IKZF1,0.419
CORO1A,ANXA1,0.477
CORO1A,CTPS1,0.482
CORO1A,SEZ6L2,0.516
CORO1A,DOCK8,0.569
CORO1A,ARHGAP30,0.655
IKZF1,RAD21,0.647
IKZF1,WDFY4,0.497
IKZF1,SATB1,0.4
IKZF1,CASZ1,0.406
IKZF1,DOCK8,0.419
IKZF1,ARHGAP30,0.423
IKZF1,MEF2C,0.426
IKZF1,MEIS2,0.433
IKZF1,BCORL1,0.441
IKZF1,ABL2,0.449
IKZF1,CARD11,0.461
IKZF1,ZMYM2,0.484
IKZF1,SETBP1,0.497
IKZF1,TET2,0.577
IKZF1,PBX1,0.582
IKZF1,NOTCH1,0.628
IKZF1,KMT2A,0.63
IKZF1,FOXP1,0.691
IKZF1,PAX5,0.954
ANXA1,THBS1,0.637
ANXA1,GNB2,0.651
ANXA1,GSTM1,0.468
ANXA1,AGTR2,0.529
ANXA1,MEIS2,0.409
CTPS1,LRBA,0.402
CTPS1,ADSS2,0.651
CTPS1,DPYD,0.561
CTPS1,POLR3A,0.582
CTPS1,QRICH1,0.408
CTPS1,PHB,0.423
CTPS1,ADSL,0.657
CTPS1,ENPP1,0.909
SEZ6L2,TAOK2,0.633
SEZ6L2,GRIA1,0.545
DOCK8,LRBA,0.585
DOCK8,CARD11,0.508
DOCK8,DOCK1,0.512
ARHGAP30,RASSF5,0.462
SCN1A,UNC79,0.515
SCN1A,PCDH10,0.865
SCN1A,KCNC1,0.581
SCN1A,GABRB2,0.615
SCN1A,KCNMA1,0.593
SCN1A,GRIK5,0.5
SCN1A,UNC80,0.402
SCN1A,GRIA1,0.407
SCN1A,IQSEC2,0.418
SCN1A,DNM1,0.42
SCN1A,ATP2B2,0.432
SCN1A,SHANK2,0.435
SCN1A,KCNA3,0.445
SCN1A,FOXG1,0.448
SCN1A,CACNA1A,0.467
SCN1A,KCNJ10,0.472
SCN1A,SYNGAP1,0.472
SCN1A,GABRA2,0.479
SCN1A,CACNA2D3,0.487
SCN1A,NRXN1,0.507
SCN1A,ATP1A3,0.507
SCN1A,CACNA2D1,0.509
SCN1A,KCND3,0.54
SCN1A,CACNB2,0.559
SCN1A,FGF14,0.565
SCN1A,SCN4A,0.567
SCN1A,SLC6A1,0.567
SCN1A,GRIN2A,0.577
SCN1A,GRIK4,0.595
SCN1A,GRIK3,0.619
SCN1A,DEPDC5,0.631
SCN1A,CACNB1,0.634
SCN1A,BACE1,0.649
SCN1A,KCNC2,0.649
SCN1A,GNB2,0.651
SCN1A,ARHGEF9,0.653
SCN1A,KCNB1,0.653
SCN1A,GABRB3,0.654
SCN1A,GRIK2,0.665
SCN1A,GNAI1,0.665
SCN1A,NRCAM,0.675
SCN1A,CACNA1H,0.715
SCN1A,KCNA2,0.721
SCN1A,CACNA1G,0.726
SCN1A,ARX,0.764
SCN1A,SCN8A,0.771
SCN1A,KCNQ3,0.845
SCN1A,STXBP1,0.852
SCN1A,PCDH19,0.938
SCN1A,GABRG2,0.952
HERC1,BIRC6,0.528
HERC1,MYCBP2,0.671
HERC1,CLTCL1,0.672
ADCY5,PPP1R1B,0.533
ADCY5,CACNA1C,0.786
ADCY5,PDE3B,0.805
ADCY5,CAMK4,0.705
ADCY5,ADCY1,0.595
ADCY5,GNB2,0.705
ADCY5,AGMO,0.678
ADCY5,AKAP9,0.618
ADCY5,CNR1,0.922
ADCY5,GNAS,0.981
ADCY5,AGTR2,0.44
ADCY5,DRD1,0.438
ADCY5,CAMK2B,0.728
ADCY5,PDE1C,0.876
ADCY5,ADCY3,0.585
ADCY5,PRKAR1B,0.65
ADCY5,MYCBP2,0.512
ADCY5,ENPP1,0.708
ADCY5,ADORA2A,0.725
ADCY5,CAMK2A,0.76
ADCY5,GNAI1,0.955
FOXG1,DLX2,0.691
FOXG1,GFAP,0.582
FOXG1,CUX2,0.421
FOXG1,FEZF2,0.757
FOXG1,EN2,0.491
FOXG1,NR2F1,0.573
FOXG1,SOX5,0.402
FOXG1,DLX6,0.408
FOXG1,RORB,0.41
FOXG1,SATB1,0.412
FOXG1,POU3F3,0.421
FOXG1,GLI3,0.423
FOXG1,FOXP1,0.429
FOXG1,RELN,0.436
FOXG1,HDAC8,0.452
FOXG1,PCDH19,0.463
FOXG1,MEIS2,0.474
FOXG1,STXBP1,0.522
FOXG1,NKX2-2,0.545
FOXG1,MEF2C,0.609
FOXG1,SMAD4,0.609
FOXG1,OTX1,0.62
FOXG1,LHX2,0.731
FOXG1,SATB2,0.735
FOXG1,TBR1,0.836
FOXG1,PAX6,0.865
NLGN4X,KATNAL2,0.406
NLGN4X,SNAP25,0.407
NLGN4X,GABRA4,0.467
NLGN4X,NRXN2,0.999
NLGN4X,GRID2,0.457
NLGN4X,GRIA2,0.485
NLGN4X,NLGN2,0.704
NLGN4X,GRM5,0.696
NLGN4X,GABRB3,0.572
NLGN4X,SNTG2,0.54
NLGN4X,DLGAP1,0.861
NLGN4X,SLC9A9,0.68
NLGN4X,CADM1,0.725
NLGN4X,GRIN2A,0.471
NLGN4X,SLITRK2,0.509
NLGN4X,HOMER1,0.69
NLGN4X,FBXO40,0.656
NLGN4X,SHANK2,0.964
NLGN4X,DLG1,0.414
NLGN4X,OPHN1,0.413
NLGN4X,NLGN4Y,0.519
NLGN4X,ASTN2,0.726
NLGN4X,GRIN1,0.422
NLGN4X,PCDH11X,0.445
NLGN4X,DLGAP3,0.737
NLGN4X,DLG3,0.863
NLGN4X,DLG2,0.713
NLGN4X,IL1RAPL1,0.623
NLGN4X,ZFX,0.523
NLGN4X,PTCHD1,0.819
NLGN4X,NXPH1,0.407
NLGN4X,DISC1,0.416
NLGN4X,RELN,0.424
NLGN4X,SYN2,0.425
NLGN4X,SPARCL1,0.428
NLGN4X,SHOX,0.433
NLGN4X,RIMS1,0.436
NLGN4X,PTPRS,0.474
NLGN4X,GRIA1,0.514
NLGN4X,NLGN1,0.548
NLGN4X,MDGA1,0.613
NLGN4X,MDGA2,0.626
NLGN4X,SYNGAP1,0.702
NLGN4X,ARHGEF9,0.728
NLGN4X,CNTN4,0.791
NLGN4X,DLGAP2,0.841
NLGN4X,NRXN3,0.859
NLGN4X,DLG4,0.995
NLGN4X,NRXN1,0.999
PDK2,RHEB,0.4
PDK2,RICTOR,0.69
PDK2,MAOB,0.447
PDK2,PDHA1,0.927
PDK2,PRKD1,0.579
PDK2,RPS6KA2,0.41
PDK2,PC,0.505
PHLPP1,DMWD,0.409
PHLPP1,RICTOR,0.435
PHLPP1,PRKAR1B,0.438
PHLPP1,NEDD4,0.443
PHLPP1,DLG4,0.549
TRIM23,TRIM32,0.473
TRIM23,TRIM8,0.557
PRKD1,PKD1,0.893
PRKD1,RICTOR,0.431
PRKD1,RPS6KA3,0.497
PRKD1,CERT1,0.745
PRKD1,CAMTA2,0.495
PRKD1,RPS6KA2,0.501
PRKD1,TLN2,0.719
PRKD1,PRKD2,0.979
EIF4G1,AGO2,0.487
EIF4G1,EIF3G,0.977
EIF4G1,RHEB,0.477
EIF4G1,SMG6,0.87
EIF4G1,UPF3B,0.832
EIF4G1,RICTOR,0.516
EIF4G1,HNRNPD,0.99
EIF4G1,CNOT1,0.814
EIF4G1,LARP1,0.714
EIF4G1,CAPRIN1,0.758
EIF4G1,GSPT2,0.436
EIF4G1,UPF2,0.843
EIF4G1,CNOT3,0.585
EIF4G1,VCP,0.585
EIF4G1,PRKN,0.612
EIF4G1,HDLBP,0.448
EIF4G1,GLI3,0.463
EIF4G1,GIGYF2,0.702
EIF4G1,UBAP2L,0.501
EIF4G1,SYNJ1,0.529
EIF4G1,CELF2,0.42
EIF4G1,CSDE1,0.54
EIF4G1,ATXN2,0.727
EIF4G1,EIF3F,0.952
EIF4G1,EIF4E,0.999
TFE3,RHEB,0.434
TFE3,SYP,0.653
TFE3,YWHAG,0.412
TFE3,SYNE1,0.412
TFE3,SMAD4,0.598
BRSK2,RHEB,0.455
BRSK2,PKD1,0.547
BRSK2,CDK16,0.404
MYCBP2,UBE3C,0.459
MYCBP2,WDFY4,0.462
MYCBP2,FRYL,0.4
MYCBP2,TCEAL1,0.442
MYCBP2,BIRC6,0.644
MYCBP2,UNC13A,0.643
DEPDC5,RHEB,0.753
DEPDC5,PCDH10,0.48
DEPDC5,KPTN,0.999
DEPDC5,SCN8A,0.503
DEPDC5,PCDH19,0.581
DEPDC5,KCNQ3,0.419
DEPDC5,GABRG2,0.482
YWHAG,FAM53C,0.612
YWHAG,SNAP25,0.453
YWHAG,CLASP1,0.42
YWHAG,CDK16,0.587
YWHAG,RICTOR,0.412
YWHAG,GIGYF2,0.403
YWHAG,TET2,0.422
YWHAG,CAPRIN1,0.429
YWHAG,CUL7,0.437
YWHAG,CAMK2D,0.453
YWHAG,MARK1,0.465
YWHAG,HIVEP3,0.468
YWHAG,ILF2,0.468
YWHAG,VCP,0.496
YWHAG,ARHGEF2,0.532
YWHAG,PHB,0.574
YWHAG,NEDD4,0.582
YWHAG,APBB1,0.61
YWHAG,MARK2,0.787
YWHAG,CTNNA2,0.907
YWHAG,CSNK1E,0.908
YWHAG,CTNNA3,0.936
EIF4E,AGO2,0.991
EIF4E,NUP155,0.419
EIF4E,EIF3G,0.83
EIF4E,NUP133,0.421
EIF4E,RHEB,0.892
EIF4E,SMG6,0.427
EIF4E,CPEB4,0.737
EIF4E,GIGYF1,0.56
EIF4E,UPF3B,0.437
EIF4E,DENR,0.479
EIF4E,RICTOR,0.815
EIF4E,HNRNPD,0.69
EIF4E,CNOT1,0.695
EIF4E,PDCD1,0.433
EIF4E,LARP1,0.783
EIF4E,CAPRIN1,0.795
EIF4E,SND1,0.514
EIF4E,UPF2,0.702
EIF4E,CNOT3,0.554
EIF4E,AGO3,0.85
EIF4E,AGO4,0.852
EIF4E,RPS6KA3,0.468
EIF4E,ELAVL2,0.482
EIF4E,GLI3,0.6
EIF4E,GIGYF2,0.741
EIF4E,RPS6KA2,0.478
EIF4E,CSDE1,0.415
EIF4E,CELF2,0.519
EIF4E,CYFIP2,0.653
EIF4E,ATXN2,0.692
EIF4E,EIF3F,0.808
RICTOR,RHEB,0.886
RICTOR,EPHA1,0.438
RICTOR,PDE3B,0.482
RICTOR,PRKD2,0.418
RICTOR,MINK1,0.42
RICTOR,SYAP1,0.438
RICTOR,PRICKLE1,0.485
RICTOR,RPS6KA3,0.491
RICTOR,RPS6KA2,0.551
RICTOR,PREX1,0.684
RICTOR,SMAD4,0.765
RICTOR,INTS6,0.78
PKD1,TRPM1,0.405
PKD1,TRPC5,0.407
PKD1,ITPR1,0.412
PKD1,CEP290,0.415
PKD1,TRPM6,0.459
PKD1,TRPM3,0.459
PKD1,BBS4,0.47
PKD1,OFD1,0.516
PKD1,RGS7,0.609
PKD1,TRPC4,0.803
RPS6KA3,TAOK1,0.433
RPS6KA3,RHEB,0.53
RPS6KA3,SLC9A1,0.414
RPS6KA3,OPHN1,0.41
RPS6KA3,HMGN1,0.412
RPS6KA3,AP2S1,0.504
RPS6KA3,AP2M1,0.612
RPS6KA3,RPS6KA2,0.892
RPS6KA2,RHEB,0.52
RPS6KA2,SLC9A1,0.402
RPS6KA2,AP2M1,0.555
RPS6KA2,AP2S1,0.499
RHEB,SLC7A5,0.467
RHEB,CAMK2A,0.44
RHEB,KPTN,0.611
AGO2,DNAJC5,0.411
AGO2,NUP133,0.414
AGO2,ATXN2,0.422
AGO2,NUP155,0.425
AGO2,GIGYF1,0.429
AGO2,P4HA2,0.441
AGO2,CDH2,0.445
AGO2,HNRNPF,0.448
AGO2,PRKN,0.451
AGO2,ILF2,0.452
AGO2,TRAPPC9,0.454
AGO2,DLG4,0.459
AGO2,GIGYF2,0.482
AGO2,ARHGAP32,0.493
AGO2,LILRB2,0.506
AGO2,ELAVL2,0.509
AGO2,NCOA1,0.52
AGO2,HNRNPL,0.546
AGO2,SMAD4,0.553
AGO2,SYNE1,0.567
AGO2,BIRC6,0.571
AGO2,PHB,0.583
AGO2,LARP1,0.584
AGO2,CNOT3,0.628
AGO2,DHX30,0.632
AGO2,NOTCH1,0.673
AGO2,HNRNPD,0.769
AGO2,YY1,0.796
AGO2,CNOT1,0.892
AGO2,SND1,0.943
AGO2,AGO4,0.988
AGO2,AGO3,0.997
AGO2,TNRC6B,0.998
DNAJC5,STX1A,0.712
DNAJC5,SNAP25,0.827
DNAJC5,SYT1,0.956
DNAJC5,SYP,0.878
DNAJC5,BSN,0.529
DNAJC5,SGSH,0.475
DNAJC5,CLN8,0.847
DNAJC5,PCLO,0.532
DNAJC5,CLCN4,0.444
DNAJC5,SYN2,0.463
DNAJC5,ASMT,0.51
DNAJC5,RIMS1,0.636
DNAJC5,STXBP1,0.69
NUP133,NUP155,0.998
NUP133,LEMD3,0.41
NUP133,SRSF11,0.438
NUP133,ZC3H11A,0.467
NUP133,ZWILCH,0.514
NUP133,TNPO3,0.544
NUP133,UPF3B,0.55
NUP133,U2AF2,0.68
NUP133,SPAST,0.814
ATXN2,CUX2,0.547
ATXN2,SOD1,0.661
ATXN2,ITPR1,0.996
ATXN2,LARP1,0.682
ATXN2,NIPA1,0.483
ATXN2,CAPRIN1,0.778
ATXN2,DMPK,0.406
ATXN2,VCP,0.64
ATXN2,ILF2,0.47
ATXN2,PRKN,0.693
ATXN2,AGO3,0.444
ATXN2,DPP6,0.444
ATXN2,GIGYF2,0.725
ATXN2,UBAP2L,0.481
ATXN2,SYNJ1,0.525
ATXN2,UNC13A,0.507
ATXN2,CIC,0.474
ATXN2,CACNA1A,0.858
NUP155,ZC3H11A,0.41
NUP155,U2AF2,0.41
NUP155,KIF14,0.413
NUP155,SRSF11,0.413
NUP155,KCND3,0.433
NUP155,UPF3B,0.519
NUP155,NAA15,0.536
NUP155,DIP2C,0.541
NUP155,DIP2A,0.545
NUP155,TNPO3,0.631
NUP155,NIPBL,0.799
GIGYF1,ANKRD11,0.42
GIGYF1,CNOT3,0.56
GIGYF1,CNOT1,0.616
GIGYF1,TNRC6B,0.669
GIGYF1,GIGYF2,0.815
P4HA2,WNT1,0.423
P4HA2,COL12A1,0.575
P4HA2,PRODH,0.915
P4HA2,ZNF644,0.43
P4HA2,AGO3,0.531
P4HA2,AGO4,0.55
P4HA2,COL28A1,0.451
CDH2,SERPINE1,0.454
CDH2,GFAP,0.491
CDH2,SNAP25,0.446
CDH2,THBS1,0.585
CDH2,PCDH10,0.904
CDH2,NRXN2,0.422
CDH2,CDH11,0.958
CDH2,CDH13,0.583
CDH2,PTPRS,0.401
CDH2,EPHA1,0.425
CDH2,NRXN1,0.427
CDH2,GRID2,0.433
CDH2,TLN2,0.434
CDH2,SOD1,0.465
CDH2,TEK,0.471
CDH2,WNT1,0.485
CDH2,GRIK2,0.522
CDH2,GRIN1,0.527
CDH2,TRPC4,0.529
CDH2,ARHGAP32,0.53
CDH2,PAX6,0.534
CDH2,CDH22,0.563
CDH2,ROBO2,0.573
CDH2,NRCAM,0.591
CDH2,NEO1,0.594
CDH2,NOTCH1,0.601
CDH2,EPHB2,0.618
CDH2,CDH8,0.62
CDH2,MEF2C,0.63
CDH2,CADM1,0.63
CDH2,DLG4,0.666
CDH2,NLGN1,0.708
CDH2,SMAD4,0.751
CDH2,CTNND2,0.766
CDH2,ZEB2,0.79
CDH2,CDON,0.866
CDH2,CTNNA3,0.882
CDH2,PCDH19,0.9
CDH2,CTNNA2,0.936
CDH2,GRIA2,0.982
CDH2,CTNND1,0.999
HNRNPF,HNRNPL,0.95
HNRNPF,U2AF2,0.876
HNRNPF,HNRNPD,0.941
HNRNPF,CPSF7,0.601
HNRNPF,ILF2,0.855
HNRNPF,SRSF11,0.662
HNRNPF,HNRNPH2,0.866
HNRNPF,HNRNPR,0.918
HNRNPF,SF1,0.777
HNRNPF,PUF60,0.557
PRKN,USP30,0.759
PRKN,PSMD11,0.812
PRKN,SOD1,0.62
PRKN,USP15,0.587
PRKN,DENR,0.507
PRKN,MAP1B,0.479
PRKN,MAP1A,0.571
PRKN,GPR37,0.995
PRKN,CADM1,0.402
PRKN,HOMER1,0.64
PRKN,FBXO40,0.58
PRKN,NR4A2,0.607
PRKN,DLG1,0.423
PRKN,PSMD12,0.804
PRKN,FRYL,0.422
PRKN,VCP,0.928
PRKN,ASTN2,0.442
PRKN,SMURF1,0.745
PRKN,CAMK2A,0.401
PRKN,GRIK2,0.466
PRKN,TBR1,0.468
PRKN,PSMD6,0.476
PRKN,FXN,0.491
PRKN,RAB39B,0.495
PRKN,DLG4,0.503
PRKN,DNM1,0.508
PRKN,GIGYF2,0.582
PRKN,SYNJ1,0.683
PRKN,MAOB,0.97
ILF2,HNRNPL,0.836
ILF2,ZC3H4,0.423
ILF2,RAD21,0.446
ILF2,HNRNPUL2,0.536
ILF2,U2AF2,0.752
ILF2,HNRNPD,0.425
ILF2,SPAST,0.445
ILF2,LARP1,0.523
ILF2,ADNP,0.443
ILF2,DHX30,0.456
ILF2,ELAVL2,0.504
ILF2,PUF60,0.601
ILF2,HNRNPH2,0.858
ILF2,HNRNPR,0.928
TRAPPC9,CC2D1A,0.466
TRAPPC9,RAB43,0.441
TRAPPC9,TRAPPC6B,0.994
TRAPPC9,CHM,0.479
TRAPPC9,TRAPPC2L,0.999
DLG4,LIN7B,0.752
DLG4,STX1A,0.498
DLG4,GDA,0.938
DLG4,LRP1,0.946
DLG4,LRRC4,0.699
DLG4,GFAP,0.699
DLG4,PPP1R1B,0.472
DLG4,SNAP25,0.853
DLG4,SYT1,0.667
DLG4,SLC1A1,0.499
DLG4,SYP,0.898
DLG4,PCDH10,0.528
DLG4,NRXN2,0.987
DLG4,KCNC1,0.458
DLG4,CACNA1C,0.65
DLG4,LRRC4C,0.906
DLG4,SLC1A2,0.722
DLG4,GRID2,0.729
DLG4,GUCY1A2,0.708
DLG4,CAMK4,0.459
DLG4,KCNMA1,0.499
DLG4,DGKI,0.734
DLG4,BSN,0.55
DLG4,GRIA2,0.968
DLG4,MAP1B,0.545
DLG4,LRFN5,0.76
DLG4,CACNG2,0.999
DLG4,MAP1A,0.979
DLG4,GRIK5,0.949
DLG4,NLGN2,0.998
DLG4,GRM5,0.902
DLG4,CTNND2,0.525
DLG4,AGAP1,0.429
DLG4,ARHGAP32,0.6
DLG4,DLGAP1,0.999
DLG4,BACE1,0.618
DLG4,HTR3C,0.54
DLG4,CADM1,0.631
DLG4,GRIN2A,0.999
DLG4,HOMER1,0.988
DLG4,PTPRB,0.446
DLG4,PPFIA3,0.498
DLG4,SHANK2,0.993
DLG4,CASKIN1,0.41
DLG4,DLG1,0.956
DLG4,LRFN2,0.959
DLG4,HTR3A,0.61
DLG4,NLGN4Y,0.986
DLG4,AKAP9,0.555
DLG4,PLXNB1,0.551
DLG4,ATP2B2,0.402
DLG4,SORCS3,0.78
DLG4,KCNA3,0.737
DLG4,LZTS2,0.484
DLG4,LRRC1,0.771
DLG4,GRIN1,0.998
DLG4,DNM1,0.464
DLG4,GRIK3,0.685
DLG4,STXBP1,0.454
DLG4,DLGAP3,0.993
DLG4,DLG3,0.997
DLG4,DLG2,0.969
DLG4,CACNA1F,0.537
DLG4,IL1RAPL1,0.735
DLG4,NRCAM,0.698
DLG4,FRMPD4,0.646
DLG4,RPH3A,0.564
DLG4,TBR1,0.46
DLG4,LAMA1,0.463
DLG4,WASF1,0.501
DLG4,DRD1,0.735
DLG4,CAMK2B,0.831
DLG4,GRIP1,0.737
DLG4,CTNND1,0.561
DLG4,EPHB2,0.438
DLG4,NRXN1,0.991
DLG4,CTNNA3,0.416
DLG4,ATP2B1,0.502
DLG4,NLGN1,0.999
DLG4,GRIK2,0.998
DLG4,DISC1,0.545
DLG4,SYNJ1,0.44
DLG4,CAMK2D,0.511
DLG4,KIF13B,0.975
DLG4,DPYSL2,0.462
DLG4,RIMS1,0.747
DLG4,GRIA1,0.994
DLG4,UNC13A,0.417
DLG4,ADGRB1,0.671
DLG4,KIRREL3,0.572
DLG4,GRIK4,0.717
DLG4,ANKS1B,0.432
DLG4,PTPRS,0.643
DLG4,APBB1,0.521
DLG4,PPP1R9B,0.546
DLG4,SYN2,0.865
DLG4,GRIA3,0.873
DLG4,KCNA2,0.853
DLG4,NRXN3,0.858
DLG4,DLGAP2,0.891
DLG4,ARHGEF9,0.434
DLG4,PRICKLE2,0.712
DLG4,SLC6A1,0.424
DLG4,KCNJ10,0.678
DLG4,IQSEC2,0.797
DLG4,SYNGAP1,0.996
DLG4,LRP2,0.754
DLG4,CAMK2A,0.92
GIGYF2,PHF3,0.562
GIGYF2,NIPBL,0.608
GIGYF2,U2AF2,0.453
GIGYF2,DIPK2A,0.595
GIGYF2,CNOT1,0.736
GIGYF2,LARP1,0.411
GIGYF2,CNOT3,0.569
GIGYF2,ANKRD17,0.639
GIGYF2,RAB39B,0.477
GIGYF2,QRICH1,0.665
GIGYF2,UBN2,0.428
GIGYF2,UBAP2L,0.434
GIGYF2,SYNJ1,0.507
GIGYF2,TNRC6B,0.749
ARHGAP32,NLGN2,0.481
ARHGAP32,CMIP,0.425
ARHGAP32,CAMK2A,0.444
ARHGAP32,ARHGEF9,0.447
ARHGAP32,SYNGAP1,0.669
LILRB2,HLA-G,0.999
LILRB2,NOTCH1,0.401
LILRB2,NCOA1,0.407
LILRB2,SLC7A7,0.447
LILRB2,HYDIN,0.465
LILRB2,HLA-B,0.992
LILRB2,HLA-A,0.992
ELAVL2,HNRNPL,0.657
ELAVL2,FBXO33,0.4
ELAVL2,CACNG2,0.419
ELAVL2,HNRNPUL2,0.703
ELAVL2,HNRNPD,0.4
ELAVL2,GRIN2A,0.428
ELAVL2,GSPT2,0.589
ELAVL2,RGS7,0.432
ELAVL2,MDGA2,0.409
ELAVL2,GALNT13,0.415
NCOA1,CYP27B1,0.92
NCOA1,FABP4,0.569
NCOA1,RORA,0.558
NCOA1,THRA,0.969
NCOA1,ANKRD11,0.601
NCOA1,NPAS2,0.457
NCOA1,MEF2C,0.437
NCOA1,NR4A2,0.415
NCOA1,NR3C2,0.973
NCOA1,MED23,0.549
NCOA1,CDK19,0.551
NCOA1,CPT2,0.409
NCOA1,AGO3,0.503
NCOA1,AGO4,0.52
NCOA1,RORB,0.845
NCOA1,ESRRB,0.54
NCOA1,TNRC6B,0.534
HNRNPL,CELF2,0.418
HNRNPL,PUF60,0.419
HNRNPL,LARP1,0.448
HNRNPL,CNOT1,0.449
HNRNPL,EIF3G,0.452
HNRNPL,SMG6,0.534
HNRNPL,HNRNPUL2,0.574
HNRNPL,TAF4,0.578
HNRNPL,SF1,0.619
HNRNPL,MED23,0.722
HNRNPL,ZNF827,0.753
HNRNPL,HNRNPH2,0.761
HNRNPL,SRSF11,0.777
HNRNPL,HNRNPD,0.924
HNRNPL,U2AF2,0.946
HNRNPL,HNRNPR,0.961
SMAD4,SERPINE1,0.873
SMAD4,DLX2,0.41
SMAD4,MSX2,0.637
SMAD4,MAPK8IP1,0.626
SMAD4,THBS1,0.428
SMAD4,YY1,0.708
SMAD4,THRA,0.449
SMAD4,USP15,0.743
SMAD4,SH3RF1,0.459
SMAD4,ZFYVE9,0.895
SMAD4,WNT1,0.407
SMAD4,LEMD3,0.671
SMAD4,ZBTB7A,0.408
SMAD4,FBN1,0.562
SMAD4,PTCH1,0.47
SMAD4,NFIX,0.479
SMAD4,NEDD4,0.49
SMAD4,SATB2,0.495
SMAD4,PAX6,0.501
SMAD4,MAPK8IP3,0.517
SMAD4,RASSF5,0.52
SMAD4,MARK2,0.529
SMAD4,WAC,0.567
SMAD4,FOXP1,0.633
SMAD4,HIVEP2,0.688
SMAD4,GNAS,0.692
SMAD4,ZEB2,0.699
SMAD4,DLL1,0.719
SMAD4,PBX1,0.772
SMAD4,WWP1,0.787
SMAD4,NOTCH1,0.811
SMAD4,SMURF1,0.912
SMAD4,SKI,0.998
SYNE1,CACNA1C,0.452
SYNE1,RAD21,0.548
SYNE1,CSMD3,0.674
SYNE1,SYCE1,0.514
SYNE1,LEMD3,0.71
SYNE1,CACNB2,0.46
SYNE1,PCLO,0.598
SYNE1,TERB2,0.4
SYNE1,AKAP9,0.656
SYNE1,GRIA1,0.408
SYNE1,CACNA1B,0.425
SYNE1,CTNNA3,0.447
SYNE1,LRP2,0.498
SYNE1,STAG1,0.526
SYNE1,FXN,0.559
SYNE1,ZFHX4,0.578
SYNE1,CACNA1A,0.596
SYNE1,DISC1,0.644
SYNE1,TTN,0.706
BIRC6,NIPBL,0.437
BIRC6,USP24,0.426
BIRC6,BPTF,0.433
BIRC6,TRAF7,0.507
BIRC6,MCPH1,0.602
BIRC6,CDK5RAP2,0.621
BIRC6,TCEAL1,0.447
BIRC6,HECTD1,0.676
BIRC6,KDM5A,0.456
PHB,RAB2A,0.421
PHB,ITPR1,0.402
PHB,HNRNPD,0.431
PHB,VCP,0.706
PHB,TFB2M,0.421
PHB,PDHA1,0.533
PHB,SLC25A12,0.459
PHB,DHX30,0.41
PHB,ATP1A1,0.564
PHB,PC,0.423
LARP1,MKRN1,0.457
LARP1,DDX23,0.47
LARP1,HNRNPD,0.454
LARP1,ANKRD17,0.441
LARP1,CAPRIN1,0.46
CNOT3,MBOAT7,0.468
CNOT3,CNOT1,0.999
CNOT3,MINK1,0.459
CNOT3,TNRC6B,0.534
CNOT3,ZFX,0.651
DHX30,DDX23,0.449
DHX30,CAPRIN1,0.46
DHX30,POLR3A,0.402
DHX30,AP2M1,0.413
NOTCH1,SERPINE1,0.524
NOTCH1,GFAP,0.47
NOTCH1,THBS1,0.4
NOTCH1,MIB1,0.554
NOTCH1,YY1,0.825
NOTCH1,SOD1,0.454
NOTCH1,CAMK4,0.4
NOTCH1,WNT1,0.502
NOTCH1,FABP5,0.406
NOTCH1,PTCH1,0.521
NOTCH1,ZMIZ1,0.752
NOTCH1,MEF2C,0.435
NOTCH1,DNER,0.649
NOTCH1,PAX5,0.698
NOTCH1,FRYL,0.568
NOTCH1,DLL1,0.999
NOTCH1,APH1A,0.979
NOTCH1,GNAS,0.514
NOTCH1,AGO3,0.539
NOTCH1,AGO4,0.532
NOTCH1,HDAC8,0.589
NOTCH1,SPEN,0.79
NOTCH1,TEK,0.481
NOTCH1,CARD11,0.47
NOTCH1,TNRC6B,0.535
NOTCH1,CNTN6,0.547
NOTCH1,NEDD4,0.51
NOTCH1,WWP1,0.42
NOTCH1,KMT2A,0.462
NOTCH1,BCORL1,0.414
NOTCH1,TET2,0.507
NOTCH1,TLE3,0.664
NOTCH1,APBB1,0.492
NOTCH1,ZEB2,0.574
NOTCH1,PAX6,0.589
HNRNPD,PSMD11,0.435
HNRNPD,DENR,0.54
HNRNPD,HNRNPUL2,0.46
HNRNPD,U2AF2,0.852
HNRNPD,PSMD12,0.438
HNRNPD,CPSF7,0.438
HNRNPD,PLXNB1,0.451
HNRNPD,AGO3,0.458
HNRNPD,PSMD6,0.47
HNRNPD,CUL7,0.475
HNRNPD,AGO4,0.483
HNRNPD,CNOT1,0.493
HNRNPD,SF1,0.543
HNRNPD,SRSF11,0.617
HNRNPD,HNRNPH2,0.763
HNRNPD,HNRNPR,0.906
HNRNPD,CSDE1,0.931
YY1,FRG1,0.619
YY1,NEDD4,0.41
YY1,NFIB,0.416
YY1,MEF2C,0.419
YY1,ZMYM2,0.44
YY1,TCF12,0.449
YY1,ADNP,0.46
YY1,APBB1,0.461
YY1,ZBTB7A,0.466
YY1,NFIA,0.471
YY1,FOXP1,0.477
YY1,SATB2,0.479
YY1,NR2F1,0.504
YY1,NIPBL,0.557
YY1,SATB1,0.593
YY1,UBAP2L,0.606
YY1,GTF2I,0.624
YY1,PAX5,0.688
YY1,HDAC8,0.754
YY1,PAX6,0.864
YY1,RAD21,0.902
CNOT1,SMG6,0.544
CNOT1,SLC9A1,0.592
CNOT1,CSDE1,0.449
CNOT1,UPF2,0.451
CNOT1,CAPRIN1,0.461
CNOT1,MINK1,0.492
CNOT1,ANKRD17,0.507
CNOT1,TNRC6B,0.604
CNOT1,QRICH1,0.637
CNOT1,UBAP2L,0.786
SND1,LRRC4,0.455
SND1,SOD1,0.604
SND1,U2AF2,0.486
SND1,CAPRIN1,0.603
SND1,CAMK2B,0.4
SND1,CAMK2A,0.4
SND1,CAMK2D,0.4
SND1,AKAP9,0.535
SND1,AGO3,0.563
SND1,AGO4,0.575
SND1,HDLBP,0.61
AGO4,CPSF7,0.471
AGO4,AGO3,0.966
AGO4,KMT2A,0.463
AGO4,TNRC6B,0.935
AGO3,KMT2A,0.5
AGO3,TNRC6B,0.968
TNRC6B,ZNF292,0.473
TNRC6B,ADNP,0.447
TNRC6B,ADSL,0.443
TNRC6B,KMT2A,0.475
CELF2,U2AF2,0.477
CELF2,DMPK,0.663
CELF2,HNRNPH2,0.417
CELF2,HDLBP,0.439
CELF2,CELF4,0.479
PUF60,EIF3G,0.534
PUF60,HNRNPUL2,0.553
PUF60,U2AF2,0.887
PUF60,SRSF11,0.892
PUF60,SF1,0.937
EIF3G,GSPT2,0.43
EIF3G,HNRNPR,0.456
EIF3G,DOCK4,0.464
EIF3G,DENR,0.735
EIF3G,EIF3F,0.999
SMG6,TERF2,0.524
SMG6,GSPT2,0.414
SMG6,HDAC8,0.525
SMG6,UPF3B,0.903
SMG6,UPF2,0.953
HNRNPUL2,HNRNPH2,0.448
HNRNPUL2,HNRNPR,0.566
TAF4,RUNX1T1,0.414
TAF4,SCAF4,0.52
TAF4,MED23,0.841
TAF4,LAS1L,0.901
TAF4,KMT2A,0.909
SF1,U2AF2,0.999
SF1,DDX23,0.841
SF1,CPSF7,0.465
SF1,WAC,0.595
SF1,PRPF39,0.603
SF1,SRSF11,0.475
SF1,HNRNPH2,0.753
SF1,QRICH1,0.424
SF1,CUL7,0.51
SF1,MARK2,0.789
MED23,CYP27B1,0.525
MED23,FABP4,0.499
MED23,NIPBL,0.525
MED23,CPSF7,0.416
MED23,MED12L,0.918
MED23,CDK19,0.982
ZNF827,TSHZ3,0.457
ZNF827,ZNF18,0.477
ZNF827,ZNF774,0.56
ZNF827,ZNF292,0.417
ZNF827,ZNF385B,0.45
ZNF827,ZNF713,0.472
ZNF827,ZBTB20,0.408
ZNF827,ZNF559,0.506
HNRNPH2,U2AF2,0.56
HNRNPH2,BACE1,0.476
HNRNPH2,SRSF11,0.71
HNRNPH2,HNRNPR,0.677
SRSF11,PHF3,0.523
SRSF11,UPF3B,0.911
SRSF11,U2AF2,0.92
SRSF11,CPSF7,0.647
SRSF11,PRPF39,0.557
SRSF11,UPF2,0.657
SRSF11,SON,0.897
SRSF11,UBN2,0.414
SRSF11,HNRNPR,0.516
U2AF2,UPF3B,0.561
U2AF2,NACC1,0.649
U2AF2,BCORL1,0.427
U2AF2,CAPRIN1,0.458
U2AF2,SCAF1,0.546
U2AF2,WAC,0.555
U2AF2,DDX23,0.725
U2AF2,PRPF39,0.801
U2AF2,HNRNPR,0.829
U2AF2,CPSF7,0.98
HNRNPR,HLA-G,0.477
LIN7B,GRIK2,0.475
LIN7B,GRIN1,0.521
LIN7B,NRXN3,0.531
LIN7B,SYT1,0.546
LIN7B,STX1A,0.556
LIN7B,SYN2,0.564
LIN7B,GRIN2A,0.578
LIN7B,RIMS1,0.58
LIN7B,STXBP1,0.58
LIN7B,TSPOAP1,0.586
LIN7B,NRXN2,0.595
LIN7B,DLG2,0.597
LIN7B,SNAP25,0.603
LIN7B,NRXN1,0.609
LIN7B,DLG3,0.614
LIN7B,PPFIA1,0.649
LIN7B,PPFIA3,0.683
LIN7B,DLG1,0.884
GRIK2,SLC1A1,0.461
GRIK2,NRXN2,0.412
GRIK2,SLC1A2,0.516
GRIK2,GRID2,0.818
GRIK2,GRIA2,0.767
GRIK2,MAP1B,0.534
GRIK2,CACNG2,0.747
GRIK2,GRIK5,0.999
GRIK2,GRM5,0.584
GRIK2,GABRB3,0.653
GRIK2,DLGAP1,0.487
GRIK2,HTR3C,0.563
GRIK2,CADM1,0.463
GRIK2,GRIN2A,0.718
GRIK2,CACNA1H,0.606
GRIK2,DLG1,0.924
GRIK2,SCN8A,0.63
GRIK2,HTR3A,0.692
GRIK2,GRM7,0.816
GRIK2,CACNA1G,0.624
GRIK2,GABRA3,0.52
GRIK2,GRIN1,0.77
GRIK2,DNM1,0.428
GRIK2,GRIK3,0.985
GRIK2,TBX22,0.44
GRIK2,DLGAP3,0.641
GRIK2,DLG3,0.884
GRIK2,DPP6,0.485
GRIK2,PTPRD,0.53
GRIK2,RPH3A,0.404
GRIK2,GRIP1,0.811
GRIK2,NRXN1,0.562
GRIK2,NLGN1,0.628
GRIK2,SCN4A,0.571
GRIK2,GABRA2,0.415
GRIK2,KCNJ10,0.48
GRIK2,NRXN3,0.505
GRIK2,GRIA3,0.657
GRIK2,CAMK2A,0.715
GRIK2,GRIA1,0.751
GRIK2,GRIK4,0.992
GRIN1,P2RX5,0.909
GRIN1,GFAP,0.693
GRIN1,PPP1R1B,0.426
GRIN1,SNAP25,0.553
GRIN1,UNC79,0.402
GRIN1,SYT1,0.436
GRIN1,SLC1A1,0.598
GRIN1,SYP,0.647
GRIN1,NRXN2,0.436
GRIN1,KCNC1,0.445
GRIN1,GABRB2,0.468
GRIN1,SLC1A2,0.622
GRIN1,GRID2,0.675
GRIN1,BSN,0.545
GRIN1,GRIA2,0.901
GRIN1,NAA15,0.545
GRIN1,CACNG2,0.894
GRIN1,GRIK5,0.577
GRIN1,NLGN2,0.469
GRIN1,GRM5,0.792
GRIN1,DLGAP1,0.57
GRIN1,HTR3C,0.578
GRIN1,GRIN2A,0.999
GRIN1,HOMER1,0.641
GRIN1,SHANK2,0.475
GRIN1,DNER,0.402
GRIN1,DLG1,0.878
GRIN1,LRFN2,0.894
GRIN1,HTR3A,0.787
GRIN1,AKAP9,0.468
GRIN1,CACNA2D1,0.446
GRIN1,CNR1,0.413
GRIN1,RIMS2,0.44
GRIN1,DLGAP2,0.442
GRIN1,NRXN1,0.449
GRIN1,DOCK1,0.45
GRIN1,CHRNA7,0.457
GRIN1,DPP10,0.461
GRIN1,EPHB2,0.467
GRIN1,SLC6A1,0.471
GRIN1,DPP6,0.477
GRIN1,DLGAP3,0.507
GRIN1,SYN2,0.538
GRIN1,CAMK2D,0.561
GRIN1,SYNGAP1,0.563
GRIN1,GABRG2,0.587
GRIN1,NLGN1,0.611
GRIN1,CAMK2B,0.687
GRIN1,GRIK3,0.691
GRIN1,GRIK4,0.692
GRIN1,DRD1,0.699
GRIN1,DLG2,0.761
GRIN1,GRIA3,0.877
GRIN1,DLG3,0.879
GRIN1,GRIA1,0.907
GRIN1,CAMK2A,0.911
NRXN3,STX1A,0.577
NRXN3,SNAP25,0.455
NRXN3,SYT1,0.704
NRXN3,NRXN2,0.585
NRXN3,GRID2,0.427
NRXN3,GRIA2,0.416
NRXN3,GRIK5,0.455
NRXN3,NLGN2,0.978
NRXN3,GRM5,0.724
NRXN3,MSRA,0.4
NRXN3,DLGAP1,0.659
NRXN3,GRID1,0.467
NRXN3,HOMER1,0.608
NRXN3,SHANK2,0.725
NRXN3,NLGN4Y,0.827
NRXN3,NEGR1,0.641
NRXN3,CHM,0.424
NRXN3,PCDH19,0.455
NRXN3,STXBP1,0.616
NRXN3,DLGAP3,0.634
NRXN3,DLG3,0.593
NRXN3,DLG2,0.682
NRXN3,DPP6,0.519
NRXN3,PTPRD,0.427
NRXN3,DPP10,0.494
NRXN3,CNTN4,0.672
NRXN3,CADM2,0.562
NRXN3,NXPH1,0.671
NRXN3,NRXN1,0.752
NRXN3,NLGN1,0.964
NRXN3,GRIA1,0.404
NRXN3,APBA2,0.596
NRXN3,CAMK2A,0.404
NRXN3,DLGAP2,0.645
SYT1,STX1A,0.999
SYT1,GFAP,0.544
SYT1,PPFIA1,0.665
SYT1,SNAP25,0.999
SYT1,RAB11FIP5,0.488
SYT1,NLGN2,0.4
SYT1,RPH3A,0.402
SYT1,ALDH1L1,0.411
SYT1,PCLO,0.415
SYT1,DLGAP1,0.433
SYT1,MAP1B,0.434
SYT1,HOMER1,0.434
SYT1,SHANK2,0.436
SYT1,SCGN,0.447
SYT1,GABRG2,0.448
SYT1,SLC1A2,0.454
SYT1,RIMS2,0.458
SYT1,CLTCL1,0.462
SYT1,GRIK5,0.464
SYT1,GRIN2A,0.465
SYT1,CADPS,0.469
SYT1,DPP10,0.471
SYT1,GABRB2,0.475
SYT1,NAV3,0.481
SYT1,GABRA4,0.485
SYT1,MAP1A,0.49
SYT1,KIF1A,0.493
SYT1,AP2M1,0.511
SYT1,STXBP5,0.519
SYT1,DLGAP2,0.52
SYT1,BSN,0.522
SYT1,CAMK2B,0.539
SYT1,LDLR,0.547
SYT1,NLGN1,0.57
SYT1,GRIA2,0.575
SYT1,TSPOAP1,0.575
SYT1,SLC6A1,0.636
SYT1,GRIA1,0.649
SYT1,CAMK2A,0.661
SYT1,DLG2,0.671
SYT1,DNM1,0.69
SYT1,SYNJ1,0.695
SYT1,LRP2,0.704
SYT1,RIMS1,0.718
SYT1,PPFIA3,0.72
SYT1,NRXN2,0.745
SYT1,CACNA1A,0.765
SYT1,CACNA1D,0.767
SYT1,CACNA1B,0.778
SYT1,NRXN1,0.798
SYT1,UNC13A,0.877
SYT1,SYN2,0.888
SYT1,SYP,0.942
SYT1,STXBP1,0.949
STX1A,KCNC1,0.403
STX1A,SYNJ1,0.403
STX1A,CADPS,0.417
STX1A,GNAI1,0.418
STX1A,SHANK2,0.418
STX1A,CACNB2,0.426
STX1A,CACNA2D1,0.468
STX1A,DNM1,0.488
STX1A,PCLO,0.53
STX1A,CACNA1H,0.539
STX1A,ITPR1,0.558
STX1A,DPYSL2,0.582
STX1A,GTF2I,0.607
STX1A,TSPOAP1,0.618
STX1A,NRXN2,0.643
STX1A,RPH3A,0.656
STX1A,KCNA3,0.659
STX1A,NRXN1,0.67
STX1A,PPFIA3,0.679
STX1A,PPFIA1,0.687
STX1A,CLIP2,0.715
STX1A,CACNA1D,0.717
STX1A,CACNA1C,0.759
STX1A,CACNA1A,0.774
STX1A,SYN2,0.775
STX1A,APBA2,0.789
STX1A,SYBU,0.789
STX1A,UNC13A,0.82
STX1A,BSN,0.825
STX1A,SLC6A1,0.9
STX1A,RIMS1,0.903
STX1A,SYP,0.914
STX1A,ST8SIA2,0.94
STX1A,KCNB1,0.98
STX1A,CACNA1B,0.99
STX1A,STXBP5,0.998
STX1A,STXBP1,0.999
STX1A,SNAP25,0.999
SYN2,GFAP,0.653
SYN2,PPFIA1,0.771
SYN2,SNAP25,0.921
SYN2,SYP,0.798
SYN2,NRXN2,0.541
SYN2,GABRB2,0.486
SYN2,CAMK4,0.556
SYN2,GRIA2,0.568
SYN2,MAP1B,0.675
SYN2,NLGN2,0.446
SYN2,GRM5,0.609
SYN2,BACE1,0.591
SYN2,STXBP5,0.817
SYN2,GRIN2A,0.504
SYN2,HOMER1,0.498
SYN2,PPFIA3,0.747
SYN2,DLG1,0.524
SYN2,TSPOAP1,0.534
SYN2,CACNA1B,0.4
SYN2,DNM1,0.725
SYN2,STXBP1,0.797
SYN2,RPH3A,0.434
SYN2,DRD1,0.603
SYN2,CACNB1,0.409
SYN2,NRXN1,0.591
SYN2,NLGN1,0.55
SYN2,DISC1,0.555
SYN2,SYNJ1,0.462
SYN2,RIMS2,0.442
SYN2,RIMS1,0.835
SYN2,GRIA1,0.754
SYN2,UNC13A,0.479
SYN2,SLC6A1,0.423
SYN2,PAX6,0.431
SYN2,CAMK2A,0.647
GRIN2A,P2RX5,0.907
GRIN2A,GFAP,0.527
GRIN2A,PPP1R1B,0.706
GRIN2A,SNAP25,0.538
GRIN2A,SLC1A1,0.671
GRIN2A,SYP,0.665
GRIN2A,PTPN4,0.979
GRIN2A,GABRA4,0.482
GRIN2A,PCDH10,0.427
GRIN2A,NRXN2,0.452
GRIN2A,KCNC1,0.417
GRIN2A,CACNA1C,0.534
GRIN2A,GABRB2,0.55
GRIN2A,SLC1A2,0.783
GRIN2A,GRID2,0.711
GRIN2A,CAMK4,0.452
GRIN2A,CACNA1D,0.515
GRIN2A,BSN,0.588
GRIN2A,GRIA2,0.933
GRIN2A,CACNG2,0.88
GRIN2A,GRIK5,0.67
GRIN2A,NLGN2,0.521
GRIN2A,GRM5,0.841
GRIN2A,GABRB3,0.54
GRIN2A,DLGAP1,0.885
GRIN2A,CACNB2,0.42
GRIN2A,HTR3C,0.578
GRIN2A,GRID1,0.521
GRIN2A,CNTN4,0.402
GRIN2A,CADM2,0.407
GRIN2A,KCNA3,0.418
GRIN2A,ROBO2,0.425
GRIN2A,GRIP1,0.427
GRIN2A,KCNB1,0.432
GRIN2A,RELN,0.433
GRIN2A,SCN4A,0.441
GRIN2A,CNR1,0.443
GRIN2A,GABRG3,0.459
GRIN2A,PCDH19,0.462
GRIN2A,CACNA1B,0.469
GRIN2A,KCNA2,0.482
GRIN2A,STXBP1,0.487
GRIN2A,DRD3,0.49
GRIN2A,SCN8A,0.496
GRIN2A,CACNA1A,0.504
GRIN2A,KCNQ3,0.506
GRIN2A,DISC1,0.507
GRIN2A,GABRA2,0.508
GRIN2A,AGAP2,0.528
GRIN2A,SLC6A1,0.553
GRIN2A,NLGN1,0.554
GRIN2A,SHANK2,0.555
GRIN2A,DLGAP3,0.574
GRIN2A,DLGAP2,0.577
GRIN2A,GABRG2,0.586
GRIN2A,EPHB2,0.593
GRIN2A,NRXN1,0.617
GRIN2A,GRM7,0.645
GRIN2A,IQSEC2,0.649
GRIN2A,SYNGAP1,0.662
GRIN2A,GRIK4,0.69
GRIN2A,GRIK3,0.719
GRIN2A,RPH3A,0.737
GRIN2A,DPYSL2,0.746
GRIN2A,HOMER1,0.768
GRIN2A,CAMK2B,0.769
GRIN2A,DRD1,0.772
GRIN2A,CAMK2D,0.774
GRIN2A,LRFN2,0.802
GRIN2A,HTR3A,0.84
GRIN2A,GRIA3,0.886
GRIN2A,GRIA1,0.926
GRIN2A,CAMK2A,0.968
GRIN2A,DLG1,0.979
GRIN2A,DLG2,0.997
GRIN2A,DLG3,0.998
RIMS1,PPFIA1,0.789
RIMS1,SNAP25,0.949
RIMS1,SYP,0.46
RIMS1,NRXN2,0.491
RIMS1,CACNA1C,0.451
RIMS1,CACNA1D,0.563
RIMS1,BSN,0.659
RIMS1,GRIA2,0.648
RIMS1,DLGAP1,0.454
RIMS1,STXBP5,0.457
RIMS1,HOMER1,0.432
RIMS1,PPFIA3,0.841
RIMS1,SHANK2,0.573
RIMS1,CASKIN1,0.401
RIMS1,TSPOAP1,0.977
RIMS1,TRPM6,0.408
RIMS1,CACNA1E,0.455
RIMS1,CNR1,0.602
RIMS1,CACNA1B,0.636
RIMS1,STXBP1,0.943
RIMS1,DLGAP3,0.46
RIMS1,CACNA1F,0.56
RIMS1,RPH3A,0.459
RIMS1,WASF1,0.435
RIMS1,NRXN1,0.577
RIMS1,NLGN1,0.413
RIMS1,KIF1A,0.443
RIMS1,GRIA1,0.484
RIMS1,GRIK4,0.544
RIMS1,CAMK2A,0.562
RIMS1,CACNA1A,0.671
RIMS1,UNC13A,0.98
STXBP1,PPFIA1,0.643
STXBP1,SNAP25,0.999
STXBP1,SYP,0.672
STXBP1,PCDH10,0.848
STXBP1,NRXN2,0.692
STXBP1,CACNA1C,0.567
STXBP1,KCNMA1,0.439
STXBP1,CACNA1D,0.535
STXBP1,GRIA2,0.406
STXBP1,ITPR1,0.572
STXBP1,GABRB3,0.548
STXBP1,CACNB2,0.531
STXBP1,STXBP5,0.763
STXBP1,PPFIA3,0.685
STXBP1,TSPOAP1,0.517
STXBP1,SCN8A,0.697
STXBP1,CACNA2D1,0.465
STXBP1,SLC9A6,0.415
STXBP1,KCNB1,0.423
STXBP1,DNM1,0.766
STXBP1,PCDH19,0.876
STXBP1,APBB1,0.406
STXBP1,GNAI1,0.439
STXBP1,KCNA2,0.448
STXBP1,DPYSL2,0.461
STXBP1,RIMS2,0.466
STXBP1,ATP1A3,0.469
STXBP1,SYNJ1,0.511
STXBP1,KCNQ3,0.513
STXBP1,GRIA1,0.517
STXBP1,KIF1A,0.519
STXBP1,CACNA1A,0.531
STXBP1,IQSEC2,0.565
STXBP1,SYNGAP1,0.568
STXBP1,CADPS,0.601
STXBP1,GABRG2,0.637
STXBP1,RPH3A,0.657
STXBP1,SLC6A1,0.669
STXBP1,ARHGEF9,0.712
STXBP1,NRXN1,0.746
STXBP1,GRIA3,0.784
STXBP1,ARX,0.8
STXBP1,UNC13A,0.804
STXBP1,APBA2,0.966
TSPOAP1,MAPK8IP1,0.465
TSPOAP1,PPFIA1,0.65
TSPOAP1,SNAP25,0.558
TSPOAP1,PPFIA3,0.692
TSPOAP1,C15orf62,0.413
TSPOAP1,CACNA1A,0.533
TSPOAP1,RIMS2,0.97
NRXN2,LRRC4,0.485
NRXN2,PPFIA1,0.453
NRXN2,SNAP25,0.649
NRXN2,SYP,0.511
NRXN2,IL1RAPL1,0.402
NRXN2,UNC13A,0.405
NRXN2,CACNG2,0.408
NRXN2,SYNGAP1,0.409
NRXN2,GRID1,0.425
NRXN2,GRIK5,0.44
NRXN2,PTPRD,0.442
NRXN2,RIMS2,0.448
NRXN2,NRCAM,0.449
NRXN2,CNTN4,0.454
NRXN2,SPARCL1,0.456
NRXN2,DLG1,0.457
NRXN2,CASKIN1,0.462
NRXN2,LRRC4C,0.471
NRXN2,GRIP1,0.49
NRXN2,LRFN5,0.493
NRXN2,LRFN2,0.501
NRXN2,CAMK2A,0.507
NRXN2,EPHA1,0.525
NRXN2,ARHGEF9,0.532
NRXN2,GRIA1,0.538
NRXN2,PPFIA3,0.539
NRXN2,POMT1,0.592
NRXN2,PTPRS,0.605
NRXN2,GRIA2,0.607
NRXN2,MDGA1,0.612
NRXN2,DMD,0.615
NRXN2,PCDH11X,0.634
NRXN2,KCNA2,0.654
NRXN2,APBA2,0.659
NRXN2,FOXP2,0.668
NRXN2,ADGRL1,0.676
NRXN2,HOMER1,0.687
NRXN2,CADM1,0.71
NRXN2,DLG3,0.713
NRXN2,GRM5,0.713
NRXN2,DLGAP2,0.714
NRXN2,DLGAP3,0.719
NRXN2,POMGNT1,0.723
NRXN2,DLG2,0.741
NRXN2,DLGAP1,0.743
NRXN2,NXPH1,0.827
NRXN2,GRID2,0.88
NRXN2,SHANK2,0.88
NRXN2,NRXN1,0.922
NRXN2,NLGN2,0.999
NRXN2,NLGN1,0.999
NRXN2,NLGN4Y,0.999
DLG2,SNAP25,0.444
DLG2,SYP,0.468
DLG2,GABRB2,0.438
DLG2,LRRC4C,0.446
DLG2,GRID2,0.698
DLG2,CAMK4,0.53
DLG2,GRIA2,0.815
DLG2,GALNT10,0.427
DLG2,LRFN5,0.426
DLG2,CACNG2,0.783
DLG2,MAP1A,0.664
DLG2,NLGN2,0.784
DLG2,GRM5,0.702
DLG2,CTNND2,0.432
DLG2,DLGAP1,0.89
DLG2,GRID1,0.406
DLG2,HOMER1,0.821
DLG2,SHANK2,0.811
DLG2,DLG1,0.962
DLG2,NLGN4Y,0.696
DLG2,ATP2B2,0.53
DLG2,SMURF1,0.405
DLG2,KCNB1,0.417
DLG2,DLGAP3,0.847
DLG2,DLG3,0.984
DLG2,MDGA2,0.402
DLG2,GALNT13,0.417
DLG2,ANKS1B,0.428
DLG2,NRCAM,0.433
DLG2,PARD3B,0.469
DLG2,CTNNA2,0.486
DLG2,CAMK2D,0.49
DLG2,DPYSL2,0.528
DLG2,KCNA2,0.603
DLG2,IQSEC2,0.618
DLG2,CTNNA3,0.634
DLG2,CNTN4,0.65
DLG2,CAMK2B,0.65
DLG2,GRIA3,0.655
DLG2,CAMK2A,0.688
DLG2,NRXN1,0.778
DLG2,DLGAP2,0.811
DLG2,NLGN1,0.868
DLG2,SYNGAP1,0.884
DLG2,GRIA1,0.908
SNAP25,GFAP,0.762
SNAP25,PPFIA1,0.631
SNAP25,RIMS3,0.401
SNAP25,GNB2,0.409
SNAP25,KCNMA1,0.41
SNAP25,NRCAM,0.415
SNAP25,RIT2,0.416
SNAP25,DPYSL2,0.418
SNAP25,DRD3,0.419
SNAP25,GRIA3,0.427
SNAP25,CAMK2B,0.429
SNAP25,NLGN4Y,0.435
SNAP25,GABRB2,0.441
SNAP25,CDH13,0.45
SNAP25,DRD1,0.451
SNAP25,ATP1A3,0.457
SNAP25,CACNA1H,0.469
SNAP25,NLGN1,0.47
SNAP25,KCNC1,0.476
SNAP25,BACE1,0.48
SNAP25,GNAI1,0.499
SNAP25,ATP2B2,0.503
SNAP25,GRM5,0.505
SNAP25,CACNB2,0.506
SNAP25,RIMS2,0.508
SNAP25,GRIP1,0.522
SNAP25,KIF1A,0.541
SNAP25,ST8SIA2,0.548
SNAP25,MAP1B,0.57
SNAP25,CADPS,0.571
SNAP25,GRIK4,0.578
SNAP25,VCP,0.582
SNAP25,CAMK2A,0.589
SNAP25,CACNA1E,0.601
SNAP25,SLC1A2,0.602
SNAP25,ITPR1,0.606
SNAP25,SLC6A1,0.607
SNAP25,SCN8A,0.632
SNAP25,PCLO,0.666
SNAP25,SYNJ1,0.672
SNAP25,GABRG2,0.698
SNAP25,SYBU,0.704
SNAP25,PPFIA3,0.704
SNAP25,GRIA2,0.707
SNAP25,DNM1,0.716
SNAP25,GRIA1,0.731
SNAP25,CACNA1D,0.736
SNAP25,BSN,0.75
SNAP25,NRXN1,0.753
SNAP25,KCNB1,0.776
SNAP25,CACNA1C,0.782
SNAP25,UNC13A,0.806
SNAP25,CACNA1A,0.875
SNAP25,CACNA1B,0.884
SNAP25,SCGN,0.897
SNAP25,RPH3A,0.966
SNAP25,SYP,0.98
SNAP25,STXBP5,0.998
NRXN1,LRRC4,0.45
NRXN1,GFAP,0.414
NRXN1,PPFIA1,0.458
NRXN1,SYP,0.557
NRXN1,CNTN3,0.434
NRXN1,GABRA4,0.663
NRXN1,PCDH10,0.474
NRXN1,CACNA1C,0.492
NRXN1,GABRB2,0.633
NRXN1,EPHA1,0.525
NRXN1,LRRC4C,0.693
NRXN1,GRID2,0.915
NRXN1,GRIA2,0.695
NRXN1,LRFN5,0.532
NRXN1,CACNG2,0.435
NRXN1,GRIK5,0.502
NRXN1,ZNF804A,0.67
NRXN1,NLGN2,0.999
NRXN1,GRM5,0.766
NRXN1,CTNND2,0.451
NRXN1,GABRB3,0.63
NRXN1,TAOK2,0.524
NRXN1,MSRA,0.425
NRXN1,DLGAP1,0.774
NRXN1,CADM1,0.726
NRXN1,GRID1,0.482
NRXN1,HOMER1,0.706
NRXN1,PPFIA3,0.53
NRXN1,FBXO40,0.567
NRXN1,ADGRL1,0.711
NRXN1,SHANK2,0.914
NRXN1,CASKIN1,0.924
NRXN1,DLG1,0.472
NRXN1,LRFN2,0.517
NRXN1,NLGN4Y,0.999
NRXN1,PRODH,0.416
NRXN1,GRM7,0.418
NRXN1,NEGR1,0.421
NRXN1,ASTN2,0.684
NRXN1,DMD,0.662
NRXN1,CACNA1B,0.427
NRXN1,POMGNT1,0.672
NRXN1,POMT1,0.563
NRXN1,RIMS3,0.42
NRXN1,PCDH19,0.478
NRXN1,GRIK3,0.425
NRXN1,PCDH11X,0.661
NRXN1,DLGAP3,0.733
NRXN1,DLG3,0.717
NRXN1,DPP6,0.46
NRXN1,PCDH9,0.435
NRXN1,IL1RAPL1,0.518
NRXN1,NRCAM,0.5
NRXN1,PTCHD1,0.604
NRXN1,PTPRD,0.516
NRXN1,DRD3,0.448
NRXN1,TBR1,0.643
NRXN1,DPP10,0.441
NRXN1,CAMK2B,0.425
NRXN1,CNTN4,0.805
NRXN1,GRIP1,0.489
NRXN1,CADM2,0.531
NRXN1,NXPH1,0.973
NRXN1,CTNNA2,0.646
NRXN1,CTNNA3,0.401
NRXN1,MBD5,0.404
NRXN1,AP2M1,0.412
NRXN1,MDGA2,0.414
NRXN1,HS3ST5,0.43
NRXN1,GABRG3,0.433
NRXN1,GABRA2,0.44
NRXN1,CACNA1A,0.461
NRXN1,CNTN5,0.481
NRXN1,UNC13A,0.485
NRXN1,CNTNAP4,0.488
NRXN1,SLC6A1,0.495
NRXN1,CNTNAP5,0.504
NRXN1,GRIA3,0.509
NRXN1,SYNGAP1,0.519
NRXN1,ARHGEF9,0.541
NRXN1,RIMS2,0.541
NRXN1,CAMK2A,0.542
NRXN1,RELN,0.553
NRXN1,GABRG2,0.556
NRXN1,CNTN6,0.591
NRXN1,MDGA1,0.592
NRXN1,GRIA1,0.6
NRXN1,DISC1,0.602
NRXN1,KIF1A,0.627
NRXN1,KCNA2,0.632
NRXN1,FOXP2,0.665
NRXN1,SPARCL1,0.71
NRXN1,PTPRS,0.75
NRXN1,DLGAP2,0.803
NRXN1,APBA2,0.82
NRXN1,NLGN1,0.999
DLG3,GDA,0.901
DLG3,SYP,0.414
DLG3,GRID2,0.507
DLG3,GUCY1A2,0.413
DLG3,GRIA2,0.789
DLG3,CACNG2,0.9
DLG3,GRIK5,0.726
DLG3,NLGN2,0.883
DLG3,GRM5,0.642
DLG3,DLGAP1,0.887
DLG3,CADM1,0.787
DLG3,HOMER1,0.707
DLG3,SHANK2,0.744
DLG3,DLG1,0.974
DLG3,LRFN2,0.944
DLG3,OPHN1,0.47
DLG3,NLGN4Y,0.848
DLG3,KCNA3,0.713
DLG3,GRIK3,0.603
DLG3,DLGAP3,0.835
DLG3,IQSEC2,0.435
DLG3,ADGRB1,0.445
DLG3,CAMK2D,0.462
DLG3,GRIP1,0.463
DLG3,ARHGEF9,0.534
DLG3,FRMPD4,0.548
DLG3,CAMK2B,0.569
DLG3,PTCHD1,0.587
DLG3,NRCAM,0.627
DLG3,GRIK4,0.632
DLG3,GRIA3,0.644
DLG3,CAMK2A,0.688
DLG3,GRIA1,0.815
DLG3,DLGAP2,0.872
DLG3,NLGN1,0.892
DLG3,SYNGAP1,0.946
DLG3,NEDD4,0.946
PPFIA1,CASKIN1,0.405
PPFIA1,BSN,0.418
PPFIA1,UNC13A,0.428
PPFIA1,PRICKLE1,0.476
PPFIA1,SHANK2,0.486
PPFIA1,MACF1,0.489
PPFIA1,TANC2,0.5
PPFIA1,PPP1R9B,0.514
PPFIA1,RIMS2,0.514
PPFIA1,PPFIA3,0.544
PPFIA1,TLN2,0.544
PPFIA1,MAPK8IP3,0.613
PPFIA1,GRIA1,0.621
PPFIA1,KIF1A,0.834
PPFIA1,GRIP1,0.913
PPFIA1,PTPRD,0.973
PPFIA1,PTPRS,0.985
PPFIA3,SYP,0.414
PPFIA3,BSN,0.422
PPFIA3,GRIA2,0.417
PPFIA3,NLGN2,0.408
PPFIA3,GRIA1,0.422
PPFIA3,TANC2,0.444
PPFIA3,TLN2,0.451
PPFIA3,RIMS3,0.489
PPFIA3,CASKIN1,0.505
PPFIA3,UNC13A,0.527
PPFIA3,PPP1R9B,0.56
PPFIA3,RIMS2,0.601
PPFIA3,MAPK8IP3,0.673
PPFIA3,KIF1A,0.765
PPFIA3,GRIP1,0.781
PPFIA3,PTPRS,0.894
PPFIA3,PTPRD,0.966
DLG1,GDA,0.723
DLG1,MAST3,0.416
DLG1,SYP,0.424
DLG1,KCNC1,0.522
DLG1,GRIA2,0.809
DLG1,CACNG2,0.941
DLG1,GRIK5,0.617
DLG1,NLGN2,0.44
DLG1,DLGAP1,0.952
DLG1,KCND3,0.632
DLG1,HOMER1,0.553
DLG1,SHANK2,0.416
DLG1,NLGN4Y,0.402
DLG1,DISC1,0.41
DLG1,DMD,0.425
DLG1,PTPRS,0.458
DLG1,KCNA2,0.466
DLG1,CAMK2D,0.466
DLG1,NLGN1,0.483
DLG1,CAMK2B,0.556
DLG1,GRIK4,0.559
DLG1,GRIK3,0.575
DLG1,IQSEC2,0.582
DLG1,SYNGAP1,0.66
DLG1,KCNJ10,0.692
DLG1,GRIA3,0.697
DLG1,GRIP1,0.707
DLG1,DLGAP2,0.714
DLG1,CAMK2A,0.721
DLG1,NRCAM,0.752
DLG1,KIF13B,0.783
DLG1,KCNA3,0.814
DLG1,LRFN2,0.935
DLG1,GRIA1,0.999
TBCB,CADM2,0.402
TBCB,AP2S1,0.474
TBCB,TBCEL,0.486
CADM2,HEPACAM,0.469
CADM2,CADM1,0.825
AP2S1,GRIA2,0.519
AP2S1,DNM1,0.621
AP2S1,EPHB1,0.508
AP2S1,GRIP1,0.512
AP2S1,EPHB2,0.509
AP2S1,AP2M1,0.999
AP2S1,HLA-DPB1,0.504
AP2S1,SYNJ1,0.624
AP2S1,GRIA1,0.522
AP2S1,CLTCL1,0.955
AP2S1,LDLR,0.522
AP2S1,GRIA3,0.507
AP2S1,LRP2,0.553
AP2S1,AP1S2,0.751
TBCEL,TECTA,0.455
ICA1,RAB2A,0.886
ICA1,ASAP2,0.445
TEK,THBS1,0.49
TEK,PTPRB,0.896
TEK,NIPA1,0.424
TEK,CX3CR1,0.572
TEK,NRP2,0.4
GNB2,CACNA1C,0.658
GNB2,CACNA1D,0.651
GNB2,ADCY1,0.803
GNB2,CSNK1G1,0.433
GNB2,SSR4,0.452
GNB2,ATP2B1,0.453
GNB2,GRIK3,0.503
GNB2,CACNB2,0.505
GNB2,KCNJ10,0.534
GNB2,KCNJ15,0.534
GNB2,AGTR2,0.545
GNB2,GNB1L,0.56
GNB2,CACNA1F,0.651
GNB2,RGS7,0.671
GNB2,ADCY3,0.703
GNB2,ITPR1,0.704
GNB2,CNR1,0.725
GNB2,CACNA1B,0.744
GNB2,CACNA1A,0.744
GNB2,CACNA1G,0.825
GNB2,CACNA1H,0.829
GNB2,DRD3,0.848
GNB2,PREX1,0.932
GNB2,ADGRL1,0.968
GNB2,GNAI1,0.979
GNB2,GNAS,0.986
PLCD4,DGKI,0.752
PLCD4,ITPR1,0.92
PLCD4,OCRL,0.66
PLCD4,INPP1,0.901
PLCD4,SYNJ1,0.668
SYNJ1,SYP,0.465
SYNJ1,RAB39B,0.581
SYNJ1,OCRL,0.937
SYNJ1,SMAP2,0.428
SYNJ1,DNM1,0.874
SYNJ1,AP2M1,0.867
SYNJ1,AP1S2,0.606
SYNJ1,CLTCL1,0.907
OCRL,ACAP2,0.624
OCRL,ASPM,0.514
OCRL,DOCK1,0.407
OCRL,WASF1,0.422
OCRL,CLCN4,0.448
OCRL,HYDIN,0.571
OCRL,AP1S2,0.584
OCRL,SNX5,0.587
OCRL,LRP2,0.606
OCRL,CLTCL1,0.694
GNAI1,ADORA3,0.92
GNAI1,MKRN1,0.436
GNAI1,CACNA1C,0.664
GNAI1,CACNA1D,0.658
GNAI1,ADCY1,0.798
GNAI1,ITPR1,0.477
GNAI1,CACNB2,0.629
GNAI1,ADGRL1,0.757
GNAI1,CX3CR1,0.966
GNAI1,RGS7,0.836
GNAI1,CNR1,0.995
GNAI1,GNAS,0.728
GNAI1,CACNA1B,0.675
GNAI1,AGTR2,0.545
GNAI1,CACNA1F,0.658
GNAI1,DRD3,0.983
GNAI1,ADCY3,0.768
GNAI1,CACNA1A,0.697
PREX1,DOCK1,0.551
THRA,TCF20,0.463
THRA,NPAS2,0.522
THRA,MED12L,0.658
THRA,GRIP1,0.722
PON1,SERPINE1,0.406
PON1,AZGP1,0.48
PON1,UNC13A,0.489
PON1,GSTM1,0.496
PON1,LDLR,0.563
PON1,HDLBP,0.57
PON1,MSR1,0.581
PON1,MTHFR,0.607
SERPINE1,CSNK1E,0.414
SERPINE1,FABP4,0.43
SERPINE1,FBN1,0.431
SERPINE1,DPP4,0.451
SERPINE1,ITGB3,0.519
SERPINE1,NPAS2,0.563
SERPINE1,LRP2,0.688
SERPINE1,MTHFR,0.695
SERPINE1,THBS1,0.819
SERPINE1,LRP1,0.988
SERPINE1,PLAUR,0.994
AZGP1,FABP4,0.57
AZGP1,PLXNB1,0.407
AZGP1,ZFHX3,0.424
AZGP1,LRP2,0.444
AZGP1,CA6,0.585
UNC13A,SYP,0.528
UNC13A,SOD1,0.479
UNC13A,BSN,0.627
UNC13A,STXBP5,0.554
UNC13A,PCLO,0.67
UNC13A,HOMER1,0.479
UNC13A,CASKIN1,0.434
UNC13A,VCP,0.406
UNC13A,CACNA1B,0.44
UNC13A,RIMS3,0.53
UNC13A,DPP6,0.534
UNC13A,CADPS,0.555
UNC13A,RPH3A,0.538
UNC13A,CAMK2B,0.406
UNC13A,RIMS2,0.989
UNC13A,KIF1A,0.43
UNC13A,CACNA1A,0.467
GSTM1,SOD1,0.407
GSTM1,MTHFR,0.691
GSTM1,AP2M1,0.724
LDLR,THBS1,0.462
LDLR,HDLBP,0.577
LDLR,AP2M1,0.532
LDLR,MSR1,0.54
LDLR,CLTCL1,0.538
LDLR,LRP2,0.502
HDLBP,BCKDK,0.433
HDLBP,MSR1,0.557
MSR1,FBN1,0.422
MSR1,PDCD1,0.505
MSR1,CX3CR1,0.436
MSR1,VSIG4,0.529
MTHFR,ALDH1L1,0.542
MTHFR,AMT,0.982
MTHFR,GABRB2,0.4
MTHFR,ZNF804A,0.428
MTHFR,GABRB3,0.406
MTHFR,ETFB,0.422
MTHFR,DPYD,0.736
MTHFR,AGTR2,0.422
MTHFR,SATB2,0.4
MTHFR,PC,0.416
MTHFR,PCCB,0.436
MTHFR,ITGB3,0.447
MTHFR,AMPD1,0.466
MTHFR,DRD3,0.509
MTHFR,ATP2B1,0.561
ASTN1,PCDH10,0.466
ASTN1,ATP2B2,0.406
ASTN1,NLGN1,0.416
ASTN1,BRINP3,0.482
ASTN1,RELN,0.497
NRCAM,THBS1,0.469
NRCAM,CNTN3,0.438
NRCAM,PTPRB,0.746
NRCAM,SCN8A,0.848
NRCAM,NRP2,0.963
NRCAM,KCNA2,0.439
NRCAM,CNTN6,0.441
NRCAM,CNTN4,0.466
NRCAM,EPHB1,0.492
NRCAM,RELN,0.532
NRCAM,SCN4A,0.558
NRCAM,KCNQ3,0.709
NRCAM,CNTNAP4,0.885
NRCAM,CNTN5,0.914
FBN1,ADORA3,0.448
FBN1,THBS1,0.801
FBN1,PITX1,0.409
FBN1,CDH11,0.53
FBN1,COL12A1,0.667
FBN1,MEF2C,0.448
FBN1,ATP6V0A2,0.531
FBN1,ITGB3,0.639
PLAUR,LRP1,0.718
PLAUR,THBS1,0.476
PLAUR,SLC7A5,0.458
PLAUR,SCAF4,0.531
PLAUR,KLF7,0.436
PLAUR,SGSH,0.416
PLAUR,FOXP2,0.521
PLAUR,LAMA1,0.54
CACNA1A,UNC79,0.501
CACNA1A,KCNC1,0.533
CACNA1A,CACNA1C,0.952
CACNA1A,EPHA1,0.418
CACNA1A,GRID2,0.461
CACNA1A,KCNMA1,0.593
CACNA1A,CACNA1D,0.673
CACNA1A,GRIA2,0.581
CACNA1A,MAP1B,0.436
CACNA1A,CACNG2,0.912
CACNA1A,ITPR1,0.566
CACNA1A,GABRB3,0.661
CACNA1A,KCND3,0.599
CACNA1A,CACNB2,0.955
CACNA1A,CACNA1H,0.762
CACNA1A,SLC24A2,0.415
CACNA1A,CACNA2D1,0.951
CACNA1A,CACNA1G,0.778
CACNA1A,ATP2B2,0.466
CACNA1A,GALNT2,0.768
CACNA1A,CACNA1E,0.95
CACNA1A,CACNA1B,0.945
CACNA1A,KCNB1,0.565
CACNA1A,DNM1,0.556
CACNA1A,FGF14,0.629
CACNA1A,CACNA1F,0.634
CACNA1A,KCNQ3,0.551
CACNA1A,CACNB1,0.919
CACNA1A,GABRG2,0.501
CACNA1A,CACNA2D3,0.936
CACNA1A,FXN,0.727
CACNA1A,RIMS2,0.625
CACNA1A,GRIA1,0.504
CACNA1A,ATP1A3,0.543
CACNA1A,KCNA2,0.603
CACNA1A,SLC6A1,0.414
CACNA1A,CAMK2A,0.434
THBS1,LRP1,0.958
THBS1,FABP4,0.522
THBS1,NR4A2,0.404
THBS1,GPC6,0.407
THBS1,KMT2A,0.426
THBS1,MDGA2,0.444
THBS1,SPARCL1,0.465
THBS1,SDC2,0.497
THBS1,CD276,0.497
THBS1,LAMA1,0.519
THBS1,HSD11B1,0.526
THBS1,COL12A1,0.529
THBS1,NLGN1,0.536
THBS1,ITGA8,0.746
THBS1,ITGB3,0.984
COL12A1,CDH11,0.478
COL12A1,HYDIN,0.404
COL12A1,RELN,0.424
COL12A1,COL28A1,0.517
ITGA8,CTNND1,0.479
ITGA8,TLN2,0.704
ITGA8,RELN,0.727
ITGA8,LAMA1,0.763
ITGA8,ITGB3,0.861
DMD,GFAP,0.478
DMD,MAP1B,0.442
DMD,SNTG2,0.99
DMD,DMPK,0.483
DMD,DISC1,0.42
DMD,LRRC1,0.422
DMD,PCCB,0.422
DMD,TRIM32,0.475
DMD,SCN4A,0.475
DMD,AMPD1,0.488
DMD,GAS2,0.526
DMD,LAMA1,0.569
DMD,NEDD4,0.576
DMD,IL1RAPL1,0.642
DMD,POMGNT1,0.671
DMD,MARK2,0.676
DMD,POMT1,0.702
DMD,TLN2,0.841
DMD,TTN,0.857
DMD,KCNJ10,0.912
ITGB3,CDH13,0.495
ITGB3,TNS2,0.409
ITGB3,CX3CR1,0.425
ITGB3,LAMA1,0.817
ITGB3,RELN,0.709
ITGB3,TLN2,0.996
LAMA1,NLGN2,0.725
LAMA1,NRP2,0.547
LAMA1,RELN,0.486
KCNC1,KCNN2,0.437
KCNC1,GRM5,0.401
KCNC1,DOCK4,0.409
KCNC1,GRIA2,0.414
KCNC1,SLC6A1,0.414
KCNC1,KCNH7,0.422
KCNC1,KCND3,0.426
KCNC1,GABRG2,0.456
KCNC1,KCNJ10,0.46
KCNC1,CUL7,0.462
KCNC1,HMGN1,0.478
KCNC1,KCNH5,0.483
KCNC1,KCNQ3,0.504
KCNC1,CACNA1E,0.511
KCNC1,ATP2B2,0.519
KCNC1,SCN4A,0.522
KCNC1,IL1RAPL1,0.543
KCNC1,CAMK2A,0.545
KCNC1,KCNB1,0.546
KCNC1,CACNA1C,0.564
KCNC1,CADPS,0.62
KCNC1,KCNA2,0.621
KCNC1,CACNA1B,0.622
KCNC1,SCN8A,0.668
KCNC1,KCNH1,0.685
KCNC1,KCNC2,0.763
KCNC1,DPP10,0.831
KCNC1,DPP6,0.896
CADPS,STXBP5,0.501
CADPS,PCLO,0.526
CADPS,GABRA3,0.521
CADPS,IL1RAPL1,0.643
CADPS,RPH3A,0.486
CADPS,RIMS2,0.495
CADPS,KIF1A,0.495
SHANK2,GABRA4,0.51
SHANK2,CACNA1C,0.428
SHANK2,GRID2,0.648
SHANK2,GRIA2,0.637
SHANK2,GRIK5,0.427
SHANK2,NLGN2,0.868
SHANK2,GRM5,0.869
SHANK2,GABRB3,0.487
SHANK2,DLGAP1,0.981
SHANK2,SLC9A9,0.686
SHANK2,HOMER1,0.937
SHANK2,FBXO40,0.473
SHANK2,ADGRL1,0.568
SHANK2,TBR1,0.406
SHANK2,CAMK2A,0.442
SHANK2,DOCK4,0.47
SHANK2,ASTN2,0.514
SHANK2,LZTS2,0.542
SHANK2,GRIK4,0.553
SHANK2,GRIP1,0.593
SHANK2,DDX53,0.6
SHANK2,CNTN4,0.631
SHANK2,GRIA1,0.75
SHANK2,SYNGAP1,0.844
SHANK2,PTCHD1,0.848
SHANK2,NLGN4Y,0.85
SHANK2,NLGN1,0.914
SHANK2,DLGAP3,0.917
SHANK2,DLGAP2,0.969
CACNB2,CACNA1C,0.999
CACNB2,CACNA1D,0.997
CACNB2,CACNG2,0.813
CACNB2,KCND3,0.629
CACNB2,KCNB1,0.42
CACNB2,DPP6,0.449
CACNB2,ATP2B1,0.454
CACNB2,AKAP9,0.457
CACNB2,SCN8A,0.462
CACNB2,SCN4A,0.468
CACNB2,IRX5,0.601
CACNB2,PPP2R5C,0.666
CACNB2,CAMK2B,0.711
CACNB2,CAMK2A,0.722
CACNB2,CACNA1G,0.766
CACNB2,CACNA1E,0.833
CACNB2,CACNA1H,0.856
CACNB2,CACNA1B,0.911
CACNB2,CACNA2D3,0.939
CACNB2,CACNB1,0.942
CACNB2,CACNA1F,0.973
CACNB2,CACNA2D1,0.995
CACNA2D1,CLIP2,0.442
CACNA2D1,CACNA1C,0.998
CACNA2D1,CACNA1D,0.999
CACNA2D1,GRIA2,0.409
CACNA2D1,CACNG2,0.912
CACNA2D1,KCND3,0.64
CACNA2D1,CACNA1H,0.919
CACNA2D1,MEF2C,0.457
CACNA2D1,SCN8A,0.487
CACNA2D1,MDGA2,0.407
CACNA2D1,DPP6,0.422
CACNA2D1,CNTNAP5,0.43
CACNA2D1,SCN4A,0.493
CACNA2D1,CTNNA3,0.516
CACNA2D1,PPP2R5C,0.653
CACNA2D1,CAMK2B,0.748
CACNA2D1,CAMK2A,0.757
CACNA2D1,CACNA1G,0.768
CACNA2D1,CACNA2D3,0.81
CACNA2D1,CACNA1F,0.987
CACNA2D1,CACNA1E,0.99
CACNA2D1,CACNA1B,0.991
CACNA2D1,CACNB1,0.999
DNM1,SYP,0.543
DNM1,DENR,0.477
DNM1,GRIA2,0.571
DNM1,GRIK5,0.467
DNM1,GRM5,0.52
DNM1,GABRB3,0.629
DNM1,SCN8A,0.419
DNM1,WASF1,0.413
DNM1,DPYSL2,0.454
DNM1,HLA-DPB1,0.506
DNM1,EPHB1,0.559
DNM1,AP1S2,0.586
DNM1,EPHB2,0.588
DNM1,CAMK2A,0.607
DNM1,AP2M1,0.734
DNM1,CLTCL1,0.853
PCLO,UNC79,0.401
PCLO,SYP,0.661
PCLO,BSN,0.904
PCLO,CSMD3,0.67
PCLO,LRFN5,0.48
PCLO,FAT1,0.409
PCLO,MUC4,0.467
PCLO,CADPS2,0.526
PCLO,ABCA13,0.527
PCLO,ZFHX4,0.537
PCLO,TTN,0.622
PCLO,RIMS2,0.892
CACNA1H,TRPC5,0.924
CACNA1H,KCNN2,0.484
CACNA1H,CACNA1C,0.917
CACNA1H,KCNMA1,0.572
CACNA1H,CACNA1D,0.856
CACNA1H,CYP11B1,0.48
CACNA1H,ADCY1,0.401
CACNA1H,CACNG2,0.801
CACNA1H,GRIK5,0.509
CACNA1H,GABRB3,0.671
CACNA1H,KCND3,0.605
CACNA1H,KCNQ3,0.434
CACNA1H,CADPS2,0.461
CACNA1H,KCNA2,0.482
CACNA1H,SLC6A1,0.555
CACNA1H,ATP1A3,0.596
CACNA1H,ATP1A1,0.603
CACNA1H,GRIK3,0.619
CACNA1H,GRIK4,0.636
CACNA1H,SCN4A,0.689
CACNA1H,SCN8A,0.712
CACNA1H,GABRG2,0.736
CACNA1H,CACNA1E,0.747
CACNA1H,CACNB1,0.761
CACNA1H,CACNA1B,0.772
CACNA1H,CACNA2D3,0.822
CACNA1H,CACNA1F,0.849
CACNA1H,TRPC4,0.924
CACNA1H,CACNA1G,0.944
ITPR1,RORA,0.914
ITPR1,TRPC5,0.631
ITPR1,CACNA1C,0.547
ITPR1,GRID2,0.512
ITPR1,CAMK4,0.518
ITPR1,KCNMA1,0.566
ITPR1,CACNA1D,0.753
ITPR1,GRM5,0.809
ITPR1,PPP2R5C,0.401
ITPR1,NLGN1,0.406
ITPR1,TRPM3,0.419
ITPR1,PDE1C,0.425
ITPR1,FGF14,0.434
ITPR1,CAMK2D,0.436
ITPR1,KCND3,0.438
ITPR1,CNR1,0.454
ITPR1,DLGAP1,0.489
ITPR1,SLC35G1,0.493
ITPR1,PDZD8,0.495
ITPR1,ATP2B1,0.511
ITPR1,VCP,0.545
ITPR1,PRKAR1B,0.575
ITPR1,DISC1,0.576
ITPR1,DNER,0.587
ITPR1,AKAP9,0.599
ITPR1,CAMK2A,0.613
ITPR1,CNTN4,0.687
ITPR1,ATP2B2,0.697
ITPR1,TRPC4,0.728
ITPR1,HOMER1,0.95
DPYSL2,GDA,0.715
DPYSL2,DPYSL5,0.99
DPYSL2,MAP1B,0.756
DPYSL2,SLC23A1,0.632
DPYSL2,CRMP1,0.853
DPYSL2,DPYSL3,0.976
DPYSL2,SMURF1,0.406
DPYSL2,DPYD,0.78
DPYSL2,CACNA1B,0.924
DPYSL2,GLO1,0.458
DPYSL2,PDHA1,0.446
DPYSL2,WASF1,0.618
DPYSL2,ACY1,0.416
DPYSL2,RELN,0.408
DPYSL2,DISC1,0.813
DPYSL2,MAPK8IP3,0.461
DPYSL2,APBB1,0.521
GTF2I,CLIP2,0.773
GTF2I,GSE1,0.679
GTF2I,ZMYM3,0.916
GTF2I,PAX5,0.476
GTF2I,SRGAP3,0.775
GTF2I,HYDIN,0.797
GTF2I,PHF21A,0.453
GTF2I,ZMYM2,0.851
RPH3A,SYP,0.414
RPH3A,GRIA2,0.423
RPH3A,GRIK5,0.405
RPH3A,STXBP5,0.495
KCNA3,KCNN2,0.581
KCNA3,CACNA1C,0.482
KCNA3,KCNH1,0.618
KCNA3,KCNMA1,0.667
KCNA3,KCNH5,0.429
KCNA3,SCN8A,0.504
KCNA3,CACNA1B,0.409
KCNA3,KCNQ3,0.429
KCNA3,CUL7,0.462
KCNA3,HMGN1,0.478
KCNA3,DOLK,0.504
KCNA3,KCNB1,0.566
KCNA3,SCN4A,0.71
KCNA3,KCNA2,0.934
CLIP2,MACF1,0.411
CLIP2,CLASP1,0.935
CACNA1D,UNC79,0.424
CACNA1D,KCNN2,0.813
CACNA1D,CACNA1C,0.981
CACNA1D,KCNMA1,0.848
CACNA1D,GRIA2,0.403
CACNA1D,LRP2,0.412
CACNA1D,GRM5,0.432
CACNA1D,RIMS2,0.443
CACNA1D,CTNND2,0.444
CACNA1D,KCNB1,0.448
CACNA1D,ATP2B1,0.467
CACNA1D,ATP2B2,0.491
CACNA1D,GRIA1,0.507
CACNA1D,KCND3,0.533
CACNA1D,CYP11B1,0.575
CACNA1D,PPP2R5C,0.65
CACNA1D,ATP1A3,0.746
CACNA1D,CAMK2B,0.75
CACNA1D,ATP1A1,0.754
CACNA1D,CACNA1B,0.772
CACNA1D,CACNA1E,0.787
CACNA1D,CACNA1G,0.852
CACNA1D,CAMK2A,0.861
CACNA1D,CACNG2,0.867
CACNA1D,CACNA2D3,0.876
CACNA1D,CACNA1F,0.98
CACNA1D,CACNB1,0.99
CACNA1C,SLC6A8,0.524
CACNA1C,PPP1R1B,0.439
CACNA1C,UNC79,0.456
CACNA1C,TRPC5,0.601
CACNA1C,KCNN2,0.67
CACNA1C,KCNQ3,0.415
CACNA1C,LMX1B,0.415
CACNA1C,ATP2B1,0.416
CACNA1C,PCDH19,0.422
CACNA1C,SLC1A2,0.437
CACNA1C,PLN,0.437
CACNA1C,CAMK2D,0.437
CACNA1C,DPYD,0.46
CACNA1C,ATP2B2,0.472
CACNA1C,DPP10,0.475
CACNA1C,GRIA1,0.478
CACNA1C,TTN,0.494
CACNA1C,DOLK,0.506
CACNA1C,IRX5,0.553
CACNA1C,KCNA2,0.557
CACNA1C,CNTN4,0.562
CACNA1C,TRPC4,0.612
CACNA1C,PPP2R5C,0.65
CACNA1C,CACNA1E,0.653
CACNA1C,DISC1,0.688
CACNA1C,KCNB1,0.693
CACNA1C,ZNF804A,0.699
CACNA1C,AKAP9,0.743
CACNA1C,CACNA1B,0.756
CACNA1C,CAMK2B,0.781
CACNA1C,CACNG2,0.797
CACNA1C,KCND3,0.806
CACNA1C,CACNA1G,0.846
CACNA1C,CAMK2A,0.863
CACNA1C,CACNA2D3,0.871
CACNA1C,KCNMA1,0.918
CACNA1C,CACNA1F,0.978
CACNA1C,CACNB1,0.988
APBA2,NSMCE3,0.746
APBA2,CACNA1G,0.596
APBA2,DLGAP3,0.599
APBA2,NLGN1,0.481
APBA2,GRIA1,0.576
APBA2,ATP10A,0.416
APBA2,TUBGCP5,0.417
APBA2,IQSEC2,0.522
APBA2,APBB1,0.811
SYBU,CLASP1,0.552
SYBU,BSN,0.843
SYBU,STXBP5,0.873
SYBU,ABAT,0.432
SYBU,GRIP1,0.408
BSN,RNF38,0.432
BSN,SYP,0.804
BSN,CAMK2B,0.407
BSN,ATP2B2,0.419
BSN,SYNGAP1,0.422
BSN,CAMK2A,0.427
BSN,CACNA1F,0.452
BSN,GRIA2,0.47
SLC6A1,GFAP,0.566
SLC6A1,RORA,0.416
SLC6A1,SLC1A1,0.639
SLC6A1,SYP,0.466
SLC6A1,GABRA4,0.616
SLC6A1,GABRB2,0.577
SLC6A1,SLC1A2,0.716
SLC6A1,GRIA2,0.598
SLC6A1,GRM5,0.475
SLC6A1,GABRB3,0.53
SLC6A1,ALDH5A1,0.472
SLC6A1,SLITRK2,0.428
SLC6A1,SCN8A,0.428
SLC6A1,HTR3A,0.425
SLC6A1,ATP2B2,0.47
SLC6A1,GABRA3,0.419
SLC6A1,PCDH19,0.432
SLC6A1,MAOB,0.405
SLC6A1,PTPRD,0.428
SLC6A1,KCNQ3,0.463
SLC6A1,TBR1,0.535
SLC6A1,DRD1,0.446
SLC6A1,ABAT,0.421
SLC6A1,RELN,0.431
SLC6A1,SATB2,0.471
SLC6A1,GABRG2,0.724
SLC6A1,SPARCL1,0.462
SLC6A1,GABRA2,0.515
SLC6A1,GRIA1,0.479
SLC6A1,GABRG3,0.449
SLC6A1,GRIA3,0.461
SLC6A1,KCNA2,0.482
SLC6A1,KCNJ10,0.464
SLC6A1,CAMK2A,0.619
SYP,GFAP,0.86
SYP,PPP1R1B,0.415
SYP,GRIA3,0.401
SYP,TBR1,0.404
SYP,SOD1,0.407
SYP,MAOB,0.407
SYP,GRM5,0.421
SYP,GABRA3,0.44
SYP,NLGN2,0.448
SYP,PAX6,0.465
SYP,LRFN5,0.491
SYP,CACNA1F,0.511
SYP,SLC1A2,0.515
SYP,NLGN1,0.546
SYP,MAP1B,0.552
SYP,DLGAP1,0.554
SYP,APBB1,0.575
SYP,CAMK2A,0.579
SYP,PPP1R9B,0.648
SYP,GRIA2,0.696
SYP,KIF1A,0.764
SYP,BACE1,0.786
SYP,CD99L2,0.798
SYP,HOMER1,0.836
SYP,GRIA1,0.841
ST8SIA2,NRP2,0.605
KCNB1,KCNN2,0.406
KCNB1,KCNH1,0.729
KCNB1,GABRB3,0.438
KCNB1,KCND3,0.628
KCNB1,KCNH5,0.519
KCNB1,KCNH7,0.436
KCNB1,SCN8A,0.65
KCNB1,CACNA1G,0.494
KCNB1,ATP2B2,0.558
KCNB1,CACNA1E,0.494
KCNB1,CACNA1B,0.507
KCNB1,ZBTB20,0.435
KCNB1,CUL7,0.462
KCNB1,KCNC2,0.47
KCNB1,KCNJ10,0.474
KCNB1,HMGN1,0.478
KCNB1,KCNQ3,0.505
KCNB1,PRKAR1B,0.596
KCNB1,SCN4A,0.623
KCNB1,KCNA2,0.923
KCNB1,KCNS3,0.964
CACNA1B,UNC79,0.46
CACNA1B,KCNMA1,0.552
CACNA1B,GRIA2,0.404
CACNA1B,MAP1B,0.478
CACNA1B,CACNG2,0.873
CACNA1B,GRM5,0.484
CACNA1B,KCND3,0.437
CACNA1B,CACNA1G,0.853
CACNA1B,ATP2B2,0.47
CACNA1B,CACNA1E,0.956
CACNA1B,IL1RAPL2,0.411
CACNA1B,CTNNA3,0.422
CACNA1B,KCNC2,0.433
CACNA1B,CAMK2A,0.438
CACNA1B,KCNQ3,0.478
CACNA1B,TRPM3,0.482
CACNA1B,GRIA1,0.488
CACNA1B,IL1RAPL1,0.557
CACNA1B,KCNA2,0.605
CACNA1B,CACNA1F,0.63
CACNA1B,CACNA2D3,0.874
CACNA1B,CACNB1,0.982
STXBP5,CHRNB3,0.545
STXBP5,RIMS2,0.406
STXBP5,SCGN,0.503
STXBP5,CHRNA7,0.551
CSNK1E,NR1D1,0.828
CSNK1E,PER2,0.999
CSNK1E,RORA,0.873
CSNK1E,PER1,0.996
CSNK1E,NPAS2,0.989
CSNK1E,RORB,0.653
FABP4,FAT1,0.452
FABP4,CPT2,0.461
FABP4,CDK19,0.499
FABP4,ELOVL2,0.672
FABP4,FABP5,0.756
DPP4,NR3C2,0.483
DPP4,DPP3,0.498
DPP4,AGTR2,0.574
DPP4,CARD11,0.669
DPP4,ADORA2A,0.767
NPAS2,NR1D1,0.985
NPAS2,PER2,0.988
NPAS2,RORA,0.981
NPAS2,ADCY1,0.57
NPAS2,PER1,0.91
NPAS2,NPAS3,0.408
NPAS2,RORB,0.927
LRP2,CYP27B1,0.612
LRP2,MAPK8IP1,0.82
LRP2,LRP1,0.942
LRP2,SDC2,0.4
LRP2,PTCH1,0.932
LRP2,GPC4,0.414
LRP2,GPC6,0.41
LRP2,GPC5,0.409
LRP2,CDON,0.924
LRP2,AP2M1,0.561
LRP2,CLTCL1,0.604
LRP2,APBB1,0.594
LRP1,MAPK8IP1,0.778
LRP1,GPC5,0.4
LRP1,ADGRB1,0.406
LRP1,GPC6,0.422
LRP1,GPC4,0.444
LRP1,SDC2,0.47
LRP1,BACE1,0.774
LRP1,APBB1,0.918
CEP41,FAM98C,0.455
CEP41,OFD1,0.602
CEP41,CEP290,0.608
CEP41,AHI1,0.643
FAM98C,CAPN12,0.413
FAM98C,ZNF559,0.477
FAM98C,METTL26,0.494
OFD1,CEP135,0.743
OFD1,MIB1,0.625
OFD1,AHI1,0.876
OFD1,BBS4,0.817
OFD1,NINL,0.676
OFD1,TBC1D31,0.597
OFD1,PCM1,0.929
OFD1,PTCH1,0.435
OFD1,CDK5RAP2,0.638
OFD1,DHCR7,0.424
OFD1,HYDIN,0.438
OFD1,PAFAH1B2,0.445
OFD1,GLI3,0.683
OFD1,CEP290,0.901
CEP290,CEP135,0.829
CEP290,AHI1,0.988
CEP290,BBS4,0.931
CEP290,CNGB3,0.546
CEP290,PCM1,0.956
CEP290,CHM,0.603
CEP290,TRIM32,0.695
AHI1,GABRG2,0.428
AHI1,FOXP2,0.447
AHI1,ALDH5A1,0.448
AHI1,MCPH1,0.481
AHI1,ASPM,0.502
AHI1,PCM1,0.519
AHI1,BBS4,0.556
MACF1,CLASP1,0.618
MACF1,CDH11,0.409
MACF1,MAP1B,0.597
MACF1,ANKRD11,0.439
MACF1,TTN,0.425
MACF1,EPPK1,0.506
MACF1,DOCK1,0.53
MACF1,DISC1,0.704
CLASP1,ABL2,0.541
TET2,MBD4,0.465
TET2,RAD21,0.533
TET2,CXXC5,0.946
TET2,PPM1D,0.579
TET2,GNAS,0.436
TET2,ESRRB,0.405
TET2,KDM5A,0.407
TET2,MBD5,0.403
TET2,TET3,0.964
TET2,RUNX1T1,0.522
TET2,KMT2A,0.656
TET2,BCORL1,0.62
TET2,TTN,0.426
TET2,SETBP1,0.748
HLA-A,C12orf57,0.767
HLA-A,KCNMA1,0.422
HLA-A,CD276,0.447
HLA-A,SRPRA,0.4
HLA-A,PDCD1,0.524
HLA-A,GLO1,0.656
HLA-A,HLA-G,0.947
HLA-A,C4B,0.535
HLA-A,TTN,0.581
HLA-A,AP1S2,0.65
HLA-A,HLA-DPB1,0.942
HLA-A,HLA-B,0.999
CX3CR1,GFAP,0.608
CX3CR1,ALDH1L1,0.408
CX3CR1,PDCD1,0.403
CX3CR1,AGTR2,0.51
CX3CR1,C4B,0.524
CX3CR1,GRK4,0.67
CD276,ADORA2A,0.4
CD276,HLA-G,0.418
CD276,PDCD1,0.784
CD99L2,GFAP,0.51
CD99L2,PAX5,0.479
CD99L2,NKX2-2,0.507
PAX5,DLX2,0.423
PAX5,RAD21,0.528
PAX5,EN2,0.478
PAX5,MEF2C,0.624
PAX5,PAX6,0.438
PAX5,SATB1,0.451
PAX5,FOXP1,0.5
PAX5,EBF3,0.529
PAX5,PBX1,0.605
PAX5,KMT2A,0.661
PDCD1,PHRF1,0.407
PDCD1,HLA-G,0.406
PDCD1,HLA-B,0.427
PDCD1,ADORA2A,0.488
PDCD1,DDX53,0.583
PDCD1,HLA-DPB1,0.595
ENPP1,CYP27B1,0.406
ENPP1,CMPK2,0.9
ENPP1,PDE3B,0.905
ENPP1,GUCY1A2,0.903
ENPP1,ADCY1,0.666
ENPP1,GPD2,0.442
ENPP1,NEGR1,0.551
ENPP1,PDE1C,0.91
ENPP1,KCNJ15,0.422
ENPP1,ADCY3,0.671
ENPP1,AMPD1,0.923
ENPP1,ADK,0.933
ENPP1,ADSL,0.9
FRG1,PITX1,0.432
FRG1,FAT1,0.435
PITX1,TBR1,0.447
PITX1,LDB1,0.454
PITX1,TBX1,0.492
FAT1,CSMD3,0.448
FAT1,HOMER1,0.419
FAT1,PTPRD,0.404
FAT1,KIRREL3,0.497
FAT1,ROBO2,0.504
CPSF7,TNPO3,0.442
CPSF7,UPF3B,0.562
CPSF7,DDX23,0.437
CPSF7,ZC3H11A,0.536
CPSF7,UBAP2L,0.56
PHRF1,SCAF1,0.524
SCAF1,SCAF4,0.667
SCAF1,NACC1,0.787
SCAF1,TAOK2,0.669
SCAF1,PPP1R9B,0.634
SCAF1,ZNF865,0.656
SCAF1,PRR12,0.802
NACC1,KLF16,0.627
NACC1,TRAF7,0.463
DDX23,CUL7,0.432
DDX23,PRPF39,0.688
SENP6,PHF3,0.602
SENP6,SAE1,0.701
SENP6,NIPBL,0.486
SENP6,PCM1,0.446
SENP6,KDM5A,0.529
SENP6,ZMYM2,0.699
CYP27B1,SOD1,0.412
CYP27B1,CYP11B1,0.45
CYP27B1,MBD4,0.656
CYP27B1,DHCR7,0.742
SOD1,CAT,0.92
SOD1,GFAP,0.718
SOD1,DNAH3,0.796
SOD1,PSMD11,0.711
SOD1,SLC1A1,0.508
SOD1,MAOB,0.415
SOD1,FXN,0.423
SOD1,SCP2,0.437
SOD1,GATM,0.448
SOD1,HMGN1,0.453
SOD1,GLO1,0.471
SOD1,GRIA2,0.479
SOD1,NEDD4,0.479
SOD1,MSRA,0.488
SOD1,TTN,0.516
SOD1,SSR4,0.637
SOD1,DNAH17,0.65
SOD1,DNAH10,0.65
SOD1,PSMD12,0.669
SOD1,BACE1,0.706
SOD1,SLC1A2,0.731
SOD1,VCP,0.772
CYP11B1,DHCR7,0.415
CYP11B1,ATP1A3,0.547
CYP11B1,ATP1A1,0.604
CYP11B1,NR3C2,0.633
CYP11B1,HSD11B1,0.967
MBD4,MBD1,0.416
MBD4,DENR,0.506
MBD4,MBD5,0.531
MBD4,TET3,0.564
MBD4,MBD6,0.636
DHCR7,CYP27A1,0.933
NAA15,KMT5B,0.401
NAA15,ZMYM2,0.407
NAA15,PSMD12,0.526
ZNF804A,GABRB2,0.523
ZNF804A,TCF4,0.439
ZNF804A,ABCA13,0.442
ZNF804A,DRD1,0.444
ZNF804A,DPYD,0.449
ZNF804A,RELN,0.449
ZNF804A,DRD3,0.563
ZNF804A,PRODH,0.586
ZNF804A,DISC1,0.785
DOCK4,DENR,0.572
DOCK4,HMGN1,0.739
DOCK4,KCNQ3,0.412
DOCK4,KCNS3,0.423
DOCK4,DIP2A,0.429
DOCK4,KCNA2,0.412
DOCK4,CUL7,0.688
LAS1L,PYHIN1,0.412
LAS1L,KMT2A,0.912
C12orf57,TANC2,0.422
C12orf57,HLA-G,0.595
C12orf57,HLA-B,0.811
TANC2,LRFN5,0.414
TANC2,KIRREL3,0.41
TANC2,KIF1A,0.606
HLA-G,KCNS3,0.422
HLA-G,AP1S2,0.65
HLA-G,HLA-DPB1,0.657
HLA-G,HLA-B,0.959
HLA-B,SGSM3,0.433
HLA-B,SRPRA,0.668
HLA-B,DPYD,0.442
HLA-B,GLO1,0.503
HLA-B,C4B,0.542
HLA-B,AP1S2,0.65
HLA-B,HLA-DPB1,0.946
CNTN5,CNTN3,0.407
CNTN5,CNTN4,0.441
CNTN5,CNTNAP5,0.573
CNTN5,CNTN6,0.49
CNTN5,KIRREL3,0.503
CNTN5,CNTNAP4,0.964
CTNND2,RAPGEF2,0.435
CTNND2,CDH11,0.459
CTNND2,GRIA2,0.433
CTNND2,LRFN5,0.554
CTNND2,GRM5,0.483
CTNND2,CNTN4,0.413
CTNND2,ROBO2,0.425
CTNND2,CDH8,0.458
CTNND2,GRIP1,0.626
CTNND2,CTNNA3,0.683
CTNND2,CTNNA2,0.726
CTNND2,ARHGAP5,0.787
NXPH1,NLGN2,0.414
NXPH1,GRM5,0.54
NXPH1,BRINP3,0.552
NXPH1,NLGN1,0.525
MEGF10,GRIA2,0.436
MEGF10,GPC4,0.462
MEGF10,GPC6,0.489
MEGF10,AP2M1,0.81
MEGF10,SPARCL1,0.573
MEGF10,CNTNAP4,0.516
MEGF10,DOCK1,0.606
MEGF10,ADGRB1,0.676
GRID2,PTPN4,0.726
GRID2,GABRG3,0.41
GRID2,NLGN2,0.429
GRID2,CDH8,0.431
GRID2,DNER,0.432
GRID2,DLGAP1,0.438
GRID2,CTNNA2,0.458
GRID2,DPP6,0.481
GRID2,NLGN1,0.482
GRID2,DPP10,0.493
GRID2,CAMK4,0.498
GRID2,GRM5,0.525
GRID2,GRM7,0.539
GRID2,CNTN4,0.546
GRID2,HTR3C,0.552
GRID2,HTR3A,0.589
GRID2,GRIK4,0.635
GRID2,GRIA3,0.643
GRID2,GRIK3,0.677
GRID2,CACNG2,0.684
GRID2,GRIK5,0.749
GRID2,GRIA1,0.835
GRID2,GRIA2,0.858
GRID2,GRID2IP,0.984
GABRA4,GRIK5,0.401
GABRA4,PTCHD1,0.408
GABRA4,GRM7,0.438
GABRA4,DRD1,0.467
GABRA4,GRIA3,0.473
GABRA4,GRIA1,0.477
GABRA4,DLGAP2,0.492
GABRA4,CNTN4,0.496
GABRA4,ARHGEF9,0.517
GABRA4,NPTN,0.527
GABRA4,GRIA2,0.532
GABRA4,GABRA3,0.598
GABRA4,GABRG3,0.609
GABRA4,EGR3,0.7
GABRA4,GABRB2,0.756
GABRA4,GABRA2,0.782
GABRA4,GABRG2,0.929
GABRA4,GABRB3,0.969
CNTNAP4,CNTN3,0.484
CNTNAP4,CHRNB3,0.429
CNTNAP4,SNTG2,0.429
CNTNAP4,CNTN4,0.545
CNTNAP4,CNTN6,0.571
CNTNAP4,KIRREL3,0.426
CNTNAP4,CDH8,0.474
CDH11,KIF14,0.403
CDH11,TRPC4,0.446
CDH11,CDH22,0.553
CDH11,CDH8,0.556
CDH11,CTNNA2,0.736
CDH11,CDH13,0.759
CDH11,CTNND1,0.919
CDH22,CDH13,0.606
CDH22,CTNND1,0.646
CDH22,CTNNA2,0.652
CDH22,CDH8,0.565
PTCHD1,SLC9A9,0.668
PTCHD1,FBXO40,0.508
PTCHD1,ASTN2,0.65
PTCHD1,DPP6,0.589
PTCHD1,IL1RAPL1,0.612
PTCHD1,GALNT13,0.544
PTCHD1,NLGN1,0.547
PTCHD1,CNTN4,0.609
PTCHD1,DDX53,0.728
PTCHD1,SYNGAP1,0.73
PTCHD1,DLGAP2,0.853
DLGAP2,GRIA2,0.422
DLGAP2,ANKRD11,0.507
DLGAP2,NLGN2,0.715
DLGAP2,GRM5,0.686
DLGAP2,DLGAP1,0.704
DLGAP2,SLC9A9,0.432
DLGAP2,CLN8,0.512
DLGAP2,HOMER1,0.734
DLGAP2,FBXO40,0.521
DLGAP2,CASKIN1,0.418
DLGAP2,NLGN4Y,0.669
DLGAP2,ASTN2,0.648
DLGAP2,DLGAP3,0.868
DLGAP2,DPP6,0.477
DLGAP2,DDX53,0.694
DLGAP2,DPP10,0.513
DLGAP2,CNTN4,0.609
DLGAP2,NLGN1,0.811
DLGAP2,GRIA1,0.427
DLGAP2,ARHGEF10,0.535
DLGAP2,CAMK2A,0.436
DLGAP2,SYNGAP1,0.865
CTNNA2,CDH13,0.755
CTNNA2,RAD21,0.403
CTNNA2,MEF2C,0.554
CTNNA2,NEO1,0.428
CTNNA2,ASTN2,0.443
CTNNA2,FRMPD4,0.413
CTNNA2,PTPRD,0.404
CTNNA2,CDON,0.517
CTNNA2,CTNND1,0.829
CTNNA2,DCC,0.454
CTNNA2,TLN2,0.701
CTNNA2,CDH8,0.922
CTNNA2,CTNNA3,0.943
CTNND1,CDH13,0.721
CTNND1,CGNL1,0.43
CTNND1,PTPRB,0.413
CTNND1,ARHGEF2,0.582
CTNND1,PCDH11X,0.445
CTNND1,ARHGAP5,0.746
CTNND1,FRMD5,0.646
CTNND1,CTNNA3,0.832
CTNND1,CDH8,0.929
ASTN2,CDH13,0.462
ASTN2,FBXO40,0.769
ASTN2,OPHN1,0.459
ASTN2,SYNGAP1,0.415
ASTN2,AFF2,0.448
ASTN2,TRIM32,0.468
ASTN2,NLGN1,0.732
ASTN2,CNTN4,0.766
ASTN2,FRK,0.999
FBXO40,SLC9A9,0.434
FBXO40,DDX53,0.404
FBXO40,EIF3F,0.41
FBXO40,ASB14,0.42
FBXO40,CUL7,0.422
FBXO40,ADSL,0.452
FBXO40,ASB11,0.606
FBXO40,CNTN4,0.685
FBXO40,NLGN1,0.697
NLGN1,LRRC4C,0.644
NLGN1,GRIA2,0.64
NLGN1,CACNG2,0.413
NLGN1,GRIK5,0.55
NLGN1,NLGN2,0.704
NLGN1,GRM5,0.716
NLGN1,GABRB3,0.448
NLGN1,DLGAP1,0.927
NLGN1,CADM1,0.819
NLGN1,SLITRK2,0.599
NLGN1,HOMER1,0.726
NLGN1,NLGN4Y,0.523
NLGN1,NEGR1,0.407
NLGN1,DLGAP3,0.737
NLGN1,IL1RAPL1,0.512
NLGN1,PTPRD,0.451
NLGN1,CAMK2B,0.435
NLGN1,CNTN4,0.853
NLGN1,GRIP1,0.422
NLGN1,EPHB2,0.581
NLGN1,ADGRB1,0.414
NLGN1,CAMK2A,0.414
NLGN1,GABRG2,0.419
NLGN1,ARHGEF9,0.537
NLGN1,PTPRS,0.592
NLGN1,GRIA1,0.633
NLGN1,MDGA1,0.676
NLGN1,SYNGAP1,0.695
NLGN1,SPARCL1,0.737
NLGN1,MDGA2,0.788
CDH8,CDH13,0.757
CDH8,SORCS3,0.598
CDH8,TBR1,0.456
CDH8,TRPC4,0.409
CDH13,CADM1,0.459
CDH13,GRM7,0.483
CDH13,NAALADL2,0.568
CNTN4,SLC9A9,0.436
CNTN4,LMX1B,0.426
CNTN4,GRM7,0.4
CNTN4,ATP2B2,0.421
CNTN4,DPP6,0.405
CNTN4,PCDH9,0.405
CNTN4,PTPRD,0.467
CNTN4,DPP10,0.574
CNTN4,KIRREL3,0.412
CNTN4,ANKS1B,0.419
CNTN4,ZNF385B,0.428
CNTN4,HS3ST5,0.442
CNTN4,PCCB,0.463
CNTN4,FOXP2,0.513
CNTN4,CNTNAP5,0.551
ZC3H11A,RBM27,0.515
ZC3H11A,UPF3B,0.521
ZC3H11A,GSPT2,0.482
ZC3H11A,ADNP,0.466
KIF14,CEP135,0.707
KIF14,ZWILCH,0.427
KIF14,CDK5RAP2,0.468
KIF14,IQGAP3,0.509
KIF14,ARHGEF2,0.458
KIF14,DISC1,0.416
KIF14,KIF13B,0.627
KIF14,KIF1A,0.638
KIF14,ASPM,0.963
KCND3,KCNN2,0.699
KCND3,KCNH1,0.559
KCND3,CACNA1F,0.424
KCND3,CUL7,0.462
KCND3,HMGN1,0.478
KCND3,SCN4A,0.479
KCND3,KCNH5,0.482
KCND3,SCN8A,0.503
KCND3,KCNS3,0.533
KCND3,FGF14,0.569
KCND3,KCNA2,0.591
KCND3,CACNA1G,0.602
KCND3,KCNQ3,0.664
KCND3,DPP6,0.933
KCND3,DPP10,0.977
UPF3B,GSPT2,0.561
UPF3B,UPF2,0.999
DIP2C,WDR37,0.608
DIP2C,DLGAP1,0.4
DIP2C,CUL7,0.465
DIP2C,ANKS1B,0.467
DIP2C,ZMYND11,0.604
DIP2A,CUL7,0.468
TNPO3,POMT1,0.417
TNPO3,CAMK2D,0.422
NIPBL,PHF3,0.976
NIPBL,ASPM,0.415
NIPBL,ZNF292,0.458
NIPBL,KDM5A,0.466
NIPBL,KMT2A,0.515
NIPBL,WAC,0.59
NIPBL,ANKRD11,0.71
NIPBL,NAALADL2,0.726
NIPBL,INTS1,0.765
NIPBL,BPTF,0.806
NIPBL,INTS6,0.834
NIPBL,HDAC8,0.878
NIPBL,RAD21L1,0.932
NIPBL,STAG1,0.997
NIPBL,RAD21,0.999
TRIM32,BBS4,0.705
TRIM32,OTULIN,0.491
TRIM32,POMGNT1,0.605
TRIM32,POMT1,0.674
TRIM32,TTN,0.543
TRIM32,TRIM8,0.622
DLX2,PPP1R1B,0.4
DLX2,SLC25A12,0.408
DLX2,SOX5,0.425
DLX2,SATB2,0.432
DLX2,IRX5,0.436
DLX2,FEZF2,0.445
DLX2,DLL1,0.505
DLX2,GFAP,0.505
DLX2,LHX2,0.535
DLX2,POU3F3,0.565
DLX2,SOX6,0.575
DLX2,MSX2,0.639
DLX2,TBR1,0.729
DLX2,PAX6,0.808
DLX2,MEIS2,0.813
PPP1R1B,GFAP,0.532
PPP1R1B,GRIA2,0.407
PPP1R1B,CNR1,0.417
PPP1R1B,TBR1,0.421
PPP1R1B,FOXP1,0.432
PPP1R1B,CAMK2A,0.439
PPP1R1B,FOXP2,0.464
PPP1R1B,GRM5,0.476
PPP1R1B,DRD3,0.483
PPP1R1B,GRIA1,0.625
PPP1R1B,PPP1R9B,0.678
PPP1R1B,ADORA2A,0.691
PPP1R1B,DRD1,0.841
SLC25A12,SLC1A2,0.56
SLC25A12,STK39,0.645
SLC25A12,INPP1,0.64
SOX5,CUX2,0.459
SOX5,CAMK4,0.422
SOX5,FEZF2,0.766
SOX5,LRFN5,0.418
SOX5,NR2F1,0.603
SOX5,NFIA,0.461
SOX5,NFIB,0.469
SOX5,SHOX,0.709
SOX5,TBR1,0.628
SOX5,SOX6,0.98
SOX5,NFIX,0.41
SOX5,FOXP2,0.448
SOX5,PBX1,0.479
SOX5,SATB1,0.515
SOX5,ZBTB20,0.535
SOX5,PAX6,0.62
SOX5,FOXP1,0.639
SOX5,SATB2,0.701
SATB2,MSX2,0.564
SATB2,GFAP,0.564
SATB2,CUX2,0.697
SATB2,FEZF2,0.75
SATB2,ARNT2,0.414
SATB2,GABRB3,0.453
SATB2,CRMP1,0.506
SATB2,NR2F1,0.654
SATB2,OTX1,0.429
SATB2,DLL1,0.431
SATB2,ADNP,0.461
SATB2,LHX2,0.575
SATB2,RORB,0.551
SATB2,SPRY2,0.436
SATB2,TBR1,0.898
SATB2,FOXP2,0.594
SATB2,RELN,0.46
SATB2,SATB1,0.81
SATB2,MDGA1,0.403
SATB2,CAMK2A,0.448
SATB2,ZMYM2,0.486
SATB2,ZBTB20,0.522
SATB2,FOXP1,0.729
SATB2,PAX6,0.731
FEZF2,TSHZ3,0.491
FEZF2,CUX2,0.701
FEZF2,RELN,0.419
FEZF2,POU3F3,0.455
FEZF2,UNC5D,0.466
FEZF2,OTX1,0.497
FEZF2,NR2F1,0.504
FEZF2,FOXP2,0.528
FEZF2,RORB,0.57
FEZF2,LHX2,0.608
FEZF2,PAX6,0.712
FEZF2,TBR1,0.941
DLL1,MIB1,0.788
DLL1,EPHA1,0.524
DLL1,POU3F3,0.748
DLL1,APH1A,0.407
DLL1,NKX2-2,0.454
DLL1,ROBO2,0.471
DLL1,PAX6,0.475
GFAP,NR4A2,0.401
GFAP,BCAS1,0.405
GFAP,GABRG2,0.428
GFAP,GNAS,0.428
GFAP,SPARCL1,0.459
GFAP,TLN2,0.469
GFAP,NFIA,0.474
GFAP,MAOB,0.484
GFAP,RELN,0.491
GFAP,GRM5,0.51
GFAP,ERMN,0.524
GFAP,HOMER1,0.538
GFAP,NKX2-2,0.546
GFAP,BACE1,0.566
GFAP,GRIA1,0.585
GFAP,MAP1B,0.615
GFAP,CAMK2A,0.623
GFAP,KCNJ10,0.638
GFAP,GRIA2,0.678
GFAP,TBR1,0.756
GFAP,ALDH1L1,0.767
GFAP,PAX6,0.774
GFAP,SLC1A2,0.885
LHX2,MSX2,0.472
LHX2,CUX2,0.463
LHX2,RAB2A,0.517
LHX2,EN2,0.453
LHX2,NR2F1,0.53
LHX2,MEF2C,0.464
LHX2,POU3F3,0.451
LHX2,OTX1,0.545
LHX2,NFIA,0.53
LHX2,MEIS2,0.438
LHX2,NKX2-2,0.446
LHX2,DLX3,0.453
LHX2,UNC5D,0.464
LHX2,RORB,0.477
LHX2,NFIB,0.531
LHX2,PAX6,0.576
LHX2,TBR1,0.588
LHX2,ROBO2,0.833
LHX2,LDB1,0.984
POU3F3,CUX2,0.423
POU3F3,RAD21,0.474
POU3F3,NR2F1,0.426
POU3F3,LMX1B,0.572
POU3F3,PAX6,0.459
POU3F3,TBR1,0.604
POU3F3,NKX2-2,0.631
SOX6,MSX2,0.481
SOX6,CAMK4,0.419
SOX6,ANKRD11,0.413
SOX6,MEF2C,0.43
SOX6,NFIA,0.505
SOX6,NFIB,0.456
SOX6,SHOX,0.667
SOX6,TBR1,0.434
SOX6,SATB1,0.401
SOX6,PAX6,0.425
SOX6,NFIX,0.5
MSX2,PTCH1,0.403
MSX2,GLI3,0.446
MSX2,ADORA2A,0.481
MSX2,WWP1,0.499
MSX2,DLX3,0.505
MSX2,HIVEP3,0.545
MSX2,DLX6,0.615
MSX2,SPEN,0.892
TBR1,KATNAL2,0.438
TBR1,CUX2,0.639
TBR1,GABRB3,0.404
TBR1,NR2F1,0.522
TBR1,CADM1,0.427
TBR1,CASKIN1,0.56
TBR1,OTX1,0.603
TBR1,NFIA,0.521
TBR1,ADNP,0.4
TBR1,TSPYL2,0.768
TBR1,RORB,0.58
TBR1,NFIB,0.482
TBR1,PTPRD,0.426
TBR1,NFIX,0.401
TBR1,MDGA1,0.442
TBR1,SATB1,0.558
TBR1,CAMK2A,0.564
TBR1,FOXP1,0.707
TBR1,RELN,0.813
TBR1,FOXP2,0.861
TBR1,PAX6,0.915
PAX6,CUX2,0.583
PAX6,WNT1,0.534
PAX6,NR2F1,0.607
PAX6,ALDH1A3,0.441
PAX6,PTCH1,0.494
PAX6,NR4A2,0.475
PAX6,LMX1B,0.521
PAX6,ASPM,0.4
PAX6,CNR1,0.413
PAX6,NFIA,0.609
PAX6,ADNP,0.507
PAX6,NKX2-2,0.88
PAX6,ESRRB,0.417
PAX6,NFIB,0.649
PAX6,RFX3,0.458
PAX6,GLI3,0.6
PAX6,NFIX,0.53
PAX6,FOXP2,0.601
PAX6,RELN,0.562
PAX6,PBX1,0.709
PAX6,MEIS2,0.843
PAX6,MFRP,0.555
PAX6,FOXP1,0.556
MEIS2,TSHZ3,0.56
MEIS2,NR2F1,0.483
MEIS2,MEF2C,0.603
MEIS2,LMX1B,0.872
MEIS2,TBX22,0.437
MEIS2,FOXP2,0.468
MEIS2,DLX3,0.922
MEIS2,PBX1,0.987
MEIS2,DLX6,0.414
MEIS2,TSHZ1,0.675
DOP1A,RIT2,0.404
DOP1A,ATP9A,0.564
DOP1A,NEO1,0.595
RIT2,GABRG2,0.416
RIT2,STK39,0.493
ATP9A,NEO1,0.563
ATP9A,TRAPPC2L,0.461
NEO1,LDB1,0.401
NEO1,PHF21A,0.429
NEO1,ROBO2,0.446
NEO1,CDON,0.609
NEO1,UNC5D,0.702
GDA,DPYD,0.41
GDA,ADK,0.487
GDA,ADSS2,0.505
GDA,AMPD1,0.597
GDA,ADSL,0.663
GDA,CRMP1,0.744
DPYD,CMPK2,0.497
DPYD,SLC1A2,0.41
DPYD,DPYSL5,0.765
DPYD,SLC23A1,0.703
DPYD,CRMP1,0.768
DPYD,AGMO,0.429
DPYD,DPYSL3,0.862
DPYD,ADSS2,0.425
DPYD,POLR3A,0.402
DPYD,ADSL,0.581
DPYD,ACY1,0.591
ADK,ADORA3,0.607
ADK,PDE3B,0.924
ADK,ADSS2,0.676
ADK,PDE1C,0.909
ADK,SLC29A4,0.405
ADK,AMPD1,0.977
ADK,ADORA2A,0.655
ADK,ADSL,0.977
ADSS2,CUL7,0.409
ADSS2,PDHA1,0.437
ADSS2,QRICH1,0.567
ADSS2,HMGN1,0.579
ADSS2,AMPD1,0.992
ADSS2,ADSL,0.999
AMPD1,PDE3B,0.664
AMPD1,CPT2,0.403
AMPD1,PDE1C,0.694
AMPD1,TTN,0.403
AMPD1,CSDE1,0.403
AMPD1,ADSL,0.973
ADSL,CMPK2,0.441
ADSL,AMT,0.409
ADSL,PDE3B,0.9
ADSL,SRPRA,0.426
ADSL,PDHA1,0.482
ADSL,QRICH1,0.611
ADSL,PDE1C,0.903
ADSL,MBD5,0.44
ADSL,PC,0.868
CRMP1,DPYSL5,0.482
CRMP1,MAP1B,0.456
CRMP1,SLC23A1,0.632
CRMP1,SDC2,0.409
CRMP1,GABRB3,0.541
CRMP1,ACY1,0.416
CRMP1,KIF1A,0.424
CRMP1,DISC1,0.475
CRMP1,WASF1,0.538
CRMP1,DPYSL3,0.947
ZC3H4,SPAST,0.42
ZC3H4,RBM27,0.44
ZC3H4,ANKRD11,0.449
ZC3H4,ADNP,0.583
CPEB4,CAMK2A,0.56
PTCH1,WNT1,0.463
PTCH1,EXT1,0.421
PTCH1,AKAP9,0.447
PTCH1,NEDD4,0.488
PTCH1,NKX2-2,0.527
PTCH1,GPC5,0.596
PTCH1,WWP1,0.598
PTCH1,SMURF1,0.95
PTCH1,GLI3,0.989
PTCH1,CDON,0.998
GLI3,PSMD11,0.415
GLI3,WNT1,0.403
GLI3,PSMD12,0.4
GLI3,NKX2-2,0.472
GLI3,NFIB,0.405
GLI3,CDON,0.526
GLI3,PSMD6,0.402
GLI3,PRKAR1B,0.54
ADORA2A,GRM5,0.976
ADORA2A,GPR37,0.461
ADORA2A,CNR1,0.956
ADORA2A,GNAS,0.995
ADORA2A,MAOB,0.474
ADORA2A,DRD3,0.51
ADORA2A,PDE1C,0.471
WWP1,PSMD11,0.456
WWP1,USP15,0.408
WWP1,PSMD12,0.49
WWP1,HIVEP3,0.982
WWP1,PSMD6,0.419
WWP1,NEDD4,0.519
WWP1,ADGRB1,0.422
WWP1,DLX6,0.506
HIVEP3,PSMD11,0.415
HIVEP3,USP24,0.8
HIVEP3,PSMD12,0.4
HIVEP3,PSMD6,0.402
HIVEP3,DLX6,0.506
DLX6,WNT1,0.476
DLX6,MEF2C,0.483
SPEN,PHF3,0.439
SPEN,RERE,0.459
SPEN,ZBTB18,0.407
SPEN,KMT2A,0.437
TSHZ3,ZBTB20,0.416
TSHZ3,ZNF713,0.432
TSHZ3,APBB1,0.442
TSHZ3,ZNF18,0.445
TSHZ3,ZNF559,0.452
TSHZ3,ZNF517,0.452
TSHZ3,ZNF548,0.458
TSHZ3,ZNF385B,0.469
TSHZ3,ZNF774,0.501
TSHZ3,TSHZ1,0.617
ZBTB20,POGZ,0.452
ZBTB20,ZNF292,0.414
ZBTB20,NFIA,0.467
ZBTB20,ZNF385B,0.415
ZBTB20,KMT2A,0.407
ZNF713,ZNF774,0.429
ZNF713,ZNF385B,0.48
APBB1,MAPK8IP1,0.745
APBB1,BACE1,0.791
APBB1,APH1A,0.442
ZNF18,ZNF292,0.447
ZNF18,ZNF559,0.457
ZNF18,ZNF385B,0.491
ZNF559,ZNF292,0.407
ZNF559,ZNF385B,0.506
ZNF517,ZNF292,0.461
ZNF517,ZNF385B,0.511
ZNF548,ZNF385B,0.561
ZNF385B,ZNF774,0.572
ZNF385B,ZNF292,0.444
TSHZ1,FOXP1,0.419
MAPK8IP1,DISC1,0.414
MAPK8IP1,OPHN1,0.438
MAPK8IP1,KIF1A,0.474
MAPK8IP1,MAP4K1,0.919
MAPK8IP1,MAPK8IP3,0.925
DISC1,BBS4,0.828
DISC1,GABRB2,0.511
DISC1,CACNG2,0.594
DISC1,TNS2,0.479
DISC1,PCM1,0.816
DISC1,MAP4K4,0.519
DISC1,DPYSL3,0.4
DISC1,NPAS3,0.493
DISC1,AKAP9,0.806
DISC1,PRODH,0.606
DISC1,DRD3,0.592
DISC1,SRGAP3,0.667
DISC1,CAMK2B,0.457
DISC1,GRIP1,0.513
DISC1,FOXP2,0.408
DISC1,RELN,0.511
DISC1,GRIA1,0.436
DISC1,KIF1A,0.492
DISC1,PAFAH1B2,0.549
OPHN1,NR1D1,0.55
OPHN1,HOMER1,0.746
OPHN1,SLC9A6,0.447
OPHN1,ASPM,0.46
OPHN1,IQSEC2,0.467
OPHN1,GRIA1,0.478
OPHN1,AFF2,0.505
OPHN1,TSPAN7,0.554
OPHN1,IL1RAPL1,0.613
OPHN1,ARHGEF9,0.671
OPHN1,PJA1,0.84
KIF1A,ZFYVE26,0.416
KIF1A,MAP1B,0.436
KIF1A,MADD,0.741
KIF1A,SPAST,0.596
KIF1A,NIPA1,0.455
KIF1A,DDHD2,0.405
KIF1A,RELN,0.486
KIF1A,KIF13B,0.65
KIF1A,PAFAH1B2,0.582
KIF1A,MAPK8IP3,0.695
MAP4K1,BCKDK,0.532
MAP4K1,CARD11,0.578
MAP4K1,DAPP1,0.546
MAP4K1,CUL7,0.462
MAPK8IP3,GRIA2,0.588
MAPK8IP3,SH3RF3,0.429
MAPK8IP3,GRIP1,0.783
MAPK8IP3,PTPRS,0.549
MAPK8IP3,CSDE1,0.401
CAT,ALDH1A3,0.427
CAT,ALDH5A1,0.431
CAT,MSRA,0.484
CAT,GBE1,0.571
CAT,SCP2,0.939
ALDH1A3,ABAT,0.476
ALDH5A1,AMT,0.485
ALDH5A1,GABRB2,0.825
ALDH5A1,DUSP15,0.4
ALDH5A1,GATM,0.432
ALDH5A1,PCCA,0.433
ALDH5A1,MAOB,0.453
ALDH5A1,ETFB,0.486
ALDH5A1,PRODH,0.585
ALDH5A1,PC,0.885
ALDH5A1,ABAT,0.994
MSRA,GLO1,0.423
GBE1,GPD2,0.43
GBE1,CCIN,0.441
GBE1,PDHA1,0.417
SCP2,PEX7,0.445
SCP2,ETFB,0.468
SCP2,CPT2,0.632
ADORA3,AGTR2,0.517
AGTR2,GPR37,0.519
AGTR2,GRM7,0.524
AGTR2,NR3C2,0.536
AGTR2,CNR1,0.578
AGTR2,SLC9A6,0.527
AGTR2,DRD3,0.586
GPC5,SDC2,0.687
GPC5,GPC4,0.602
GPC5,GPC6,0.747
GPC5,HLA-DPB1,0.438
GPC5,HS3ST5,0.592
GPC5,EXT1,0.625
GPC5,UNC5D,0.783
ADGRB1,RAPGEF2,0.513
ADGRB1,GNAS,0.401
ADGRB1,DOCK1,0.959
GPC6,SDC2,0.779
GPC6,GPC4,0.898
GPC6,SPARCL1,0.468
GPC6,PTPRS,0.478
GPC6,PTPRD,0.581
GPC6,HS3ST5,0.61
GPC6,EXT1,0.652
GPC4,RORA,0.44
GPC4,SDC2,0.807
GPC4,PTPRD,0.487
GPC4,SPARCL1,0.566
GPC4,HS3ST5,0.608
GPC4,EXT1,0.648
GPC4,PTPRS,0.751
SDC2,CASKIN1,0.427
SDC2,GRIP1,0.433
SDC2,EPHB2,0.493
SDC2,HS3ST5,0.64
SDC2,EXT1,0.715
BACE1,ABCA7,0.482
BACE1,GRIA1,0.413
BACE1,C4B,0.451
BACE1,MAOB,0.541
BACE1,APH1A,0.793
KATNAL2,ECPAS,0.482
KATNAL2,ASPM,0.51
KATNAL2,EIF3F,0.559
KATNAL2,VCP,0.613
KATNAL2,GPD2,0.785
KATNAL2,PSMD12,0.894
KATNAL2,PSMD6,0.94
KATNAL2,PSMD11,0.953
ECPAS,UBE3C,0.409
ECPAS,EIF3F,0.42
ECPAS,ANKRD17,0.446
ECPAS,CADPS2,0.527
ECPAS,PSMD6,0.853
ECPAS,PSMD11,0.937
ECPAS,PSMD12,0.956
ASPM,CEP135,0.718
ASPM,ZWILCH,0.548
ASPM,MCPH1,0.988
ASPM,CDK5RAP2,0.934
ASPM,IQGAP3,0.615
ASPM,TUBGCP5,0.46
ASPM,TRPM1,0.54
ASPM,PDHA1,0.559
ASPM,FOXP2,0.591
ASPM,ARHGAP11B,0.722
ASPM,HYDIN,0.751
EIF3F,PSMD11,0.799
EIF3F,PSMD12,0.777
EIF3F,VCP,0.416
EIF3F,CDK19,0.734
EIF3F,PSMD6,0.778
VCP,PSMD11,0.785
VCP,USP15,0.493
VCP,OTULIN,0.608
VCP,RAD21,0.445
VCP,UBA7,0.557
VCP,CAPRIN1,0.604
VCP,PSMD12,0.807
VCP,TLE3,0.416
VCP,SMURF1,0.443
VCP,CUL7,0.463
VCP,C4B,0.512
VCP,CLTCL1,0.581
VCP,PSMD6,0.822
GPD2,DGKI,0.802
GPD2,KCNJ15,0.47
GPD2,KATNAL1,0.739
GPD2,PC,0.787
PSMD12,PSMD11,0.999
PSMD12,USP15,0.493
PSMD12,DENR,0.601
PSMD12,UBE3C,0.586
PSMD12,PRICKLE1,0.4
PSMD12,KATNAL1,0.567
PSMD12,PSMD6,0.999
PSMD6,PSMD11,0.999
PSMD6,UBE3C,0.696
PSMD6,PRICKLE1,0.472
PSMD6,KATNAL1,0.598
PSMD11,PRICKLE1,0.4
PSMD11,ASB11,0.453
PSMD11,KATNAL1,0.56
PSMD11,UBE3C,0.661
NR1D1,INPP1,0.406
NR1D1,PER1,0.762
NR1D1,RORA,0.78
NR1D1,PER2,0.998
INPP1,STK39,0.609
PER1,PER2,0.997
PER1,RORA,0.565
PER1,SIK1,0.838
PER1,RORB,0.551
RORA,PER2,0.922
RORA,PTK7,0.448
RORA,RORB,0.941
PER2,DRD1,0.4
PER2,SIK1,0.408
PER2,USP24,0.414
PER2,ASMT,0.422
PER2,RORB,0.921
PER2,NR4A2,0.937
CUL7,PEBP4,0.646
CUL7,SRPRA,0.688
CUL7,POLR3A,0.821
CUL7,HMGN1,0.773
CUL7,KCNQ3,0.462
CUL7,ERMN,0.582
CUL7,KDM5A,0.433
CUL7,KCNS3,0.462
CUL7,UIMC1,0.548
CUL7,KCNA2,0.462
CUL7,KCNC2,0.462
CUL7,TTN,0.523
CUL7,FRRS1L,0.672
GLS,SLC7A5,0.568
GLS,AMT,0.809
GLS,PC,0.447
GLS,CHM,0.547
GLS,GATM,0.811
EXT1,RAD21,0.482
EXT1,CSMD3,0.71
EXT1,POMGNT1,0.47
EXT1,HS3ST5,0.521
SGSM3,SBF1,0.458
SBF1,PRODH,0.413
SBF1,CHM,0.422
SBF1,TCF20,0.516
SBF1,CHKB,0.541
SBF1,KMT2A,0.755
LRRC4,CADM1,0.401
LRRC4,ADGRL1,0.518
LRRC4,NLGN2,0.538
LRRC4,PTPRS,0.643
CADM1,GRIK5,0.431
CADM1,NLGN2,0.746
CADM1,DLGAP1,0.423
CADM1,PCDH11X,0.51
CADM1,GRIP1,0.571
CADM1,NLGN4Y,0.717
ADGRL1,LRRC4C,0.518
ADGRL1,LRFN5,0.514
ADGRL1,SLITRK2,0.525
ADGRL1,CNTN6,0.53
ADGRL1,LRFN2,0.564
ADGRL1,LRRC1,0.614
ADGRL1,UNC5D,0.973
NLGN2,LRRC4C,0.413
NLGN2,GRIA2,0.516
NLGN2,GRIP1,0.402
NLGN2,CAMK2A,0.411
NLGN2,CADPS2,0.437
NLGN2,GABRB3,0.439
NLGN2,SLITRK2,0.455
NLGN2,SPARCL1,0.461
NLGN2,NLGN4Y,0.525
NLGN2,GRIA1,0.532
NLGN2,PTPRS,0.546
NLGN2,IL1RAPL1,0.602
NLGN2,GRM5,0.668
NLGN2,HOMER1,0.699
NLGN2,DLGAP3,0.709
NLGN2,SYNGAP1,0.717
NLGN2,MDGA2,0.839
NLGN2,DLGAP1,0.844
NLGN2,ARHGEF9,0.95
NLGN2,MDGA1,0.994
PTPRS,LRRC4C,0.658
PTPRS,LRFN5,0.875
PTPRS,SLITRK2,0.806
PTPRS,PTPRB,0.458
PTPRS,LRFN2,0.467
PTPRS,NLGN4Y,0.406
PTPRS,IL1RAPL1,0.879
PTPRS,PTPRD,0.671
PTPRS,GRIP1,0.519
PTPRS,GRIA1,0.585
MBD1,TET3,0.437
DENR,SAE1,0.468
DENR,TSPAN7,0.42
MBD5,MBD6,0.575
MBD5,SLC9A6,0.422
MBD5,UBN2,0.436
KLF16,MSANTD2,0.562
ZFYVE26,UIMC1,0.415
ZFYVE26,NIPA1,0.617
ZFYVE26,DDHD2,0.621
ZFYVE26,SPAST,0.788
UIMC1,ZMYM3,0.846
NIPA1,GABRB3,0.514
NIPA1,SPAST,0.934
NIPA1,DDHD2,0.552
NIPA1,GABRG3,0.58
NIPA1,ATP10A,0.602
NIPA1,NIPA2,0.801
NIPA1,TUBGCP5,0.996
DDHD2,SPAST,0.616
SPAST,MAP1B,0.436
SPAST,ANKRD11,0.454
SPAST,NIPA2,0.485
SPAST,ADNP,0.489
SPAST,TCF4,0.495
SPAST,CHMP1A,0.575
MAST1,CACNG2,0.417
CACNG2,MAST3,0.409
CACNG2,GRIA2,0.995
CACNG2,FBXO33,0.406
CACNG2,GALNT13,0.4
CACNG2,CAMK2D,0.416
CACNG2,HOMER1,0.446
CACNG2,HTR3C,0.541
CACNG2,GRIK5,0.584
CACNG2,PPP2R5C,0.65
CACNG2,CACNA1E,0.661
CACNG2,CACNA1G,0.674
CACNG2,GRIK4,0.706
CACNG2,GRIK3,0.707
CACNG2,CACNA2D3,0.708
CACNG2,GRIP1,0.744
CACNG2,HTR3A,0.748
CACNG2,DLGAP1,0.751
CACNG2,SYNGAP1,0.768
CACNG2,CACNA1F,0.779
CACNG2,CAMK2B,0.808
CACNG2,CAMK2A,0.808
CACNG2,CACNB1,0.847
CACNG2,GRIA3,0.984
CACNG2,GRIA1,0.999
GALNT8,MUC12,0.415
GALNT8,MUC4,0.444
MUC12,GALNT10,0.486
MUC12,GALNT14,0.426
MUC12,GALNT2,0.415
MUC12,GALNT13,0.413
MUC12,MUC4,0.851
MUC4,GALNT10,0.627
MUC4,GALNT14,0.495
MUC4,GALNT2,0.44
MUC4,GALNT13,0.403
MUC4,TTN,0.498
CAMK2A,KCNH1,0.548
CAMK2A,SLC1A2,0.416
CAMK2A,PDE3B,0.663
CAMK2A,CAMK4,0.924
CAMK2A,GRIA2,0.977
CAMK2A,MAP1B,0.422
CAMK2A,ADCY1,0.764
CAMK2A,GRIK5,0.585
CAMK2A,GRM5,0.975
CAMK2A,DLGAP1,0.703
CAMK2A,KCNH5,0.512
CAMK2A,GRID1,0.764
CAMK2A,HOMER1,0.735
CAMK2A,CASKIN1,0.551
CAMK2A,AKAP9,0.433
CAMK2A,ATP2B2,0.462
CAMK2A,DLGAP3,0.451
CAMK2A,CACNA1F,0.704
CAMK2A,PTPRD,0.455
CAMK2A,DRD3,0.448
CAMK2A,DRD1,0.507
CAMK2A,CACNB1,0.762
CAMK2A,CAMK2B,0.999
CAMK2A,GRIP1,0.443
CAMK2A,ADCY3,0.929
CAMK2A,GABRG2,0.575
CAMK2A,CACNA2D3,0.756
CAMK2A,CAMK2D,0.996
CAMK2A,GRIA1,0.999
CAMK2A,ANKS1B,0.53
CAMK2A,PPP1R9B,0.522
CAMK2A,GRIA3,0.808
CAMK2A,SYNGAP1,0.729
LMX1B,WNT1,0.563
LMX1B,NR4A2,0.717
LMX1B,DPP10,0.407
LMX1B,SHOX,0.444
LMX1B,FOXP2,0.46
LMX1B,OTX1,0.461
LMX1B,DDC,0.6
LMX1B,PBX1,0.83
LMX1B,NKX2-2,0.895
LMX1B,LDB1,0.976
RAPGEF2,NEDD4,0.708
PPP1R9B,TRPC5,0.481
PPP1R9B,TAOK2,0.499
PPP1R9B,HOMER1,0.408
PPP1R9B,CAMK2B,0.452
PPP1R9B,GRIA1,0.522
PPP1R9B,AGAP2,0.64
TLN2,SLC9A1,0.547
TLN2,TNS2,0.652
TLN2,CTNNA3,0.728
TLN2,TTN,0.464
TLN2,DOCK1,0.479
TLN2,RASSF5,0.529
CTNNA3,TTN,0.513
ZSWIM6,HECW2,0.485
HECW2,UNC79,0.401
PC,CYP27A1,0.507
PC,SLC1A2,0.418
PC,CPT2,0.493
PC,PCCA,0.922
PC,PDHA1,0.633
PC,PCCB,0.989
WNT1,EGR3,0.41
WNT1,SSR4,0.424
WNT1,NR4A2,0.454
WNT1,PPP2R5C,0.499
WNT1,EN2,0.584
WNT1,PTK7,0.63
SNTG2,HACE1,0.408
MAOB,ALDH1L1,0.446
MAOB,GABRB2,0.437
MAOB,SLC1A2,0.438
MAOB,GRM5,0.412
MAOB,NR4A2,0.508
MAOB,HTR3A,0.464
MAOB,GLO1,0.833
MAOB,CACNA1F,0.594
MAOB,PAH,0.402
MAOB,ASMT,0.416
MAOB,BCKDK,0.444
MAOB,PHF21A,0.468
MAOB,TDO2,0.477
MAOB,ABAT,0.512
MAOB,DRD1,0.59
MAOB,DRD3,0.691
MAOB,DDC,0.987
MAP1B,RASSF5,0.42
MAP1B,ADNP,0.433
MAP1B,CLTCL1,0.449
MAP1B,DPYSL3,0.461
MAP1B,GRIA3,0.466
MAP1B,GRM5,0.546
MAP1B,GRIA1,0.557
MAP1B,SCN8A,0.575
MAP1B,DST,0.629
GRIA1,SLC1A1,0.534
GRIA1,GABRB2,0.478
GRIA1,SLC1A2,0.687
GRIA1,CAMK4,0.47
GRIA1,NPTN,0.452
GRIA1,GRIA2,0.999
GRIA1,LRFN5,0.419
GRIA1,GRIK5,0.533
GRIA1,GRM5,0.916
GRIA1,GABRB3,0.562
GRIA1,DLGAP1,0.852
GRIA1,HTR3C,0.573
GRIA1,GRID1,0.476
GRIA1,HOMER1,0.873
GRIA1,LRFN2,0.451
GRIA1,HTR3A,0.814
GRIA1,NLGN4Y,0.412
GRIA1,GRM7,0.733
GRIA1,CNR1,0.456
GRIA1,GABRA3,0.584
GRIA1,GRIK3,0.822
GRIA1,DLGAP3,0.507
GRIA1,TSPAN7,0.476
GRIA1,PTPRD,0.524
GRIA1,DRD1,0.74
GRIA1,CAMK2B,0.955
GRIA1,GRIP1,0.96
GRIA1,AP2M1,0.58
GRIA1,GABRG2,0.521
GRIA1,NEDD4,0.678
GRIA1,CAMK2D,0.592
GRIA1,GABRA2,0.488
GRIA1,FRRS1L,0.465
GRIA1,AGAP2,0.517
GRIA1,GRIK4,0.752
GRIA1,SYNGAP1,0.793
GRIA1,GRIA3,0.999
MAP1A,ADNP,0.408
PRODH,ALDH1L1,0.41
PRODH,GABRB2,0.488
PRODH,GNB1L,0.795
PRODH,TBX1,0.686
PRODH,ABCA13,0.414
PRODH,ABAT,0.496
PRODH,DRD3,0.525
RUNX1T1,PRICKLE1,0.43
RUNX1T1,AKAP9,0.439
RUNX1T1,ZMYND11,0.611
RUNX1T1,TCF4,0.575
RUNX1T1,TCF12,0.989
RUNX1T1,PBX1,0.51
RUNX1T1,KMT2A,0.639
SCAF4,RBM27,0.483
SCAF4,POGZ,0.451
KMT2A,RAD21,0.428
KMT2A,ANKRD11,0.514
KMT2A,KMT5B,0.401
KMT2A,BPTF,0.543
KMT2A,RERE,0.483
KMT2A,AFF2,0.564
KMT2A,DDX53,0.412
KMT2A,KDM5A,0.692
KMT2A,PBX1,0.775
KMT2A,BCORL1,0.446
KMT2A,SETBP1,0.516
ANKRD11,RAD21,0.523
ANKRD11,ADNP,0.422
ANKRD11,DPP10,0.422
ANKRD11,FOXP1,0.472
ANKRD11,HDAC8,0.483
ANKRD11,NR3C2,0.499
ADNP,POGZ,0.716
ADNP,KMT5B,0.713
ADNP,BPTF,0.741
ADNP,ZNF292,0.54
ADNP,ZNF644,0.474
ADNP,SETBP1,0.412
ADNP,SYNGAP1,0.428
ADNP,ZMYM2,0.48
ADNP,CHAMP1,0.534
GSPT2,UPF2,0.539
SLC6A8,TMLHE,0.416
SLC6A8,SLC1A2,0.565
SLC6A8,GATM,0.933
SLC1A2,SLC7A5,0.51
SLC1A2,ALDH1L1,0.755
SLC1A2,GRIK3,0.43
SLC1A2,SPARCL1,0.445
SLC1A2,ATP2B2,0.447
SLC1A2,HEPACAM,0.456
SLC1A2,GRIK4,0.46
SLC1A2,DDC,0.461
SLC1A2,GRM7,0.467
SLC1A2,GRIK5,0.472
SLC1A2,GRIA3,0.473
SLC1A2,KCNQ3,0.564
SLC1A2,GRIA2,0.685
SLC1A2,GRM5,0.69
SLC1A2,KCNJ10,0.76
GATM,ABAT,0.814
NR4A2,SIK1,0.662
NR4A2,EN2,0.447
NR4A2,EGR3,0.675
NR4A2,ZFHX3,0.409
NR4A2,DDC,0.675
NR4A2,TCF12,0.689
BCAS1,ERMN,0.447
GABRG2,PCDH10,0.644
GABRG2,GABRB2,0.989
GABRG2,NPTN,0.511
GABRG2,GRIA2,0.623
GABRG2,GRIK5,0.434
GABRG2,GRM5,0.491
GABRG2,GABRB3,0.99
GABRG2,EGR3,0.422
GABRG2,SCN8A,0.726
GABRG2,GRM7,0.459
GABRG2,GABRA3,0.762
GABRG2,PCDH19,0.691
GABRG2,GRIK3,0.431
GABRG2,KCNQ3,0.663
GABRG2,DRD1,0.508
GABRG2,KCNC2,0.442
GABRG2,KCNA2,0.476
GABRG2,GRIA3,0.491
GABRG2,GABRG3,0.732
GABRG2,ARHGEF9,0.733
GABRG2,GABRA2,0.793
GNAS,CHRM3,0.666
GNAS,ADCY1,0.979
GNAS,GRM5,0.787
GNAS,ATP6V0A2,0.415
GNAS,GRM7,0.675
GNAS,RGS7,0.48
GNAS,CNR1,0.514
GNAS,PLPPR4,0.57
GNAS,SETBP1,0.416
GNAS,BCORL1,0.418
GNAS,DRD3,0.424
GNAS,CSDE1,0.429
GNAS,PRKAR1B,0.651
GNAS,ADCY3,0.948
GNAS,DRD1,0.994
SPARCL1,KCNJ10,0.411
NFIA,ALDH1L1,0.416
NFIA,POLR3A,0.4
NFIA,FOXP1,0.424
NFIA,SATB1,0.555
NFIA,NFIX,0.66
NFIA,NFIB,0.812
RELN,CUX2,0.42
RELN,GABRB3,0.492
RELN,OTX1,0.402
RELN,TSPYL2,0.501
RELN,FOXP2,0.638
RELN,KIRREL3,0.419
GRM5,CHRM3,0.929
GRM5,DAGLA,0.811
GRM5,SLC1A1,0.515
GRM5,GABRB2,0.544
GRM5,DPYSL5,0.507
GRM5,GRIA2,0.852
GRM5,GRIK5,0.615
GRM5,GABRB3,0.41
GRM5,GABRA2,0.414
GRM5,KCNJ10,0.427
GRM5,FRMPD4,0.531
GRM5,GRM7,0.536
GRM5,EPHB2,0.553
GRM5,GRIK4,0.554
GRM5,GRID1,0.554
GRM5,GRIK3,0.556
GRM5,DNER,0.556
GRM5,NLGN4Y,0.611
GRM5,SYNGAP1,0.619
GRM5,CNR1,0.624
GRM5,DRD1,0.676
GRM5,DPP10,0.778
GRM5,GRIA3,0.782
GRM5,DLGAP3,0.786
GRM5,DPP6,0.787
GRM5,DLGAP1,0.915
GRM5,CAMK2B,0.933
GRM5,HOMER1,0.999
ERMN,HMGN1,0.424
HOMER1,DAGLA,0.582
HOMER1,TRPC5,0.412
HOMER1,GRIA2,0.596
HOMER1,DLGAP1,0.986
HOMER1,EGR3,0.447
HOMER1,DRD1,0.414
HOMER1,GRIA3,0.43
HOMER1,AGAP2,0.441
HOMER1,FRYL,0.628
HOMER1,NLGN4Y,0.649
HOMER1,SYNGAP1,0.715
HOMER1,DLGAP3,0.816
NKX2-2,LDB1,0.503
NKX2-2,TLE3,0.975
KCNJ10,ALDH1L1,0.526
KCNJ10,KCNMA1,0.54
KCNJ10,HEPACAM,0.719
KCNJ10,GRIK5,0.516
KCNJ10,SCN8A,0.489
KCNJ10,STK39,0.506
KCNJ10,TRPM6,0.483
KCNJ10,KCNQ3,0.576
KCNJ10,KCNJ15,0.691
KCNJ10,ATP1A3,0.402
KCNJ10,KCNA2,0.504
GRIA2,SLC1A1,0.608
GRIA2,GABRB2,0.568
GRIA2,LRRC4C,0.423
GRIA2,DLGAP3,0.401
GRIA2,ANKS1B,0.402
GRIA2,RAB39B,0.406
GRIA2,KCNC2,0.411
GRIA2,LRFN2,0.411
GRIA2,NLGN4Y,0.426
GRIA2,CNR1,0.43
GRIA2,SORCS3,0.433
GRIA2,LRFN5,0.446
GRIA2,FRRS1L,0.453
GRIA2,KCNA2,0.493
GRIA2,SYNGAP1,0.509
GRIA2,GRIK5,0.52
GRIA2,CYFIP2,0.522
GRIA2,GABRA2,0.555
GRIA2,HTR3C,0.576
GRIA2,AP2M1,0.59
GRIA2,TSPAN7,0.592
GRIA2,CAMK2D,0.595
GRIA2,GABRA3,0.622
GRIA2,GRIK4,0.641
GRIA2,AGAP2,0.664
GRIA2,DRD1,0.668
GRIA2,GRIK3,0.676
GRIA2,GABRB3,0.685
GRIA2,DLGAP1,0.722
GRIA2,HTR3A,0.806
GRIA2,GRM7,0.834
GRIA2,CAMK2B,0.953
GRIA2,GRIP1,0.999
GRIA2,GRIA3,0.999
ALDH1L1,CCDC88C,0.42
ALDH1L1,ABAT,0.489
ALDH1L1,HEPACAM,0.553
ALDH1L1,AMT,0.939
GSE1,TCF4,0.46
GSE1,PHF21A,0.656
GSE1,ZMYM3,0.716
GSE1,ZMYM2,0.779
TCF4,CUX2,0.461
TCF4,KPTN,0.432
TCF4,MEF2C,0.766
TCF4,HIVEP2,0.681
TCF4,ABCA13,0.422
TCF4,ZEB2,0.482
TCF4,LDB1,0.912
TCF4,TLE3,0.93
TCF4,TCF12,0.992
PHF21A,BPTF,0.442
PHF21A,ZMYM3,0.579
PHF21A,KDM4C,0.484
PHF21A,ZMYM2,0.838
ZMYM3,QRICH1,0.45
ZMYM3,ZNF292,0.498
ZMYM3,ZMYM2,0.867
ZMYM2,NR2F1,0.463
ZMYM2,ZNF644,0.4
ZMYM2,TBX22,0.424
ZMYM2,QRICH1,0.439
ZMYM2,SATB1,0.53
ZMYM2,FOXP1,0.481
PCDHAC1,PCDHA11,0.483
PCDHAC1,PCDHA10,0.499
PCDHAC1,PCDHAC2,0.507
PCDHA11,PCDHAC2,0.564
PCDHA11,PCDHA10,0.793
PCDHA11,PCDHA12,0.92
PCDHA11,PCDHA7,0.456
PCDHA11,PCDHA9,0.6
PCDHA11,PCDHA4,0.701
PCDHA11,PCDHA1,0.726
PCDHA11,PCDHA3,0.798
PCDHA10,PCDHA13,0.671
PCDHA10,PCDHA8,0.629
PCDHA10,PCDHA3,0.647
PCDHA10,PCDHA4,0.66
PCDHA10,PCDHA12,0.683
PCDHA10,PCDHA2,0.691
PCDHA10,PCDHA7,0.847
PCDHA10,PCDHA6,0.848
PCDHA10,PCDHA9,0.919
CASKIN1,DLGAP3,0.453
PRICKLE1,PCDH19,0.416
PRICKLE1,PCDH11X,0.422
PRICKLE1,KCNQ3,0.471
PRICKLE1,PTK7,0.57
PRICKLE1,SMURF1,0.678
RIMS2,UNC79,0.615
RIMS2,RIMS3,0.427
RIMS2,CACNA1F,0.64
RIMS2,CADPS2,0.465
GRIP1,EPHA1,0.541
GRIP1,DLGAP1,0.447
GRIP1,GRM7,0.649
GRIP1,TSPAN7,0.427
GRIP1,PTPRD,0.426
GRIP1,EPHB1,0.551
GRIP1,GRIK4,0.49
GRIP1,AP2M1,0.544
GRIP1,EPHB2,0.628
GRIP1,GRIA3,0.993
PTPRD,CSMD3,0.418
PTPRD,LRFN5,0.88
PTPRD,GRIK5,0.53
PTPRD,DLGAP1,0.467
PTPRD,SLITRK2,0.956
PTPRD,IL1RAPL2,0.833
PTPRD,IL1RAPL1,0.994
PTPRD,PARD3B,0.4
PTPRD,MARK2,0.409
PTPRD,DCC,0.411
PTPRD,CMIP,0.451
CNR1,DAGLA,0.817
CNR1,ADCY1,0.912
CNR1,DRD1,0.462
CNR1,ADCY3,0.906
FOXP1,NR2F1,0.559
FOXP1,FOXP2,0.897
FOXP1,SATB1,0.731
FOXP1,PBX1,0.861
FOXP1,ROBO2,0.494
FOXP2,CUX2,0.503
FOXP2,ST7,0.632
FOXP2,MEF2C,0.591
FOXP2,MCPH1,0.592
FOXP2,MINK1,0.408
FOXP2,NPAS3,0.503
FOXP2,RORB,0.46
FOXP2,DPP10,0.483
FOXP2,HYDIN,0.479
FOXP2,ROBO2,0.571
FOXP2,CMIP,0.572
DRD3,GABRB2,0.608
DRD3,HTR3A,0.518
DRD3,ABCA13,0.42
DRD3,DDC,0.435
DRD3,DRD1,0.801
DRD1,GABRB2,0.62
DRD1,HTR3A,0.445
DRD1,GABRA3,0.431
DRD1,GABRG3,0.401
DRD1,GRK4,0.438
DRD1,SYNGAP1,0.451
DRD1,GABRA2,0.5
DRD1,DDC,0.676
SIK1,ATP1A1,0.548
SIK1,ATP1A3,0.55
ASMT,CLCN4,0.649
ASMT,PAH,0.405
ASMT,TDO2,0.418
ASMT,SHOX,0.646
ASMT,DDC,0.692
RORB,CUX2,0.676
RORB,KCNH5,0.425
RORB,UNC5D,0.402
RORB,MDGA1,0.557
SETBP1,RAD21,0.498
SETBP1,ANP32A,0.598
SETBP1,BCORL1,0.65
SETBP1,AGAP2,0.548
NEDD4,SLC9A1,0.412
NEDD4,USP15,0.437
NEDD4,UBA7,0.647
NEDD4,SCN8A,0.431
NEDD4,SMURF1,0.504
NEDD4,SPRY2,0.415
NEDD4,MLANA,0.51
NEDD4,CLTCL1,0.423
MARK2,TAOK1,0.698
MARK2,ARHGEF2,0.758
MARK2,PARD3B,0.401
MARK2,AP2M1,0.406
MARK2,KIF13B,0.578
MARK2,MARK1,0.743
KMT5B,KIAA0232,0.54
KMT5B,KDM5A,0.419
CECR2,USP30,0.45
CECR2,BPTF,0.925
CECR2,BAZ2B,0.562
CECR2,USP27X,0.45
HMGN1,PEBP4,0.439
HMGN1,SRPRA,0.645
HMGN1,POLR3A,0.656
HMGN1,KCNC2,0.478
HMGN1,KCNS3,0.478
HMGN1,KCNA2,0.478
HMGN1,KCNQ3,0.478
HMGN1,NFIX,0.502
HOXA1,PBX1,0.833
PPM1D,RAD21,0.405
PPM1D,BCORL1,0.488
PPM1D,CCNG1,0.579
POT1,TERF2,0.999
POT1,POLA2,0.513
POT1,RAD21,0.552
POT1,SYCE1,0.499
POT1,STAG1,0.56
NCAPH2,POLA2,0.473
NCAPH2,RAD21,0.584
NCAPH2,MCPH1,0.633
TERF2,POLA2,0.524
TERF2,SYCE1,0.538
TERF2,RAD21,0.573
TERF2,STAG1,0.709
TERF2,MCPH1,0.931
PHF7,USP15,0.403
PHF7,TCEAL1,0.7
STAG1,RAD21,0.999
STAG1,SYCE1,0.604
STAG1,NSMCE3,0.504
STAG1,HDAC8,0.614
STAG1,RAD21L1,0.965
KDM5A,BPTF,0.499
KDM5A,SON,0.633
KDM5A,POLR3A,0.511
KDM5A,HDAC8,0.408
KDM5A,PBX1,0.54
KDM5A,EMSY,0.904
RAD21,POLA2,0.574
RAD21,PPP2R5C,0.503
RAD21,BCORL1,0.545
RAD21,SYCE1,0.67
RAD21,RAD21L1,0.761
RAD21,HDAC8,0.856
RAD21,NSMCE3,0.872
HDAC8,EMSY,0.509
ZMYND11,DEAF1,0.892
ZMYND11,EMSY,0.92
KDM4C,BPTF,0.496
BPTF,PHF3,0.68
BPTF,CXXC5,0.41
BPTF,SON,0.403
DYDC2,DYDC1,0.712
DYDC1,HYDIN,0.469
POLR3A,NFIB,0.4
POLR3A,NFIX,0.4
POLR3A,PRKAR1B,0.401
POLR3A,DMXL2,0.437
POLR3A,TOP3B,0.519
POLR3A,NDUFA5,0.528
POLA2,RAD21L1,0.544
POLA2,DPP3,0.547
SYCE1,RAD21L1,0.643
MCPH1,CEP135,0.675
MCPH1,TRPM1,0.409
MCPH1,PDHA1,0.505
MCPH1,CDK5RAP2,0.942
RIMS3,IL1RAPL1,0.585
KCNMA1,KCNN2,0.969
KCNMA1,KCNH1,0.682
KCNMA1,CAMK4,0.523
KCNMA1,KCNS3,0.421
KCNMA1,WNK3,0.426
KCNMA1,ATP1A3,0.436
KCNMA1,KCNH5,0.464
KCNMA1,DNER,0.467
KCNMA1,SCN4A,0.491
KCNMA1,CACNA1E,0.503
KCNMA1,CACNA2D3,0.508
KCNMA1,CACNA1G,0.558
KCNMA1,SCN8A,0.605
KCNMA1,STK39,0.704
KCNMA1,KCNA2,0.716
KCNMA1,CACNA1F,0.781
GRIA3,GABRB2,0.472
GRIA3,GRIK5,0.508
GRIA3,GABRB3,0.452
GRIA3,HTR3C,0.596
GRIA3,GRID1,0.504
GRIA3,HTR3A,0.796
GRIA3,GRM7,0.564
GRIA3,GABRA3,0.673
GRIA3,GRIK3,0.649
GRIA3,TSPAN7,0.548
GRIA3,CACNB1,0.413
GRIA3,CAMK2B,0.797
GRIA3,AP2M1,0.556
GRIA3,CAMK2D,0.476
GRIA3,GABRA2,0.551
GRIA3,GRIK4,0.635
GRIA3,FRRS1L,0.475
GRIA3,CYFIP2,0.451
GRIA3,SYNGAP1,0.407
GRIA3,KCNA2,0.407
CAMK2B,KCNH1,0.518
CAMK2B,PDE3B,0.663
CAMK2B,CAMK4,0.918
CAMK2B,ADCY1,0.77
CAMK2B,DLGAP1,0.414
CAMK2B,KCNH5,0.504
CAMK2B,PCM1,0.482
CAMK2B,AKAP9,0.413
CAMK2B,ATP2B2,0.401
CAMK2B,CACNA1F,0.685
CAMK2B,SCGN,0.411
CAMK2B,CACNB1,0.744
CAMK2B,ARHGEF10,0.41
CAMK2B,ANKS1B,0.55
CAMK2B,SYNGAP1,0.668
CAMK2B,CACNA2D3,0.742
CAMK2B,ADCY3,0.922
CAMK2B,CAMK2D,0.994
NLGN4Y,DLGAP1,0.843
NLGN4Y,SLITRK2,0.457
NLGN4Y,USP9Y,0.941
NLGN4Y,IL1RAPL1,0.403
NLGN4Y,PCDH11X,0.455
NLGN4Y,MDGA2,0.473
NLGN4Y,ZFX,0.475
NLGN4Y,MDGA1,0.505
NLGN4Y,SYNGAP1,0.61
NLGN4Y,DLGAP3,0.66
GABRB2,CACNA1E,0.402
GABRB2,GRM7,0.403
GABRB2,MARK1,0.404
GABRB2,GRIK5,0.404
GABRB2,ATP2B2,0.41
GABRB2,GRIK3,0.536
GABRB2,NPTN,0.54
GABRB2,ARHGEF9,0.618
GABRB2,GABRG3,0.763
GABRB2,GABRA3,0.77
GABRB2,GABRA2,0.812
GABRB2,GABRB3,0.969
ATP1A3,SLC9A1,0.819
ATP1A3,ABCA2,0.771
ATP1A3,SCN8A,0.456
ATP1A3,PLN,0.821
ATP1A3,ATP2B2,0.437
ATP1A3,ABL2,0.457
ATP1A3,ATP1A1,0.947
ATP2B2,GUCY1A2,0.483
ATP2B2,NPTN,0.573
ATP2B2,SLC24A2,0.436
ATP2B2,SCN8A,0.402
ATP2B2,CACNA1E,0.401
ATP2B2,CACNA1F,0.403
ATP2B2,SRGAP3,0.425
GRIK4,GRIK5,0.989
GRIK4,HTR3C,0.581
GRIK4,SCN8A,0.615
GRIK4,HTR3A,0.649
GRIK4,GRM7,0.705
GRIK4,CACNA1G,0.616
GRIK4,GRIK3,0.991
GRIK4,SCN4A,0.58
GRIK4,MARK1,0.498
CACNA1E,UNC79,0.454
CACNA1E,CACNA1G,0.863
CACNA1E,KCNC2,0.41
CACNA1E,KCNQ3,0.49
CACNA1E,KCNA2,0.504
CACNA1E,CACNA1F,0.636
CACNA1E,CACNB1,0.882
CACNA1E,CACNA2D3,0.896
SCN8A,UNC79,0.454
SCN8A,PCDH10,0.573
SCN8A,KCNH1,0.454
SCN8A,ADCY1,0.404
SCN8A,GRIK5,0.514
SCN8A,GABRB3,0.574
SCN8A,KCNH7,0.41
SCN8A,CELF4,0.402
SCN8A,GABRA2,0.409
SCN8A,IQSEC2,0.43
SCN8A,CACNA2D3,0.465
SCN8A,CACNB1,0.465
SCN8A,KCNC2,0.506
SCN8A,SYNGAP1,0.55
SCN8A,GRIK3,0.633
SCN8A,PCDH19,0.648
SCN8A,CACNA1G,0.719
SCN8A,SCN4A,0.764
SCN8A,KCNA2,0.769
SCN8A,KCNQ3,0.823
SCN8A,FGF14,0.962
SCGN,SLC29A4,0.419
SCGN,MARK1,0.429
ADCY1,PDE3B,0.773
ADCY1,GUCY1A2,0.452
ADCY1,CAMK4,0.724
ADCY1,KCNC2,0.46
ADCY1,CACNA1G,0.483
ADCY1,PRKAR1B,0.692
ADCY1,PDE1C,0.726
ADCY1,ADCY3,0.91
ANP32A,AGAP2,0.555
CHRM3,GRID1,0.494
GRID1,GRIK5,0.479
GRID1,DLGAP1,0.532
GRID1,GRIK3,0.463
GRID1,GRM7,0.52
GRID1,GRID2IP,0.583
HYDIN,DNAH3,0.431
HYDIN,CSMD3,0.536
HYDIN,SRGAP3,0.875
HYDIN,TTN,0.513
TTN,DPYSL5,0.438
TTN,CSMD3,0.724
TTN,DNER,0.456
TTN,CACNA1G,0.424
TTN,POMGNT1,0.489
TTN,POMT1,0.565
TTN,DPP6,0.401
TTN,CAMK2D,0.438
TTN,TLE3,0.405
TTN,ZFHX4,0.571
CPT2,ETFB,0.517
CPT2,PCCB,0.48
CPT2,PDHA1,0.581
CDK19,MED12L,0.996
UNC79,RERE,0.405
UNC79,MARK1,0.408
UNC79,SLC24A2,0.41
UNC79,CACNA1F,0.411
UNC79,SCN4A,0.423
UNC79,UNC80,0.999
RERE,SLC45A1,0.556
SLC24A2,CNGB3,0.44
SLC24A2,ANKS1B,0.486
CACNA1F,KCNN2,0.47
CACNA1F,CNGB3,0.537
CACNA1F,CACNA1G,0.737
CACNA1F,ZNF644,0.419
CACNA1F,PPP2R5C,0.65
CACNA1F,TRPM1,0.674
CACNA1F,CACNA2D3,0.783
CACNA1F,CACNB1,0.886
SCN4A,CACNA1G,0.701
SCN4A,GRIK3,0.563
SCN4A,KCNQ3,0.618
SCN4A,CACNB1,0.658
SCN4A,KCNC2,0.5
SCN4A,KCNA2,0.662
UNC80,ABCA13,0.417
PEBP4,FRRS1L,0.446
RAB2A,PDE1C,0.546
RAB2A,LDB1,0.607
RAB2A,CHM,0.666
CMIP,HIVEP2,0.42
CMIP,ROBO2,0.482
PLXNB1,EPHA1,0.402
PLXNB1,PTK7,0.405
PLXNB1,ZFHX3,0.408
PLXNB1,NRP2,0.856
CLTCL1,TBX1,0.452
CLTCL1,SNX5,0.521
CLTCL1,EPHB1,0.507
CLTCL1,EPHB2,0.523
CLTCL1,AP2M1,0.876
CLTCL1,PAFAH1B2,0.598
CLTCL1,AP1S2,0.659
CMPK2,PYHIN1,0.467
CEP135,DNAH17,0.428
CEP135,CHM,0.436
CEP135,MIB1,0.492
CEP135,NINL,0.527
CEP135,TBC1D31,0.62
CEP135,AKAP9,0.717
CEP135,CDK5RAP2,0.797
DNAH17,DNAH3,0.911
CHM,MADD,0.479
CHM,CNGB3,0.412
CHM,RAB43,0.642
CHM,TRAPPC6B,0.48
CHM,TRAPPC2L,0.405
CHM,DENND2B,0.456
CHM,RAB39B,0.617
MIB1,ZWILCH,0.408
MIB1,TOP3B,0.45
MIB1,PCM1,0.832
NINL,UBR3,0.405
NINL,MEGF11,0.426
NINL,KIZ,0.512
NINL,CAMK2D,0.537
NINL,BICDL1,0.761
AKAP9,ABCA7,0.588
AKAP9,PCM1,0.511
AKAP9,CDK5RAP2,0.943
AKAP9,CAMK2D,0.431
AKAP9,ADCY3,0.528
CDK5RAP2,PCM1,0.489
CDK5RAP2,TUBGCP5,0.661
USP30,OTULIN,0.406
USP30,OTUD7A,0.437
USP30,USP15,0.51
OTULIN,USP15,0.452
OTULIN,OTUD7A,0.499
OTUD7A,USP27X,0.479
OTUD7A,FAN1,0.62
OTUD7A,ARHGAP11B,0.628
OTUD7A,TRPM1,0.651
USP15,RNF135,0.43
USP15,IL1R2,0.628
USP15,SMURF1,0.723
RAB11FIP5,RAB11FIP4,0.903
RAB11FIP4,RNF135,0.483
CYP27A1,HSD11B1,0.419
HSD11B1,ABCA2,0.472
HSD11B1,NR3C2,0.805
CIB2,PCDH11X,0.42
CIB2,TLE3,0.58
PCDH11X,EPHA1,0.589
PCDH11X,DIPK2A,0.518
PCDH11X,USP9Y,0.511
PCDH11X,AFF2,0.427
PCDH11X,IL1RAPL2,0.434
PCDH11X,PCDH19,0.52
PCDH11X,PRICKLE2,0.44
PCDH11X,ZFX,0.523
TLE3,ZMIZ1,0.471
TLE3,LDB1,0.919
GGNBP2,ETFB,0.634
GGNBP2,GLO1,0.436
GGNBP2,NDUFA5,0.43
ZBTB7A,CDC42BPA,0.407
GNB1L,TBX1,0.889
WAC,PHF3,0.541
WAC,ANKRD17,0.404
WAC,ZFX,0.424
WAC,PRPF39,0.62
PRPF39,BBS4,0.408
ARHGEF2,CGNL1,0.992
ARHGEF2,ARHGEF9,0.471
ARHGEF2,ARHGEF10,0.525
NDUFA5,GLO1,0.421
NDUFA5,PDHA1,0.404
NDUFA5,FXN,0.416
CAMK2D,KCNH1,0.487
CAMK2D,CAMK4,0.568
CAMK2D,KCNH5,0.532
UGGT1,POMT1,0.4
UGGT1,ALG6,0.713
UGGT1,MAN1B1,0.731
POMT1,ALG6,0.576
POMT1,MAN1B1,0.718
POMT1,POMGNT1,0.998
POMT1,DOLK,0.785
ALG6,MAN1B1,0.577
ALG6,DOLK,0.646
MAN1B1,POMGNT1,0.424
MAN1B1,SLC38A10,0.462
UBE3C,UBR3,0.456
ANKRD17,UBAP2L,0.544
ANKRD17,HECTD1,0.604
CHRNB3,DDC,0.436
CHRNB3,CHRNA7,0.777
DDC,ABAT,0.499
DDC,TDO2,0.937
DDC,PAH,0.983
GRM7,GRIK5,0.784
GRM7,GABRA3,0.4
GRM7,EPHB2,0.407
GRM7,GABRG3,0.416
GRM7,AGBL4,0.457
GRM7,AFF2,0.488
GRM7,GRIK3,0.524
GABRG3,NPTN,0.499
GABRG3,GABRB3,0.774
GABRG3,NIPA2,0.574
GABRG3,GABRA3,0.735
GABRG3,GRIK3,0.439
GABRG3,GABRA2,0.693
GABRG3,ATP10A,0.647
GABRG3,TUBGCP5,0.514
GABRG3,ARHGEF9,0.604
GABRA3,NPTN,0.499
GABRA3,GRIK5,0.496
GABRA3,GABRB3,0.855
GABRA3,ARHGEF9,0.47
GABRA3,CYFIP2,0.516
GABRA3,GABRA2,0.622
GABRA2,NPTN,0.539
GABRA2,GRIK5,0.435
GABRA2,GABRB3,0.829
GABRA2,ARHGEF9,0.94
GABRB3,PCDH10,0.449
GABRB3,NPTN,0.534
GABRB3,GRIK5,0.639
GABRB3,SYNGAP1,0.405
GABRB3,GALNT13,0.406
GABRB3,HS3ST5,0.413
GABRB3,MDGA2,0.413
GABRB3,KCNQ3,0.433
GABRB3,RGS7,0.439
GABRB3,NIPA2,0.488
GABRB3,PCDH19,0.522
GABRB3,TUBGCP5,0.558
GABRB3,ARHGEF9,0.784
GABRB3,ATP10A,0.826
RNF38,LDB1,0.619
LDB1,DEAF1,0.594
LDB1,PDE1C,0.491
LDB1,TCF12,0.964
LDB1,ROBO2,0.531
MDGA2,CSMD3,0.47
MDGA2,FBXO33,0.422
MDGA2,LRFN5,0.46
MDGA2,KCNQ3,0.475
MDGA2,DPP10,0.412
MDGA2,GALNT13,0.475
MDGA2,MRTFB,0.427
MDGA2,HS3ST5,0.428
IL1R2,ROBO2,0.442
IL1R2,ATP6V0A2,0.493
VPS54,CCIN,0.446
VPS54,RAB43,0.532
SLCO1B3,SLC22A9,0.668
DLGAP1,GRIK5,0.467
DLGAP1,IQSEC2,0.41
DLGAP1,PCDH19,0.437
DLGAP1,SRGAP3,0.475
DLGAP1,GRIK3,0.507
DLGAP1,ANKS1B,0.566
DLGAP1,AGAP2,0.581
DLGAP1,DLGAP3,0.724
DLGAP1,SYNGAP1,0.784
GRIK5,SLC1A1,0.459
GRIK5,DPP6,0.455
GRIK5,CACNA1G,0.471
GRIK5,DLGAP3,0.506
GRIK5,GRID2IP,0.517
GRIK5,HTR3A,0.522
GRIK5,GRIK3,0.986
DPP10,DPYSL5,0.729
DPP10,DNER,0.714
DPP10,DPP6,0.594
DPP10,PCDH9,0.514
DPP10,KCNA2,0.418
NAV3,CSMD3,0.538
NAV3,MEF2C,0.611
NAV3,ZNF536,0.458
NAV3,NAV2,0.648
NAV3,ZFHX4,0.504
AP2M1,EPHB1,0.506
AP2M1,TOP3B,0.423
AP2M1,EPHB2,0.506
AP2M1,TBC1D5,0.495
AP2M1,HLA-DPB1,0.5
AP2M1,AP1S2,0.875
GPR37,GUCY1A2,0.448
GPR37,GPR85,0.409
ZWILCH,IQGAP3,0.452
NUAK1,DOCK1,0.527
DOCK1,PDE3B,0.731
DOCK1,DGKI,0.4
DOCK1,WASF1,0.617
DOCK1,DCC,0.783
DOCK1,CYFIP2,0.698
PTK7,PRICKLE2,0.553
PCM1,BBS4,0.987
SLC7A5,TDO2,0.411
SLC7A5,SLC7A3,0.437
SLC7A5,SLC7A7,0.545
SLC7A5,ATP1A1,0.599
SLC7A5,SLC1A1,0.655
TDO2,SLITRK2,0.468
TDO2,PAH,0.491
SLC7A3,SLC7A7,0.472
SLC7A7,SLC1A1,0.644
ATP1A1,SLC9A1,0.821
ATP1A1,ABCA2,0.754
ATP1A1,PLN,0.818
ATP1A1,ATP2B1,0.477
SLC1A1,DLGAP3,0.748
HTR3C,GRIK3,0.578
HTR3C,HTR3A,0.993
ABCA13,CUX2,0.547
CUX2,HECTD4,0.403
CUX2,RFX3,0.409
CUX2,OTX1,0.41
CUX2,ZFHX4,0.416
CUX2,SATB1,0.426
CUX2,UNC5D,0.494
CUX2,ZFHX3,0.547
HTR3A,GRIK3,0.67
ASB11,ASB14,0.502
KATNAL1,UBAP2L,0.416
TAOK1,FRYL,0.415
TAOK1,TAOK2,0.943
FRYL,VPS13B,0.41
TAOK2,INTS1,0.426
RFX3,MINK1,0.414
RFX3,RFX4,0.483
RFX3,RFX7,0.469
ZFHX4,CSMD3,0.664
SATB1,NR2F1,0.53
UNC5D,LRRC4C,0.485
UNC5D,PCDH9,0.456
UNC5D,DCC,0.938
ZFHX3,CSMD3,0.449
ZFHX3,NAALADL2,0.528
ZFHX3,MED12L,0.414
PHF3,PHF14,0.405
PHF3,ZNF292,0.413
PHF3,ARHGAP5,0.433
PHF3,UBN2,0.57
PHF14,TCF20,0.581
ZNF292,POGZ,0.497
ZNF292,ZNF462,0.449
ZNF292,KLF7,0.457
ZNF292,TCF20,0.519
ZNF292,ZNF644,0.802
UBN2,TCF20,0.45
TM4SF19,TM4SF20,0.528
CSMD3,ZNF536,0.41
CSMD3,ROBO2,0.502
CSMD3,PTPRT,0.522
NFIB,NFIX,0.832
MEF2C,ABCA7,0.582
MEF2C,EPHA1,0.477
MEF2C,NPAS3,0.406
MEF2C,PRKD2,0.46
MEF2C,ZEB2,0.471
MEF2C,SYNGAP1,0.483
MEF2C,CDON,0.592
MEF2C,TCF12,0.64
MEF2C,MYOCD,0.811
TCF12,ZEB2,0.48
TCF12,PBX1,0.519
UBAP2L,CAPRIN1,0.834
UBAP2L,QRICH1,0.499
UBAP2L,CSDE1,0.688
TRPM1,FAN1,0.852
TRPM1,RGS7,0.574
TRPM1,TRPM3,0.431
TRPM1,MLANA,0.809
TRPM1,ARHGAP11B,0.525
TRPC5,ARHGEF9,0.412
TRPC5,TRPM3,0.447
TRPC5,CACNA1G,0.931
TRPC5,TRPC4,0.997
TRPM6,NIPA2,0.529
TRPM6,CACNA1G,0.452
TRPM6,KCNA2,0.675
BBS4,ADCY3,0.436
RGS7,SNX14,0.457
TRPC4,CACNA1G,0.925
DLGAP3,AGAP2,0.465
DLGAP3,SYNGAP1,0.575
MTF1,CSNK1G1,0.539
ABL2,WASF1,0.545
ABL2,EPHB2,0.594
NR3C2,PCCB,0.456
PBX1,ZNF462,0.441
PBX1,SPRY2,0.489
PBX1,SHOX,0.607
PBX1,ANKS1B,0.523
CARD11,LRBA,0.428
CAMK4,PDE3B,0.666
CAMK4,ADCY3,0.704
MED12L,DOLK,0.408
TCF20,RAI1,0.608
TCF20,CHKB,0.435
PDE1C,GUCY1A2,0.741
PDE1C,ADCY3,0.8
DMWD,DMPK,0.811
PRKAR1B,ETFB,0.544
PRKAR1B,ADCY3,0.635
PRKAR1B,KCNC2,0.522
PRKAR1B,KCNS3,0.532
ARHGEF9,PCDH10,0.741
ARHGEF9,NPTN,0.652
ARHGEF9,SMURF1,0.475
ARHGEF9,SLC9A6,0.413
ARHGEF9,PCDH19,0.795
ARHGEF9,ARX,0.695
ARHGEF9,IQSEC2,0.492
CACNA1G,KCNN2,0.426
CACNA1G,CNTN6,0.438
CACNA1G,KCNC2,0.445
CACNA1G,KCNA2,0.506
CACNA1G,GRIK3,0.586
CACNA1G,CACNA2D3,0.744
CACNA1G,CACNB1,0.779
SYNGAP1,KCNH1,0.419
SYNGAP1,SLITRK2,0.407
SYNGAP1,PCDH19,0.404
SYNGAP1,DDX53,0.542
SYNGAP1,AGAP2,0.476
SYNGAP1,ANKS1B,0.474
SYNGAP1,IQSEC2,0.562
APH1A,DNER,0.587
APH1A,EPHB1,0.4
APH1A,EPHB2,0.477
WASF1,PCDH10,0.927
WASF1,SRGAP3,0.928
WASF1,CYFIP2,0.999
CYFIP2,SRGAP3,0.451
CYFIP2,TUBGCP5,0.451
MYOCD,PLN,0.463
MYOCD,ESRRB,0.403
ADCY3,PDE3B,0.793
ADCY3,OR1C1,0.504
PPP2R5C,CCNG1,0.849
PPP2R5C,MINK1,0.606
PPP2R5C,SRGAP3,0.415
PPP2R5C,CACNB1,0.672
PPP2R5C,CACNA2D3,0.65
PTPRB,PRR14L,0.402
SPRY2,NPAS3,0.402
DCC,ROBO2,0.719
SLC9A1,SLC9A9,0.44
SLC9A1,SLC9A6,0.469
SLC9A1,SLC4A10,0.557
SLC9A1,DIPK2A,0.662
SLC9A1,PLN,0.72
SLC9A1,ABCA2,0.752
ABCA7,EPHA1,0.78
EPHA1,ROBO2,0.418
EPHA1,EPHB2,0.566
EPHA1,ANKS1B,0.572
EPHA1,EPHB1,0.714
LRFN5,LRRC4C,0.418
LRFN5,FBXO33,0.557
LRFN5,TRAPPC6B,0.463
LRFN5,MDGA1,0.483
LRFN5,NEGR1,0.505
LRFN5,IL1RAPL1,0.633
FAN1,ARHGAP11B,0.583
ESRRB,ZFX,0.638
ARNT2,NPAS3,0.817
CELF4,DPP6,0.403
SAE1,ZMIZ1,0.407
CSDE1,CAPRIN1,0.756
DOLK,POMGNT1,0.728
DOLK,PCDH19,0.456
CNTN3,MEGF11,0.436
CNTN3,CNTNAP3,0.437
CNTN3,CNTNAP5,0.441
CNTNAP5,CSMD2,0.434
CNTNAP5,CNTN6,0.415
CNTNAP5,ANKS1B,0.54
MAP4K4,MINK1,0.883
SLC9A9,PCDH10,0.427
SLC9A9,DIPK2A,0.861
SLC9A6,PCDH10,0.447
SLC9A6,FBXO33,0.429
SLC9A6,DIPK2A,0.827
SLC9A6,GALNT13,0.412
SLC9A6,CLCN4,0.448
SLC9A6,HS3ST5,0.449
SLC9A6,AP1S2,0.459
SLC9A6,PCDH19,0.535
SLC4A10,KCNH7,0.575
DIPK2A,PCDH10,0.84
PLN,ABCA2,0.72
PLN,DMPK,0.835
PLN,FRMD5,0.461
PLN,ATP2B1,0.587
NPTN,ATP2B1,0.77
HECTD1,UBR3,0.673
CDK16,IL1RAPL1,0.412
CDK16,CCNG1,0.457
ATP2B1,STK39,0.427
ATP2B1,CASZ1,0.453
PCDH10,IQSEC2,0.402
PCDH10,KCNA2,0.426
PCDH10,KCNQ3,0.438
PCDH10,ARX,0.634
IQSEC2,PCDH19,0.544
IQSEC2,TSPYL2,0.453
IQSEC2,CLCN4,0.439
KCNA2,KCNN2,0.523
KCNA2,KCNH1,0.65
KCNA2,HCN1,0.534
KCNA2,KCNH5,0.531
KCNA2,KCNH7,0.41
KCNA2,PCDH19,0.479
KCNA2,DPP6,0.415
KCNA2,KCNQ3,0.663
KCNA2,KCNS3,0.708
KCNQ3,KCNN2,0.401
KCNQ3,KCNH1,0.578
KCNQ3,KCNH5,0.587
KCNQ3,KCNH7,0.476
KCNQ3,PCDH19,0.517
KCNQ3,KCNC2,0.457
ARX,PCDH19,0.824
ARX,IL1RAPL1,0.599
SMURF1,ZFYVE9,0.439
WNK3,STK39,0.649
LNPK,PDZD8,0.522
PCDH9,SORCS3,0.432
PCDH9,DPP6,0.581
PCDH9,IL1RAPL1,0.403
KIRREL3,TBX1,0.426
KIRREL3,MYO16,0.429
PRKD2,CERT1,0.747
PCDHA4,PCDHA12,0.634
PCDHA4,PCDHA1,0.611
PCDHA4,PCDHA9,0.728
PCDHA4,PCDHA7,0.853
KCNN2,KCNC2,0.407
KCNC2,KCNH1,0.422
KCNC2,KCNH7,0.402
KCNC2,VWA7,0.425
KCNC2,SLC45A1,0.468
NEGR1,SORCS3,0.471
IL1RAPL1,SLITRK2,0.727
IL1RAPL1,LRFN2,0.452
IL1RAPL1,AFF2,0.568
IL1RAPL1,TSPAN7,0.556
KCNH7,KCNS3,0.406
KCNH5,KCNH1,0.447
DPP6,DPYSL5,0.735
DPP6,DNER,0.715
DPP6,GALNT13,0.474
CACNA2D3,CACNB1,0.926
NRP2,ROBO2,0.409
ROBO2,NPAS3,0.413
ROBO2,SRGAP3,0.964
EPHB2,EPHB1,0.627
ZNF644,ZNF462,0.561
ZNF644,VEZF1,0.479
ZNF644,CHAMP1,0.52
FXN,DMPK,0.419
GLO1,ACY1,0.482
GLO1,PCCA,0.542
GLO1,PCCB,0.771
SSR4,SRPRA,0.603
POGZ,KLF7,0.41
POGZ,QRICH1,0.446
POGZ,CHAMP1,0.907
CCIN,CYLC2,0.989
RAB43,TRAPPC2L,0.57
RAB43,TRAPPC6B,0.669
CCDC88C,AP1S2,0.524
ABAT,PCCA,0.821
ABAT,PCCB,0.826
AMT,PCCB,0.481
PCCB,ETFB,0.621
PCCB,PCCA,0.999
PCCB,BCKDK,0.411
EPHB1,PJA1,0.4
ATP10A,NIPA2,0.62
ATP10A,TUBGCP5,0.659
CNTN6,DNER,0.585
DST,EPPK1,0.62
IQGAP3,CDC42BPA,0.454
CDC42BPA,EPPK1,0.522
KIZ,DPYSL3,0.554
TSPAN7,AFF2,0.427
CGNL1,TRAPPC6B,0.403
TRAPPC6B,FBXO33,0.498
TRAPPC6B,TRAPPC2L,0.999
VPS13B,PEX7,0.441
DNER,DPYSL5,0.726
PDE3B,GUCY1A2,0.75
INTS1,INTS6,0.999
INTS6,CASZ1,0.429
DPYSL5,ACY1,0.416
DPYSL5,SLC23A1,0.632
DPYSL5,DPYSL3,0.907
ACY1,DPYSL3,0.416
SLC23A1,DPYSL3,0.632
PCDHA13,PCDHA8,0.523
PCDHA8,PCDHA12,0.472
PCDHA8,PCDHA1,0.612
PCDHA8,PCDHA3,0.579
PCDHA8,PCDHA2,0.883
PCDHA8,PCDHA6,0.597
PCDHA8,PCDHA7,0.643
PCCA,PDHA1,0.46
RAB39B,MADD,0.586
PDHA1,ETFB,0.419
SYAP1,AP1S2,0.402
NSMCE3,PJA1,0.872
ZNF536,CC2D1A,0.418
BCKDK,ETFB,0.473
FBXO33,MRTFB,0.41
FBXO33,HS3ST5,0.416
FBXO33,GALNT13,0.418
MRTFB,GALNT13,0.406
HS3ST5,GALNT13,0.491
PCDHA3,PCDHA1,0.893
PCDHA3,PCDHA5,0.412
PCDHA3,PCDHA7,0.548
PCDHA3,PCDHA9,0.691
PCDHA3,PCDHA2,0.841
PCDHA3,PCDHA6,0.903
PCDHA12,PCDHA7,0.624
PCDHA2,PCDHA6,0.614
PCDHA2,PCDHA7,0.752
PCDHA7,PCDHA6,0.84
PCDHA7,PCDHA9,0.781
PCDHA7,PCDHA5,0.404
SLITRK2,AFF2,0.57
NIPA2,TUBGCP5,0.997
VSIG4,C4B,0.664
MADD,DENND2B,0.442
MADD,DMXL2,0.937
SNX14,SNX5,0.421
SNX5,AP1S2,0.562
SNX5,TBC1D5,0.97
CC2D1A,DEAF1,0.633
CC2D1A,CHMP1A,0.698
SGSH,CLN8,0.457
CLN8,ARHGEF10,0.648
ZFX,USP9Y,0.717
SRPRA,HLA-DPB1,0.441
HLA-DPB1,AP1S2,0.522
PAH,AGMO,0.523
CYLC2,OR52M1,0.434
CYLC2,OR2T10,0.505
ASB9,AP1S2,0.406
SLC45A1,VWA7,0.474
NAV2,GAS2,0.424
RFX7,RFX4,0.533
AGMO,CPZ,0.43
PAFAH1B2,CIC,0.476
SYT17,AGBL4,0.44
ZNF865,PRR12,0.711
TBC1D5,TBC1D23,0.503
TBC1D23,TBCK,0.526
