gene,degree_centrality,betweenness_centrality,closeness_centrality,eigenvector_centrality,clustering_coefficient,degree
ABAT,0.00964630225080386,0.0002631340794344807,0.3147773279352227,0.0018102405051829424,0.19696969696969696,12
ABCA13,0.006430868167202572,0.00014381180509745648,0.31662000509035376,0.0013789917033538083,0.2857142857142857,8
ABCA2,0.0040192926045016075,2.1592339099434346e-05,0.2939508506616257,0.0005901014489503582,0.6,5
ABCA7,0.00482315112540193,2.498535479874025e-05,0.33226495726495725,0.0026805110862647735,0.13333333333333333,6
ABCE1,0.02572347266881029,0.0011254546216774909,0.3714541654225142,0.013179746773548417,0.23790322580645162,32
ABL2,0.008038585209003215,0.00023786465955937674,0.3516110797060486,0.005635142921313265,0.13333333333333333,10
ACAP2,0.001607717041800643,6.071179817476733e-06,0.2826630311292888,0.0002761405211265052,0.0,2
ACE,0.02170418006430868,0.0017992136599664528,0.37617175687934684,0.01273129458785613,0.2535612535612536,27
ACHE,0.02009646302250804,0.0016594584877427944,0.369249035322054,0.01503241206424605,0.30666666666666664,25
ACTB,0.1752411575562701,0.05459982787582955,0.5024232633279483,0.14952767545341014,0.11030313279499429,218
ACTL6B,0.0297427652733119,0.0008427311004824972,0.393173198482933,0.035134028812117225,0.34534534534534533,37
ACTN4,0.023311897106109324,0.0033352117609694596,0.3894802755165936,0.014959847917196019,0.20689655172413793,29
ACY1,0.005627009646302251,4.321594867599423e-05,0.30490196078431375,0.0007501229598504928,0.5238095238095238,7
ADA,0.016881028938906754,0.0014714856759937944,0.3709004174120453,0.009131158792262783,0.1761904761904762,21
ADCY1,0.02090032154340836,0.0007842557221117637,0.3598495805611802,0.009109589157745136,0.28,26
ADCY3,0.01607717041800643,0.0019322889576477071,0.3532084043157297,0.0074542707403605695,0.3473684210526316,20
ADCY5,0.02491961414790997,0.0017504207498346708,0.3739104298166516,0.012441290587770111,0.26666666666666666,31
ADGRB1,0.008842443729903537,0.00015030320945295939,0.3490460157126824,0.00501001261078619,0.12727272727272726,11
ADGRL1,0.012057877813504822,0.00019421303037170582,0.3346785041700296,0.005052200710049285,0.18095238095238095,15
ADK,0.00964630225080386,0.00021862030915878052,0.31662000509035376,0.0010520028989605464,0.3181818181818182,12
ADNP,0.04340836012861736,0.0032324854495213067,0.4152202937249666,0.05306557398881316,0.27044025157232704,54
ADORA2A,0.018488745980707395,0.0009553236992202083,0.35912240184757505,0.009686164452915268,0.25296442687747034,23
ADORA3,0.00482315112540193,6.318128518686442e-05,0.3096067695370831,0.000944575736270709,0.2,6
ADRB2,0.03778135048231511,0.00234567824565571,0.40271932664292653,0.025215826887530712,0.2238667900092507,47
ADSL,0.017684887459807074,0.0021511923934177143,0.3523081280090626,0.005694897893393645,0.15151515151515152,22
ADSS2,0.008842443729903537,0.0002218523402987395,0.319138019497178,0.0015310741361213816,0.34545454545454546,11
AFF2,0.013665594855305467,0.00047331120792626846,0.365559800176315,0.01167125202683104,0.20588235294117646,17
AGAP1,0.001607717041800643,0.0,0.32336885885105277,0.002119177735263419,1.0,2
AGAP2,0.013665594855305467,0.00018734514537629098,0.3597455176402545,0.013169692212112682,0.4632352941176471,17
AGBL4,0.001607717041800643,0.001607717041800643,0.2681034482758621,0.000281831403771901,0.0,2
AGMO,0.0040192926045016075,0.0016635647030070783,0.30565110565110565,0.0009770421200806676,0.1,5
AGO1,0.04501607717041801,0.0017963629550756248,0.39910170035290343,0.05376976794135071,0.32987012987012987,56
AGO2,0.05868167202572347,0.006611851430719926,0.4307479224376731,0.06251532770725543,0.23515981735159816,73
AGO3,0.0297427652733119,0.0005970234462463553,0.3932975023711666,0.04643871219502985,0.5315315315315315,37
AGO4,0.03295819935691318,0.0007198168228822606,0.39655722027414725,0.05129251104075572,0.5097560975609756,41
AGTR2,0.017684887459807074,0.001462940863574049,0.3678296865759905,0.008132505295691234,0.12121212121212122,22
AHDC1,0.001607717041800643,4.119147515937518e-07,0.29990356798457085,0.0013867446411081285,0.0,2
AHI1,0.011254019292604502,0.0021749866662785994,0.36416861826697894,0.005474485426534818,0.15384615384615385,14
AHNAK,0.014469453376205787,0.0014441496907762164,0.3727899310758166,0.007632823009761227,0.0915032679738562,18
AKAP9,0.02090032154340836,0.0016629805166137742,0.38335901386748844,0.015535979600668026,0.19692307692307692,26
ALDH1A3,0.003215434083601286,0.0002635527015515763,0.343646408839779,0.0033877999672379134,0.16666666666666666,4
ALDH1L1,0.01045016077170418,0.0005870330736068816,0.3346785041700296,0.003318025517383571,0.1794871794871795,13
ALDH5A1,0.011254019292604502,0.002123982685002836,0.31832139201637666,0.002115148015128827,0.13186813186813187,14
ALG6,0.003215434083601286,9.825382259208989e-06,0.2609607719739878,8.846976145455532e-05,0.6666666666666666,4
AMPD1,0.01045016077170418,0.0003545597208573637,0.32823218997361475,0.0015588964208211762,0.24358974358974358,13
AMT,0.005627009646302251,0.00019371416849431092,0.3101470954874096,0.0011409016162883885,0.09523809523809523,7
ANK2,0.05546623794212219,0.006294238404759051,0.4238500851788756,0.03768398138196744,0.18414322250639387,69
ANK3,0.05787781350482315,0.005559434199171641,0.4231292517006803,0.038875252567311495,0.176056338028169,72
ANKRD11,0.028938906752411574,0.0011031087142778578,0.3765133171912833,0.029830436243013132,0.25396825396825395,36
ANKRD17,0.01045016077170418,8.845951342713039e-05,0.3291005291005291,0.0052456566274999995,0.3076923076923077,13
ANKS1B,0.01045016077170418,0.0005137816409689606,0.3480693900391718,0.007700187898486107,0.3076923076923077,13
ANP32A,0.008842443729903537,5.9534302810137685e-05,0.3606842563061757,0.009362540683940246,0.41818181818181815,11
ANXA1,0.018488745980707395,0.0011560201183358676,0.3838321505708115,0.012305281390311836,0.16600790513833993,23
AP1S2,0.014469453376205787,0.0012553431867387062,0.3324425440940673,0.0033192823837002467,0.30718954248366015,18
AP2M1,0.028938906752411574,0.006212693443944275,0.38972431077694236,0.016685284632884805,0.23174603174603176,36
AP2S1,0.02009646302250804,0.002088338276197175,0.35922610453364134,0.010067108770114078,0.34,25
APBA2,0.01527331189710611,0.0005677727031764624,0.3681562592482983,0.010281390889358888,0.2222222222222222,19
APBB1,0.017684887459807074,0.0017435801007156851,0.38359543632439097,0.016471471102163678,0.21212121212121213,22
APH1A,0.008038585209003215,6.200418996075445e-05,0.347972027972028,0.0056301319130530325,0.26666666666666666,10
AR,0.06591639871382636,0.006032914829320769,0.43572679509632223,0.0804318946201254,0.22583559168925021,82
ARF3,0.017684887459807074,0.0007261270005965023,0.3606842563061757,0.006398162381842036,0.1471861471861472,22
ARHGAP11B,0.003215434083601286,2.9774833017083284e-05,0.2759538598047915,0.00018761679069091255,0.6666666666666666,4
ARHGAP30,0.005627009646302251,5.754869940194119e-05,0.33006102414433536,0.002657021309876454,0.2857142857142857,7
ARHGAP32,0.01527331189710611,0.0003136008596378536,0.3907035175879397,0.016771300616450786,0.3157894736842105,19
ARHGAP5,0.005627009646302251,7.258357211575973e-05,0.32395833333333335,0.002015599329057734,0.23809523809523808,7
ARHGEF10,0.0040192926045016075,0.00010988148633400604,0.32429614181439,0.0018978568615304152,0.2,5
ARHGEF2,0.013665594855305467,0.0008007313663529855,0.3717872086072923,0.00952478949077182,0.25,17
ARHGEF9,0.028135048231511254,0.0006079515532875669,0.3762855414398064,0.019486807827902138,0.34285714285714286,35
ARID1A,0.0635048231511254,0.0034395761334302336,0.4286698828394211,0.0859726947926455,0.3141837065887699,79
ARID1B,0.04581993569131833,0.0009210551274500191,0.41787033926771916,0.06812222557376507,0.38721804511278196,57
ARID2,0.03617363344051447,0.0011589298671706226,0.4006441223832528,0.05309673457074478,0.4121212121212121,45
ARNT2,0.003215434083601286,2.169842702169066e-05,0.3344985211078247,0.0036499302754399083,0.3333333333333333,4
ARX,0.01045016077170418,3.3824413001031405e-05,0.3550228310502283,0.009005359713041021,0.717948717948718,13
ASAP2,0.001607717041800643,6.78100388055625e-05,0.29846449136276393,0.0006475104606194264,0.0,2
ASB11,0.003215434083601286,0.00010505065888903881,0.3012836037781545,0.0007288546163994724,0.16666666666666666,4
ASB14,0.001607717041800643,0.0,0.2776166034367329,0.00025729230825280214,1.0,2
ASB9,0.001607717041800643,2.2563340806653224e-05,0.2773690078037904,0.00030074275475741,0.0,2
ASH1L,0.05385852090032154,0.0028468649160932943,0.4011609158336021,0.0664660884699399,0.3147896879240163,67
ASMT,0.007234726688102894,0.00019789960288298398,0.3110777694423606,0.001492483480568023,0.3055555555555556,9
ASPM,0.017684887459807074,0.00257205150124602,0.3606842563061757,0.006078359198139297,0.11255411255411256,22
ASTN1,0.005627009646302251,0.00016312734807016286,0.32303297844715656,0.00272974434273139,0.047619047619047616,7
ASTN2,0.02090032154340836,0.0004844638521167089,0.36837429671305894,0.014159523643326868,0.4707692307692308,26
ASXL3,0.02090032154340836,0.0005814195384437002,0.3773127085228996,0.022485441041882062,0.3446153846153846,26
ATP10A,0.008038585209003215,2.4757852243211105e-05,0.3344985211078247,0.0032273410302599576,0.6666666666666666,10
ATP1A1,0.012057877813504822,0.0010791058561875815,0.37023809523809526,0.00835953818198788,0.21904761904761905,15
ATP1A3,0.02009646302250804,0.0017227387736080276,0.3804281345565749,0.012539845498175889,0.25333333333333335,25
ATP2B1,0.013665594855305467,0.0009040273374538845,0.3659899970579582,0.007644483873748865,0.17647058823529413,17
ATP2B2,0.0297427652733119,0.001973894230431479,0.3915643689014794,0.020592033696175883,0.25975975975975973,37
ATP6V0A2,0.002411575562700965,1.972575469944613e-05,0.29485660109030576,0.0006913795682745737,0.0,3
ATP9A,0.002411575562700965,4.981598444934371e-05,0.2607419828128275,8.122807316240013e-05,0.3333333333333333,3
ATRX,0.07877813504823152,0.006706302495351024,0.4389555398729711,0.09644825842732162,0.24321481169787504,98
ATXN2,0.02491961414790997,0.0024329671335170345,0.381010719754977,0.015400841146751996,0.26881720430107525,31
AUTS2,0.03215434083601286,0.0025791677726550084,0.4006441223832528,0.025626270623302364,0.23461538461538461,40
AVPR1A,0.01045016077170418,8.787493322943502e-05,0.344884945938453,0.0054674261705139,0.38461538461538464,13
AVPR1B,0.007234726688102894,2.7142022581392782e-05,0.33731019522776573,0.004146820098387723,0.5,9
AZGP1,0.005627009646302251,0.0016779777721000412,0.31092226943264184,0.0009353012804644808,0.09523809523809523,7
BACE1,0.02652733118971061,0.0013673474873408485,0.40627041149575444,0.02557075016741194,0.3371212121212121,33
BAIAP2L1,0.012057877813504822,0.000816459453340137,0.3709004174120453,0.009727383515944286,0.4095238095238095,15
BAZ2B,0.007234726688102894,1.3032418526141739e-05,0.337584803256445,0.010127536435575683,0.4166666666666667,9
BBS4,0.01045016077170418,0.0004928059241529975,0.3432671081677704,0.0027794020268662105,0.1282051282051282,13
BCAS1,0.002411575562700965,8.775742795011085e-06,0.3268523384130321,0.0027748135632551635,0.3333333333333333,3
BCKDK,0.008842443729903537,0.0006305620618960476,0.3502252252252252,0.006666077346688316,0.07272727272727272,11
BCL11A,0.027331189710610933,0.0008350977852038704,0.39045825486503455,0.030887719197685053,0.29411764705882354,34
BCL11B,0.04019292604501608,0.002824094008488165,0.4028497409326425,0.0383757908248315,0.26448979591836735,50
BCORL1,0.016881028938906754,0.00014458172235671656,0.37267825044937086,0.02124821591697323,0.5190476190476191,21
BICDL1,0.002411575562700965,1.9702195842806817e-05,0.3388722418959412,0.002809814730123286,0.6666666666666666,3
BICRA,0.00964630225080386,1.6676593939881316e-06,0.36078886310904873,0.01613997210290552,0.9090909090909091,12
BIRC6,0.02652733118971061,0.0014962442672814494,0.3766273085074175,0.02369658369768116,0.19507575757575757,33
BPTF,0.04340836012861736,0.0009472972982657951,0.38442521631644005,0.0593640922954153,0.4060097833682739,54
BRAF,0.0819935691318328,0.009508212986309685,0.4466786355475763,0.08165983280158617,0.18967190836730732,102
BRCA2,0.04581993569131833,0.0035152110568376187,0.41647137596250416,0.054394799998248845,0.2518796992481203,57
BRD4,0.1197749196141479,0.013335411300534767,0.4492596605272662,0.1350425668785652,0.21159078541628878,149
BRINP3,0.002411575562700965,3.3740193211388756e-06,0.28324225865209474,0.0004789371308381606,0.0,3
BRSK2,0.005627009646302251,2.7668831160820064e-05,0.333244039646397,0.00411995581116021,0.42857142857142855,7
BRWD3,0.01045016077170418,0.00035983444693129336,0.3430777716492002,0.009032588434023315,0.28205128205128205,13
BSN,0.02090032154340836,0.0006318346077755722,0.36089353060632434,0.016877067701906594,0.49230769230769234,26
BST1,0.01045016077170418,0.0008633636567098435,0.3227815256875973,0.0019642518151002787,0.11538461538461539,13
BTAF1,0.016881028938906754,0.00036473446308319855,0.34700139470013946,0.01654880009697254,0.2857142857142857,21
BTRC,0.04581993569131833,0.004246590658533278,0.4168900804289544,0.04066569568695046,0.20238095238095238,57
C12orf57,0.0040192926045016075,0.0001017447485200777,0.3004105288577638,0.0010462429561507631,0.3,5
C15orf62,0.0008038585209003215,0.0,0.2503521835379352,0.0001288478709230522,0.0,1
C4B,0.006430868167202572,0.00022638415759887646,0.32522875816993463,0.0017645519402131006,0.07142857142857142,8
CA6,0.0008038585209003215,0.0,0.2372234935163997,1.587275666222935e-05,0.0,1
CACNA1A,0.0522508038585209,0.0035378047186173443,0.39668367346938777,0.03237882286640584,0.2846153846153846,65
CACNA1B,0.04260450160771704,0.0019160652346584526,0.38430645659561324,0.02639255803897294,0.3084179970972424,53
CACNA1C,0.07154340836012861,0.00851235967964614,0.4273445551356922,0.04341596702158992,0.20224719101123595,89
CACNA1D,0.04662379421221865,0.0016557424894789554,0.3854973659745894,0.027492616554125045,0.29764065335753176,58
CACNA1E,0.022508038585209004,0.00010976606868910862,0.34963462619449126,0.012225361119439747,0.5158730158730159,28
CACNA1F,0.03295819935691318,0.002718937188250228,0.37481169026815303,0.017096878377586562,0.30853658536585366,41
CACNA1G,0.03456591639871383,0.0007581336399098311,0.3712324679200239,0.016761298065619403,0.36766334440753046,43
CACNA1H,0.03617363344051447,0.0010678143901172036,0.36892052194543296,0.017221376535565644,0.36262626262626263,45
CACNA1I,0.02572347266881029,0.0007940299900873628,0.3526077097505669,0.013125410000327395,0.5120967741935484,32
CACNA2D1,0.03376205787781351,0.001502198340183794,0.37708396483782963,0.018490957522957735,0.3228803716608595,42
CACNA2D3,0.02090032154340836,8.953130324429212e-05,0.355225585379783,0.01198975957262714,0.5907692307692308,26
CACNB1,0.024115755627009645,0.00015958694939414037,0.3603707995365006,0.014298254485237059,0.4735632183908046,30
CACNB2,0.03536977491961415,0.0007424498943623976,0.374473208910295,0.019416285578034997,0.3657505285412262,44
CACNG2,0.04260450160771704,0.0018131647965886366,0.3784606023729845,0.029612199285647924,0.3563134978229318,53
CADM1,0.02009646302250804,0.00031643460317595844,0.3707898658718331,0.0162675198008989,0.37333333333333335,25
CADM2,0.006430868167202572,0.000849057762938925,0.32840549102428723,0.0034594410978716784,0.14285714285714285,8
CADPS,0.012861736334405145,6.796630514856868e-05,0.3396123396123396,0.0065663031329466276,0.43333333333333335,16
CADPS2,0.006430868167202572,0.00011786750051066044,0.33998360207707023,0.003522839200098845,0.17857142857142858,8
CAMK2A,0.08038585209003216,0.007148884149171084,0.4392655367231638,0.0654481233782608,0.23696969696969697,100
CAMK2B,0.04742765273311897,0.003492347082553487,0.41439040639573615,0.040681895400085766,0.2559906487434249,59
CAMK2D,0.024115755627009645,0.0010921068255266512,0.3889931207004378,0.02265154957952245,0.34022988505747126,30
CAMK4,0.02572347266881029,0.0019227207798872892,0.3955484896661367,0.02594364124988268,0.2399193548387097,32
CAMTA2,0.003215434083601286,0.0,0.3237054384595368,0.002688289616564811,1.0,4
CAPN12,0.001607717041800643,0.0011082034993913697,0.2818305391934753,0.0002541153883351296,0.0,2
CAPRIN1,0.017684887459807074,7.984028397485288e-05,0.35482030804335424,0.011323856022483552,0.5151515151515151,22
CAPZA2,0.01527331189710611,0.0007337546590473723,0.36990782039845377,0.008578550854960901,0.2807017543859649,19
CARD11,0.01045016077170418,0.001192698330429953,0.3537105487631504,0.012459647904881412,0.32051282051282054,13
CASK,0.04421221864951769,0.0038586455591625092,0.40206851971557855,0.03031162081774544,0.24848484848484848,55
CASKIN1,0.011254019292604502,4.3697025692332205e-05,0.35240793201133147,0.009579917779032082,0.5934065934065934,14
CASZ1,0.0040192926045016075,2.6800511078429002e-05,0.3154958153690084,0.0026642813803753143,0.1,5
CAT,0.005627009646302251,0.0004712182376084864,0.3096838436644262,0.000891218583123893,0.14285714285714285,7
CBX1,0.03376205787781351,0.00160709214487327,0.3812442537542139,0.04156036139527854,0.3321718931475029,42
CBX4,0.028135048231511254,0.000521380143332102,0.37617175687934684,0.03353469047205922,0.28739495798319326,35
CC2D1A,0.003215434083601286,0.0001055074123460276,0.2569186286658406,5.889955473560249e-05,0.0,4
CCDC88C,0.003215434083601286,5.6064728482090105e-05,0.30640394088669953,0.000659524353494653,0.0,4
CCDC91,0.0008038585209003215,0.0,0.27967625899280574,0.0002574993757463036,0.0,1
CCIN,0.002411575562700965,0.004834733322593481,0.23024245789376271,9.15998088126872e-06,0.0,3
CCNG1,0.007234726688102894,5.2648322219231557e-05,0.35210868949900936,0.007622351573445035,0.4444444444444444,9
CCNK,0.01607717041800643,0.0014294208974377097,0.34279415817029485,0.013808533904809402,0.3368421052631579,20
CCSER1,0.003215434083601286,2.5624826951442457e-05,0.30520117762512267,0.0009230358665691321,0.16666666666666666,4
CCT4,0.028135048231511254,0.0021595400967634655,0.3907035175879397,0.019358505646309573,0.2184873949579832,35
CD276,0.006430868167202572,9.88990452719889e-05,0.3309390795424315,0.0037045854182503266,0.39285714285714285,8
CD38,0.018488745980707395,0.0008414849581941836,0.3678296865759905,0.011459794166689718,0.20553359683794467,23
CD99L2,0.00482315112540193,1.64222669972331e-05,0.3288395453343907,0.003284652583182368,0.4666666666666667,6
CDC42BPA,0.005627009646302251,0.00013869439490342785,0.3154158215010142,0.0016490336416023197,0.42857142857142855,7
CDC42BPB,0.007234726688102894,0.00031066957692954495,0.337584803256445,0.004708691776658321,0.3055555555555556,9
CDH10,0.028135048231511254,0.0021897808521912196,0.38681592039800994,0.017839694260776494,0.35126050420168065,35
CDH11,0.013665594855305467,0.00037012480922074585,0.35512417927490725,0.00646612076158179,0.39705882352941174,17
CDH13,0.014469453376205787,0.0004662958438351752,0.3678296865759905,0.008038997138034356,0.3333333333333333,18
CDH2,0.0522508038585209,0.0039555650954184625,0.4308971250432975,0.0463620936276922,0.21009615384615385,65
CDH22,0.008038585209003215,2.0991336297866358e-05,0.3473889974867356,0.00502352046687335,0.8222222222222222,10
CDH8,0.01607717041800643,0.00043368009480400713,0.36870183758150565,0.009250271040309817,0.34210526315789475,20
CDH9,0.027331189710610933,0.0007701541464738356,0.3834771886559803,0.017446615320774822,0.39037433155080214,34
CDK13,0.01607717041800643,0.0008125975093655369,0.36674528301886794,0.016121457784585236,0.37894736842105264,20
CDK16,0.007234726688102894,0.00012007131062950936,0.338411316648531,0.0045816096506211745,0.1388888888888889,9
CDK19,0.012861736334405145,0.00010309242309603669,0.3511148744002258,0.01436729827099283,0.5583333333333333,16
CDK5RAP2,0.007234726688102894,8.110617732884884e-05,0.31718510963793983,0.0013011416187432283,0.3055555555555556,9
CDK8,0.02170418006430868,0.00042805815408544437,0.3803118312442678,0.030242476096809107,0.4472934472934473,27
CDKL5,0.04662379421221865,0.003301234986466742,0.41661085063630277,0.03656440964661317,0.2673926194797338,58
CDON,0.006430868167202572,7.860531464920153e-05,0.3501266535322263,0.00524270351853636,0.42857142857142855,8
CECR2,0.01607717041800643,0.00011980716116433429,0.3424167354803193,0.018394823800225515,0.4,20
CELF2,0.012057877813504822,0.0003047680618682663,0.34517203107658156,0.005992362658103832,0.2761904761904762,15
CELF4,0.00482315112540193,1.949311374138208e-05,0.31092226943264184,0.001473973123694804,0.4,6
CELF6,0.0008038585209003215,0.0,0.2847985347985348,0.0004201631779686765,0.0,1
CEP135,0.01045016077170418,0.0009087690006817856,0.31971215625803134,0.0011612176912012355,0.15384615384615385,13
CEP290,0.011254019292604502,0.0009183717338944877,0.32745459331403,0.0016361082971025327,0.1978021978021978,14
CEP41,0.003215434083601286,0.0009567597763707238,0.28043282236248873,0.0001758800750191483,0.5,4
CERT1,0.001607717041800643,0.0,0.27334651724895626,0.00037126192536855257,1.0,2
CGNL1,0.0040192926045016075,7.691294902214017e-05,0.3028237585199611,0.0006765852181883642,0.1,5
CHAMP1,0.00482315112540193,3.482425183547755e-05,0.32395833333333335,0.004045938519008449,0.5333333333333333,6
CHD1,0.05466237942122187,0.0010597610707048376,0.39580019090041363,0.07526448322444015,0.36830553116769094,68
CHD2,0.005627009646302251,3.1239213413094147e-07,0.3213639886334281,0.007996209375760713,0.9047619047619048,7
CHD3,0.04903536977491962,0.002509712694995116,0.4044213263979194,0.05994929818917512,0.30218579234972676,61
CHD4,0.09163987138263666,0.009572504676773466,0.4174496644295302,0.09120092882948609,0.19732960720385034,114
CHD7,0.0297427652733119,0.0020467819313204276,0.3898464431212786,0.044388117148971416,0.4024024024024024,37
CHD8,0.09083601286173633,0.013272389533225896,0.45007235890014474,0.10365102223045973,0.2147597977243995,113
CHD9,0.02170418006430868,0.0002605230976668898,0.36110304789550074,0.027446666813867225,0.42450142450142453,27
CHKB,0.002411575562700965,1.8048202607132217e-05,0.2906542056074766,0.0005220573396805126,0.3333333333333333,3
CHM,0.013665594855305467,0.0030092343246183218,0.34298318169285913,0.002987932010061821,0.08823529411764706,17
CHMP1A,0.001607717041800643,6.51441851777679e-05,0.2617845117845118,0.00011829054315539637,0.0,2
CHRM3,0.005627009646302251,2.4510624066297934e-05,0.32311688311688314,0.0026499074475063917,0.47619047619047616,7
CHRNA7,0.003215434083601286,1.2296209394783456e-05,0.2996146435452794,0.0012992690467009556,0.16666666666666666,4
CHRNB3,0.00482315112540193,4.3347541790674435e-05,0.30655495317890585,0.0013980368336698535,0.26666666666666666,6
CIB2,0.007234726688102894,8.909132958741173e-05,0.3378598587724063,0.0036473997265468083,0.16666666666666666,9
CIC,0.001607717041800643,4.822515226982752e-06,0.28247048138056313,0.00030336182214461805,0.0,2
CLASP1,0.005627009646302251,0.00016859421125386268,0.32153011113982943,0.0019679881928517657,0.047619047619047616,7
CLCN4,0.0040192926045016075,5.6550834576830095e-05,0.30341463414634146,0.0008476980475451857,0.1,5
CLIP2,0.0040192926045016075,4.3544239412558485e-05,0.30906832298136644,0.0010231713207516412,0.3,5
CLN8,0.003215434083601286,5.111433446409757e-05,0.2921559417566933,0.0007293256754191394,0.3333333333333333,4
CLTC,0.04421221864951769,0.005718339464693045,0.4177300201477502,0.031060368396924273,0.1717171717171717,55
CLTCL1,0.023311897106109324,0.0018060815313158947,0.38182934315531003,0.012402927779406802,0.26354679802955666,29
CMIP,0.007234726688102894,0.000287912299592289,0.3362162162162162,0.002754496888249206,0.1388888888888889,9
CMPK2,0.003215434083601286,0.00017820686438215183,0.2861085556577737,0.0002499770969158121,0.3333333333333333,4
CNGB3,0.00482315112540193,0.00013223529260965298,0.30077369439071566,0.0005463492366754945,0.26666666666666666,6
CNKSR2,0.018488745980707395,0.0006902924119988836,0.38288704216682057,0.017479957602793292,0.30039525691699603,23
CNOT1,0.02652733118971061,0.0011185720807626433,0.3798473282442748,0.020247127830213336,0.2556818181818182,33
CNOT3,0.01527331189710611,0.0017776759216464367,0.3507189173949817,0.012278644668797113,0.30409356725146197,19
CNR1,0.02572347266881029,0.0008246872314208359,0.3882646691635456,0.02104074394957267,0.33064516129032256,32
CNTN3,0.008842443729903537,0.0017673461224640278,0.3319103521878335,0.003687105343812438,0.32727272727272727,11
CNTN4,0.03697749196141479,0.00458151889813953,0.38669567920422754,0.02002707153955665,0.26763285024154587,46
CNTN5,0.00964630225080386,0.00015012367792719474,0.3277997364953887,0.003538142151397051,0.4696969696969697,12
CNTN6,0.00964630225080386,0.00030623199671934537,0.35532704941445303,0.006259553889393673,0.2727272727272727,12
CNTNAP2,0.07315112540192927,0.01900736469530644,0.42661179698216734,0.04791685537028469,0.21562881562881564,91
CNTNAP3,0.0008038585209003215,0.0,0.24924864756561813,6.257291327696765e-05,0.0,1
CNTNAP4,0.012861736334405145,0.000333474129546184,0.3404488232074439,0.005477036481962658,0.25,16
CNTNAP5,0.007234726688102894,0.0016545678999133483,0.324380704041721,0.002585448413235857,0.2777777777777778,9
COL12A1,0.007234726688102894,0.0008677732424018243,0.3216132368148914,0.0016562743738359048,0.16666666666666666,9
COL28A1,0.001607717041800643,0.0,0.25330889839136633,8.301455778196527e-05,1.0,2
CORO1A,0.00964630225080386,0.0004971544604266093,0.3563448868519049,0.005749048415747446,0.15151515151515152,12
CPEB4,0.006430868167202572,6.0186177951771756e-05,0.34963462619449126,0.006156983096331444,0.35714285714285715,8
CPSF7,0.016881028938906754,0.00019112598816758148,0.3386877212088211,0.011185039420196066,0.29523809523809524,21
CPT2,0.01045016077170418,0.0008035205280957381,0.3353099730458221,0.00546656338609424,0.24358974358974358,13
CPZ,0.0008038585209003215,0.0,0.23414266892527763,1.658112967950585e-05,0.0,1
CREBBP,0.11334405144694534,0.012701602242843458,0.4545122396784801,0.12869173469118664,0.19979736575481255,141
CRMP1,0.013665594855305467,0.00054500721855654,0.3407285675157491,0.0034642271799911425,0.23529411764705882,17
CSDE1,0.02090032154340836,0.0007853775619752867,0.381010719754977,0.018458156565036517,0.3446153846153846,26
CSMD1,0.02090032154340836,0.002471877766857732,0.3654524089306698,0.008418505409637202,0.13230769230769232,26
CSMD2,0.0008038585209003215,0.0,0.24497833792831825,4.3876977807257795e-05,0.0,1
CSMD3,0.017684887459807074,0.0016614631932066926,0.3645955451348183,0.010597335663456643,0.23376623376623376,22
CSNK1E,0.014469453376205787,0.0002832134874825433,0.3706793802145411,0.012901402152916854,0.3006535947712418,18
CSNK1G1,0.002411575562700965,4.770716867872367e-05,0.34166437791815435,0.0029378265567185703,0.0,3
CSNK2A1,0.04662379421221865,0.00536452253534274,0.41927873272665994,0.04976005406820786,0.2014519056261343,58
CSNK2B,0.02491961414790997,0.0012434566803652522,0.38573643410852715,0.02163371983110934,0.1913978494623656,31
CTCF,0.07315112540192927,0.006127032285690494,0.4308971250432975,0.09565172730870145,0.2774114774114774,91
CTNNA2,0.024115755627009645,0.0011660992991551552,0.3908262645303173,0.016028533871174415,0.26666666666666666,30
CTNNA3,0.022508038585209004,0.0006907973666999664,0.3985901954501762,0.019763105457172598,0.2804232804232804,28
CTNNB1,0.1752411575562701,0.06196458724933208,0.5050751116524563,0.14973299513797075,0.10692089798334249,218
CTNND1,0.02491961414790997,0.0029537956501536657,0.3961783439490446,0.01723133154651617,0.221505376344086,31
CTNND2,0.02090032154340836,0.0007508734296137812,0.38312288266091776,0.014445292775802246,0.24923076923076923,26
CTPS1,0.012861736334405145,0.0010513657299827867,0.34336185481645043,0.004718366544017138,0.16666666666666666,16
CTR9,0.027331189710610933,0.0005227863507793446,0.3710110348941247,0.03350852612963594,0.40106951871657753,34
CTTNBP2,0.013665594855305467,0.00045646085759739593,0.3654524089306698,0.010726736053701768,0.2867647058823529,17
CUL2,0.023311897106109324,0.0027179233876458665,0.3838321505708115,0.020400525010854296,0.23399014778325122,29
CUL3,0.04742765273311897,0.00909203157260535,0.42140921409214094,0.04166668813001787,0.19053185271770895,59
CUL4B,0.028938906752411574,0.0016597585619570231,0.4077351687971157,0.03298963168436515,0.24285714285714285,36
CUL7,0.04421221864951769,0.007146112539850926,0.39655722027414725,0.026315556579589977,0.11515151515151516,55
CUX1,0.0297427652733119,0.002807982637686895,0.3996145197558625,0.02510540649763399,0.23273273273273273,37
CUX2,0.02009646302250804,0.002529263914072492,0.34963462619449126,0.006787721395410895,0.25666666666666665,25
CX3CR1,0.012057877813504822,0.0005106983850823701,0.35808865860679334,0.007724917819330485,0.26666666666666666,15
CXXC5,0.003215434083601286,8.537388825973297e-06,0.3074641621354424,0.003062242585561323,0.0,4
CYFIP1,0.04501607717041801,0.003592002146894064,0.4211238997968856,0.03407837527893971,0.19935064935064936,56
CYFIP2,0.014469453376205787,0.0002071317924972499,0.37834549878345497,0.01285514100039096,0.37254901960784315,18
CYLC2,0.002411575562700965,0.0032141406668339486,0.18729298404095152,1.555412653267415e-07,0.0,3
CYP11B1,0.006430868167202572,0.00031269157462978156,0.31613722998729354,0.0016112630445760375,0.2857142857142857,8
CYP27A1,0.002411575562700965,3.7144701112880205e-05,0.2611251049538203,9.370810511379787e-05,0.0,3
CYP27B1,0.012057877813504822,0.0016395877359724116,0.3670699321333727,0.011662186446171268,0.24761904761904763,15
DAGLA,0.002411575562700965,1.8092311998557704e-07,0.304379740641057,0.001959511687608438,0.6666666666666666,3
DAPP1,0.001607717041800643,3.0235692440243305e-05,0.30267639902676396,0.000810357672047278,0.0,2
DCC,0.00964630225080386,0.0001799223209127354,0.34855701877276546,0.00418840770406199,0.25757575757575757,12
DDC,0.01527331189710611,0.0004433268066713961,0.33612537152121047,0.005532416616330265,0.3684210526315789,19
DDHD2,0.003215434083601286,0.0,0.288832133735779,0.00041371186264115326,1.0,4
DDX23,0.01527331189710611,0.00014140064336918748,0.346711259754738,0.011800943240198114,0.47368421052631576,19
DDX3X,0.06028938906752412,0.0043758916194764665,0.42012833502195207,0.057715110060287705,0.22234234234234235,75
DDX53,0.008038585209003215,9.318985384574541e-05,0.37023809523809526,0.010473551996348647,0.35555555555555557,10
DEAF1,0.002411575562700965,0.00019048744491603276,0.2806226032032484,0.0004774941252564041,0.0,3
DENND2B,0.002411575562700965,6.621383007441924e-06,0.28990911209508274,0.00036112032036125975,0.6666666666666666,3
DENR,0.012057877813504822,0.0003148436644792224,0.36078886310904873,0.007415358382952458,0.2761904761904762,15
DEPDC5,0.013665594855305467,0.0004354082923767398,0.3579856115107914,0.010214555614627053,0.35294117647058826,17
DGKI,0.006430868167202572,0.0002659269816601042,0.34374136501796076,0.003970831096196793,0.21428571428571427,8
DHCR7,0.003215434083601286,0.00014374040073522802,0.28414801279122887,0.00028182293594876477,0.16666666666666666,4
DHX30,0.013665594855305467,0.00032499737177552784,0.35141242937853107,0.00851570462495691,0.33088235294117646,17
DHX9,0.05546623794212219,0.003063976381791497,0.40947992100065833,0.049610584647084344,0.26854219948849106,69
DIP2A,0.003215434083601286,1.5908359537595887e-05,0.30423086329175836,0.0011239618535883963,0.16666666666666666,4
DIP2C,0.005627009646302251,0.0004091163057970407,0.3179146434960388,0.00163115864674681,0.047619047619047616,7
DIPK2A,0.005627009646302251,0.0007390010930065003,0.3135870935215528,0.0012910788201405373,0.19047619047619047,7
DISC1,0.04662379421221865,0.006732988388849355,0.41758979523329975,0.030230432915180305,0.15366001209921354,58
DIXDC1,0.001607717041800643,7.691410969029966e-06,0.3083787803668815,0.0007866259752646393,0.0,2
DLG1,0.04983922829581994,0.0019664561392867667,0.40840446487196325,0.044114448200061905,0.36012691697514543,62
DLG2,0.06109324758842444,0.0037034708765205098,0.41301460823373176,0.04764128246502096,0.3119298245614035,76
DLG3,0.04983922829581994,0.0021151286623080886,0.4007731958762887,0.0398090749834404,0.37546271813855103,62
DLG4,0.12620578778135047,0.02195902378777834,0.4597191426459719,0.08599717454172276,0.16536011758941696,157
DLGAP1,0.04340836012861736,0.0014156906831789724,0.387177093059446,0.03560462448065406,0.44234800838574423,54
DLGAP2,0.03778135048231511,0.0019119748705836949,0.3815950920245399,0.030327548698706634,0.46253469010175763,47
DLGAP3,0.027331189710610933,0.00010586155235098892,0.36913946587537094,0.0265399670547428,0.6987522281639929,34
DLL1,0.014469453376205787,0.0005107205723080732,0.3859757989450822,0.014393945210835824,0.24183006535947713,18
DLX2,0.016881028938906754,0.00045638814868960133,0.34700139470013946,0.0078036788539692864,0.3238095238095238,21
DLX3,0.003215434083601286,2.273867550337675e-05,0.3156559248921593,0.001292724016744313,0.3333333333333333,4
DLX6,0.007234726688102894,0.00013327299748864358,0.3369447453954496,0.004341140916394508,0.25,9
DMD,0.02491961414790997,0.003100100995334675,0.38633540372670805,0.012688759502638005,0.13548387096774195,31
DMPK,0.006430868167202572,0.0002999523148668959,0.34063526834611174,0.0037708865240866723,0.10714285714285714,8
DMWD,0.002411575562700965,1.581578320006328e-05,0.3028237585199611,0.0009816169209314117,0.0,3
DMXL2,0.001607717041800643,1.8477885705310143e-05,0.2712012208415086,0.00024024311301620174,0.0,2
DNAH10,0.0008038585209003215,0.0,0.2937426210153483,0.0004579540776862769,0.0,1
DNAH17,0.002411575562700965,3.4942426670729094e-05,0.2977501196744854,0.00048607189804070726,0.3333333333333333,3
DNAH3,0.002411575562700965,2.301788510498742e-05,0.2983928999760134,0.0004956232685010816,0.3333333333333333,3
DNAJC5,0.016881028938906754,0.0021917274442998886,0.36278798483522895,0.010417014022840416,0.2904761904761905,21
DNER,0.01045016077170418,0.00017145360770211203,0.3544159544159544,0.00632593551624922,0.358974358974359,13
DNM1,0.03617363344051447,0.0017679636944929768,0.4018087855297158,0.027714354771045894,0.2767676767676768,45
DNMT3A,0.06752411575562701,0.016662123964658555,0.42940973420780115,0.08969740059550335,0.3032128514056225,84
DOCK1,0.018488745980707395,0.0009526431564353396,0.3594336896850621,0.005812692121323671,0.1225296442687747,23
DOCK4,0.02090032154340836,0.0016206177864539779,0.38561686298822073,0.012214539397680321,0.19692307692307692,26
DOCK8,0.006430868167202572,0.00035408773291106235,0.32831881762998155,0.002457973648532625,0.2857142857142857,8
DOLK,0.005627009646302251,0.0005073760033749825,0.3158963941086846,0.0014972171675340332,0.19047619047619047,7
DOP1A,0.002411575562700965,4.2324720419628646e-05,0.2735869804266549,0.00018390592057903474,0.3333333333333333,3
DOT1L,0.0409967845659164,0.00021729672514155264,0.38253382533825336,0.06479732301420207,0.5709803921568627,51
DPP10,0.01929260450160772,0.0004910048509739141,0.3663133097762073,0.011158887617880964,0.322463768115942,24
DPP3,0.003215434083601286,6.111756279689545e-05,0.31022443890274315,0.0011000736523656947,0.16666666666666666,4
DPP4,0.013665594855305467,0.00039316587116839963,0.3603707995365006,0.007517006413999536,0.25,17
DPP6,0.022508038585209004,0.0007964595686358449,0.36026643498407185,0.01131735610110034,0.2566137566137566,28
DPYD,0.016881028938906754,0.0033586742621569653,0.3709004174120453,0.00657033144526844,0.13333333333333333,21
DPYSL2,0.028938906752411574,0.002961571176718894,0.3808940600122474,0.016107654623672946,0.18095238095238095,36
DPYSL3,0.011254019292604502,0.0007968203252782474,0.3409153192655522,0.002936486980487613,0.31868131868131866,14
DPYSL5,0.012057877813504822,0.0005240245570756762,0.33648904517176087,0.003167692141321692,0.3333333333333333,15
DRD1,0.03295819935691318,0.001107898930330375,0.3765133171912833,0.024436278503349413,0.36097560975609755,41
DRD2,0.06430868167202572,0.0070259939042058225,0.4215520162656727,0.0397588877552481,0.1990506329113924,80
DRD3,0.023311897106109324,0.0006458989744766163,0.3711217183770883,0.01390235365580612,0.33004926108374383,29
DSCAM,0.03054662379421222,0.0025372176329311606,0.3932975023711666,0.020293155915491377,0.22617354196301565,38
DST,0.006430868167202572,0.00022221297505447537,0.3258250392875851,0.0022119082316587537,0.25,8
DUSP15,0.0008038585209003215,0.0,0.24150650359153564,3.589563111906046e-05,0.0,1
DVL3,0.023311897106109324,0.0016232909675788466,0.3961783439490446,0.01844686880481391,0.23399014778325122,29
DYDC1,0.007234726688102894,9.474738568066017e-05,0.3232008313847753,0.009711200473074126,0.75,9
DYDC2,0.007234726688102894,4.147458431912081e-05,0.32311688311688314,0.009772661553308314,0.75,9
DYNC1H1,0.024115755627009645,0.004450874066251278,0.38790146554412225,0.013778258184754213,0.12413793103448276,30
DYRK1A,0.05305466237942122,0.010552832670462938,0.4352694191742477,0.044329975780167584,0.137995337995338,66
EBF3,0.0040192926045016075,1.6017257347028337e-05,0.3324425440940673,0.006454529308522343,0.4,5
ECPAS,0.00964630225080386,0.0001384252705802782,0.33648904517176087,0.0039397913412928505,0.36363636363636365,12
EEF1A2,0.01607717041800643,0.0004934283244037819,0.39021329987452946,0.01817670483149034,0.23684210526315788,20
EGR3,0.006430868167202572,8.61423518826403e-05,0.3537105487631504,0.0076786947070630425,0.17857142857142858,8
EHMT1,0.04019292604501608,0.0018489429151593577,0.3932975023711666,0.05564494358884189,0.4146938775510204,50
EIF3F,0.02009646302250804,0.0003890531078887427,0.3714541654225142,0.013856592002142993,0.32,25
EIF3G,0.01929260450160772,0.00030662495207857887,0.36278798483522895,0.011983052334299821,0.40217391304347827,24
EIF4E,0.0522508038585209,0.003600422038138775,0.4145284905031656,0.0402189470317737,0.2403846153846154,65
EIF4G1,0.0409967845659164,0.0019910231865596416,0.3993579454253612,0.03203304204786757,0.2752941176470588,51
EIF5A,0.02572347266881029,0.0014804604850921737,0.37708396483782963,0.014617796409177732,0.2842741935483871,32
ELAVL2,0.01929260450160772,0.0015646973576015667,0.3815950920245399,0.014230658961096912,0.27898550724637683,24
ELAVL3,0.00964630225080386,0.0003810198634003546,0.36110304789550074,0.00861954464427337,0.36363636363636365,12
ELOVL2,0.001607717041800643,1.7479205980875955e-06,0.29604950023798193,0.001007911202086577,0.0,2
ELP2,0.008038585209003215,5.819706120841879e-05,0.31327121631830773,0.004611864796941595,0.6222222222222222,10
ELP4,0.01045016077170418,0.00029142347913807244,0.32918761577136807,0.004874019296495359,0.28205128205128205,13
EMSY,0.01045016077170418,4.326242645619112e-05,0.3463251670378619,0.012605123874837766,0.3333333333333333,13
EN2,0.005627009646302251,5.233906371469401e-05,0.33422890918860826,0.0034663957520296392,0.14285714285714285,7
ENOX2,0.001607717041800643,7.706633048348322e-06,0.2529997966239577,6.364402564646847e-05,0.0,2
ENPP1,0.01527331189710611,0.0012608662366890028,0.33182181915177383,0.002218358769655974,0.15789473684210525,19
EP300,0.15755627009646303,0.03105921880710133,0.47919876733436056,0.1641497794198948,0.16174777603349033,196
EP400,0.04421221864951769,0.0006513398691427672,0.39948619139370584,0.06612531276699704,0.4478114478114478,55
EPC2,0.012861736334405145,9.985752203888763e-05,0.35912240184757505,0.012995401115500451,0.5416666666666666,16
EPHA1,0.018488745980707395,0.0006511869381061606,0.3803118312442678,0.012837832230130367,0.18972332015810275,23
EPHB1,0.012861736334405145,0.00029653041270146543,0.35482030804335424,0.006511396580222622,0.25833333333333336,16
EPHB2,0.022508038585209004,0.0008581219502368746,0.38442521631644005,0.01647400818021201,0.2619047619047619,28
EPPK1,0.003215434083601286,2.1701982285014516e-05,0.288832133735779,0.00031006412319985443,0.0,4
ERBIN,0.027331189710610933,0.002549997769848657,0.3979526551503519,0.019748183911933507,0.19429590017825313,34
ERG,0.00482315112540193,3.856612225483561e-06,0.3544159544159544,0.010321197384953748,0.6,6
ERMN,0.0040192926045016075,4.100864074101034e-05,0.330323951141795,0.0027090431397822274,0.2,5
ESR2,0.03054662379421222,0.0020951713601065807,0.4077351687971157,0.030238111557127117,0.22617354196301565,38
ESRRB,0.01045016077170418,0.0003250344294771682,0.3542141230068337,0.011119486460828651,0.2564102564102564,13
ETFB,0.007234726688102894,0.00021786976378477963,0.3067817509247842,0.0006413980494003134,0.1388888888888889,9
EXOC3,0.018488745980707395,0.0036861114659243383,0.3615228131357164,0.008594907922810691,0.25296442687747034,23
EXOC5,0.01527331189710611,0.002672970930943077,0.3684834123222749,0.007500734763321501,0.3333333333333333,19
EXOC6,0.012057877813504822,0.0009182226962700194,0.3395196506550218,0.004210564673505672,0.44761904761904764,15
EXOC6B,0.007234726688102894,3.1872626398098866e-05,0.3194658448895737,0.002482445638612001,0.6388888888888888,9
EXT1,0.008038585209003215,0.00024817679091293987,0.32153011113982943,0.001856721164428098,0.24444444444444444,10
FABP4,0.02009646302250804,0.003215900097389212,0.38573643410852715,0.021967596849176173,0.3433333333333333,25
FABP5,0.002411575562700965,4.433332473234996e-05,0.31201404564835716,0.001962165059428349,0.3333333333333333,3
FAM47A,0.0040192926045016075,6.512814472739424e-05,0.2834358623832308,0.0009899301656615652,0.1,5
FAM53C,0.0040192926045016075,4.920876111137716e-06,0.3289264939185616,0.003540976524410555,0.5,5
FAM98C,0.003215434083601286,0.0016639905453374678,0.23886328725038403,1.3886838099614223e-05,0.0,4
FAN1,0.0040192926045016075,0.0008284433414403314,0.33102714209686,0.0037331557571277595,0.3,5
FAT1,0.01929260450160772,0.001093525778812966,0.3854973659745894,0.023424026478084232,0.3333333333333333,24
FBN1,0.013665594855305467,0.0010523552978300686,0.35624284077892326,0.007809012278399568,0.18382352941176472,17
FBRSL1,0.002411575562700965,7.65355091942501e-07,0.309452736318408,0.0025990197209081706,0.3333333333333333,3
FBXL13,0.002411575562700965,2.2517604111995824e-06,0.3158161970043158,0.0017168517386047402,0.6666666666666666,3
FBXO11,0.012861736334405145,0.0007344554931477265,0.3508178228990412,0.009810696969740998,0.2833333333333333,16
FBXO33,0.008038585209003215,0.0002939161844501075,0.321115126484254,0.0015867956163711562,0.28888888888888886,10
FBXO40,0.01929260450160772,0.0025802054111410595,0.3814780742103649,0.014432079963738376,0.42391304347826086,24
FEZF2,0.01527331189710611,0.0005429372801083209,0.3428886438809261,0.006149616779779228,0.5497076023391813,19
FGA,0.012057877813504822,0.0007617142034584657,0.3474860335195531,0.00659753454093636,0.3238095238095238,15
FGF13,0.024115755627009645,0.002227995392605058,0.3952971083571655,0.023764094284431398,0.3448275862068966,30
FGF14,0.007234726688102894,2.8779578240080116e-05,0.3440265486725664,0.005515632809866767,0.4444444444444444,9
FGFR1,0.04581993569131833,0.003309911205465249,0.4170298357358364,0.04475298415005067,0.2487468671679198,57
FHIT,0.016881028938906754,0.001202957637824297,0.3736857915289877,0.010005708674129036,0.14761904761904762,21
FLNA,0.04421221864951769,0.005345006337732286,0.42012833502195207,0.030494644013496813,0.14006734006734006,55
FMR1,0.10289389067524116,0.019892914881166724,0.4648729446935725,0.08622285478993319,0.1624015748031496,128
FOXG1,0.03858520900321544,0.0027606105850348597,0.4102902374670185,0.033084823706335184,0.23049645390070922,48
FOXP1,0.02572347266881029,0.001897213847875024,0.38935837245696403,0.024439086314694897,0.26814516129032256,32
FOXP2,0.03295819935691318,0.003691880494075932,0.4077351687971157,0.023400148084864143,0.18292682926829268,41
FRG1,0.006430868167202572,0.00012217082977458198,0.32797258107039284,0.005323605697460191,0.25,8
FRK,0.001607717041800643,2.8166261163023723e-06,0.32745459331403,0.002444151223684891,0.0,2
FRMD5,0.001607717041800643,9.79308613794566e-06,0.2871652816251154,0.00032145144673443823,0.0,2
FRMPD4,0.005627009646302251,4.6623563758288964e-05,0.34175824175824177,0.004615554841420497,0.19047619047619047,7
FRRS1L,0.00482315112540193,0.0001007708112247887,0.33014861995753714,0.0035647822179879205,0.4,6
FRYL,0.00964630225080386,0.0005679179613239536,0.3561408531348411,0.009385401417708241,0.15151515151515152,12
FXN,0.005627009646302251,8.622858269587198e-05,0.3424167354803193,0.0035509342933570205,0.23809523809523808,7
G3BP2,0.01929260450160772,0.00046670134784244916,0.36416861826697894,0.01216849967261476,0.463768115942029,24
GABBR2,0.03295819935691318,0.0012186211162594465,0.3714541654225142,0.022077678657663736,0.37926829268292683,41
GABRA2,0.023311897106109324,0.0001126128671559857,0.35736857224935364,0.017536752874505568,0.5985221674876847,29
GABRA3,0.02170418006430868,0.0002752521164669501,0.3688111473465758,0.016886557087707598,0.47293447293447294,27
GABRA4,0.027331189710610933,0.0003346663313362574,0.3612078977932636,0.01950506361745075,0.47771836007130125,34
GABRB2,0.03456591639871383,0.0011103567462341997,0.3723436096976953,0.02335413897123242,0.40420819490586934,43
GABRB3,0.05064308681672026,0.0031379038128960196,0.3998714239794278,0.03482602739561423,0.3061955965181772,63
GABRG2,0.0409967845659164,0.0012994505137100272,0.37800060771801886,0.028012293076373644,0.38666666666666666,51
GABRG3,0.02090032154340836,0.00042219990551621637,0.3654524089306698,0.012730704138206796,0.4276923076923077,26
GALNT10,0.003215434083601286,0.0001360662575811369,0.31162324649298595,0.0013784529094960224,0.3333333333333333,4
GALNT13,0.01045016077170418,0.0006395565649653885,0.32659490679968495,0.003175324954230128,0.21794871794871795,13
GALNT14,0.001607717041800643,0.0,0.26507564457702965,0.00013504817382581997,1.0,2
GALNT2,0.0040192926045016075,0.00021417295917738844,0.31092226943264184,0.0010639524575532693,0.2,5
GALNT8,0.001607717041800643,0.0,0.26507564457702965,0.00013504817382581997,1.0,2
GAS2,0.002411575562700965,0.00016118676813284377,0.2954869358669834,0.0004512063699977791,0.0,3
GATM,0.00482315112540193,0.0001919894409251283,0.33023626227767455,0.0021012910314093703,0.2,6
GBE1,0.003215434083601286,0.0027691597494883826,0.27613762486126525,0.0001929443446048507,0.0,4
GDA,0.008842443729903537,0.0003149107214111538,0.33270928055629845,0.0036492346097131228,0.34545454545454546,11
GFAP,0.0594855305466238,0.006900957557178938,0.4408221119773211,0.056598837228931095,0.2410218437615698,74
GGNBP2,0.003215434083601286,0.00010251664786913758,0.30891482493171096,0.0011211016385962056,0.3333333333333333,4
GIGYF1,0.008038585209003215,3.544571553582647e-05,0.33306559571619815,0.005518127872059418,0.5111111111111111,10
GIGYF2,0.02491961414790997,0.0014800106282071906,0.3723436096976953,0.015779814321680758,0.2,31
GLI3,0.024115755627009645,0.0014881906230003617,0.3874182497664279,0.019831739290399362,0.1724137931034483,30
GLIS1,0.005627009646302251,0.00033477226244338706,0.3073881887818137,0.0016381474132939858,0.14285714285714285,7
GLO1,0.00964630225080386,0.0005198868587456927,0.32522875816993463,0.001948851554841302,0.10606060606060606,12
GLRA2,0.006430868167202572,4.865819258017435e-05,0.3379516435751155,0.0045320902443166736,0.4642857142857143,8
GLS,0.005627009646302251,0.00023455236238527355,0.32094943240454077,0.0016293308167698336,0.09523809523809523,7
GNAI1,0.03295819935691318,0.0015142046725760657,0.37823046518698694,0.018417478358372243,0.2573170731707317,41
GNAS,0.03778135048231511,0.006069904120198313,0.4045528455284553,0.031533455579242683,0.21369102682701202,47
GNB1L,0.0040192926045016075,0.00026086667965373364,0.32962374138844724,0.0025525247159546294,0.1,5
GNB2,0.03858520900321544,0.0033422497494445154,0.3854973659745894,0.018358672194887897,0.19680851063829788,48
GPC4,0.013665594855305467,0.0005117593853905347,0.3445983379501385,0.004063626158263384,0.17647058823529413,17
GPC5,0.008038585209003215,0.00011219078671383916,0.31287726358148893,0.001105910118202111,0.4222222222222222,10
GPC6,0.00964630225080386,0.00010635139302905854,0.32303297844715656,0.002295500581578073,0.3939393939393939,12
GPD2,0.006430868167202572,0.0006913261620379822,0.31170132798797295,0.0007965421304611596,0.03571428571428571,8
GPHN,0.03938906752411576,0.0015290994900422931,0.3905808477237049,0.0355143087393715,0.44982993197278914,49
GPR37,0.007234726688102894,0.001704505089976497,0.3262522947810123,0.0020386144881118767,0.1388888888888889,9
GPR85,0.0008038585209003215,0.0,0.24604430379746836,3.459680038268134e-05,0.0,1
GRB10,0.013665594855305467,0.0007667458653538746,0.3623652781823478,0.008631091075031256,0.17647058823529413,17
GRIA1,0.09163987138263666,0.007972053450323204,0.43375174337517436,0.06822562779344736,0.25632665735134297,114
GRIA2,0.08922829581993569,0.008018575817019445,0.43435754189944137,0.06692215872620523,0.25061425061425063,111
GRIA3,0.04180064308681672,0.0008218221022189575,0.3774271844660194,0.030821060280520087,0.3808446455505279,52
GRID1,0.013665594855305467,0.0003297654768562223,0.3493400730131985,0.012555165324394907,0.6323529411764706,17
GRID2,0.03697749196141479,0.001934317009522203,0.37492465340566605,0.026425129433696088,0.37584541062801935,46
GRID2IP,0.002411575562700965,2.148532836108978e-07,0.28215014742572014,0.0011745028173195803,0.6666666666666666,3
GRIK2,0.04823151125401929,0.0019033877565077008,0.39871794871794874,0.03471836481811503,0.31751412429378534,60
GRIK3,0.03135048231511254,0.00048570455418917377,0.37617175687934684,0.023420772871488648,0.43859649122807015,39
GRIK4,0.027331189710610933,0.0002606397151447755,0.3615228131357164,0.02047650894291364,0.49019607843137253,34
GRIK5,0.04260450160771704,0.0011196969408427272,0.373125374925015,0.030227216723650828,0.3955007256894049,53
GRIN1,0.06672025723472669,0.004573946801139415,0.4137013634852012,0.05189495344951998,0.31119600352630034,83
GRIN2A,0.09565916398713827,0.006605830641308227,0.4300034566194262,0.07009195923914821,0.2560888762284575,119
GRIN2B,0.12379421221864952,0.01772286035666694,0.46279761904761907,0.0913681768055263,0.19370172311348782,154
GRIP1,0.03617363344051447,0.0017311278717181903,0.3983349343579891,0.027598518348833694,0.30808080808080807,45
GRK4,0.003215434083601286,3.6231894910035164e-06,0.3004830917874396,0.00118979016884734,0.16666666666666666,4
GRM5,0.06993569131832797,0.004055561855004929,0.41069659953780124,0.052603899306840216,0.29724672547447206,87
GRM7,0.02491961414790997,0.0035972133036095435,0.3659899970579582,0.01660211649513319,0.4021505376344086,31
GSE1,0.01045016077170418,4.965547651537652e-05,0.3428886438809261,0.013841883760991406,0.44871794871794873,13
GSPT2,0.008038585209003215,3.312102537998721e-05,0.31115557778889447,0.0025395940699889305,0.5333333333333333,10
GSTM1,0.00482315112540193,0.00010956808332336856,0.3315565031982942,0.0018244630901811953,0.06666666666666667,6
GTF2I,0.011254019292604502,0.0006739137893628812,0.35190947666195194,0.009163624704864277,0.23076923076923078,14
GUCY1A2,0.007234726688102894,0.00023057222209380563,0.3344985211078247,0.0034536299484154744,0.25,9
H1-4,0.00964630225080386,6.383230010833298e-05,0.36374269005847953,0.01483262792876733,0.4393939393939394,12
H2BC11,0.07234726688102894,0.002939081211947389,0.41549766199064797,0.09069028221769436,0.29712858926342073,90
H3-3B,0.1414790996784566,0.01927883895565313,0.46766917293233085,0.15885844164712734,0.19331168831168832,176
H4C11,0.027331189710610933,0.0001255372128969121,0.3763993948562784,0.044006829561747535,0.5508021390374331,34
H4C3,0.028135048231511254,0.00021422141824355262,0.37685549833383825,0.042985099472267384,0.5109243697478991,35
H4C5,0.02652733118971061,0.00011990814787728281,0.3754904920012074,0.04239734520162225,0.553030303030303,33
HACE1,0.003215434083601286,5.681441549017017e-05,0.3221128948731227,0.0018431764851762997,0.0,4
HCFC1,0.04340836012861736,0.0031319355998348937,0.3955484896661367,0.054409559331001306,0.32983927323549966,54
HCN1,0.0008038585209003215,0.0,0.2777405670908685,0.00043471894463882187,0.0,1
HDAC4,0.05707395498392283,0.006013478009714345,0.43344947735191636,0.06969389536481757,0.2317907444668008,71
HDAC8,0.03938906752411576,0.0004922270514098517,0.39580019090041363,0.06242911266667371,0.4804421768707483,49
HDLBP,0.00964630225080386,0.0003149205647415439,0.33558133261397355,0.00535289354267067,0.24242424242424243,12
HECTD1,0.007234726688102894,5.1873233620126977e-05,0.33102714209686,0.004148171179983231,0.4722222222222222,9
HECTD4,0.0008038585209003215,0.0,0.2591126848573214,0.00011519266812813641,0.0,1
HECW2,0.003215434083601286,0.0001495627923955408,0.31201404564835716,0.0016791537978225243,0.0,4
HEPACAM,0.003215434083601286,2.1192373359401067e-05,0.293119698397738,0.000822852858661967,0.5,4
HERC1,0.005627009646302251,4.005250380748672e-05,0.32269779507133595,0.002348689675997992,0.3333333333333333,7
HERC2,0.013665594855305467,0.00035239507149236333,0.367612293144208,0.012284389893092107,0.22058823529411764,17
HIVEP2,0.003215434083601286,3.160118917438952e-05,0.31954790649884407,0.002188293644984236,0.16666666666666666,4
HIVEP3,0.007234726688102894,5.4180025856412585e-05,0.315096251266464,0.0020830540613961286,0.3611111111111111,9
HLA-A,0.018488745980707395,0.0018869621048038633,0.37823046518698694,0.011262433799635953,0.22924901185770752,23
HLA-B,0.013665594855305467,0.0008254249240314677,0.3408219178082192,0.0032959490939078757,0.19852941176470587,17
HLA-DPB1,0.012057877813504822,0.0003980489495617336,0.3432671081677704,0.004344790263437,0.38095238095238093,15
HLA-DRB1,0.014469453376205787,0.0005264548791396958,0.34651810584958215,0.005182639998862242,0.2549019607843137,18
HLA-G,0.00964630225080386,0.00021452237945901911,0.3194658448895737,0.00183500566771514,0.3939393939393939,12
HMGN1,0.02491961414790997,0.002283466081060247,0.3800794378246257,0.018922864818087862,0.24731182795698925,31
HNRNPD,0.04421221864951769,0.002100994364415954,0.39846252402306215,0.034107913421954225,0.2760942760942761,55
HNRNPF,0.02572347266881029,0.00029731423232409645,0.36416861826697894,0.019264810751138926,0.5161290322580645,32
HNRNPH2,0.02009646302250804,0.00016287961999470233,0.35777969513948804,0.013643895842260282,0.5933333333333334,25
HNRNPK,0.06270096463022508,0.00593721911016025,0.42027027027027025,0.05379871187135634,0.24042624042624042,78
HNRNPL,0.03617363344051447,0.0015349382513638184,0.3932975023711666,0.028929474246555203,0.31616161616161614,45
HNRNPR,0.024115755627009645,0.0006146427969029895,0.37915269734836937,0.018803613714471867,0.5333333333333333,30
HNRNPU,0.04983922829581994,0.0024326577450230597,0.4141145139813582,0.049304820486743645,0.28027498677948176,62
HNRNPUL2,0.00964630225080386,3.359667298325481e-05,0.33014861995753714,0.00586870585192608,0.6363636363636364,12
HOMER1,0.04421221864951769,0.0017585261281019284,0.40154938670109747,0.041819471106684485,0.43973063973063975,55
HOXA1,0.008842443729903537,5.599267381643297e-06,0.3495363866254566,0.01831473999758048,0.8545454545454545,11
HRAS,0.07315112540192927,0.007608434738494451,0.4428622285510858,0.06543381730803106,0.18534798534798536,91
HS3ST5,0.00964630225080386,0.00036987538279084956,0.32616675406397483,0.0028350214372953562,0.30303030303030304,12
HSD11B1,0.006430868167202572,0.0008115025230949089,0.3220295107429459,0.002583820208990316,0.14285714285714285,8
HTR1B,0.016881028938906754,0.0001452481170410114,0.3542141230068337,0.011180446039679121,0.43333333333333335,21
HTR2C,0.0297427652733119,0.0012340943747280043,0.38324091189155884,0.019869180528443997,0.28678678678678676,37
HTR3A,0.01929260450160772,6.427157704309913e-05,0.3513131883648687,0.015046806280115118,0.6340579710144928,24
HTR3C,0.012861736334405145,1.175877626867579e-05,0.3430777716492002,0.011309874530828897,0.8083333333333333,16
HUWE1,0.04742765273311897,0.005607618815568311,0.4148049349783261,0.040153487440573746,0.16890707188778492,59
HYDIN,0.01045016077170418,0.0006998749376664647,0.33369098712446355,0.001733583020942986,0.07692307692307693,13
ICA1,0.002411575562700965,3.2610454995728995e-05,0.29119850187265917,0.000470535556644019,0.0,3
IGF1,0.04823151125401929,0.004319415035447516,0.4261733470366564,0.04485665210040174,0.2672316384180791,60
IKZF1,0.03778135048231511,0.0028389152593157104,0.3946700507614213,0.045114035570045424,0.28307123034227566,47
IL1R2,0.006430868167202572,0.00019308021210900442,0.3185659411011524,0.001397033745941146,0.21428571428571427,8
IL1RAPL1,0.028135048231511254,0.0011138817015678667,0.37696969696969695,0.019474801318770454,0.28739495798319326,35
IL1RAPL2,0.002411575562700965,4.088961853755941e-06,0.3041564792176039,0.0010054062493327967,0.0,3
ILF2,0.03536977491961415,0.001251909386328082,0.3916876574307305,0.031037097934964814,0.3372093023255814,44
IMMP2L,0.01045016077170418,0.0009283922498303519,0.3488502523836231,0.005104739644564128,0.19230769230769232,13
INPP1,0.00482315112540193,6.988323406847082e-05,0.32719621251972647,0.0023267967897809723,0.26666666666666666,6
INTS1,0.006430868167202572,7.49666315906855e-05,0.33067517278043596,0.004723117822349914,0.39285714285714285,8
INTS6,0.008038585209003215,0.00010236566351625745,0.33512931034482757,0.006145826239556278,0.28888888888888886,10
IQGAP3,0.00964630225080386,0.0004041161200037992,0.35210868949900936,0.004481223995835848,0.3787878787878788,12
IQSEC2,0.02090032154340836,0.0008473605802982537,0.3765133171912833,0.01936518811367573,0.38461538461538464,26
IRF2BPL,0.0008038585209003215,0.0,0.335671883432272,0.0025410800196397905,0.0,1
IRX5,0.003215434083601286,1.4850099570970994e-05,0.31084457771114443,0.0016453505062935122,0.5,4
ITGA8,0.00964630225080386,0.00010413064385993545,0.35411329348135495,0.005769313027979806,0.3787878787878788,12
ITGB3,0.028938906752411574,0.0017814280564492412,0.393795504906616,0.02068612325826454,0.2396825396825397,36
ITPR1,0.05144694533762058,0.007390927974627426,0.41633199464524767,0.0318988883373833,0.15228174603174602,64
ITSN1,0.03295819935691318,0.004725167254641494,0.3954227590591227,0.017148135521028757,0.1524390243902439,41
JARID2,0.03536977491961415,0.0009381736811361585,0.3756038647342995,0.044991548034120775,0.3773784355179704,44
JMJD1C,0.02090032154340836,0.00035344391082631454,0.3539118065433855,0.02730143306083131,0.48307692307692307,26
KANK1,0.008842443729903537,0.0006774480331365895,0.3659899970579582,0.0075433534523819505,0.2,11
KANSL1,0.02491961414790997,0.000791456269208634,0.37996334758704947,0.03282429808168117,0.4731182795698925,31
KAT2B,0.06752411575562701,0.003605237525211105,0.41260364842454395,0.08608741539026143,0.3032128514056225,84
KAT6A,0.03778135048231511,0.0005692224942183419,0.3746987951807229,0.05349315943757644,0.44588344125809437,47
KAT6B,0.02491961414790997,0.0002642806542061996,0.3645955451348183,0.035754861082327616,0.4881720430107527,31
KATNAL1,0.0040192926045016075,3.492889602939861e-05,0.28856413825098587,0.0008191485746365924,0.3,5
KATNAL2,0.017684887459807074,0.0013246945428183,0.38573643410852715,0.014360322221264285,0.21645021645021645,22
KCNA2,0.04340836012861736,0.002931483720509395,0.38442521631644005,0.025615789003455097,0.33193570929419985,54
KCNA3,0.02170418006430868,0.0004794003785677398,0.3647024333040164,0.012813826472490243,0.3561253561253561,27
KCNB1,0.03376205787781351,0.0014784016732511483,0.3737980769230769,0.01805158556105358,0.3635307781649245,42
KCNC1,0.03697749196141479,0.0009525575239098588,0.38194657660423703,0.024124747543503255,0.36618357487922704,46
KCNC2,0.01929260450160772,0.002017825369639679,0.3507189173949817,0.008305836201316037,0.358695652173913,24
KCND2,0.04260450160771704,0.001904989004770304,0.38790146554412225,0.026316253229683433,0.28374455732946297,53
KCND3,0.028938906752411574,0.0005962370255148876,0.36078886310904873,0.013255876903797934,0.4174603174603175,36
KCNH1,0.01527331189710611,6.30702159982105e-05,0.344884945938453,0.009397845014977054,0.47953216374269003,19
KCNH5,0.012057877813504822,9.234653668979178e-05,0.3325314087142475,0.006267936547011206,0.4,15
KCNH7,0.007234726688102894,7.84829149317316e-05,0.30297126156843646,0.002800504941520897,0.6111111111111112,9
KCNJ10,0.023311897106109324,0.0010505970913297917,0.358294930875576,0.013010166371082493,0.29802955665024633,29
KCNJ15,0.0040192926045016075,8.882779064697333e-05,0.3013565891472868,0.0009581921562618174,0.4,5
KCNMA1,0.028135048231511254,0.000998638105078965,0.3693586698337292,0.01396530780371262,0.2957983193277311,35
KCNN2,0.013665594855305467,5.475195619992865e-05,0.33767643865363733,0.006909098402337023,0.5514705882352942,17
KCNQ2,0.06028938906752412,0.0038027426263373735,0.4096147513994073,0.03679480772940956,0.26414414414414417,75
KCNQ3,0.03778135048231511,0.0011089126211587458,0.3807774716865626,0.020222766798634224,0.3774283071230342,47
KCNS3,0.01045016077170418,0.00023109326488835054,0.3307630949215634,0.0030886590266235776,0.4230769230769231,13
KCTD13,0.006430868167202572,0.00031677743966648564,0.3439314348907935,0.004103115351650315,0.21428571428571427,8
KDM1A,0.07877813504823152,0.003252952566249981,0.42471833390235575,0.10262981886483906,0.31390700610140965,98
KDM1B,0.03054662379421222,0.0004138703339790947,0.35953757225433525,0.038703529953452706,0.5206258890469416,38
KDM2A,0.03778135048231511,0.00021492534231532713,0.371898355754858,0.05685128389210091,0.5494912118408881,47
KDM2B,0.03536977491961415,0.001183851621351836,0.3742478941034898,0.05129115365583885,0.48731501057082455,44
KDM3A,0.0297427652733119,0.001341298887730807,0.3806609547123623,0.043421293437034325,0.4954954954954955,37
KDM3B,0.03295819935691318,0.0009934900926736232,0.3814780742103649,0.05038445744583213,0.5365853658536586,41
KDM4B,0.03215434083601286,0.00038742740749929324,0.3874182497664279,0.04795922795334221,0.5217948717948718,40
KDM4C,0.023311897106109324,4.1705500817438784e-05,0.35190947666195194,0.034959571893681825,0.6428571428571429,29
KDM5A,0.04340836012861736,0.0008582821912969554,0.3773127085228996,0.05579836436337525,0.39273235499650594,54
KDM5B,0.04742765273311897,0.0021018383314609437,0.4028497409326425,0.06569687327438237,0.39918176504967856,59
KDM5C,0.06591639871382636,0.007211066708783445,0.42940973420780115,0.0807655620940878,0.25805480277024995,82
KDM6A,0.09244372990353697,0.008385111924070382,0.43664443664443664,0.1134279335441393,0.26788710907704044,115
KDM6B,0.06672025723472669,0.002734252694362934,0.41758979523329975,0.08625891421842195,0.3367616808698207,83
KHDRBS2,0.007234726688102894,0.00020520694798995467,0.34204014297497937,0.0041048508150346085,0.25,9
KIAA0232,0.001607717041800643,0.0,0.30822596630327054,0.0014281629047502066,1.0,2
KIF13B,0.005627009646302251,3.984833066234269e-05,0.3329764453961456,0.0029495695127506705,0.23809523809523808,7
KIF14,0.01607717041800643,0.001337357504564994,0.36225975538730343,0.00593108792695482,0.11052631578947368,20
KIF1A,0.02652733118971061,0.003162926899674772,0.3730134932533733,0.011131549781499906,0.17234848484848486,33
KIF5C,0.01607717041800643,0.0005967766392279324,0.3629997081995915,0.009453276849626475,0.21052631578947367,20
KIRREL3,0.00964630225080386,0.002049902142185408,0.33924188710117265,0.003799210680899798,0.10606060606060606,12
KIZ,0.002411575562700965,3.4412681642152555e-05,0.28119349005424954,0.00023408820095154967,0.0,3
KLF16,0.0040192926045016075,0.001640774501981823,0.32918761577136807,0.005379413468102067,0.3,5
KLF7,0.003215434083601286,9.072096794618254e-05,0.31311351623458344,0.0011996627883495768,0.16666666666666666,4
KLHL20,0.007234726688102894,0.0009772204072226965,0.3179146434960388,0.0024591417589164173,0.25,9
KMT2A,0.08038585209003216,0.0036013757393978897,0.4216949152542373,0.10715583798019071,0.3238383838383838,100
KMT2B,0.03617363344051447,0.00022719033981842034,0.3743605176045742,0.05429934086446601,0.5494949494949495,45
KMT2C,0.06993569131832797,0.0033445905087560535,0.418996295048838,0.09253716342447442,0.32076984763432237,87
KMT2D,0.06752411575562701,0.003084379054931607,0.418996295048838,0.09216575036459075,0.33419391853126795,84
KMT2E,0.04501607717041801,0.0008975337637377566,0.3837137569401604,0.05944494648882818,0.4,56
KMT5B,0.03054662379421222,0.0009345232690172315,0.38182934315531003,0.03982444187705587,0.4182076813655761,38
KNG1,0.02652733118971061,0.00304280041181837,0.3732373237323732,0.011116913729177131,0.14583333333333334,33
KPTN,0.0040192926045016075,4.9203718998332026e-05,0.32012352032938757,0.002080574466986451,0.3,5
KRR1,0.012861736334405145,0.0005125300473948467,0.3381353628703452,0.005713308920576923,0.1,16
KSR2,0.007234726688102894,2.4576559822319984e-05,0.33676231727125067,0.005057450370814758,0.6944444444444444,9
LAMA1,0.012057877813504822,0.00022701839184304824,0.3476802683063164,0.005395380413221329,0.21904761904761905,15
LAMB1,0.012057877813504822,0.00035199344194970696,0.3414768048311831,0.00391392633208602,0.19047619047619047,15
LARP1,0.01929260450160772,0.00028665092527141694,0.37023809523809526,0.01812968475844895,0.4311594202898551,24
LAS1L,0.013665594855305467,0.001552181466661163,0.34622877817979403,0.014263122106987266,0.39705882352941174,17
LDB1,0.017684887459807074,0.0024141338832005125,0.3706793802145411,0.01300559949211685,0.18181818181818182,22
LDLR,0.01045016077170418,0.0003264166494772514,0.34251101321585903,0.0042294545237113205,0.46153846153846156,13
LEMD3,0.00964630225080386,0.00017235419128162611,0.3681562592482983,0.008781420076497367,0.24242424242424243,12
LEO1,0.027331189710610933,0.0010339250339874715,0.37915269734836937,0.035136086705817776,0.39572192513368987,34
LEP,0.03617363344051447,0.002861767366536891,0.4072013093289689,0.031421647633989185,0.2404040404040404,45
LHX2,0.02090032154340836,0.0006615239798471406,0.3395196506550218,0.006349250487964452,0.27692307692307694,26
LILRB2,0.007234726688102894,0.000683298383074451,0.3362162162162162,0.00420146408420412,0.2222222222222222,9
LIN7B,0.02009646302250804,0.00024955433532158433,0.35482030804335424,0.017200098475569282,0.6266666666666667,25
LMX1B,0.016881028938906754,0.0007774901108293676,0.35240793201133147,0.0058434092578264095,0.1523809523809524,21
LNPK,0.001607717041800643,5.0323960226163616e-05,0.29782140292075654,0.000717184960671208,0.0,2
LRBA,0.002411575562700965,8.080931201327543e-06,0.27718360071301246,0.00033323728664006326,0.3333333333333333,3
LRFN2,0.012861736334405145,4.40386904355543e-05,0.34555555555555556,0.012536855541576315,0.6083333333333333,16
LRFN5,0.02090032154340836,0.0015880787068689934,0.3663133097762073,0.012471314373185773,0.23692307692307693,26
LRP1,0.014469453376205787,0.0005870357512134407,0.37134328358208957,0.009095327388417123,0.2679738562091503,18
LRP2,0.022508038585209004,0.0018589994756841996,0.37056896038129283,0.009318136025500842,0.17724867724867724,28
LRRC1,0.003215434083601286,1.1079598452629747e-05,0.32659490679968495,0.0020956544465885996,0.3333333333333333,4
LRRC4,0.00964630225080386,7.923967769786091e-05,0.35350951974992895,0.00706905458546587,0.4393939393939394,12
LRRC4C,0.012861736334405145,0.00020051781861844608,0.3492419988770354,0.009130170216976645,0.5,16
LZTR1,0.012861736334405145,0.0025993974067498224,0.3711217183770883,0.013925165899394375,0.325,16
LZTS2,0.005627009646302251,8.823440916988411e-06,0.36913946587537094,0.009343437887725545,0.5714285714285714,7
MACF1,0.01045016077170418,0.0011150949910155566,0.36374269005847953,0.006776745881185912,0.07692307692307693,13
MACROD2,0.011254019292604502,0.000351064234128105,0.3459399332591769,0.005785817484708222,0.2087912087912088,14
MADD,0.005627009646302251,0.00047529574417705286,0.31469769795092334,0.0011429267370788435,0.19047619047619047,7
MAGEC3,0.0040192926045016075,0.0,0.3321762349799733,0.006208522291873955,1.0,5
MAGEL2,0.012057877813504822,0.0003645451396290157,0.3529078014184397,0.005416634746396241,0.3047619047619048,15
MAN1B1,0.00482315112540193,0.0017327851502169634,0.2829845313921747,0.00034217969596079287,0.26666666666666666,6
MAOA,0.03536977491961415,0.004877419860088489,0.40025740025740025,0.023242407797635162,0.1849894291754757,44
MAOB,0.03617363344051447,0.00413375637721982,0.3996145197558625,0.02462178943905121,0.22828282828282828,45
MAP1A,0.008038585209003215,2.83986165473975e-05,0.3711217183770883,0.010682743186829581,0.4444444444444444,10
MAP1B,0.03215434083601286,0.002219843485965061,0.4050797785737545,0.02789488764971198,0.24871794871794872,40
MAP4K1,0.00482315112540193,0.00013986757963982782,0.3072363546554705,0.0009462501409545314,0.0,6
MAP4K4,0.00482315112540193,2.3043893292139253e-05,0.3379516435751155,0.003946939186846201,0.26666666666666666,6
MAPK3,0.09003215434083602,0.014979458006789863,0.4536834427425237,0.07003429319981642,0.15476190476190477,112
MAPK8IP1,0.011254019292604502,0.000543630347134979,0.3534090909090909,0.005410973438745511,0.15384615384615385,14
MAPK8IP3,0.01045016077170418,0.0004661879405119457,0.3522083805209513,0.005877092072763712,0.21794871794871795,13
MAPT,0.06672025723472669,0.009721191533781532,0.44796543032048974,0.05769223973552842,0.18248604172788715,83
MARK1,0.008038585209003215,0.00021830564742671726,0.34963462619449126,0.005575539638310276,0.2222222222222222,10
MARK2,0.01527331189710611,0.001003714021171714,0.37857577601947656,0.010777515525347139,0.1695906432748538,19
MAST1,0.001607717041800643,1.6839375248188586e-06,0.3319103521878335,0.002706394594215846,0.0,2
MAST3,0.002411575562700965,1.6839375248188586e-06,0.33476856835306784,0.003455049510223635,0.6666666666666666,3
MBD1,0.006430868167202572,8.913348408941015e-06,0.3354908306364617,0.007506501498051827,0.6071428571428571,8
MBD3,0.016881028938906754,3.9278973290470875e-05,0.35757401552170165,0.025966215331548612,0.5571428571428572,21
MBD4,0.011254019292604502,0.00027541227170899856,0.35270768358378224,0.010514606560634486,0.2087912087912088,14
MBD5,0.018488745980707395,0.0013282376593629131,0.3814780742103649,0.01732573658023411,0.21739130434782608,23
MBD6,0.0040192926045016075,3.039568402994839e-06,0.30693313594868,0.0029825414259284683,0.6,5
MBOAT7,0.0008038585209003215,0.0,0.25970772442588724,0.00020837770998561168,0.0,1
MCM4,0.01929260450160772,0.0039928331174531205,0.363849078677976,0.01745315389289274,0.3007246376811594,24
MCM6,0.017684887459807074,0.0007013734304083353,0.36534508076358296,0.017767987232412845,0.3722943722943723,22
MCPH1,0.013665594855305467,0.0009969740973877277,0.3525077925758005,0.009159592720897782,0.14705882352941177,17
MDGA1,0.01045016077170418,0.000131508836230662,0.33676231727125067,0.007513012262332679,0.38461538461538464,13
MDGA2,0.016881028938906754,0.000982780580506214,0.35411329348135495,0.009176073425038279,0.20952380952380953,21
MECP2,0.1045016077170418,0.02015387427735129,0.46504672897196264,0.10638527560362643,0.16279069767441862,130
MED12L,0.008038585209003215,0.0002698553996022435,0.3344985211078247,0.006177654894445048,0.4222222222222222,10
MED13,0.024115755627009645,0.001762267016782205,0.37880633373934225,0.02188622563917211,0.3057471264367816,30
MED13L,0.04180064308681672,0.0033056979390661038,0.39392020265991134,0.03743224088942427,0.2579185520361991,52
MED23,0.02009646302250804,0.0002030288762300529,0.3603707995365006,0.022663193753104608,0.45,25
MEF2C,0.03858520900321544,0.0033692703911578055,0.4150817484150818,0.041129521048923125,0.20567375886524822,48
MEGF10,0.008842443729903537,0.0002508803176817493,0.3588116527256994,0.0056900868836177,0.2,11
MEGF11,0.003215434083601286,5.4424003199741246e-05,0.3106893106893107,0.0011808828777015075,0.5,4
MEIS2,0.01527331189710611,0.0011704938432435745,0.34613244296048973,0.0068939082201629155,0.15204678362573099,19
MET,0.04340836012861736,0.004360747938638807,0.41716968477531857,0.03579027604097139,0.19217330538085256,54
METTL14,0.01607717041800643,0.0004156933757964195,0.38218125960061444,0.019730380136366847,0.3631578947368421,20
METTL26,0.0008038585209003215,0.0,0.19283831964036582,2.3566994568109554e-07,0.0,1
MFRP,0.0008038585209003215,0.0,0.29590865842055186,0.0008008741825625301,0.0,1
MIB1,0.006430868167202572,0.0002330974865242986,0.3287526427061311,0.00258411651234002,0.17857142857142858,8
MINK1,0.011254019292604502,0.0003034006336620371,0.3463251670378619,0.006511501221825118,0.23076923076923078,14
MKRN1,0.00482315112540193,3.4990336133399586e-05,0.3478747203579418,0.005452403109819599,0.13333333333333333,6
MLANA,0.003215434083601286,8.546287952735229e-05,0.3211980376968758,0.002043821601301259,0.0,4
MNT,0.003215434083601286,1.6896879830177697e-06,0.3497329210008434,0.006282127003555221,0.5,4
MRTFB,0.003215434083601286,4.371964990729606e-05,0.2952064546748932,0.0009734330587432791,0.5,4
MSANTD2,0.0008038585209003215,0.0,0.2477100756670649,9.129263772877638e-05,0.0,1
MSL2,0.01607717041800643,0.0005514437715963212,0.3632116788321168,0.016080015416920206,0.41578947368421054,20
MSL3,0.024115755627009645,0.0006210198679025857,0.3696879643387816,0.02916494611757267,0.38850574712643676,30
MSR1,0.007234726688102894,0.00021260029064858947,0.3162175902389425,0.0016474033366441448,0.16666666666666666,9
MSRA,0.00482315112540193,0.0002298550082458224,0.33512931034482757,0.002917057405815928,0.26666666666666666,6
MSX2,0.014469453376205787,0.0005409253975260284,0.3604752245725877,0.009602748674932979,0.20915032679738563,18
MTF1,0.002411575562700965,2.1489241812956727e-05,0.3278861360042172,0.00501959486017508,0.3333333333333333,3
MTHFR,0.02009646302250804,0.001943716601785682,0.36534508076358296,0.007570983006591198,0.11333333333333333,25
MTOR,0.07234726688102894,0.009234141676675352,0.44942196531791906,0.06995961402707804,0.20449438202247192,90
MTSS2,0.002411575562700965,5.408063108111909e-05,0.29318878152250766,0.0006226740079095934,0.0,3
MUC12,0.00482315112540193,7.58140983824529e-05,0.2773071778867588,0.00023104790638827245,0.3333333333333333,6
MUC4,0.01045016077170418,0.004812634662791895,0.3604752245725877,0.007726658029105929,0.1794871794871795,13
MYCBP2,0.00964630225080386,0.0003342483553165395,0.3414768048311831,0.003902603165754204,0.16666666666666666,12
MYH10,0.01607717041800643,0.0005418320069406662,0.3681562592482983,0.007967290078973153,0.23684210526315788,20
MYH4,0.005627009646302251,0.0001996531979563365,0.3515117264764058,0.00395402327974227,0.2857142857142857,7
MYH9,0.03697749196141479,0.0036955621143652173,0.4108322324966975,0.022357690339227226,0.16328502415458937,46
MYLK,0.007234726688102894,5.85959779651023e-05,0.3334226748860895,0.0033425130629869165,0.4722222222222222,9
MYO16,0.0008038585209003215,0.0,0.2533604887983707,6.447542402221368e-05,0.0,1
MYO1E,0.008038585209003215,0.00017946378378926888,0.35002813731007315,0.0042814416148113914,0.24444444444444444,10
MYO5A,0.024115755627009645,0.002041921624164015,0.3837137569401604,0.013870953677880816,0.1839080459770115,30
MYO5C,0.007234726688102894,0.00010858527754137772,0.344884945938453,0.0040360725222235985,0.5555555555555556,9
MYO7A,0.012057877813504822,0.002388528269961469,0.3605797101449275,0.005380308048930013,0.23809523809523808,15
MYO9B,0.007234726688102894,9.349709384098338e-05,0.3402625820568928,0.003150979872178546,0.16666666666666666,9
MYOCD,0.00964630225080386,0.00038519963795617093,0.3714541654225142,0.014551471271915436,0.42424242424242425,12
MYT1L,0.02090032154340836,0.0006250822538091184,0.3778857837181045,0.014694194992112972,0.22153846153846155,26
NAA10,0.012057877813504822,0.0005525008665981016,0.36110304789550074,0.010422666696450858,0.26666666666666666,15
NAA15,0.00964630225080386,0.00023945591255781685,0.367938479739722,0.00829495959154484,0.10606060606060606,12
NAALADL2,0.005627009646302251,0.00017717553540990048,0.32094943240454077,0.0029590425883476304,0.19047619047619047,7
NACC1,0.00482315112540193,0.00014310380226243045,0.3179959100204499,0.0021615483875767998,0.2,6
NASP,0.01527331189710611,0.0004244818812221042,0.3544159544159544,0.011892207067042552,0.27485380116959063,19
NAV2,0.002411575562700965,3.307177564525157e-05,0.26868250539956806,0.00012029191440291914,0.0,3
NAV3,0.005627009646302251,0.0006337161642672769,0.32362122788761705,0.0017557490908051737,0.19047619047619047,7
NBEA,0.007234726688102894,0.00025443204162366005,0.3383192820233886,0.004095122611347154,0.08333333333333333,9
NCAPH2,0.007234726688102894,5.002963934271568e-05,0.33085106382978724,0.008114084720304577,0.4444444444444444,9
NCKAP1,0.027331189710610933,0.003174938691252057,0.3881435257410296,0.015173136020375096,0.19786096256684493,34
NCL,0.05064308681672026,0.003358799536318291,0.4138389886892881,0.05073329376409442,0.26216077828981055,63
NCOA1,0.03536977491961415,0.0010733196462524059,0.38573643410852715,0.036251101324479285,0.2632135306553911,44
NCOR1,0.08118971061093247,0.00671171439887891,0.43044982698961937,0.09540873550097033,0.2386138613861386,101
NDUFA5,0.006430868167202572,0.00026731840466451533,0.338411316648531,0.0026964788334588904,0.07142857142857142,8
NEDD4,0.03376205787781351,0.0025761904891714368,0.4181512605042017,0.032657655299467556,0.1835075493612079,42
NEGR1,0.006430868167202572,0.00016810230126826714,0.3260812581913499,0.0037682597651711625,0.2857142857142857,8
NEO1,0.012861736334405145,0.00244893590721298,0.3475831237775915,0.00449583247944259,0.14166666666666666,16
NEXMIF,0.0040192926045016075,0.0001123276402925352,0.2942985568961438,0.0007218535483338972,0.0,5
NF1,0.06511254019292605,0.007114146750024045,0.4386459802538787,0.0718183129793696,0.22962962962962963,81
NFE2L3,0.001607717041800643,1.9440980633263707e-06,0.3077684314695695,0.00163048520174331,0.0,2
NFIA,0.012057877813504822,0.0002527074804925097,0.3458437586877954,0.006754392562069538,0.38095238095238093,15
NFIB,0.011254019292604502,0.00014360633449218244,0.3525077925758005,0.008089234519268424,0.31868131868131866,14
NFIX,0.008842443729903537,7.083461186562149e-05,0.3409153192655522,0.0061691505400545766,0.43636363636363634,11
NINL,0.008842443729903537,0.0008023042346635017,0.3339597315436242,0.0022622389783703623,0.07272727272727272,11
NIPA1,0.012057877813504822,0.0006020508244024085,0.34651810584958215,0.005044605126601045,0.3904761904761905,15
NIPA2,0.00964630225080386,0.00012502177892539416,0.3424167354803193,0.004493140059720872,0.5303030303030303,12
NIPBL,0.0522508038585209,0.0032931905160365122,0.39429477020602216,0.05824543638046305,0.25769230769230766,65
NKX2-2,0.012057877813504822,0.00019353267310027309,0.34565156988052237,0.006742764111697259,0.3047619047619048,15
NLGN1,0.06511254019292605,0.0031997805151778836,0.41801075268817206,0.052294656014798,0.3271604938271605,81
NLGN2,0.04983922829581994,0.0019870296861058353,0.4152202937249666,0.045501178459241336,0.39344262295081966,62
NLGN3,0.0635048231511254,0.003039880437441524,0.4241391067166724,0.05209579253876995,0.31320999675430056,79
NLGN4X,0.06430868167202572,0.004469548376261797,0.4307479224376731,0.0535453552775876,0.2971518987341772,80
NLGN4Y,0.03215434083601286,0.0007583847795429574,0.3970635173954676,0.031888966392860964,0.5435897435897435,40
NOTCH1,0.0819935691318328,0.010052689053198147,0.4468390804597701,0.09306533508534505,0.2158804115705688,102
NOVA2,0.01527331189710611,0.0006661843468819478,0.3569583931133429,0.007998669189045174,0.25146198830409355,19
NPAS2,0.01527331189710611,0.00027569310383942353,0.35310814646608,0.013308428330185681,0.38011695906432746,19
NPAS3,0.01045016077170418,0.00023306630377599845,0.34279415817029485,0.004126220666876916,0.14102564102564102,13
NPFFR2,0.001607717041800643,8.139539509785559e-07,0.28440786465477824,0.00048310663075105075,0.0,2
NPTN,0.008842443729903537,2.733842687676903e-05,0.3221963221963222,0.00456174375376908,0.6363636363636364,11
NR1D1,0.00964630225080386,0.00025930992215150093,0.3453636868406441,0.009195728975511637,0.3787878787878788,12
NR2F1,0.01527331189710611,0.0002262382937012738,0.3463251670378619,0.010947446596025942,0.391812865497076,19
NR3C2,0.01607717041800643,0.0012010683160532424,0.38430645659561324,0.014802376585980272,0.18947368421052632,20
NR4A2,0.02090032154340836,0.0009629301620955205,0.37605804111245467,0.015556899789390753,0.15692307692307692,26
NRCAM,0.0297427652733119,0.00128607325134727,0.3797313797313797,0.018595821125210507,0.2627627627627628,37
NRP2,0.008842443729903537,0.0001238652193184319,0.3234529381175247,0.0024989672437895527,0.2909090909090909,11
NRXN1,0.12218649517684887,0.021990564845095345,0.44460328806290206,0.07230734895961452,0.17662948762635064,152
NRXN2,0.06672025723472669,0.0029936403818403307,0.4065359477124183,0.04830178320898937,0.317660887452248,83
NRXN3,0.03938906752411576,0.0015097188385588176,0.38229870928088505,0.02999621641631333,0.4175170068027211,49
NSD1,0.04742765273311897,0.0013781043688944135,0.3985901954501762,0.07061121519617633,0.43015780245470486,59
NSD2,0.03215434083601286,0.0002832737049260751,0.38790146554412225,0.05256664856687087,0.517948717948718,40
NSMCE3,0.005627009646302251,6.022866220639614e-05,0.3220295107429459,0.0034862545030170185,0.3333333333333333,7
NTNG1,0.02491961414790997,0.0011183762790104382,0.36566725455614346,0.011168662182364732,0.21935483870967742,31
NTNG2,0.01929260450160772,0.0006856248677922539,0.3569583931133429,0.007614004113630659,0.213768115942029,24
NTRK1,0.05385852090032154,0.008758867211575271,0.42140921409214094,0.03928478662492299,0.1759384893713252,67
NTRK2,0.06189710610932476,0.006238103541945173,0.4305988231221876,0.05246544967108956,0.24777853725222146,77
NTRK3,0.02491961414790997,0.000804409851105728,0.39871794871794874,0.023355710840635525,0.24516129032258063,31
NUAK1,0.002411575562700965,1.236959878744073e-05,0.31319234642497484,0.0013170290265561329,0.3333333333333333,3
NUDCD2,0.006430868167202572,3.98374841080977e-05,0.3508178228990412,0.005850763899067698,0.39285714285714285,8
NUP133,0.01607717041800643,0.0007323084038719183,0.3536100056850483,0.00887262579642139,0.22631578947368422,20
NUP155,0.01527331189710611,0.0006505489504006989,0.3497329210008434,0.007769324350557174,0.2222222222222222,19
NXF1,0.02170418006430868,0.0008151048622362439,0.35777969513948804,0.012060947212130305,0.36182336182336183,27
NXPH1,0.008842443729903537,0.00025845614335891605,0.3314681588062883,0.00765190449821368,0.6,11
OCRL,0.017684887459807074,0.002230018235036005,0.3680473372781065,0.008039831569928073,0.22943722943722944,22
OFD1,0.01607717041800643,0.00298346554991026,0.34204014297497937,0.003239242821299769,0.14210526315789473,20
OPHN1,0.02009646302250804,0.0010185021572789873,0.3724550898203593,0.012776772770810095,0.19,25
OR1C1,0.0008038585209003215,0.0,0.26107030430220357,0.0001265045050482147,0.0,1
OR2T10,0.0008038585209003215,0.0,0.15776791376030438,2.6396506739827026e-09,0.0,1
OR52M1,0.0008038585209003215,0.0,0.15776791376030438,2.6396506739827026e-09,0.0,1
OTUD7A,0.00482315112540193,6.49080622285565e-05,0.271319520174482,0.0003118506129458689,0.26666666666666666,6
OTULIN,0.005627009646302251,0.0002803881390473356,0.32186287192755497,0.00203204620308814,0.3333333333333333,7
OTX1,0.008038585209003215,1.2965245147909715e-05,0.3256544502617801,0.003439230744779593,0.7555555555555555,10
OXT,0.02572347266881029,0.0014104818242559277,0.3803118312442678,0.01476207442700863,0.20161290322580644,32
OXTR,0.024115755627009645,0.0008087383958927584,0.3773127085228996,0.0132309807978425,0.23908045977011494,30
P2RX5,0.001607717041800643,0.0,0.30452876376988985,0.0020702084146856903,1.0,2
P4HA2,0.006430868167202572,0.001020945533615947,0.3213639886334281,0.0032353537058298467,0.14285714285714285,8
PABPC1,0.04983922829581994,0.002310058561224529,0.39655722027414725,0.03238341684364732,0.26652564780539395,62
PACS1,0.002411575562700965,7.78746706636938e-06,0.2978927203065134,0.0009295592215829014,0.6666666666666666,3
PACS2,0.005627009646302251,0.00033778666712619464,0.32668067226890757,0.002349678352516559,0.14285714285714285,7
PAFAH1B2,0.006430868167202572,0.00046902765050860944,0.3354908306364617,0.002474736910276302,0.10714285714285714,8
PAH,0.006430868167202572,0.00016600991450171836,0.30490196078431375,0.0011204347909568538,0.39285714285714285,8
PAK1,0.03135048231511254,0.0017610864127895949,0.38705662725575607,0.014851663269015533,0.19163292847503374,39
PAK2,0.03697749196141479,0.0040909676914358,0.3992297817715019,0.01859801817011831,0.15555555555555556,46
PAPOLG,0.008842443729903537,4.97788968691966e-05,0.3293619274556526,0.005786145558921719,0.36363636363636365,11
PARD3B,0.003215434083601286,6.617894721238757e-06,0.31678125795772855,0.0018900986220845076,0.3333333333333333,4
PATJ,0.006430868167202572,0.0018231555508384243,0.35716336491530287,0.005438146872500227,0.14285714285714285,8
PAX5,0.022508038585209004,0.0007571681630918825,0.3743605176045742,0.025379688651701034,0.2777777777777778,28
PAX6,0.05305466237942122,0.006608976800412326,0.42012833502195207,0.04719146550164935,0.2083916083916084,66
PBX1,0.018488745980707395,0.000771115044295382,0.36448871960152357,0.019096071994139114,0.2490118577075099,23
PC,0.011254019292604502,0.0014297271122613552,0.3363071100297378,0.002656101600974788,0.0989010989010989,14
PCCA,0.005627009646302251,6.264187750630137e-05,0.2968265330470055,0.0005468508041230793,0.2857142857142857,7
PCCB,0.00964630225080386,0.0005905927013041131,0.32650918635170606,0.0012892023601709082,0.13636363636363635,12
PCDH10,0.027331189710610933,0.001093726999919597,0.38729763387297633,0.02107896993039637,0.39572192513368987,34
PCDH11X,0.017684887459807074,0.001167905421809399,0.37334933973589435,0.010207413194093578,0.18181818181818182,22
PCDH15,0.011254019292604502,0.00016945130213860346,0.3534090909090909,0.005172745822352803,0.32967032967032966,14
PCDH19,0.027331189710610933,0.0008517469945405292,0.3859757989450822,0.020150121232557747,0.3850267379679144,34
PCDH9,0.007234726688102894,8.230870508605811e-05,0.3264235108895303,0.0035002135536653005,0.4166666666666667,9
PCDHA1,0.003215434083601286,0.0007169624710813665,0.24697240420885447,4.05562995259943e-05,0.5,4
PCDHA10,0.008842443729903537,0.004718793949223858,0.24731610337972168,4.2798393968164846e-05,0.43636363636363634,11
PCDHA11,0.007234726688102894,0.002725487812133762,0.24721780604133545,4.337198490264664e-05,0.4444444444444444,9
PCDHA12,0.0040192926045016075,0.00039852326296283843,0.24702144559173947,4.194562111437859e-05,0.8,5
PCDHA13,0.001607717041800643,0.0,0.19837346515707224,7.769356816776672e-07,1.0,2
PCDHA2,0.0040192926045016075,0.0,0.19850007978299028,1.5927773251929048e-06,1.0,5
PCDHA3,0.007234726688102894,1.2761712104397703e-05,0.19865857553497285,3.7066718099936282e-06,0.5,9
PCDHA4,0.006430868167202572,0.02227686716213796,0.32693823915900133,0.0023397164815757016,0.35714285714285715,8
PCDHA5,0.001607717041800643,0.0,0.19834183673469388,7.888110305688996e-07,1.0,2
PCDHA6,0.0040192926045016075,0.0,0.19850007978299028,1.5927773251920296e-06,1.0,5
PCDHA7,0.008038585209003215,0.003912779733711319,0.24726694494136356,4.2773973148881836e-05,0.5111111111111111,10
PCDHA8,0.006430868167202572,8.730563179528834e-06,0.19859514687100893,2.982496735008278e-06,0.5,8
PCDHA9,0.0040192926045016075,0.00031843920811851483,0.24702144559173947,4.1957910902691056e-05,0.9,5
PCDHAC1,0.002411575562700965,2.1556946122293417e-06,0.1984367522730898,1.4752915506271338e-06,0.6666666666666666,3
PCDHAC2,0.001607717041800643,0.0,0.19827861013707362,7.610915551726094e-07,1.0,2
PCLO,0.02170418006430868,0.0013356158311007289,0.36696165191740415,0.010935815207541128,0.22507122507122507,27
PCM1,0.012057877813504822,0.0005028509724347687,0.3471950879151549,0.004700095423545822,0.17142857142857143,15
PDCD1,0.016881028938906754,0.0008006779293376867,0.3697978596908442,0.012621549284960133,0.3047619047619048,21
PDE1C,0.01045016077170418,0.00031600092972974093,0.3251437532671197,0.0019217979760730683,0.2692307692307692,13
PDE3B,0.013665594855305467,0.0004425385429478796,0.34298318169285913,0.0050234962695662995,0.25,17
PDHA1,0.01607717041800643,0.005206113166435033,0.3704586063132817,0.00967231380005083,0.07894736842105263,20
PDK2,0.011254019292604502,0.0002902580072841435,0.36438195664909195,0.011614572392205876,0.3516483516483517,14
PDZD8,0.002411575562700965,5.7039867439778346e-05,0.29689737470167066,0.0005933947478248337,0.3333333333333333,3
PEBP4,0.0040192926045016075,3.898738696306539e-05,0.32840549102428723,0.0022796464295039643,0.5,5
PER1,0.008038585209003215,6.677283897395163e-05,0.3251437532671197,0.003779228184311039,0.4222222222222222,10
PER2,0.018488745980707395,0.000978955701342275,0.37949969493593655,0.01812312437035057,0.23715415019762845,23
PEX7,0.003215434083601286,0.00013125407010630764,0.3058013765978368,0.0008847296445897876,0.0,4
PHB,0.03295819935691318,0.0029179804311374254,0.4011609158336021,0.030184975697145823,0.1951219512195122,41
PHF12,0.016881028938906754,0.0005209500012905889,0.3536100056850483,0.019929967750424434,0.3476190476190476,21
PHF14,0.0040192926045016075,5.787112790288791e-06,0.3046033300685602,0.003607487779098465,0.3,5
PHF2,0.01527331189710611,5.270913963060934e-06,0.3391494002181025,0.0222134437425294,0.8362573099415205,19
PHF21A,0.02491961414790997,0.0008461890075398305,0.3796155019835215,0.029794831778167597,0.31827956989247314,31
PHF3,0.02652733118971061,0.0015492008768025949,0.3623652781823478,0.02074838191230178,0.25,33
PHF7,0.003215434083601286,1.0473938645465691e-05,0.32719621251972647,0.0039034907442081703,0.5,4
PHF8,0.0409967845659164,0.0009869750160369768,0.3751507840772014,0.054629919163800854,0.43607843137254904,51
PHIP,0.022508038585209004,0.0005146192795186079,0.36225975538730343,0.019196302299458377,0.1984126984126984,28
PHLPP1,0.012057877813504822,0.0005138412151829261,0.37938395852394025,0.014786047896047415,0.4380952380952381,15
PHRF1,0.007234726688102894,0.000393624055250414,0.33924188710117265,0.009080679675280362,0.25,9
PIK3CA,0.07797427652733119,0.00811935540932085,0.4468390804597701,0.07274211919240317,0.19673539518900343,97
PIK3CG,0.024115755627009645,0.0005363425496409282,0.3865755127408328,0.0229417668566605,0.3793103448275862,30
PIK3R2,0.028135048231511254,0.0017732745026429412,0.3913180245360176,0.021319150704422564,0.3058823529411765,35
PITX1,0.00482315112540193,0.00015875674742015221,0.31662000509035376,0.001449969085850457,0.06666666666666667,6
PJA1,0.00482315112540193,5.866146318498694e-05,0.32387399114813853,0.002107047507747501,0.06666666666666667,6
PKD1,0.02009646302250804,0.0017678078672566336,0.3721208495363446,0.009754908656130412,0.20333333333333334,25
PLAA,0.012057877813504822,0.00042391454159869065,0.3432671081677704,0.006466624793404113,0.1619047619047619,15
PLAUR,0.013665594855305467,0.0015860627988318328,0.36652916912197997,0.008478861114579664,0.2647058823529412,17
PLCB1,0.03938906752411576,0.003221808221395525,0.3908262645303173,0.0235857919157997,0.17261904761904762,49
PLCD4,0.00964630225080386,0.00011822505524204568,0.35310814646608,0.007128519787596733,0.5303030303030303,12
PLN,0.007234726688102894,0.0002872116045327378,0.32078390923156264,0.0017101766070933026,0.2222222222222222,9
PLPPR4,0.0008038585209003215,0.0,0.2880963408985642,0.000535146136953836,0.0,1
PLXNA3,0.013665594855305467,0.0002867350344047164,0.3400765445598688,0.0034565806819521557,0.2647058823529412,17
PLXNA4,0.01527331189710611,0.00037871420892759576,0.3454595945570675,0.003957817417343575,0.22807017543859648,19
PLXNB1,0.011254019292604502,0.0007314802255991991,0.35350951974992895,0.004905308422805548,0.18681318681318682,14
POGZ,0.01045016077170418,0.00032730648452756117,0.33667117726657647,0.008503177393930958,0.28205128205128205,13
POLA2,0.007234726688102894,5.8613491467410696e-05,0.2978927203065134,0.0029067880526290756,0.4166666666666667,9
POLR2A,0.0747588424437299,0.006979045801100758,0.4211238997968856,0.08277753474607452,0.21739130434782608,93
POLR3A,0.017684887459807074,0.001956559698687534,0.3572659391154509,0.013013384986738917,0.19047619047619047,22
POMGNT1,0.007234726688102894,0.0006615900357840466,0.3304116865869854,0.0027697975708978946,0.3611111111111111,9
POMT1,0.008842443729903537,0.0018553812630706691,0.3323537269569864,0.0028075991974021667,0.3090909090909091,11
PON1,0.01045016077170418,0.00033875253122165336,0.328665785997358,0.002293228414859314,0.19230769230769232,13
POT1,0.01045016077170418,7.022054157773645e-05,0.33703603359523165,0.011714576684243364,0.7307692307692307,13
POU3F3,0.013665594855305467,0.0001893628294214079,0.3507189173949817,0.007869389479205124,0.4411764705882353,17
PPFIA1,0.027331189710610933,0.0009962079780066256,0.3677209577298256,0.01571880604625579,0.32620320855614976,34
PPFIA3,0.028938906752411574,0.0010507355748786307,0.3746987951807229,0.019358770538619417,0.3825396825396825,36
PPM1D,0.01045016077170418,4.692271346436663e-05,0.3639555295494441,0.016307868888715212,0.6282051282051282,13
PPP1R1B,0.027331189710610933,0.000647151952019485,0.3907035175879397,0.024674629077747832,0.35650623885918004,34
PPP1R9B,0.017684887459807074,0.0018851024203570352,0.37823046518698694,0.015405044429782813,0.3333333333333333,22
PPP2CA,0.05868167202572347,0.0062133683412152535,0.43435754189944137,0.04968800561688642,0.18987823439878235,73
PPP2R1A,0.05144694533762058,0.004813514918542793,0.4248633879781421,0.041356901797708,0.18601190476190477,64
PPP2R1B,0.027331189710610933,0.0008136220361898046,0.3900909375979931,0.01991439238436505,0.33868092691622104,34
PPP2R5C,0.022508038585209004,0.0005978952470336623,0.3908262645303173,0.01898286178649925,0.4126984126984127,28
PPP2R5D,0.02491961414790997,0.0006802643802059324,0.39119496855345914,0.01892536815511449,0.35268817204301073,31
PPP3CA,0.02009646302250804,0.0007455306372466125,0.37346142299609725,0.01578264829134801,0.32666666666666666,25
PPP5C,0.012861736334405145,0.00012302524940427192,0.3635300993571011,0.011401589302239187,0.25833333333333336,16
PREX1,0.007234726688102894,3.279848180798954e-05,0.3414768048311831,0.0049429043664380315,0.4722222222222222,9
PRICKLE1,0.012057877813504822,0.0002732583857266072,0.3621542940320233,0.0067334159366966885,0.20952380952380953,15
PRICKLE2,0.006430868167202572,8.946630313644496e-05,0.3578826237054085,0.005239966384660876,0.32142857142857145,8
PRKAR1B,0.01045016077170418,0.00047420944713649104,0.3377681238121097,0.0030558327962187386,0.1794871794871795,13
PRKCA,0.06752411575562701,0.009510281688243244,0.43942069939950545,0.05332778152790626,0.1844520940906483,84
PRKCB,0.04260450160771704,0.0031549597903069086,0.41315177681833276,0.032335513726375165,0.18359941944847605,53
PRKD1,0.017684887459807074,0.0012146514987475606,0.36750369276218614,0.012154182921436926,0.26406926406926406,22
PRKD2,0.011254019292604502,0.0007572678380394631,0.36131280859715365,0.009722404843006446,0.26373626373626374,14
PRKDC,0.04742765273311897,0.0033493485538412695,0.4181512605042017,0.05733793986080228,0.2688486265341905,59
PRKN,0.04581993569131833,0.0052514609898716685,0.42515379357484623,0.035517241975088196,0.16165413533834586,57
PRODH,0.012057877813504822,0.0013206090714360248,0.35573348584501,0.004842306786204337,0.1523809523809524,15
PRPF19,0.03135048231511254,0.002632218960204743,0.37134328358208957,0.016875168205306004,0.26855600539811064,39
PRPF39,0.008842443729903537,8.208822910621272e-05,0.3194658448895737,0.003996530728351131,0.5454545454545454,11
PRPF8,0.03938906752411576,0.0021107995171001787,0.38478193628209095,0.025572667601999662,0.2457482993197279,49
PRR12,0.001607717041800643,0.0,0.23600834756213243,2.318193710198845e-05,1.0,2
PRR14L,0.003215434083601286,7.325745612053071e-06,0.329973474801061,0.0034774385187910446,0.16666666666666666,4
PRUNE2,0.0008038585209003215,0.0,0.2965435041716329,0.0006666919757827604,0.0,1
PSMC5,0.03215434083601286,0.0038027844041018796,0.3989737010904426,0.021760300815210794,0.2153846153846154,40
PSMD11,0.024115755627009645,0.0014744097100408036,0.37481169026815303,0.01385637712664608,0.3057471264367816,30
PSMD12,0.02491961414790997,0.0012306372545180504,0.37334933973589435,0.0125676882289786,0.2752688172043011,31
PSMD6,0.02009646302250804,0.0006683919033391584,0.36826524570751923,0.011952592760331315,0.3566666666666667,25
PTBP2,0.013665594855305467,0.0003707015021573139,0.3449805879090405,0.006460921944176278,0.40441176470588236,17
PTCH1,0.023311897106109324,0.0015434394865020094,0.3877805486284289,0.02202715414783609,0.32019704433497537,29
PTCHD1,0.02170418006430868,0.00027136329681366365,0.37012793811365663,0.01631324614445384,0.5498575498575499,27
PTDSS1,0.001607717041800643,1.3166323696110918e-05,0.31350806451612906,0.0012284097014443839,0.0,2
PTEN,0.1302250803858521,0.026005870767166175,0.48012350443844076,0.12986194772472273,0.14876159803696035,162
PTGS2,0.03778135048231511,0.0016515335694999751,0.41758979523329975,0.034839687159299734,0.2534690101757632,47
PTK7,0.008038585209003215,9.455385726011493e-05,0.3505212735981967,0.005838397974869244,0.2222222222222222,10
PTPN11,0.05064308681672026,0.006870118097450035,0.42985487214927437,0.04680402943736146,0.21402969790066564,63
PTPN4,0.003215434083601286,8.326075414631662e-06,0.33905696375034067,0.00423770276723475,0.3333333333333333,4
PTPRB,0.00964630225080386,0.00015986369962510825,0.37334933973589435,0.010211936617473516,0.3484848484848485,12
PTPRC,0.04903536977491962,0.006573886510277501,0.4199864956110736,0.037256394222232814,0.18961748633879782,61
PTPRD,0.03376205787781351,0.0025441384202816476,0.3914411579609817,0.022643534630386326,0.1997677119628339,42
PTPRS,0.02652733118971061,0.0006209438068933694,0.37903717245581964,0.018601107074391294,0.3541666666666667,33
PTPRT,0.002411575562700965,1.566656940036592e-05,0.3407285675157491,0.0028637929511680714,0.0,3
PUF60,0.013665594855305467,0.00010076382580758738,0.3379516435751155,0.008300973656790698,0.6029411764705882,17
PXDN,0.05305466237942122,0.0056606121175294425,0.4383368569415081,0.0511366220964617,0.23403263403263402,66
PYHIN1,0.001607717041800643,2.0957689070753137e-05,0.2608513315160411,0.0002462980612663651,0.0,2
QRICH1,0.00964630225080386,0.0002748643879485068,0.32086664947124066,0.0029328322904659744,0.12121212121212122,12
RAB11FIP4,0.002411575562700965,0.00010787964312105462,0.3072363546554705,0.0012612685657992422,0.3333333333333333,3
RAB11FIP5,0.001607717041800643,4.785557924023866e-05,0.2898415657036347,0.0007215941739904571,0.0,2
RAB2A,0.008842443729903537,0.0008155062613024712,0.3604752245725877,0.005759619656767146,0.16363636363636364,11
RAB39B,0.006430868167202572,0.00023692050314828665,0.3486547085201794,0.0044175436127095735,0.25,8
RAB43,0.0040192926045016075,0.00016011620046103264,0.2681034482758621,0.0001110504393777364,0.6,5
RAC1,0.06028938906752412,0.010450260580114851,0.42298537912274736,0.0305675479901043,0.11855855855855855,75
RAD21,0.04019292604501608,0.002484952280059846,0.38996865203761755,0.04431039933326056,0.28408163265306124,50
RAD21L1,0.006430868167202572,2.371234414470289e-05,0.31686194600101886,0.005321333973918079,0.75,8
RAI1,0.002411575562700965,3.606761235806845e-06,0.3112334250688016,0.002581055372532955,0.0,3
RALA,0.024115755627009645,0.0011797826236174926,0.3796155019835215,0.017080715580363937,0.26666666666666666,30
RALGAPA1,0.008842443729903537,0.0001993918191155238,0.33804347826086956,0.004054585092506409,0.18181818181818182,11
RALGAPB,0.01527331189710611,0.0002834237046913468,0.36089353060632434,0.010615475778381903,0.3742690058479532,19
RANBP17,0.001607717041800643,8.531523807831681e-07,0.3076923076923077,0.0013510671584067821,0.0,2
RANBP9,0.012057877813504822,0.0004215304058223721,0.3711217183770883,0.010267094218000915,0.19047619047619047,15
RAP1A,0.028938906752411574,0.001774476457677368,0.3854973659745894,0.018457241136150958,0.18888888888888888,36
RAPGEF2,0.008842443729903537,0.00010106582802444333,0.359018759018759,0.008171870851426939,0.2909090909090909,11
RAPGEF4,0.02090032154340836,0.0008482615103424311,0.36750369276218614,0.009908627706890187,0.18769230769230769,26
RASSF5,0.007234726688102894,8.307403807774675e-05,0.3426997245179063,0.00442812141113886,0.19444444444444445,9
RBBP5,0.05546623794212219,0.001127515971799546,0.3952971083571655,0.07732825316402381,0.4215686274509804,69
RBFOX1,0.03536977491961415,0.004409374382672801,0.39808,0.024758091283113598,0.20718816067653276,44
RBM27,0.00482315112540193,3.1578380048055595e-05,0.3030450669914738,0.0017711658324575377,0.06666666666666667,6
REEP3,0.003215434083601286,2.181435740186566e-05,0.3146181082448154,0.001634611649385113,0.0,4
RELN,0.03536977491961415,0.0035901925829518156,0.40666884602811376,0.025927096858172422,0.20930232558139536,44
RERE,0.013665594855305467,0.0006667738860298197,0.3522083805209513,0.015294477294006731,0.3088235294117647,17
RFX3,0.005627009646302251,0.00047729872392031944,0.32086664947124066,0.0029069759744243502,0.23809523809523808,7
RFX4,0.002411575562700965,0.0,0.2643433914152146,0.0003013428641876834,1.0,3
RFX7,0.003215434083601286,0.00025242747527660236,0.30822596630327054,0.0010411011954039873,0.5,4
RGS7,0.008038585209003215,0.0003541518097679866,0.3397050791916985,0.0031939793233680906,0.17777777777777778,10
RHEB,0.02652733118971061,0.0010624528393107355,0.394169835234474,0.023983976622145308,0.3352272727272727,33
RHOXF1,0.0008038585209003215,0.0,0.30356271351878966,0.001364988926940555,0.0,1
RICTOR,0.03376205787781351,0.002641774142090262,0.40271932664292653,0.03241065909315826,0.2938443670150987,42
RIMS1,0.03858520900321544,0.0008222361239887268,0.3797313797313797,0.02782931397676532,0.37322695035460995,48
RIMS2,0.01929260450160772,0.0002542966162731763,0.35310814646608,0.012111835500179496,0.4601449275362319,24
RIMS3,0.006430868167202572,1.77108629623875e-05,0.33767643865363733,0.004459064095961994,0.5,8
RIT2,0.00964630225080386,0.0011398684647018068,0.3542141230068337,0.00625958532201326,0.12121212121212122,12
RLIM,0.01045016077170418,0.0005537296818312831,0.3476802683063164,0.008964583842967434,0.1794871794871795,13
RNF135,0.003215434083601286,5.095999927561782e-05,0.31995884773662553,0.0017802711058291418,0.16666666666666666,4
RNF38,0.003215434083601286,3.155270204069121e-05,0.31287726358148893,0.0011357546621377967,0.0,4
ROBO2,0.02090032154340836,0.001290831741156453,0.3658823529411765,0.007621613902286579,0.09230769230769231,26
RORA,0.011254019292604502,0.0003665969794757175,0.359018759018759,0.007800440299335758,0.2967032967032967,14
RORB,0.016881028938906754,0.0006218046614897181,0.3556317895940537,0.009685808085492279,0.30952380952380953,21
RPH3A,0.016881028938906754,0.00013197841961435226,0.3585014409221902,0.014558858513342746,0.5571428571428572,21
RPL10,0.02491961414790997,0.0012098520113985112,0.35808865860679334,0.015490538943736499,0.1913978494623656,31
RPS6KA2,0.016881028938906754,0.00027110529418244734,0.3778857837181045,0.016312628265851906,0.44285714285714284,21
RPS6KA3,0.024115755627009645,0.001019888182226897,0.39782539174928044,0.028545584623771405,0.37701149425287356,30
RSF1,0.017684887459807074,0.00011990541999063884,0.3579856115107914,0.025832184484361174,0.5497835497835498,22
RSRC1,0.012861736334405145,0.00028939207761184693,0.3395196506550218,0.005032143762491563,0.325,16
RUNX1T1,0.016881028938906754,0.0007148770109011147,0.367938479739722,0.017264120541188914,0.22857142857142856,21
SACS,0.0008038585209003215,0.0,0.31022443890274315,0.0009548297972798704,0.0,1
SAE1,0.008842443729903537,0.00014322681037393288,0.34963462619449126,0.007905394784216828,0.23636363636363636,11
SATB1,0.018488745980707395,0.0002713596510294601,0.3723436096976953,0.019725965967181475,0.3952569169960474,23
SATB2,0.03215434083601286,0.0023427203919628484,0.4023285899094437,0.026395408081340374,0.2602564102564103,40
SBF1,0.005627009646302251,0.00047061022274324176,0.3309390795424315,0.004356106640097053,0.09523809523809523,7
SCAF1,0.007234726688102894,0.0033057992481707764,0.3087614792752544,0.0013428123836407256,0.16666666666666666,9
SCAF4,0.007234726688102894,0.00034090981169763594,0.32497387669801464,0.004514290657556186,0.08333333333333333,9
SCGN,0.006430868167202572,9.62364843077281e-05,0.3359438293275722,0.003938909240325104,0.25,8
SCN1A,0.06109324758842444,0.0037797929698599013,0.4141145139813582,0.03895744447599963,0.267719298245614,76
SCN2A,0.08118971061093247,0.008725039577082462,0.4342059336823735,0.05394511366256357,0.2011881188118812,101
SCN3A,0.027331189710610933,0.0005328382866838395,0.363849078677976,0.013644283588307587,0.44028520499108736,34
SCN4A,0.02652733118971061,0.00028069205486561626,0.35401252134319866,0.01318703444211981,0.48484848484848486,33
SCN8A,0.0522508038585209,0.002403612625200549,0.39205798928458874,0.02816775831851068,0.27307692307692305,65
SCN9A,0.03376205787781351,0.001025239067653553,0.36837429671305894,0.015303759533042395,0.3356562137049942,42
SCP2,0.005627009646302251,0.00031205586426710113,0.3097609561752988,0.0008371211068210786,0.14285714285714285,7
SDC2,0.013665594855305467,0.0006992155364853171,0.35736857224935364,0.005997034598702412,0.18382352941176472,17
SEMA5A,0.02009646302250804,0.0006354568527636002,0.35461801596351195,0.008698079616294832,0.28,25
SENP1,0.008842443729903537,0.0002868431710172911,0.35777969513948804,0.00686109200344664,0.18181818181818182,11
SENP6,0.008842443729903537,0.00015490208563183667,0.337584803256445,0.005090127974509129,0.07272727272727272,11
SERPINE1,0.02170418006430868,0.0006996176213050817,0.3864554209381796,0.020315563826409144,0.37606837606837606,27
SET,0.02170418006430868,0.0008786625088776828,0.38312288266091776,0.024326633462464615,0.26495726495726496,27
SETBP1,0.022508038585209004,0.0003679904344070948,0.3805445090241664,0.029087990206823695,0.3994708994708995,28
SETD1A,0.06109324758842444,0.0023858707157271603,0.4018087855297158,0.08175331482927707,0.383859649122807,76
SETD1B,0.04180064308681672,0.0008022859021485408,0.374473208910295,0.05479265088402881,0.44720965309200605,52
SETD2,0.0819935691318328,0.0038485649613626384,0.4098846787479407,0.10419785048763214,0.30304795185400896,102
SETD5,0.028135048231511254,0.0004963047954346479,0.3649163977706072,0.031690011219296356,0.36134453781512604,35
SETDB1,0.05064308681672026,0.001520140345757947,0.394169835234474,0.06756230581612738,0.3497183819764465,63
SETDB2,0.012057877813504822,3.692421912771274e-05,0.3363980530016225,0.016072395775844805,0.5428571428571428,15
SEZ6L2,0.003215434083601286,2.6795325620043217e-05,0.31217063989962357,0.0013745239599819723,0.3333333333333333,4
SF1,0.02090032154340836,0.00040667823412111784,0.34507628294036063,0.009865383244136654,0.4492307692307692,26
SF3B1,0.03295819935691318,0.001085660887708134,0.3854973659745894,0.033457836074233464,0.33414634146341465,41
SF3B3,0.03295819935691318,0.0017440337493162925,0.3778857837181045,0.025879174607478482,0.30609756097560975,41
SGSH,0.002411575562700965,1.8307640032198548e-05,0.283888635326335,0.0003330542184170754,0.3333333333333333,3
SGSM3,0.003215434083601286,6.450831269160546e-05,0.31154520410718756,0.0011097861150702495,0.16666666666666666,4
SH3RF1,0.00482315112540193,6.915172863220788e-05,0.33067517278043596,0.0027190483722131435,0.26666666666666666,6
SH3RF3,0.001607717041800643,3.088636633884528e-06,0.29085807809212066,0.0004153607797624108,0.0,2
SHANK1,0.04260450160771704,0.0009169151103028758,0.39280075781496687,0.03779001600281026,0.4709724238026125,53
SHANK2,0.05385852090032154,0.0017210261183176123,0.41260364842454395,0.04568626322787749,0.38670284938941657,67
SHANK3,0.0707395498392283,0.0052635331729977315,0.43344947735191636,0.056077935324942714,0.2604493207941484,88
SHOX,0.005627009646302251,0.00010967723449421957,0.33102714209686,0.0025730161309625416,0.14285714285714285,7
SIK1,0.006430868167202572,7.501844922024114e-05,0.33279828785446763,0.0038531467893773725,0.14285714285714285,8
SIN3A,0.07556270096463022,0.004669732069434776,0.4222674813306178,0.09377403423944397,0.28917867764813543,94
SIN3B,0.04180064308681672,0.0011981930506959476,0.3907035175879397,0.05680497692042411,0.4095022624434389,52
SKI,0.0040192926045016075,1.2178979496378831e-05,0.34298318169285913,0.006362210188125519,0.6,5
SLC12A5,0.03135048231511254,0.0015707405156843801,0.37605804111245467,0.025783547760569632,0.446693657219973,39
SLC1A1,0.014469453376205787,0.0010565622645920003,0.3563448868519049,0.012943234656361071,0.49019607843137253,18
SLC1A2,0.03697749196141479,0.0034142010402370983,0.3961783439490446,0.028698924750148968,0.34202898550724636,46
SLC22A9,0.0008038585209003215,0.0,0.2529483529890199,5.3447223544868744e-05,0.0,1
SLC23A1,0.0040192926045016075,0.0,0.29611997143537255,0.0005472452032583266,1.0,5
SLC24A2,0.0040192926045016075,4.320753412634764e-05,0.3004105288577638,0.0011604271069759018,0.2,5
SLC25A12,0.006430868167202572,0.00011197578125440741,0.34194612424409015,0.003507683047624992,0.17857142857142858,8
SLC25A27,0.0008038585209003215,0.0,0.3048272482234746,0.000867826417026219,0.0,1
SLC27A4,0.00482315112540193,8.158200809358793e-05,0.2940898345153664,0.0005875322116367336,0.2,6
SLC29A4,0.0040192926045016075,4.700352094586235e-05,0.30883813306852037,0.0014097094734808312,0.3,5
SLC35G1,0.001607717041800643,3.44442756398989e-06,0.3004105288577638,0.0006842160847721125,0.0,2
SLC38A10,0.0008038585209003215,0.0,0.22060649051250222,5.807043315544085e-06,0.0,1
SLC45A1,0.003215434083601286,0.00022752176876083852,0.2993983152827918,0.0007292920525948966,0.16666666666666666,4
SLC4A10,0.002411575562700965,1.0438853783749538e-05,0.28789632029622775,0.0006476436719418694,0.0,3
SLC6A1,0.04662379421221865,0.0022273047242457934,0.3853779429987608,0.0332759498377995,0.3514821536600121,58
SLC6A3,0.04421221864951769,0.0033241705533940437,0.40880709825829775,0.034470538096936586,0.298989898989899,55
SLC6A4,0.03778135048231511,0.002344284341402483,0.3814780742103649,0.02036319223895442,0.23219241443108232,47
SLC6A8,0.005627009646302251,0.00024392292980719618,0.34855701877276546,0.00505596208596425,0.2857142857142857,7
SLC7A3,0.001607717041800643,0.0,0.25243506493506496,6.979858313705932e-05,1.0,2
SLC7A5,0.008842443729903537,0.0019880925264417907,0.3363980530016225,0.0037569760650723503,0.12727272727272726,11
SLC7A7,0.003215434083601286,0.00011473668934833416,0.281066425666516,0.00035590146287742876,0.3333333333333333,4
SLC9A1,0.017684887459807074,0.00178676446082041,0.36480938416422287,0.009578313706093574,0.1471861471861472,22
SLC9A6,0.017684887459807074,0.0015189959468797987,0.371898355754858,0.010636041886504516,0.22077922077922077,22
SLC9A9,0.012057877813504822,0.00032546612233668956,0.35401252134319866,0.008732548730565007,0.49523809523809526,15
SLCO1B3,0.002411575562700965,0.0016077170418006424,0.33850340136054424,0.0031493745971511358,0.3333333333333333,3
SLITRK2,0.01527331189710611,0.0003441080015751311,0.35624284077892326,0.010431318884957108,0.3567251461988304,19
SLITRK5,0.02009646302250804,0.0004961015951549438,0.365559800176315,0.01155460787563586,0.2966666666666667,25
SMAD4,0.06993569131832797,0.00846055960900648,0.43344947735191636,0.07169716490158382,0.19433306602512698,87
SMAP2,0.0008038585209003215,0.0,0.278175313059034,0.00030033465181822995,0.0,1
SMARCA1,0.0409967845659164,0.0005634077463091199,0.37915269734836937,0.057084663801976736,0.4188235294117647,51
SMARCA2,0.05144694533762058,0.0013527249175974314,0.4098846787479407,0.07329966472230984,0.37896825396825395,64
SMARCA4,0.10209003215434083,0.006592594765171429,0.44523979957050824,0.12825716474770216,0.25534308211473566,127
SMARCC2,0.04340836012861736,0.0010391102221646254,0.4139767054908486,0.06212974065308026,0.37037037037037035,54
SMC1A,0.04260450160771704,0.0027466795686053617,0.3961783439490446,0.04762994745652159,0.29898403483309144,53
SMC3,0.03858520900321544,0.003148459795552208,0.3921815889029004,0.045609975019159595,0.325354609929078,48
SMG6,0.014469453376205787,0.00026732038074380214,0.3568559954102123,0.011570668470250739,0.29411764705882354,18
SMURF1,0.01607717041800643,0.0005390069332726189,0.38442521631644005,0.015509569620679358,0.29473684210526313,20
SNAP25,0.08038585209003216,0.007933380751741359,0.42341729067392786,0.0513008762998357,0.22464646464646465,100
SNCAIP,0.006430868167202572,0.00015205126638390278,0.34836180341641,0.005652704857633012,0.39285714285714285,8
SND1,0.017684887459807074,0.00044244650076626313,0.3715651135005974,0.015405209851789581,0.2987012987012987,22
SNTG2,0.007234726688102894,0.00017745013938554467,0.33612537152121047,0.0038025808709347343,0.1388888888888889,9
SNX14,0.002411575562700965,4.494767223458633e-05,0.315096251266464,0.0010345116863611568,0.0,3
SNX5,0.005627009646302251,0.0003835030542838554,0.3160569105691057,0.0015012714433055199,0.47619047619047616,7
SOD1,0.0409967845659164,0.010641463003475658,0.4157754010695187,0.026984917892248574,0.1192156862745098,51
SON,0.01045016077170418,4.146700872278576e-05,0.33740168158394357,0.011065054907662561,0.4358974358974359,13
SORCS3,0.0040192926045016075,2.7108543915959485e-05,0.3251437532671197,0.0028754898893700843,0.1,5
SOS2,0.01607717041800643,0.00022280793546560883,0.36892052194543296,0.015393088950112302,0.45789473684210524,20
SOX5,0.02009646302250804,0.0007061399371688916,0.37413533834586465,0.012762609179273991,0.35,25
SOX6,0.01607717041800643,0.0003875238989497249,0.37223219628964693,0.014018247385274716,0.2736842105263158,20
SPARCL1,0.012057877813504822,0.00016428137302091858,0.3480693900391718,0.00958199312593315,0.34285714285714286,15
SPAST,0.01607717041800643,0.0025994153214980624,0.35200905489530276,0.006911363949860925,0.21052631578947367,20
SPEN,0.016881028938906754,0.00028964883531535724,0.3632116788321168,0.02360413987141945,0.3476190476190476,21
SPP2,0.001607717041800643,6.051971225157908e-06,0.292018779342723,0.0005380224309458188,0.0,2
SPRY2,0.00964630225080386,9.926663086291106e-05,0.3588116527256994,0.01038383980794539,0.42424242424242425,12
SPTAN1,0.04581993569131833,0.003436923568249438,0.41787033926771916,0.03516509332152081,0.21177944862155387,57
SPTBN1,0.023311897106109324,0.0010062886511097828,0.3797313797313797,0.014336879715463387,0.28078817733990147,29
SRCAP,0.028135048231511254,0.0002491746647392323,0.3798473282442748,0.046341137506416635,0.5159663865546219,35
SRGAP3,0.01045016077170418,0.00021886216011034824,0.3463251670378619,0.004162754227019556,0.1794871794871795,13
SRPRA,0.006430868167202572,0.00018828415100167673,0.3143795804902704,0.0014672737792326654,0.21428571428571427,8
SRRM2,0.02170418006430868,0.0004747339469452657,0.37056896038129283,0.018279117841454112,0.36182336182336183,27
SRSF1,0.07717041800643087,0.011490293228423282,0.42911348740945154,0.06077412163536907,0.1824561403508772,96
SRSF11,0.02090032154340836,0.00028152378638751825,0.33676231727125067,0.009910286901032853,0.39384615384615385,26
SSR4,0.003215434083601286,6.392155080513703e-05,0.3139036083774918,0.0011319923122581977,0.0,4
SSRP1,0.04260450160771704,0.0016314576100473102,0.39404497941083305,0.04725743318890013,0.318577648766328,53
ST7,0.002411575562700965,5.315995641655402e-06,0.3105341987019471,0.0010911366320154482,0.3333333333333333,3
ST8SIA2,0.003215434083601286,2.6643486458276217e-05,0.30693313594868,0.001866569867825966,0.5,4
STAG1,0.012057877813504822,0.00010841769469665902,0.34836180341641,0.0141316856261591,0.6285714285714286,15
STK39,0.008038585209003215,0.0001839385603371322,0.32616675406397483,0.002320467515612999,0.13333333333333333,10
STX1A,0.04180064308681672,0.002265233177475494,0.38194657660423703,0.023890995381096923,0.2865761689291101,52
STXBP1,0.05868167202572347,0.003258282293903432,0.4023285899094437,0.03828610839628624,0.2789193302891933,73
STXBP5,0.01607717041800643,0.0005218482661657211,0.34622877817979403,0.008233952080201279,0.42105263157894735,20
STYK1,0.0008038585209003215,0.0,0.2632247143461701,9.228938717778144e-05,0.0,1
SUPT16H,0.05466237942122187,0.002172665935578195,0.39094908862350725,0.05894905393092045,0.2598770851624232,68
SYAP1,0.001607717041800643,6.906594145019201e-06,0.2938814079848807,0.0006063636161561034,0.0,2
SYBU,0.006430868167202572,0.00013111057376670172,0.3175089331291475,0.0023951302850996324,0.32142857142857145,8
SYCE1,0.007234726688102894,1.2755366801410711e-05,0.31938382541720156,0.0050733415479763564,0.8055555555555556,9
SYN1,0.0707395498392283,0.004778457908459605,0.43104643104643103,0.057712706914207684,0.27899686520376177,88
SYN2,0.04742765273311897,0.0012795082430426528,0.40813648293963256,0.042183905714140935,0.4067796610169492,59
SYNCRIP,0.03536977491961415,0.000902039814725111,0.38996865203761755,0.026265176069492177,0.3657505285412262,44
SYNE1,0.027331189710610933,0.003597165620943396,0.39974293059125965,0.021667397703206453,0.15151515151515152,34
SYNGAP1,0.05707395498392283,0.002591432036616826,0.42241086587436333,0.054099863546237754,0.31348088531187124,71
SYNJ1,0.02572347266881029,0.0026317629785695615,0.38525859399194795,0.01769720221830634,0.2862903225806452,32
SYP,0.06270096463022508,0.004058741605037223,0.43435754189944137,0.05611048762781778,0.27938727938727936,78
SYT1,0.06028938906752412,0.005249403761682377,0.4044213263979194,0.04125862695524664,0.2911711711711712,75
SYT17,0.0008038585209003215,0.0,0.21145673975862656,4.782888022588232e-06,0.0,1
TAF1,0.0635048231511254,0.0037516594628736674,0.4080026238110856,0.07230832329167554,0.2421291788380396,79
TAF1C,0.00964630225080386,0.00011312354897889423,0.36837429671305894,0.01693788495851672,0.6363636363636364,12
TAF4,0.02572347266881029,0.0006236881243736537,0.3767413688673531,0.03168683830528272,0.40524193548387094,32
TAF6,0.02652733118971061,0.0010279664941885223,0.36131280859715365,0.029506743675687678,0.3768939393939394,33
TANC2,0.00482315112540193,0.00014035203867419484,0.29339622641509433,0.0010780815596549813,0.2,6
TAOK1,0.006430868167202572,0.0001272234466372198,0.3297985153764581,0.0025321867923541134,0.10714285714285714,8
TAOK2,0.006430868167202572,0.0006719216822391069,0.3434566537824406,0.0029159543370819267,0.10714285714285714,8
TBC1D23,0.001607717041800643,0.001607717041800643,0.21974916092563151,5.240857555077394e-06,0.0,2
TBC1D31,0.001607717041800643,0.0,0.2611251049538203,7.467907975277164e-05,1.0,2
TBC1D5,0.002411575562700965,0.0032146662361109218,0.281447963800905,0.00030872829109635663,0.0,3
TBCB,0.002411575562700965,0.0008272322104767762,0.2721505141106979,0.00022965765711466997,0.0,3
TBCEL,0.001607717041800643,8.861617623865446e-06,0.22458927604260698,6.014470945661406e-06,0.0,2
TBCK,0.0008038585209003215,0.0,0.1801853997682503,8.894124108454432e-08,0.0,1
TBL1X,0.04019292604501608,0.004482704033931691,0.41661085063630277,0.04633893395929207,0.23265306122448978,50
TBL1XR1,0.03376205787781351,0.0017313036377339418,0.3993579454253612,0.044178336361238905,0.31126596980255516,42
TBR1,0.04180064308681672,0.003531879230982097,0.40600522193211486,0.028637951470124077,0.22624434389140272,52
TBX1,0.0040192926045016075,8.355345492859824e-05,0.2998312846469029,0.0004250651388504259,0.1,5
TBX22,0.0040192926045016075,3.157512445234376e-05,0.3200411628505274,0.0018492255007737327,0.2,5
TCEAL1,0.005627009646302251,5.753717837270506e-05,0.332620320855615,0.0037760499997974736,0.23809523809523808,7
TCF12,0.013665594855305467,0.00011986991618784544,0.3533087191138881,0.01547395432494081,0.35294117647058826,17
TCF20,0.012057877813504822,0.0007303611996283969,0.34298318169285913,0.01137368024254609,0.17142857142857143,15
TCF4,0.016881028938906754,0.0013390345046885063,0.3754904920012074,0.01382772066810854,0.18571428571428572,21
TCF7L2,0.03295819935691318,0.004540491656350033,0.4031108230719378,0.037423513212335696,0.2304878048780488,41
TDO2,0.007234726688102894,0.00018073033971065507,0.31311351623458344,0.0014666027008443242,0.3055555555555556,9
TECTA,0.002411575562700965,0.0008028936066159644,0.27334651724895626,0.0001247447001128469,0.0,3
TEK,0.016881028938906754,0.00042012983291888267,0.3824162311712266,0.017679268111534557,0.47619047619047616,21
TERB2,0.0008038585209003215,0.0,0.2856486796785304,0.0003677118148239381,0.0,1
TERF2,0.014469453376205787,0.00031073287474342676,0.3623652781823478,0.017870763165006433,0.47058823529411764,18
TET2,0.04421221864951769,0.0018565591003636363,0.4116479152878888,0.062243870188540364,0.35824915824915826,55
TET3,0.011254019292604502,3.2428780463775274e-05,0.35471913316224696,0.018457784857945348,0.7142857142857143,14
TFB2M,0.003215434083601286,1.167257980206114e-05,0.3050514958312898,0.0016179903275322716,0.16666666666666666,4
TFE3,0.007234726688102894,2.2987612580308543e-05,0.3497329210008434,0.006622962006560136,0.3055555555555556,9
TGM1,0.0040192926045016075,0.00017078146053931513,0.3149367088607595,0.0022955762202106007,0.0,5
THBS1,0.04340836012861736,0.0056088539418141905,0.41301460823373176,0.04447374216025177,0.2194269741439553,54
THRA,0.014469453376205787,0.00038523686158084845,0.3859757989450822,0.01994287497779065,0.3790849673202614,18
TLE3,0.01929260450160772,0.0004636442802622556,0.37915269734836937,0.026021615286331293,0.3442028985507246,24
TLK2,0.00964630225080386,7.056035266467953e-05,0.3539118065433855,0.011730852283858716,0.30303030303030304,12
TLN2,0.02090032154340836,0.0007287328099505523,0.3837137569401604,0.01420663706537571,0.2553846153846154,26
TM4SF19,0.001607717041800643,0.001607717041800643,0.2669527896995708,0.0002962783006204606,0.0,2
TM4SF20,0.0008038585209003215,0.0,0.21074030154158901,5.02806258076756e-06,0.0,1
TMLHE,0.001607717041800643,0.0,0.29882296420850346,0.0006033201617464783,1.0,2
TNPO3,0.008038585209003215,0.0002650423990185271,0.3346785041700296,0.003467432130057294,0.3111111111111111,10
TNRC6B,0.03536977491961415,0.001205699076580871,0.39367088607594936,0.047170097708721555,0.41120507399577166,44
TNRC6C,0.03215434083601286,0.0007041879725946998,0.38253382533825336,0.04362723125494363,0.43846153846153846,40
TNS2,0.003215434083601286,3.243161430404448e-06,0.318077218102787,0.0017019666303179973,0.5,4
TOP2B,0.028135048231511254,0.0008488708190783535,0.38681592039800994,0.038686290133043394,0.3563025210084034,35
TOP3B,0.00482315112540193,0.00011595897237788817,0.3385955362003266,0.0035095921254860232,0.06666666666666667,6
TPO,0.006430868167202572,0.00045621428082780766,0.33085106382978724,0.002091279418531571,0.10714285714285714,8
TRAF7,0.006430868167202572,0.00016760950096241084,0.3544159544159544,0.005951732451633938,0.25,8
TRAP1,0.012861736334405145,0.0004864419108606588,0.3704586063132817,0.013405409041453294,0.275,16
TRAPPC2L,0.0040192926045016075,0.00010524216492630611,0.26741186586414445,0.00010662117539084724,0.6,5
TRAPPC6B,0.006430868167202572,0.0004731977691890538,0.30512631837135146,0.00058107678484423,0.2857142857142857,8
TRAPPC9,0.007234726688102894,0.002539371475695168,0.33351206434316355,0.0025213593675945984,0.25,9
TRIM23,0.0040192926045016075,8.346317636086833e-05,0.318974358974359,0.001648900368829306,0.1,5
TRIM32,0.011254019292604502,0.0011439967418017509,0.36089353060632434,0.005957156071744894,0.12087912087912088,14
TRIM33,0.02572347266881029,0.002109507653863688,0.3973171510699457,0.028328173333453176,0.21169354838709678,32
TRIM8,0.002411575562700965,2.1410053299795062e-05,0.30423086329175836,0.001078065271486664,0.3333333333333333,3
TRIO,0.014469453376205787,0.001604752090058841,0.3484593837535014,0.004881238730335848,0.16339869281045752,18
TRIP12,0.05385852090032154,0.0054295452110620385,0.4028497409326425,0.04083018159098185,0.16327453640886477,67
TRPC4,0.012057877813504822,0.00016659471750633402,0.36278798483522895,0.007517601236328469,0.45714285714285713,15
TRPC5,0.012861736334405145,0.00011335862728498686,0.33850340136054424,0.005574472714341616,0.425,16
TRPC6,0.018488745980707395,0.0005983093398449499,0.3680473372781065,0.00975878729932009,0.22529644268774704,23
TRPM1,0.008038585209003215,0.0006461908565907811,0.3105341987019471,0.0009319431159687124,0.15555555555555556,10
TRPM3,0.007234726688102894,0.00012226296981694145,0.32962374138844724,0.0033545318843235493,0.5277777777777778,9
TRPM6,0.008842443729903537,0.00011361020690908487,0.356753656438199,0.005776886604935654,0.32727272727272727,11
TRPM7,0.014469453376205787,0.0006689219015918687,0.3621542940320233,0.007092400674433824,0.20261437908496732,18
TRRAP,0.05466237942122187,0.004345508447475259,0.40813648293963256,0.06600720745986255,0.28050921861281825,68
TSC1,0.028135048231511254,0.0009035550213921323,0.40025740025740025,0.028144442551565067,0.2907563025210084,35
TSC2,0.04903536977491962,0.003982220896902431,0.4267581475128645,0.04865136980388407,0.23114754098360657,61
TSHZ1,0.002411575562700965,1.4457944494539203e-05,0.28709900761597046,0.0005477006893454637,0.3333333333333333,3
TSHZ3,0.011254019292604502,0.00181939078816356,0.30497670997793574,0.0009402373275738508,0.18681318681318682,14
TSPAN4,0.0008038585209003215,0.0,0.2805593143888137,0.0007532992811153512,0.0,1
TSPAN7,0.006430868167202572,3.224199566514534e-05,0.32719621251972647,0.004156228881529672,0.35714285714285715,8
TSPOAP1,0.012861736334405145,0.0016419898098261828,0.333870101986044,0.007592353440799587,0.6833333333333333,16
TSPYL2,0.005627009646302251,6.098554190015116e-05,0.3435515051090859,0.004983305510191986,0.38095238095238093,7
TTI2,0.001607717041800643,0.0,0.3038593063019052,0.0020932586641124744,1.0,2
TTN,0.03135048231511254,0.0040509293165929446,0.4003862246540071,0.017451398824643857,0.11336032388663968,39
TUBGCP5,0.011254019292604502,0.0003902541720804605,0.36268221574344023,0.0071675365479725184,0.46153846153846156,14
U2AF2,0.04019292604501608,0.002737621117213624,0.38312288266091776,0.028126093505009102,0.31020408163265306,50
UBA7,0.00482315112540193,5.6491321435770956e-05,0.3259958071278826,0.002100576980779545,0.13333333333333333,6
UBAP2L,0.01527331189710611,0.0006715904906070594,0.3578826237054085,0.009095082765277682,0.24561403508771928,19
UBE2H,0.005627009646302251,7.445044428349296e-05,0.332620320855615,0.0029256256405366526,0.14285714285714285,7
UBE3A,0.06752411575562701,0.015663575932722787,0.449584387423202,0.05626329131262966,0.16121629374641422,84
UBE3C,0.00964630225080386,0.0001473763809810103,0.33648904517176087,0.003792152041078831,0.4090909090909091,12
UBN2,0.008842443729903537,0.00020184579449271796,0.3305872973691204,0.005723440733274726,0.36363636363636365,11
UBR1,0.018488745980707395,0.0018653594909679911,0.35512417927490725,0.00823173287812611,0.16600790513833993,23
UBR3,0.006430868167202572,8.345238508471078e-05,0.3135870935215528,0.0023614729323647777,0.42857142857142855,8
UBR5,0.03456591639871383,0.0024636904625575918,0.3926767676767677,0.029408788445225677,0.20376522702104097,43
UGGT1,0.0040192926045016075,0.0004116129231921752,0.2936039650696247,0.0005660795838480777,0.4,5
UIMC1,0.013665594855305467,0.0003529095856253107,0.3599537037037037,0.011707045087444147,0.18382352941176472,17
UNC13A,0.028135048231511254,0.0011877411872200164,0.37708396483782963,0.016352488308282186,0.36134453781512604,35
UNC5D,0.013665594855305467,0.0005378911447630235,0.33685350663417274,0.0033323788353683674,0.21323529411764705,17
UNC79,0.01607717041800643,0.0007875850104355481,0.34336185481645043,0.007160707355297276,0.20526315789473684,20
UNC80,0.0040192926045016075,0.0001895776536790604,0.3068574247656635,0.0010844722566768516,0.1,5
UPF2,0.008842443729903537,2.3769802719147607e-05,0.32028836251287335,0.004093227501834789,0.6363636363636364,11
UPF3B,0.01527331189710611,0.00014724722314586703,0.3272822941331229,0.006275298129513024,0.40350877192982454,19
USH2A,0.016881028938906754,0.0013989411848687604,0.3505212735981967,0.003931943750324215,0.11428571428571428,21
USP15,0.01527331189710611,0.000891237344923664,0.371898355754858,0.011459599526879905,0.3391812865497076,19
USP24,0.005627009646302251,7.84676719346788e-05,0.3404488232074439,0.005700965618490146,0.47619047619047616,7
USP27X,0.00482315112540193,0.00024147825812505423,0.315096251266464,0.005018533098809935,0.6,6
USP30,0.00964630225080386,0.00068891812508234,0.3426053428807491,0.006472484604851657,0.25757575757575757,12
USP45,0.0040192926045016075,4.9928616118396374e-05,0.31686194600101886,0.001637806213416691,0.2,5
USP7,0.0594855305466238,0.009062325804299139,0.4242837653478854,0.055918878156648824,0.1617919289152166,74
USP9X,0.0409967845659164,0.005386771430072502,0.41069659953780124,0.031127472418768357,0.14980392156862746,51
USP9Y,0.005627009646302251,1.8147220308733544e-05,0.338411316648531,0.005923627062066818,0.5714285714285714,7
VAMP2,0.05064308681672026,0.004791245768350206,0.4112396694214876,0.03229668401187799,0.2698412698412698,63
VASH1,0.0008038585209003215,0.0,0.283371298405467,0.0004032943114198841,0.0,1
VCP,0.0522508038585209,0.006062982455889544,0.42588154741526874,0.037980431361710136,0.17115384615384616,65
VEZF1,0.0008038585209003215,0.0,0.2459956495946213,6.657905952742796e-05,0.0,1
VPS13B,0.002411575562700965,2.9406034171265626e-05,0.29004429937048265,0.0008095446440796394,0.0,3
VPS54,0.0040192926045016075,0.0037898130979041127,0.27992799279927993,0.0003466514647989464,0.3,5
VSIG4,0.002411575562700965,1.301081759837906e-05,0.29126668227581365,0.0004271918620599963,0.0,3
VWA7,0.001607717041800643,0.0,0.26194988418614445,0.00015333282994667028,1.0,2
WAC,0.01527331189710611,0.0003493162322676201,0.356753656438199,0.01078063615299423,0.2222222222222222,19
WASF1,0.014469453376205787,0.0003170196729070616,0.3766273085074175,0.011207122859754054,0.33986928104575165,18
WDFY3,0.023311897106109324,0.0010957331726649563,0.3880224578914535,0.01757463591115358,0.3251231527093596,29
WDFY4,0.003215434083601286,2.213011736857092e-05,0.3123273914135074,0.001552070624242413,0.3333333333333333,4
WDR26,0.011254019292604502,0.0001821682965998424,0.3445029077817779,0.007627661998668316,0.25274725274725274,14
WDR37,0.0040192926045016075,9.531990149042555e-05,0.3054259759391112,0.0026644916611518066,0.2,5
WDR5,0.06993569131832797,0.0030224268183510804,0.41439040639573615,0.09275506311304528,0.34776797647687785,87
WNK3,0.00482315112540193,6.419534620469793e-05,0.33023626227767455,0.002639189079560894,0.2,6
WNT1,0.023311897106109324,0.0015504792426768864,0.3859757989450822,0.01989171853070311,0.25862068965517243,29
WWOX,0.022508038585209004,0.0032385858145926706,0.39429477020602216,0.01921984625322545,0.15873015873015872,28
WWP1,0.01607717041800643,0.000487212931910112,0.3632116788321168,0.01162502440614703,0.2736842105263158,20
XPC,0.011254019292604502,2.7398985120497222e-05,0.3617330619366095,0.015899157813261455,0.5054945054945055,14
XPO1,0.04340836012861736,0.0030789645565297333,0.4174496644295302,0.041235764378956055,0.2389937106918239,54
XRCC6,0.04823151125401929,0.002886744276860377,0.41042560211151435,0.055018140216853306,0.27627118644067794,60
YEATS2,0.016881028938906754,0.00011435391796411947,0.36278798483522895,0.01904846154046926,0.5571428571428572,21
YTHDC2,0.012861736334405145,0.0003359253416534988,0.35461801596351195,0.007519043882465618,0.2,16
YWHAE,0.04421221864951769,0.005597505593203974,0.4218379111563242,0.03122053816227584,0.1367003367003367,55
YWHAG,0.03697749196141479,0.0027279380219568097,0.4146666666666667,0.03133700314084897,0.17971014492753623,46
YWHAZ,0.05868167202572347,0.006128195650676852,0.43435754189944137,0.05137986508842227,0.15753424657534246,73
YY1,0.06109324758842444,0.002919786394704957,0.4241391067166724,0.08170719161945231,0.3,76
ZBTB16,0.017684887459807074,0.003499008534457041,0.36110304789550074,0.014401967277006785,0.15584415584415584,22
ZBTB18,0.003215434083601286,4.705410504169809e-06,0.3176710929519918,0.003355836048822609,0.3333333333333333,4
ZBTB20,0.008842443729903537,0.0006149887509144125,0.3411022758431588,0.004163482549755454,0.14545454545454545,11
ZBTB21,0.0008038585209003215,0.0,0.30334064862228727,0.0007523125789496342,0.0,1
ZBTB7A,0.01527331189710611,0.00041309994691351857,0.36837429671305894,0.02365200389622073,0.52046783625731,19
ZC3H11A,0.01045016077170418,0.00025537204673246086,0.33877995642701525,0.008405785633801672,0.23076923076923078,13
ZC3H4,0.00964630225080386,0.0001670433791573635,0.33612537152121047,0.006266513733171633,0.3939393939393939,12
ZEB2,0.012861736334405145,8.628555574217043e-05,0.3853779429987608,0.021956155543346238,0.5583333333333333,16
ZFHX3,0.008038585209003215,0.0005228779605291189,0.33612537152121047,0.005495518375593027,0.08888888888888889,10
ZFHX4,0.008842443729903537,0.0002782979358302254,0.3478747203579418,0.006066186777438094,0.4,11
ZFX,0.012861736334405145,0.0002109390158745572,0.359018759018759,0.014214219694748838,0.375,16
ZFYVE26,0.00482315112540193,8.402593898991475e-05,0.31162324649298595,0.0012904290376537422,0.5333333333333333,6
ZFYVE9,0.002411575562700965,8.577199372240119e-07,0.315096251266464,0.0018151043194247843,0.6666666666666666,3
ZMIZ1,0.00482315112540193,3.501380139247825e-05,0.3498312710911136,0.006625100383860866,0.3333333333333333,6
ZMYM2,0.02009646302250804,0.0010210644280841984,0.3660977045320777,0.01573915790611415,0.21,25
ZMYM3,0.016881028938906754,0.0003080050899534557,0.35757401552170165,0.021951998635584436,0.35714285714285715,21
ZMYND11,0.011254019292604502,0.0009141407078326705,0.3495363866254566,0.01507181503331634,0.34065934065934067,14
ZMYND8,0.013665594855305467,0.0002169600674670592,0.3493400730131985,0.017265396631745897,0.40441176470588236,17
ZNF18,0.0040192926045016075,5.297133545726473e-06,0.2784243509400179,0.0003604816182980641,0.9,5
ZNF292,0.024115755627009645,0.0058784447816596945,0.36566725455614346,0.014423236205372553,0.2045977011494253,30
ZNF385B,0.011254019292604502,0.002768243045254426,0.3154158215010142,0.0011259779802487854,0.25274725274725274,14
ZNF462,0.00482315112540193,5.835342487209569e-05,0.3253138075313807,0.0038089444669947483,0.2,6
ZNF517,0.002411575562700965,5.297133545726473e-06,0.2740088105726872,0.0002798382262799864,0.6666666666666666,3
ZNF532,0.002411575562700965,0.0,0.32094943240454077,0.0039554306549108185,1.0,3
ZNF536,0.003215434083601286,0.00025672968243234954,0.2852556753038294,0.0003535088653944358,0.16666666666666666,4
ZNF548,0.001607717041800643,0.0,0.24575266693006717,3.506520677118721e-05,1.0,2
ZNF559,0.005627009646302251,0.0012127958008379955,0.2811299435028249,0.00038805000919869446,0.5238095238095238,7
ZNF644,0.008842443729903537,0.0018364190249301555,0.32616675406397483,0.003923167282990262,0.18181818181818182,11
ZNF711,0.003215434083601286,1.3811035089984418e-06,0.31742791528451136,0.004087850002759778,0.6666666666666666,4
ZNF713,0.003215434083601286,0.0,0.25825202408137843,0.00011100697291561911,1.0,4
ZNF774,0.003215434083601286,0.0,0.25825202408137843,0.0001110069729156175,1.0,4
ZNF804A,0.01527331189710611,0.0007007640858902137,0.3732373237323732,0.009513425212436427,0.28654970760233917,19
ZNF827,0.01045016077170418,0.002858876133775158,0.3262522947810123,0.004363857263152341,0.3076923076923077,13
ZNF865,0.001607717041800643,0.0,0.23600834756213243,2.318193710198792e-05,1.0,2
ZSWIM6,0.001607717041800643,8.442233350679564e-06,0.27948775556054817,0.0003747085310695491,0.0,2
ZWILCH,0.005627009646302251,4.9079475550483726e-05,0.30452876376988985,0.0010720172377592643,0.38095238095238093,7
