gene,ic_T1,ic_T2,ic_T3,ic_T4,ic_T5
ABAT,0.0028755020080321286,0.009477911646586346,0.061670682730923694,0.26185542168674697,0.5336385542168675
ABCA13,0.002008032128514056,0.007116465863453815,0.05046586345381526,0.2536626506024096,0.48379116465863453
ABCA2,0.001678714859437751,0.004096385542168675,0.02078714859437751,0.1185863453815261,0.3212771084337349
ABCA7,0.0017269076305220883,0.008907630522088353,0.08125301204819277,0.28026506024096387,0.5602008032128514
ABCE1,0.006329317269076306,0.042674698795180724,0.22887550200803214,0.5888273092369478,0.784995983935743
ABL2,0.002281124497991968,0.018899598393574298,0.10654618473895583,0.4077831325301205,0.6825381526104418
ACAP2,0.0011485943775100401,0.002216867469879518,0.012048192771084338,0.04811244979919679,0.18951004016064257
ACE,0.005116465863453815,0.039437751004016065,0.2407309236947791,0.6230763052208835,0.7859437751004016
ACHE,0.004746987951807229,0.04913253012048193,0.27959839357429717,0.6241847389558233,0.7947228915662651
ACTB,0.035341365461847386,0.2681526104417671,0.6611807228915663,0.8015502008032128,0.8248433734939759
ACTL6B,0.006714859437751004,0.06539759036144578,0.34639357429718876,0.6711726907630522,0.8043775100401607
ACTN4,0.005445783132530121,0.04687550200803213,0.27234538152610444,0.6497510040160642,0.7968433734939759
ACY1,0.0019277108433734939,0.005767068273092369,0.03384738955823293,0.14395180722891565,0.45626506024096386
ADA,0.004377510040160642,0.03184738955823293,0.20635341365461848,0.5223534136546185,0.747718875502008
ADCY1,0.004819277108433735,0.03501204819277109,0.20734939759036145,0.5561847389558233,0.7665943775100401
ADCY3,0.004056224899598394,0.026706827309236948,0.1786987951807229,0.5158955823293173,0.7198875502008032
ADCY5,0.005855421686746988,0.04258634538152611,0.252714859437751,0.6272048192771085,0.7804497991967871
ADGRB1,0.0023775100401606424,0.020329317269076306,0.13362248995983936,0.46569477911646584,0.6589718875502008
ADGRL1,0.0034216867469879517,0.020859437751004017,0.12524497991967873,0.43210441767068275,0.669437751004016
ADK,0.0028353413654618473,0.007534136546184739,0.03914859437751004,0.23363052208835342,0.5208433734939759
ADNP,0.009325301204819277,0.1051004016064257,0.4303132530120482,0.7329718875502008,0.8119518072289157
ADORA2A,0.00442570281124498,0.03416867469879518,0.20963855421686747,0.5519598393574298,0.7676385542168674
ADORA3,0.0017590361445783134,0.006497991967871486,0.030112449799196788,0.20375100401606425,0.4307309236947791
ADRB2,0.008353413654618475,0.07385542168674698,0.3708835341365462,0.7088674698795181,0.8084417670682731
ADSL,0.004273092369477912,0.021261044176706826,0.11643373493975903,0.4593815261044177,0.712562248995984
ADSS2,0.0024738955823293174,0.008594377510040161,0.05742168674698795,0.2592369477911647,0.5543775100401607
AFF2,0.0034457831325301206,0.0285140562248996,0.21324497991967872,0.599574297188755,0.7430281124497992
AGAP1,0.0011164658634538153,0.006200803212851405,0.06404819277108434,0.17575100401606425,0.27600803212851405
AGAP2,0.003502008032128514,0.036907630522088355,0.2348835341365462,0.6166024096385542,0.7806184738955824
AGBL4,0.0011967871485943774,0.00193574297188755,0.009742971887550201,0.049502008032128515,0.11383935742971887
AGMO,0.00163855421686747,0.004746987951807229,0.038032128514056227,0.13333333333333333,0.33665060240963857
AGO1,0.009188755020080321,0.09076305220883533,0.39872289156626506,0.7087951807228916,0.8121606425702811
AGO2,0.012674698795180723,0.1303855421686747,0.4959759036144578,0.7501606425702811,0.817429718875502
AGO3,0.0068192771084337345,0.0841285140562249,0.3912128514056225,0.7056787148594378,0.8057590361445783
AGO4,0.007526104417670682,0.08880321285140562,0.4022248995983936,0.7127469879518072,0.8099196787148595
AGTR2,0.004401606425702811,0.02710843373493976,0.19637751004016063,0.532859437751004,0.7480722891566265
AHDC1,0.0010763052208835342,0.003887550200803213,0.03220883534136546,0.11288353413654618,0.2688433734939759
AHI1,0.002931726907630522,0.01770281124497992,0.14297991967871487,0.4230120481927711,0.6627389558232931
AHNAK,0.0034056224899598393,0.025606425702811245,0.17359036144578313,0.5376867469879518,0.7554457831325301
AKAP9,0.004690763052208835,0.04004819277108434,0.28322088353413655,0.6520080321285141,0.8024417670682731
ALDH1A3,0.0015261044176706827,0.009879518072289156,0.08563052208835341,0.2177429718875502,0.3756867469879518
ALDH1L1,0.0028835341365461846,0.016779116465863452,0.09030522088353414,0.3343132530120482,0.6110522088353414
ALDH5A1,0.003004016064257028,0.01193574297188755,0.06722088353413655,0.28710843373493977,0.5983935742971888
ALG6,0.0015261044176706827,0.002144578313253012,0.005847389558232932,0.024112449799196786,0.1293574297188755
AMPD1,0.002891566265060241,0.009751004016064256,0.07089156626506024,0.28044979919678714,0.5497991967871486
AMT,0.0020963855421686746,0.0061445783132530124,0.04391164658634538,0.16040963855421686,0.3848433734939759
ANK2,0.012056224899598393,0.10771887550200804,0.44897991967871487,0.7337991967871486,0.8169638554216867
ANK3,0.012433734939759036,0.10914859437751004,0.4496385542168675,0.7410522088353414,0.8154779116465863
ANKRD11,0.006570281124497992,0.05875502008032128,0.3048433734939759,0.6373012048192771,0.7996385542168675
ANKRD17,0.003036144578313253,0.017566265060240963,0.11556626506024097,0.3861124497991968,0.6648674698795181
ANKS1B,0.002923694779116466,0.021461847389558232,0.16930923694779115,0.4963855421686747,0.6754538152610442
ANP32A,0.0026265060240963857,0.023951807228915663,0.18283534136546184,0.49384738955823293,0.7111726907630522
ANXA1,0.0045943775100401605,0.037614457831325304,0.25383132530120484,0.6230923694779117,0.7682730923694779
AP1S2,0.003686746987951807,0.016281124497991968,0.09767068273092369,0.3824738955823293,0.6818152610441767
AP2M1,0.00665863453815261,0.05690763052208835,0.30043373493975906,0.6503614457831325,0.8006024096385542
AP2S1,0.00508433734939759,0.034160642570281126,0.2143694779116466,0.5731887550200804,0.7804738955823293
APBA2,0.003783132530120482,0.03427309236947791,0.2063132530120482,0.5617911646586345,0.7670361445783133
APBB1,0.004248995983935743,0.042457831325301204,0.25139759036144577,0.6267871485943776,0.793437751004016
APH1A,0.0025220883534136547,0.0161285140562249,0.12009638554216867,0.46840160642570283,0.6435341365461847
AR,0.013614457831325302,0.14286746987951807,0.5235100401606426,0.762144578313253,0.8192208835341366
ARF3,0.004265060240963856,0.02465863453815261,0.1598393574297189,0.5611164658634538,0.7662409638554217
ARHGAP11B,0.0014136546184738957,0.002273092369477912,0.005879518072289157,0.05240160642570281,0.16933333333333334
ARHGAP30,0.0019277108433734939,0.012658634538152611,0.07437751004016065,0.3198714859437751,0.5384899598393574
ARHGAP32,0.003686746987951807,0.049076305220883534,0.28647389558232933,0.6436626506024097,0.7949558232931727
ARHGAP5,0.00193574297188755,0.009373493975903615,0.06288353413654618,0.2537028112449799,0.5461847389558233
ARHGEF10,0.001534136546184739,0.007004016064257028,0.05808835341365462,0.24545381526104418,0.4106265060240964
ARHGEF2,0.003823293172690763,0.029815261044176707,0.19053815261044177,0.5590522088353413,0.7485140562248996
ARHGEF9,0.006337349397590362,0.05467469879518072,0.3007871485943775,0.6414457831325301,0.7963453815261045
ARID1A,0.013807228915662651,0.13622489959839357,0.48449799196787147,0.7539116465863454,0.8168273092369478
ARID1B,0.01029718875502008,0.11617670682730924,0.45643373493975903,0.7409638554216867,0.8145461847389558
ARID2,0.008273092369477911,0.09186345381526105,0.3930281124497992,0.7153493975903614,0.8097751004016064
ARNT2,0.0013975903614457832,0.009710843373493976,0.06739759036144578,0.23454618473895583,0.35092369477911645
ARX,0.002971887550200803,0.029236947791164657,0.1857590361445783,0.5288915662650603,0.7280481927710843
ASAP2,0.0011164658634538153,0.0030441767068273094,0.01878714859437751,0.09291566265060242,0.2536546184738956
ASB11,0.0013975903614457832,0.004248995983935743,0.02997590361445783,0.1382730923694779,0.2878955823293173
ASB14,0.0010281124497991969,0.0017751004016064258,0.009590361445783133,0.06635341365461847,0.11499598393574297
ASB9,0.0010281124497991969,0.0027389558232931727,0.009823293172690763,0.08308433734939759,0.1942409638554217
ASH1L,0.011823293172690763,0.10475502008032128,0.41010441767068273,0.7103775100401607,0.8106425702811245
ASMT,0.0022891566265060242,0.007951807228915662,0.050634538152610445,0.23183935742971887,0.5093012048192771
ASPM,0.0043453815261044176,0.021686746987951807,0.15857831325301205,0.46760642570281125,0.7376385542168674
ASTN1,0.0018313253012048193,0.010120481927710843,0.07089959839357429,0.33151807228915664,0.5473734939759036
ASTN2,0.004867469879518072,0.03927710843373494,0.24012048192771085,0.6276706827309237,0.7792208835341365
ASXL3,0.0050200803212851405,0.04808835341365462,0.296570281124498,0.6355823293172691,0.7948032128514056
ATP10A,0.0021767068273092368,0.011927710843373494,0.0943855421686747,0.352995983935743,0.5986746987951808
ATP1A1,0.003253012048192771,0.028538152610441767,0.18661044176706829,0.4355341365461847,0.7066907630522088
ATP1A3,0.004562248995983936,0.04306827309236948,0.2577590361445783,0.5933975903614458,0.7793493975903615
ATP2B1,0.003493975903614458,0.029293172690763054,0.18742168674698795,0.527574297188755,0.7486265060240964
ATP2B2,0.006891566265060241,0.06444176706827309,0.3031244979919679,0.6650441767068274,0.8037269076305221
ATP6V0A2,0.001285140562248996,0.0033654618473895584,0.027823293172690763,0.10326104417670683,0.2589236947791165
ATP9A,0.0012048192771084338,0.0020160642570281125,0.005196787148594378,0.028473895582329316,0.1285140562248996
ATRX,0.016168674698795182,0.15371084337349397,0.5183052208835341,0.759285140562249,0.8199839357429719
ATXN2,0.005847389558232932,0.04459437751004016,0.28496385542168673,0.6571646586345381,0.796136546184739
AUTS2,0.007124497991967871,0.06753413654618474,0.36086746987951807,0.689004016064257,0.8067389558232931
AVPR1A,0.0027469879518072287,0.020144578313253014,0.1326987951807229,0.48822489959839355,0.6908915662650602
AVPR1B,0.0024497991967871485,0.015991967871485945,0.11322088353413655,0.3813413654618474,0.5906184738955823
AZGP1,0.0019598393574297187,0.0054779116465863455,0.034184738955823295,0.2040562248995984,0.4137831325301205
BACE1,0.0059196787148594375,0.06978313253012049,0.3506506024096386,0.7076626506024096,0.8077590361445783
BAIAP2L1,0.00321285140562249,0.030208835341365464,0.20502008032128513,0.5302570281124498,0.7401686746987952
BAZ2B,0.00248995983935743,0.01991967871485944,0.13173493975903613,0.3829879518072289,0.6436947791164659
BBS4,0.0029558232931726908,0.01297991967871486,0.09062650602409639,0.34593574297188756,0.6307550200803212
BCAS1,0.0012690763052208836,0.0067951807228915665,0.05667469879518072,0.15874698795180722,0.32396787148594375
BCKDK,0.0026907630522088354,0.0183855421686747,0.11931726907630522,0.4283935742971888,0.6466666666666666
BCL11A,0.006176706827309237,0.060032128514056225,0.3229076305220884,0.6701526104417671,0.7973574297188755
BCL11B,0.009220883534136547,0.0841285140562249,0.38973493975903617,0.7156706827309237,0.8115903614457831
BCORL1,0.0039196787148594375,0.03966265060240964,0.2576465863453815,0.6302489959839357,0.7854056224899598
BICDL1,0.0013172690763052209,0.008538152610441767,0.06359839357429718,0.14850602409638555,0.3595020080321285
BICRA,0.002923694779116466,0.03123694779116466,0.21687550200803213,0.5055983935742971,0.7302650602409638
BIRC6,0.006257028112449799,0.0531004016064257,0.2710441767068273,0.6335100401606426,0.793847389558233
BPTF,0.009606425702811245,0.08842570281124498,0.36943775100401605,0.6920160642570281,0.8063373493975904
BRAF,0.017373493975903615,0.1572449799196787,0.5424979919678715,0.7702329317269077,0.8206265060240964
BRCA2,0.009975903614457831,0.10416064257028113,0.44899598393574297,0.7366907630522088,0.8145301204819277
BRD4,0.024329317269076306,0.1936706827309237,0.545991967871486,0.7682570281124498,0.8205060240963855
BRINP3,0.0013092369477911646,0.003381526104417671,0.015357429718875501,0.0952128514056225,0.28529317269076304
BRSK2,0.0019116465863453815,0.010931726907630522,0.0760722891566265,0.3647469879518072,0.5400562248995984
BRWD3,0.002706827309236948,0.022160642570281126,0.1491726907630522,0.4444016064257028,0.7095903614457831
BSN,0.004875502008032128,0.049526104417670684,0.2605381526104418,0.6216626506024097,0.7871325301204819
BST1,0.0030763052208835342,0.011100401606425702,0.06723694779116465,0.31167871485943777,0.5768755020080322
BTAF1,0.004289156626506024,0.03617670682730924,0.20704417670682732,0.5161927710843374,0.7475261044176706
BTRC,0.010096385542168674,0.09355823293172691,0.4302570281124498,0.7271164658634538,0.8115983935742972
C12orf57,0.0016224899598393575,0.005164658634538153,0.025004016064257027,0.15285943775100402,0.3246425702811245
C15orf62,0.0009317269076305221,0.0014538152610441767,0.006859437751004016,0.027381526104417672,0.07636144578313253
C4B,0.0020160642570281125,0.008120481927710843,0.05579116465863454,0.26050602409638557,0.531277108433735
CA6,0.0009156626506024096,0.0012610441767068273,0.0017349397590361445,0.008369477911646587,0.03008835341365462
CACNA1A,0.011036144578313253,0.09309236947791165,0.37228112449799194,0.7078313253012049,0.8091726907630522
CACNA1B,0.00914859437751004,0.08364658634538152,0.332,0.6791244979919678,0.8031726907630522
CACNA1C,0.015357429718875501,0.12295582329317269,0.4622730923694779,0.7445542168674699,0.8172369477911646
CACNA1D,0.010706827309236947,0.08408032128514056,0.34797590361445785,0.6940562248995984,0.8045381526104418
CACNA1E,0.005341365461847389,0.0423855421686747,0.21276305220883535,0.5556947791164658,0.780273092369478
CACNA1F,0.00751004016064257,0.05708433734939759,0.29649799196787147,0.638128514056225,0.796425702811245
CACNA1G,0.007911646586345382,0.05720481927710843,0.2681606425702811,0.625429718875502,0.7926827309236948
CACNA1H,0.008080321285140562,0.05733333333333333,0.27122088353413654,0.6155983935742972,0.7888112449799197
CACNA1I,0.0061285140562249,0.043365461847389555,0.22048995983935743,0.5867228915662651,0.7789718875502007
CACNA2D1,0.007606425702811245,0.0569718875502008,0.29281124497991967,0.6608353413654618,0.8008995983935743
CACNA2D3,0.005068273092369478,0.04117269076305221,0.2290281124497992,0.580425702811245,0.775574297188755
CACNB1,0.005678714859437751,0.046,0.26123694779116463,0.61085140562249,0.794008032128514
CACNB2,0.007863453815261044,0.06372690763052209,0.3090441767068273,0.6416626506024097,0.7977349397590362
CACNG2,0.009100401606425702,0.08178313253012048,0.3373975903614458,0.6888995983935743,0.8054698795180723
CADM1,0.0045863453815261045,0.04593574297188755,0.2745381526104418,0.6153734939759036,0.7928353413654619
CADM2,0.002008032128514056,0.015244979919678716,0.09121285140562249,0.3075983935742972,0.5102168674698795
CADPS,0.0033333333333333335,0.023726907630522088,0.15608835341365462,0.467285140562249,0.7285220883534137
CADPS2,0.0019839357429718876,0.013614457831325302,0.10559036144578313,0.3264738955823293,0.623429718875502
CAMK2A,0.01714859437751004,0.148570281124498,0.5161044176706827,0.7644979919678715,0.8214056224899599
CAMK2B,0.010024096385542169,0.10500401606425702,0.43470682730923693,0.731710843373494,0.8137269076305221
CAMK2D,0.005742971887550201,0.062112449799196785,0.34490763052208834,0.6772771084337349,0.8047068273092369
CAMK4,0.005815261044176707,0.0685140562248996,0.3559678714859438,0.6937429718875502,0.8051244979919678
CAMTA2,0.0015100401606425702,0.008522088353413655,0.08850602409638554,0.2770602409638554,0.42898795180722893
CAPN12,0.0010923694779116466,0.002240963855421687,0.01170281124497992,0.06389558232931727,0.11111646586345382
CAPRIN1,0.004441767068273092,0.034192771084337346,0.2124016064257028,0.5651807228915663,0.7662168674698795
CAPZA2,0.0037429718875502008,0.026281124497991967,0.17579116465863454,0.5477991967871486,0.7526265060240964
CARD11,0.0029156626506024095,0.030674698795180724,0.1677991967871486,0.45428915662650604,0.670289156626506
CASK,0.009823293172690763,0.08297991967871486,0.36176706827309235,0.7000562248995984,0.8074698795180723
CASKIN1,0.002963855421686747,0.032,0.1783132530120482,0.49012048192771085,0.7180803212851405
CASZ1,0.0016465863453815261,0.00655421686746988,0.058,0.2233975903614458,0.4549718875502008
CAT,0.002032128514056225,0.005518072289156626,0.03246586345381526,0.18028112449799197,0.35453815261044175
CBX1,0.007502008032128514,0.07305220883534136,0.3253574297188755,0.6724979919678715,0.8000642570281125
CBX4,0.006497991967871486,0.06380722891566265,0.31301204819277106,0.6557991967871486,0.7963052208835342
CC2D1A,0.0014056224899598394,0.0017991967871485944,0.004208835341365462,0.0241285140562249,0.07756626506024096
CCDC88C,0.0014939759036144578,0.00465863453815261,0.024971887550200803,0.14788755020080321,0.32672289156626505
CCDC91,0.0009799196787148594,0.001606425702811245,0.013301204819277108,0.06968674698795181,0.11789558232931727
CCIN,0.0012610441767068273,0.0015823293172690764,0.001975903614457831,0.004642570281124498,0.012891566265060241
CCNG1,0.0022650602409638554,0.02060240963855422,0.14058634538152612,0.47248995983935743,0.6459839357429719
CCNK,0.004240963855421687,0.03180722891566265,0.17487550200803212,0.4876305220883534,0.745710843373494
CCSER1,0.0013975903614457832,0.004706827309236948,0.025646586345381524,0.14746987951807228,0.3346265060240964
CCT4,0.006353413654618474,0.05192771084337349,0.31147791164658634,0.6390763052208835,0.7993333333333333
CD276,0.0022329317269076305,0.011726907630522088,0.08737349397590362,0.3134859437751004,0.6063373493975903
CD38,0.00442570281124498,0.035799196787148595,0.21829718875502008,0.5802730923694779,0.781566265060241
CD99L2,0.0016626506024096386,0.010955823293172691,0.08991164658634539,0.29092369477911645,0.526867469879518
CDC42BPA,0.0018795180722891566,0.007502008032128514,0.05331726907630522,0.2556224899598394,0.4601044176706827
CDC42BPB,0.0020883534136546186,0.017759036144578313,0.11910843373493976,0.37991967871485943,0.5721204819277108
CDH10,0.006506024096385542,0.05399196787148594,0.2917590361445783,0.6491646586345382,0.7979196787148595
CDH11,0.003469879518072289,0.023815261044176708,0.13804819277108435,0.4910441767068273,0.7330522088353414
CDH13,0.0038473895582329318,0.028714859437751004,0.1756867469879518,0.49254618473895584,0.7275823293172691
CDH2,0.010939759036144579,0.11624096385542168,0.4773895582329317,0.748425702811245,0.8190843373493976
CDH22,0.002393574297188755,0.01604016064257028,0.11636947791164659,0.3305301204819277,0.6173895582329317
CDH8,0.003943775100401606,0.029863453815261044,0.20783132530120482,0.5357831325301204,0.7585783132530121
CDH9,0.006281124497991968,0.048393574297188754,0.27989558232931727,0.6280240963855421,0.7969638554216868
CDK13,0.004184738955823293,0.03815261044176707,0.21304417670682732,0.5395100401606425,0.7504096385542168
CDK16,0.002273092369477912,0.013156626506024097,0.11655421686746988,0.3490441767068273,0.5580401606425702
CDK19,0.00357429718875502,0.03198393574297189,0.1884417670682731,0.5388353413654619,0.7365622489959839
CDK5RAP2,0.002385542168674699,0.00616867469879518,0.049036144578313255,0.1956465863453815,0.4836706827309237
CDK8,0.00563855421686747,0.05918875502008032,0.31656224899598395,0.6516947791164659,0.7861526104417671
CDKL5,0.010208835341365461,0.09839357429718876,0.42653012048192773,0.7274538152610441,0.8137349397590361
CDON,0.002112449799196787,0.016136546184738955,0.13269076305220884,0.42369477911646586,0.5919357429718876
CECR2,0.004,0.03580722891566265,0.1966827309236948,0.5448755020080321,0.755140562248996
CELF2,0.0032610441767068274,0.02048995983935743,0.13054618473895582,0.465429718875502,0.6964979919678714
CELF4,0.0017108433734939759,0.006939759036144578,0.059357429718875504,0.22821686746987951,0.48733333333333334
CELF6,0.0010441767068273093,0.0019437751004016065,0.017060240963855423,0.07762248995983936,0.12035341365461848
CEP135,0.0028835341365461846,0.008497991967871486,0.0391566265060241,0.2129156626506024,0.536859437751004
CEP290,0.0031566265060240964,0.008690763052208835,0.05808835341365462,0.23241767068273092,0.5356385542168675
CEP41,0.0014377510040160643,0.0032289156626506025,0.010546184738955824,0.04853012048192771,0.19714056224899598
CERT1,0.00121285140562249,0.0022008032128514056,0.010024096385542169,0.10422489959839358,0.23432128514056225
CGNL1,0.0015261044176706827,0.0037429718875502008,0.0281285140562249,0.1348433734939759,0.37089156626506026
CHAMP1,0.0017429718875502007,0.009799196787148594,0.0789718875502008,0.27309236947791166,0.4786104417670683
CHD1,0.012040160642570281,0.11283534136546185,0.4202489959839357,0.7105863453815261,0.8113092369477911
CHD2,0.002104417670682731,0.017526104417670683,0.1213574297188755,0.36692369477911646,0.6144658634538153
CHD3,0.010506024096385543,0.10096385542168675,0.40914859437751006,0.7193734939759037,0.8130763052208836
CHD4,0.019196787148594376,0.14403212851405622,0.45505220883534137,0.7374056224899599,0.8147871485943775
CHD7,0.006859437751004016,0.0774859437751004,0.36567871485943776,0.6871807228915663,0.8022730923694779
CHD8,0.018313253012048194,0.17621686746987952,0.5570120481927711,0.770859437751004,0.820417670682731
CHD9,0.005261044176706827,0.055204819277108436,0.2660963855421687,0.6055983935742972,0.7795100401606426
CHKB,0.0011646586345381525,0.0024738955823293174,0.015269076305220883,0.12383935742971887,0.2638714859437751
CHM,0.003389558232931727,0.011453815261044177,0.07588755020080322,0.324144578313253,0.6260642570281124
CHMP1A,0.001140562248995984,0.0018795180722891566,0.005646586345381526,0.03591164658634538,0.0773012048192771
CHRM3,0.0019437751004016065,0.010867469879518072,0.07885140562248996,0.29853815261044175,0.5305220883534136
CHRNA7,0.0014056224899598394,0.005678714859437751,0.03493172690763052,0.16839357429718876,0.34795180722891567
CHRNB3,0.001718875502008032,0.007566265060240964,0.04563855421686747,0.20534939759036144,0.4115180722891566
CIB2,0.002240963855421687,0.013228915662650602,0.09030522088353414,0.3373172690763052,0.5770682730923695
CIC,0.0010923694779116466,0.002273092369477912,0.008514056224899598,0.07710843373493977,0.16409638554216868
CLASP1,0.0019196787148594377,0.007558232931726907,0.05440160642570281,0.24312449799196786,0.43446586345381527
CLCN4,0.0017028112449799196,0.004883534136546185,0.02971887550200803,0.18395180722891566,0.4136144578313253
CLIP2,0.0016144578313253013,0.00672289156626506,0.02801606425702811,0.2015421686746988,0.41393574297188757
CLN8,0.001502008032128514,0.003943775100401606,0.025012048192771086,0.09065060240963856,0.2610281124497992
CLTC,0.009823293172690763,0.08479518072289156,0.4154377510040161,0.7348755020080321,0.8140160642570281
CLTCL1,0.0054779116465863455,0.03818473895582329,0.26713253012048194,0.6233012048192771,0.7893172690763052
CMIP,0.0022971887550200802,0.012883534136546184,0.09940562248995984,0.32279518072289154,0.5949477911646587
CMPK2,0.0014939759036144578,0.0035100401606425703,0.011269076305220883,0.07085943775100402,0.20553413654618474
CNGB3,0.0017991967871485944,0.004763052208835342,0.022120481927710843,0.131855421686747,0.3490763052208835
CNKSR2,0.004321285140562249,0.04666666666666667,0.2897991967871486,0.6379277108433735,0.7877991967871486
CNOT1,0.0061526104417670684,0.053590361445783136,0.28881124497991967,0.6365863453815261,0.7871084337349398
CNOT3,0.0038795180722891566,0.03224899598393574,0.19646586345381525,0.5336947791164659,0.7530602409638554
CNR1,0.005823293172690763,0.06240963855421687,0.33190361445783134,0.6721686746987952,0.7993333333333333
CNTN3,0.002273092369477912,0.016650602409638553,0.0901285140562249,0.3425622489959839,0.5715341365461848
CNTN4,0.00795983935742972,0.06176706827309237,0.30579116465863454,0.6465381526104418,0.7965542168674699
CNTN5,0.0026345381526104417,0.01491566265060241,0.09543775100401607,0.31828112449799195,0.5943132530120482
CNTN6,0.0026907630522088354,0.020899598393574297,0.15248192771084337,0.4555421686746988,0.6871646586345381
CNTNAP2,0.01567871485943775,0.1251566265060241,0.45067469879518074,0.7413734939759036,0.8165381526104417
CNTNAP3,0.0009879518072289156,0.0012530120481927711,0.002891566265060241,0.029477911646586346,0.06857831325301204
CNTNAP4,0.0034136546184738957,0.021662650602409638,0.12885140562248995,0.40286746987951805,0.7013815261044176
CNTNAP5,0.0022329317269076305,0.011823293172690763,0.07841767068273092,0.296289156626506,0.5492771084337349
COL12A1,0.002353413654618474,0.006449799196787148,0.04869879518072289,0.26467469879518074,0.4464819277108434
COL28A1,0.0011566265060240963,0.001542168674698795,0.003542168674698795,0.016562248995983936,0.09504417670682731
CORO1A,0.0027309236947791163,0.021140562248995985,0.13004819277108434,0.3962008032128514,0.6851244979919678
CPEB4,0.0021285140562248995,0.01776706827309237,0.1378714859437751,0.39319678714859435,0.6008915662650602
CPSF7,0.004032128514056225,0.029526104417670684,0.1769397590361446,0.49981526104417673,0.7562971887550201
CPT2,0.0026265060240963857,0.015397590361445784,0.10063453815261045,0.3510522088353414,0.5599116465863454
CPZ,0.0009317269076305221,0.0011726907630522088,0.0015742971887550202,0.005566265060240964,0.013309236947791165
CREBBP,0.02353413654618474,0.18277911646586345,0.5465943775100401,0.7683373493975904,0.8220803212851405
CRMP1,0.0036144578313253013,0.016843373493975904,0.11725301204819277,0.40434538152610444,0.668289156626506
CSDE1,0.00497991967871486,0.045662650602409635,0.26436144578313253,0.6342168674698795,0.7859116465863454
CSMD1,0.005060240963855421,0.03426506024096385,0.19250602409638554,0.5618072289156627,0.737285140562249
CSMD2,0.0009799196787148594,0.001244979919678715,0.003678714859437751,0.017566265060240963,0.039421686746987955
CSMD3,0.003975903614457831,0.02495582329317269,0.18050602409638555,0.560144578313253,0.7577670682730924
CSNK1E,0.0034859437751004014,0.03207228915662651,0.21247389558232932,0.5500883534136546,0.7294377510040161
CSNK1G1,0.0013092369477911646,0.011975903614457831,0.061903614457831324,0.1451164658634538,0.2629397590361446
CSNK2A1,0.009983935742971888,0.10159036144578314,0.42861044176706825,0.7206506024096385,0.8125060240963855
CSNK2B,0.005879518072289157,0.055967871485943774,0.28363052208835343,0.6691807228915663,0.7894056224899598
CTCF,0.015244979919678716,0.1479839357429719,0.49777510040160644,0.7549236947791165,0.8169156626506024
CTNNA2,0.005598393574297189,0.0473574297188755,0.2974939759036145,0.655012048192771,0.7982088353413654
CTNNA3,0.00514859437751004,0.0663855421686747,0.3280722891566265,0.6763694779116466,0.7968192771084337
CTNNB1,0.03546184738955823,0.26696385542168677,0.654273092369478,0.7977911646586345,0.8262489959839358
CTNND1,0.005831325301204819,0.05424899598393574,0.30419277108433734,0.6723775100401607,0.7980481927710843
CTNND2,0.004867469879518072,0.04412048192771084,0.26356626506024095,0.6158634538152611,0.7952128514056225
CTPS1,0.0035502008032128516,0.017349397590361446,0.11062650602409639,0.3865461847389558,0.6766345381526104
CTR9,0.006345381526104418,0.06126104417670683,0.30325301204819277,0.6362971887550201,0.7956465863453815
CTTNBP2,0.003493975903614458,0.03126907630522088,0.18997590361445782,0.5619196787148595,0.7626827309236948
CUL2,0.005261044176706827,0.04818473895582329,0.29571887550200804,0.6441526104417671,0.794425702811245
CUL3,0.010441767068273093,0.09975903614457832,0.4328995983935743,0.7376224899598394,0.8139277108433735
CUL4B,0.006642570281124498,0.07089156626506024,0.3595261044176707,0.6924819277108434,0.8079437751004016
CUL7,0.009686746987951807,0.06757429718875502,0.3606907630522088,0.687156626506024,0.8053895582329317
CUX1,0.0067951807228915665,0.06023293172690763,0.33881927710843374,0.6762168674698795,0.8027469879518072
CUX2,0.00485140562248996,0.02506024096385542,0.15693975903614457,0.5129477911646586,0.7466586345381526
CX3CR1,0.0031325301204819275,0.025196787148594378,0.17212048192771084,0.4650843373493976,0.6906666666666667
CXXC5,0.0013654618473895582,0.0057028112449799195,0.06457028112449799,0.1851887550200803,0.43094779116465864
CYFIP1,0.010040160642570281,0.0914859437751004,0.4338875502008032,0.72829718875502,0.8148032128514057
CYFIP2,0.0035823293172690764,0.04299598393574297,0.24997590361445785,0.6208995983935743,0.7722730923694779
CYLC2,0.0013413654618473895,0.001285140562248996,0.0013333333333333333,0.001502008032128514,0.0015261044176706827
CYP11B1,0.0020562248995983938,0.00908433734939759,0.05208835341365462,0.2517028112449799,0.4678875502008032
CYP27A1,0.0012931726907630522,0.00193574297188755,0.004931726907630522,0.03682730923694779,0.12514056224899597
CYP27B1,0.003357429718875502,0.02744578313253012,0.20033734939759038,0.4920562248995984,0.6967710843373494
DAGLA,0.0013493975903614457,0.00819277108433735,0.04897991967871486,0.21466666666666667,0.3437429718875502
DAPP1,0.0011004016064257028,0.003991967871485944,0.025317269076305222,0.12670682730923694,0.1402971887550201
DCC,0.0028353413654618473,0.01865863453815261,0.11836947791164659,0.4499437751004016,0.6861204819277108
DDC,0.0038714859437751,0.022947791164658636,0.14885140562248997,0.48240963855421687,0.7016626506024096
DDHD2,0.001461847389558233,0.0034457831325301206,0.019502008032128513,0.11101204819277108,0.24968674698795182
DDX23,0.003895582329317269,0.03208032128514056,0.17377510040160643,0.5090522088353414,0.7423534136546185
DDX3X,0.013028112449799198,0.11978313253012048,0.47497991967871483,0.7404016064257029,0.8147871485943775
DDX53,0.0025301204819277107,0.03172690763052209,0.1855421686746988,0.4802650602409639,0.6787068273092369
DEAF1,0.0013172690763052209,0.0024176706827309237,0.01325301204819277,0.051309236947791166,0.21971887550200803
DENND2B,0.0012771084337349398,0.0032369477911646585,0.01717269076305221,0.072,0.22634538152610442
DENR,0.003244979919678715,0.02580722891566265,0.15863453815261044,0.5129477911646586,0.7290763052208835
DEPDC5,0.003429718875502008,0.029453815261044177,0.2069558232931727,0.5817590361445784,0.758714859437751
DGKI,0.0020883534136546186,0.01610441767068273,0.11820080321285141,0.3680401606425703,0.5458554216867469
DHCR7,0.0014056224899598394,0.0026586345381526106,0.01325301204819277,0.060722891566265064,0.19554216867469879
DHX30,0.0035582329317269076,0.025783132530120483,0.1684738955823293,0.47844176706827307,0.7186666666666667
DHX9,0.011847389558232932,0.11060240963855422,0.4109156626506024,0.7145461847389558,0.8114136546184739
DIP2A,0.001429718875502008,0.005220883534136547,0.026417670682730925,0.16359036144578312,0.36696385542168675
DIP2C,0.0017590361445783134,0.006096385542168675,0.041052208835341365,0.206570281124498,0.47612048192771084
DIPK2A,0.0020160642570281125,0.006297188755020081,0.046602409638554214,0.23753413654618474,0.521421686746988
DISC1,0.0101285140562249,0.08673092369477911,0.38983132530120485,0.7282168674698796,0.8128995983935743
DIXDC1,0.001068273092369478,0.003285140562248996,0.030433734939759035,0.1441285140562249,0.3200803212851406
DLG1,0.01087550200803213,0.10410441767068274,0.41485140562248995,0.7338473895582329,0.8133413654618474
DLG2,0.013437751004016065,0.1117269076305221,0.4322409638554217,0.7329558232931727,0.8138795180722892
DLG3,0.010305220883534137,0.0930843373493976,0.3880321285140562,0.7163052208835341,0.8098393574297189
DLG4,0.026144578313253012,0.1883293172690763,0.5514939759036145,0.7782409638554217,0.8220963855421687
DLGAP1,0.009429718875502008,0.08836947791164658,0.37255421686746987,0.6940160642570281,0.8062248995983936
DLGAP2,0.00846586345381526,0.07380722891566265,0.3341526104417671,0.6785622489959839,0.8060722891566265
DLGAP3,0.006016064257028112,0.06790361445783133,0.3135341365461847,0.6619277108433735,0.8024819277108434
DLL1,0.003895582329317269,0.03912449799196787,0.2551807228915663,0.6040803212851406,0.7536546184738956
DLX2,0.004305220883534137,0.024,0.15362248995983935,0.5428433734939759,0.7590120481927711
DLX3,0.0013734939759036144,0.005847389558232932,0.044674698795180726,0.17797590361445784,0.35288353413654616
DLX6,0.002321285140562249,0.014690763052208835,0.101285140562249,0.38388755020080323,0.600578313253012
DMD,0.005718875502008032,0.039678714859437754,0.25514859437751003,0.6092690763052209,0.7947951807228916
DMPK,0.0020481927710843373,0.011943775100401606,0.09202409638554217,0.30294779116465864,0.5420803212851406
DMWD,0.0012931726907630522,0.003606425702811245,0.026417670682730925,0.1478152610441767,0.3329317269076305
DMXL2,0.0010441767068273093,0.002072289156626506,0.006393574297188755,0.048570281124497995,0.16646586345381525
DNAH10,0.0009558232931726907,0.002240963855421687,0.010995983935742972,0.05673895582329317,0.1172289156626506
DNAH17,0.0012931726907630522,0.003967871485943775,0.014497991967871486,0.07454618473895583,0.20705220883534137
DNAH3,0.001357429718875502,0.002819277108433735,0.016867469879518072,0.07661847389558232,0.20222489959839357
DNAJC5,0.004184738955823293,0.03200803212851406,0.21696385542168675,0.5776947791164658,0.773293172690763
DNER,0.0029879518072289156,0.02059437751004016,0.14351004016064256,0.4762650602409639,0.6966104417670683
DNM1,0.007718875502008032,0.08988755020080322,0.3732690763052209,0.7113734939759037,0.8098875502008032
DNMT3A,0.014971887550200803,0.13472289156626507,0.4670843373493976,0.7505140562248996,0.8161285140562249
DOCK1,0.004273092369477912,0.023453815261044175,0.15463453815261044,0.5334056224899598,0.7481365461847389
DOCK4,0.0047951807228915665,0.044,0.2636465863453815,0.6321124497991968,0.7859678714859438
DOCK8,0.0022971887550200802,0.00904417670682731,0.06628915662650603,0.27034538152610443,0.5463293172690763
DOLK,0.0019437751004016065,0.0074698795180722895,0.04293172690763052,0.19127710843373494,0.42244979919678716
DOP1A,0.001285140562248996,0.0021204819277108435,0.0074939759036144575,0.054602409638554214,0.15875502008032127
DOT1L,0.00910843373493976,0.09315662650602409,0.3550602409638554,0.6863132530120482,0.8036867469879518
DPP10,0.004698795180722892,0.04232931726907631,0.22830522088353414,0.5667469879518072,0.7714698795180723
DPP3,0.0014698795180722892,0.005767068273092369,0.04208835341365462,0.1428995983935743,0.3312289156626506
DPP4,0.0035502008032128516,0.022674698795180723,0.1592128514056225,0.5212530120481927,0.7553172690763053
DPP6,0.005244979919678715,0.038289156626506025,0.2128433734939759,0.555421686746988,0.7708112449799197
DPYD,0.0038313253012048193,0.02700401606425703,0.15619277108433735,0.4295341365461847,0.720714859437751
DPYSL2,0.0065783132530120485,0.05219277108433735,0.29914859437751,0.6520883534136546,0.7914779116465863
DPYSL3,0.0029156626506024095,0.014409638554216867,0.10112449799196788,0.35566265060240965,0.5984979919678715
DPYSL5,0.00327710843373494,0.015164658634538152,0.10805622489959839,0.32911646586345383,0.6672610441767068
DRD1,0.007293172690763052,0.06697188755020081,0.33085140562248994,0.6873333333333334,0.8011164658634539
DRD2,0.01314859437751004,0.11292369477911647,0.43004819277108436,0.7306506024096385,0.8149638554216867
DRD3,0.005301204819277108,0.04759036144578313,0.25946987951807227,0.625132530120482,0.789710843373494
DSCAM,0.006899598393574297,0.0616144578313253,0.3143855421686747,0.6862730923694779,0.8018393574297189
DST,0.0022008032128514056,0.011196787148594378,0.073285140562249,0.34439357429718875,0.5558795180722892
DUSP15,0.001004016064257028,0.0013975903614457832,0.0035100401606425703,0.023590361445783133,0.06579116465863454
DVL3,0.005622489959839358,0.051807228915662654,0.3002248995983936,0.6568353413654618,0.8007228915662651
DYDC1,0.002112449799196787,0.018353413654618473,0.14272289156626505,0.4266425702811245,0.5961686746987952
DYDC2,0.002273092369477912,0.019325301204819276,0.13632128514056224,0.40159839357429716,0.6382329317269076
DYNC1H1,0.005614457831325301,0.04350200803212852,0.269710843373494,0.6151807228915662,0.7856144578313253
DYRK1A,0.011269076305220883,0.10632931726907631,0.4702650602409639,0.7385301204819277,0.8158875502008032
EBF3,0.001542168674698795,0.016,0.10442570281124498,0.315574297188755,0.47435341365461847
ECPAS,0.002755020080321285,0.014176706827309237,0.10895582329317269,0.36360642570281126,0.63285140562249
EEF1A2,0.0041365461847389555,0.04916465863453815,0.29925301204819277,0.6603293172690763,0.7918393574297189
EGR3,0.0020963855421686746,0.023759036144578312,0.17490763052208835,0.4484497991967871,0.6135421686746988
EHMT1,0.008273092369477911,0.09028112449799197,0.37283534136546187,0.7007550200803213,0.8045863453815261
EIF3F,0.004730923694779117,0.04305220883534137,0.24617670682730924,0.6092449799196787,0.7831967871485944
EIF3G,0.0045863453815261045,0.03639357429718876,0.20533333333333334,0.5786345381526105,0.7579357429718876
EIF4E,0.011437751004016065,0.09616867469879518,0.4315903614457831,0.7317911646586346,0.813582329317269
EIF4G1,0.009156626506024097,0.07876305220883534,0.37861044176706826,0.7035903614457831,0.8059759036144578
EIF5A,0.005863453815261044,0.04667469879518072,0.27351807228915664,0.6466265060240964,0.7930602409638554
ELAVL2,0.004674698795180723,0.044016064257028115,0.27836947791164657,0.6182891566265061,0.7944899598393574
ELAVL3,0.0026104417670682733,0.02585542168674699,0.19263453815261045,0.5040481927710844,0.7128273092369478
ELOVL2,0.0010923694779116466,0.003389558232931727,0.02221686746987952,0.1584578313253012,0.2028433734939759
ELP2,0.0024497991967871485,0.011156626506024097,0.08564658634538153,0.3164819277108434,0.5878714859437751
ELP4,0.0027951807228915665,0.013614457831325302,0.09745381526104417,0.3929799196787149,0.6272289156626506
EMSY,0.0027951807228915665,0.02472289156626506,0.1683132530120482,0.4891244979919679,0.7145542168674699
EN2,0.0019518072289156627,0.011285140562248996,0.08371887550200803,0.3555823293172691,0.5124497991967871
ENOX2,0.0011485943775100401,0.0015502008032128513,0.0037670682730923696,0.023076305220883536,0.09987951807228916
ENPP1,0.0038393574297188753,0.012160642570281124,0.07375100401606426,0.3727951807228916,0.6851887550200804
EP300,0.03224899598393574,0.22338152610441767,0.595004016064257,0.7855341365461848,0.8235903614457831
EP400,0.009606425702811245,0.10322088353413654,0.38873895582329315,0.7022088353413655,0.8100562248995984
EPC2,0.0034779116465863454,0.026883534136546185,0.19742168674698796,0.5296465863453815,0.7523614457831326
EPHA1,0.00455421686746988,0.04249799196787148,0.2459839357429719,0.6255180722891567,0.784586345381526
EPHB1,0.0034136546184738957,0.022570281124497993,0.16553413654618473,0.4952690763052209,0.7325943775100402
EPHB2,0.005429718875502008,0.054506024096385546,0.29491566265060243,0.6417991967871486,0.7812048192771084
EPPK1,0.0014216867469879519,0.00248995983935743,0.01325301204819277,0.07236947791164659,0.3586827309236948
ERBIN,0.006401606425702811,0.0646987951807229,0.32800803212851404,0.6683293172690763,0.8032449799196787
ERG,0.0017590361445783134,0.02420883534136546,0.15832128514056226,0.362570281124498,0.6200883534136546
ERMN,0.0015983935742971888,0.007815261044176706,0.07506024096385543,0.2363855421686747,0.42379116465863453
ESR2,0.006875502008032128,0.07701204819277109,0.39111646586345383,0.7114538152610442,0.8102329317269076
ESRRB,0.002971887550200803,0.026409638554216866,0.1716144578313253,0.472144578313253,0.7154618473895582
ETFB,0.0022329317269076305,0.00563855421686747,0.024947791164658634,0.14345381526104417,0.4317991967871486
EXOC3,0.004441767068273092,0.029429718875502008,0.20015261044176708,0.5567550200803213,0.7694056224899598
EXOC5,0.0036947791164658635,0.028096385542168676,0.18513253012048192,0.5158875502008032,0.7167469879518072
EXOC6,0.003220883534136546,0.020377510040160644,0.12852208835341367,0.4219598393574297,0.6967309236947791
EXOC6B,0.0022248995983935745,0.01193574297188755,0.073285140562249,0.32350200803212853,0.5929397590361446
EXT1,0.0025060240963855423,0.008120481927710843,0.05630522088353414,0.21114859437751005,0.5166827309236948
FABP4,0.00497991967871486,0.052698795180722895,0.28819277108433733,0.6420963855421686,0.8006024096385542
FABP5,0.0013012048192771084,0.005397590361445783,0.05003212851405622,0.17180722891566266,0.19261847389558234
FAM47A,0.0016867469879518072,0.004176706827309237,0.02514859437751004,0.129285140562249,0.39227309236947794
FAM53C,0.0015903614457831326,0.01210441767068273,0.09485140562248996,0.33105220883534137,0.49465060240963854
FAM98C,0.001429718875502008,0.001895582329317269,0.0029477911646586343,0.008200803212851406,0.0370281124497992
FAN1,0.0015903614457831326,0.01006425702811245,0.060265060240963855,0.172144578313253,0.30977510040160644
FAT1,0.004514056224899599,0.05533333333333333,0.32162248995983933,0.6677590361445783,0.793718875502008
FBN1,0.0035582329317269076,0.02489156626506024,0.17759036144578313,0.4826666666666667,0.7000481927710843
FBRSL1,0.0013172690763052209,0.007028112449799197,0.052538152610441764,0.22372690763052208,0.35522088353413656
FBXL13,0.0012610441767068273,0.006329317269076306,0.04943775100401607,0.1865301204819277,0.34386345381526107
FBXO11,0.0036144578313253013,0.027172690763052208,0.16280321285140562,0.4707309236947791,0.7113253012048193
FBXO33,0.002465863453815261,0.007863453815261044,0.03979919678714859,0.24102008032128514,0.5089317269076306
FBXO40,0.0045863453815261045,0.04491566265060241,0.26296385542168677,0.595855421686747,0.7842650602409639
FEZF2,0.0038313253012048193,0.02204016064257028,0.1503453815261044,0.48130923694779115,0.736144578313253
FGA,0.00327710843373494,0.020056224899598393,0.13454618473895583,0.46480321285140563,0.7265381526104417
FGF13,0.005421686746987952,0.06804016064257028,0.3539036144578313,0.6968995983935743,0.8063935742971887
FGF14,0.0022650602409638554,0.020136546184738955,0.14398393574297189,0.42052208835341365,0.6635261044176707
FGFR1,0.009983935742971888,0.10123694779116466,0.4560401606425703,0.7409076305220883,0.8151164658634538
FHIT,0.004016064257028112,0.02993574297188755,0.1936144578313253,0.5378313253012048,0.7663293172690763
FLNA,0.009309236947791165,0.08842570281124498,0.41401606425702814,0.7312369477911647,0.8129558232931727
FMR1,0.02102008032128514,0.1864578313253012,0.5942570281124498,0.7835020080321285,0.8242008032128514
FOXG1,0.008698795180722892,0.0845140562248996,0.39595983935742973,0.7256867469879518,0.8119357429718875
FOXP1,0.005959839357429719,0.05551004016064257,0.31463453815261044,0.6681686746987952,0.8041204819277108
FOXP2,0.007718875502008032,0.06808835341365461,0.3719196787148594,0.6919598393574298,0.8053092369477912
FRG1,0.002080321285140562,0.015180722891566266,0.10336546184738955,0.3712369477911647,0.5942489959839358
FRK,0.0011244979919678715,0.007309236947791164,0.04820883534136546,0.220570281124498,0.2387389558232932
FRMD5,0.0010763052208835342,0.002248995983935743,0.01176706827309237,0.05678714859437751,0.15328514056224898
FRMPD4,0.0019277108433734939,0.01717269076305221,0.11797590361445782,0.3699518072289157,0.6173172690763052
FRRS1L,0.0017590361445783134,0.012963855421686748,0.1069718875502008,0.3458393574297189,0.4852449799196787
FRYL,0.0027309236947791163,0.019381526104417672,0.15951004016064257,0.46191967871485945,0.6500722891566265
FXN,0.0020562248995983938,0.013751004016064257,0.10098795180722892,0.36399196787148597,0.5461847389558233
G3BP2,0.004481927710843374,0.03216867469879518,0.21383132530120483,0.5473734939759036,0.7683052208835341
GABBR2,0.007678714859437751,0.06785542168674699,0.2978152610441767,0.6501927710843374,0.7953975903614457
GABRA2,0.005670682730923695,0.05057831325301205,0.2572530120481928,0.6089156626506024,0.7875502008032128
GABRA3,0.005349397590361446,0.050626506024096386,0.26310843373493975,0.620425702811245,0.7844819277108434
GABRA4,0.0061606425702811244,0.054803212851405624,0.27360642570281124,0.6335341365461847,0.791566265060241
GABRB2,0.007606425702811245,0.06467469879518073,0.2983132530120482,0.6376305220883535,0.7984417670682731
GABRB3,0.010859437751004015,0.09448995983935743,0.3785140562248996,0.7086425702811245,0.8110843373493976
GABRG2,0.00910843373493976,0.07776706827309236,0.3229879518072289,0.6708755020080321,0.8013734939759036
GABRG3,0.004955823293172691,0.039052208835341364,0.22326104417670684,0.5966024096385543,0.7826666666666666
GALNT10,0.0013975903614457832,0.005180722891566265,0.03792771084337349,0.16648995983935744,0.3489718875502008
GALNT13,0.003004016064257028,0.014160642570281124,0.09026506024096385,0.318425702811245,0.6489317269076306
GALNT14,0.0011485943775100401,0.0016947791164658634,0.006281124497991968,0.02334136546184739,0.09249799196787148
GALNT2,0.001678714859437751,0.0048112449799196785,0.03795180722891566,0.17239357429718877,0.37463453815261044
GALNT8,0.0011566265060240963,0.001678714859437751,0.00593574297188755,0.030353413654618473,0.07935742971887551
GAS2,0.0013012048192771084,0.00308433734939759,0.019566265060240964,0.12859437751004016,0.2449718875502008
GATM,0.0018072289156626507,0.007919678714859438,0.08669076305220884,0.2176144578313253,0.34122088353413654
GBE1,0.001542168674698795,0.00236144578313253,0.007919678714859438,0.08053815261044177,0.11990361445783132
GDA,0.002755020080321285,0.014457831325301205,0.09661044176706828,0.3425863453815261,0.5938634538152611
GFAP,0.012819277108433735,0.1336546184738956,0.516722891566265,0.764867469879518,0.8197188755020081
GGNBP2,0.00163855421686747,0.005461847389558233,0.02731726907630522,0.11804016064257028,0.27433734939759036
GIGYF1,0.0025220883534136547,0.015076305220883534,0.11134136546184739,0.39192771084337347,0.6502088353413654
GIGYF2,0.005734939759036144,0.03836144578313253,0.2361124497991968,0.6231084337349397,0.7833012048192771
GLI3,0.005542168674698795,0.05188755020080321,0.27837751004016065,0.6615261044176707,0.7923935742971887
GLIS1,0.001823293172690763,0.005277108433734939,0.03261847389558233,0.16211244979919678,0.393855421686747
GLO1,0.0026586345381526106,0.010224899598393575,0.05552610441767068,0.2874618473895582,0.5885863453815261
GLRA2,0.002104417670682731,0.013759036144578313,0.10688353413654618,0.37555020080321283,0.5337991967871486
GLS,0.00193574297188755,0.0063775100401606425,0.040353413654618475,0.2111566265060241,0.39118072289156625
GNAI1,0.007285140562248996,0.05880321285140562,0.31131726907630525,0.6721606425702811,0.8039277108433734
GNAS,0.008602409638554217,0.07440963855421687,0.37896385542168676,0.715140562248996,0.8097670682730924
GNB1L,0.001678714859437751,0.006618473895582329,0.06218473895582329,0.2539598393574297,0.406281124497992
GNB2,0.008554216867469879,0.06192771084337349,0.31945381526104416,0.6649799196787148,0.8023052208835342
GPC4,0.003598393574297189,0.015815261044176708,0.11848995983935744,0.4363694779116466,0.687437751004016
GPC5,0.0025060240963855423,0.007220883534136547,0.036714859437751005,0.22901204819277107,0.5690200803212851
GPC6,0.0026907630522088354,0.011477911646586346,0.07232128514056226,0.3468433734939759,0.617293172690763
GPD2,0.0020963855421686746,0.004497991967871486,0.02653012048192771,0.1677429718875502,0.42212048192771084
GPHN,0.008522088353413655,0.08777510040160642,0.3664016064257028,0.7055582329317269,0.810417670682731
GPR37,0.0022329317269076305,0.009405622489959839,0.06807228915662651,0.28518072289156626,0.5518714859437751
GPR85,0.0010200803212851407,0.0010522088353413655,0.0033092369477911647,0.009686746987951807,0.06779116465863454
GRB10,0.0033012048192771083,0.0243855421686747,0.17342971887550201,0.5381285140562249,0.708433734939759
GRIA1,0.019044176706827308,0.14266666666666666,0.48626506024096383,0.7572449799196788,0.8191325301204819
GRIA2,0.01783132530120482,0.14346184738955822,0.49410441767068275,0.75314859437751,0.8176867469879519
GRIA3,0.009405622489959839,0.08026506024096386,0.3381847389558233,0.6832690763052209,0.8028032128514057
GRID1,0.0034056224899598393,0.034626506024096386,0.21006425702811246,0.5423373493975904,0.769855421686747
GRID2,0.008473895582329317,0.07389558232931727,0.33437751004016064,0.6673815261044177,0.8006586345381526
GRID2IP,0.00121285140562249,0.004931726907630522,0.041244979919678716,0.1308995983935743,0.2911566265060241
GRIK2,0.01046586345381526,0.08938955823293172,0.3511164658634538,0.7027550200803213,0.8061927710843374
GRIK3,0.007180722891566265,0.06836947791164659,0.30336546184738955,0.6546586345381527,0.7992690763052209
GRIK4,0.006104417670682731,0.06006425702811245,0.2802008032128514,0.6203694779116465,0.791991967871486
GRIK5,0.009734939759036144,0.08032128514056225,0.3212289156626506,0.6592449799196787,0.8010361445783133
GRIN1,0.013863453815261044,0.11767871485943775,0.4400803212851406,0.7328433734939759,0.8156947791164658
GRIN2A,0.019526104417670682,0.15516465863453816,0.496714859437751,0.7542730923694779,0.8190843373493976
GRIN2B,0.02517269076305221,0.19125301204819278,0.5677831325301205,0.7799839357429719,0.8224658634538152
GRIP1,0.007911646586345382,0.07387951807228915,0.3429879518072289,0.6839839357429719,0.8080240963855422
GRK4,0.0014939759036144578,0.005534136546184739,0.037622489959839356,0.22453012048192772,0.38
GRM5,0.01497991967871486,0.12012048192771084,0.4524016064257028,0.7349076305220884,0.8156465863453816
GRM7,0.005646586345381526,0.051365461847389556,0.25991967871485944,0.6107951807228915,0.7856546184738956
GSE1,0.0029879518072289156,0.027855421686746987,0.1686586345381526,0.4702168674698795,0.7151807228915663
GSPT2,0.002248995983935743,0.00976706827309237,0.07660240963855422,0.31260240963855424,0.5653654618473896
GSTM1,0.0018473895582329317,0.008224899598393575,0.05806425702811245,0.23338955823293173,0.5283453815261044
GTF2I,0.0028273092369477913,0.02376706827309237,0.15619277108433735,0.46252208835341363,0.6858072289156627
GUCY1A2,0.0023453815261044175,0.015349397590361446,0.09254618473895582,0.3128032128514056,0.51770281124498
H1-4,0.0026184738955823293,0.03611244979919679,0.20736546184738955,0.5336947791164659,0.6909156626506024
H2BC11,0.014963855421686746,0.12881927710843374,0.4435261044176707,0.733871485943775,0.812562248995984
H3-3B,0.02857831325301205,0.21260240963855423,0.581566265060241,0.7794859437751004,0.8230522088353414
H4C11,0.005927710843373494,0.07443373493975904,0.32956626506024095,0.6650682730923695,0.7970522088353413
H4C3,0.006441767068273092,0.0720562248995984,0.3293092369477912,0.6530200803212851,0.7987228915662651
H4C5,0.005983935742971887,0.07159036144578314,0.31133333333333335,0.6535421686746988,0.7983453815261045
HACE1,0.0015582329317269075,0.006514056224899599,0.043775100401606426,0.20286746987951806,0.3825461847389558
HCFC1,0.009526104417670683,0.09275502008032128,0.3752610441767068,0.7081044176706828,0.8090441767068273
HCN1,0.0009477911646586345,0.00357429718875502,0.01667469879518072,0.08828915662650602,0.09678714859437751
HDAC4,0.012554216867469879,0.12738152610441766,0.49138955823293173,0.7555341365461847,0.8162730923694779
HDAC8,0.008779116465863454,0.09739759036144578,0.4022971887550201,0.7041927710843373,0.8089558232931727
HDLBP,0.0027309236947791163,0.016899598393574296,0.111285140562249,0.3835261044176707,0.6349799196787148
HECTD1,0.0022891566265060242,0.014417670682730924,0.08738152610441767,0.31058634538152613,0.5688353413654619
HECTD4,0.0009076305220883534,0.0018473895582329317,0.003461847389558233,0.035991967871485946,0.11367871485943776
HECW2,0.0014698795180722892,0.005365461847389558,0.04940562248995984,0.1642570281124498,0.3361526104417671
HEPACAM,0.001542168674698795,0.004008032128514056,0.031012048192771084,0.1134136546184739,0.32710843373493975
HERC1,0.0020160642570281125,0.008224899598393575,0.058626506024096386,0.3076224899598394,0.5465220883534136
HERC2,0.003469879518072289,0.027044176706827308,0.20749397590361446,0.5265140562248996,0.7393574297188755
HIVEP2,0.001461847389558233,0.007132530120481928,0.06487550200803213,0.2066425702811245,0.36439357429718877
HIVEP3,0.002321285140562249,0.008281124497991968,0.06265060240963856,0.3091967871485944,0.5566586345381526
HLA-A,0.00478714859437751,0.037686746987951804,0.22946184738955824,0.5773493975903614,0.7502409638554217
HLA-B,0.0034538152610441766,0.013204819277108433,0.09984738955823293,0.33167871485943773,0.6173815261044177
HLA-DPB1,0.003285140562248996,0.018128514056224898,0.11924497991967871,0.4219116465863454,0.6621847389558233
HLA-DRB1,0.0035100401606425703,0.01746987951807229,0.13563855421686746,0.48456224899598394,0.659437751004016
HLA-G,0.0028032128514056225,0.010570281124497993,0.05791967871485944,0.28560642570281125,0.564136546184739
HMGN1,0.0061526104417670684,0.052248995983935745,0.2879437751004016,0.6194939759036144,0.7919839357429719
HNRNPD,0.009718875502008032,0.08273092369477912,0.3727389558232932,0.6989397590361446,0.807566265060241
HNRNPF,0.00606425702811245,0.04570281124497992,0.2520401606425703,0.611277108433735,0.785991967871486
HNRNPH2,0.004570281124497992,0.037823293172690765,0.22640963855421686,0.5768433734939759,0.7804738955823293
HNRNPK,0.013204819277108433,0.11632128514056225,0.4634056224899598,0.7394457831325301,0.8168915662650602
HNRNPL,0.008240963855421687,0.0659437751004016,0.3325461847389558,0.6696064257028113,0.801285140562249
HNRNPR,0.005895582329317269,0.05056224899598394,0.28151004016064257,0.6254939759036144,0.7912690763052209
HNRNPU,0.010353413654618475,0.1009558232931727,0.4274698795180723,0.7269959839357429,0.8112449799196787
HNRNPUL2,0.0026265060240963857,0.017004016064257027,0.11861044176706827,0.4246746987951807,0.6596626506024096
HOMER1,0.009879518072289156,0.0979277108433735,0.4046425702811245,0.7295823293172691,0.8132369477911646
HOXA1,0.0026907630522088354,0.03725301204819277,0.20534939759036144,0.5042088353413655,0.7163052208835341
HRAS,0.015293172690763052,0.14486746987951807,0.5387309236947792,0.7709076305220883,0.8197429718875502
HS3ST5,0.0026666666666666666,0.014795180722891566,0.08235341365461847,0.29810441767068274,0.5452208835341366
HSD11B1,0.0022008032128514056,0.008369477911646587,0.07808835341365462,0.3055100401606426,0.449574297188755
HTR1B,0.004184738955823293,0.04011244979919679,0.21171084337349397,0.5547871485943775,0.7666827309236948
HTR2C,0.006682730923694779,0.06407228915662651,0.30180722891566264,0.6524337349397591,0.8000321285140563
HTR3A,0.004329317269076306,0.047911646586345384,0.24463453815261044,0.5789638554216867,0.7864738955823293
HTR3C,0.0034779116465863454,0.03895582329317269,0.18919678714859436,0.5361927710843374,0.7425461847389558
HUWE1,0.009983935742971888,0.09158232931726908,0.4050522088353414,0.7209718875502008,0.8088514056224899
HYDIN,0.0028835341365461846,0.009967871485943774,0.06308433734939758,0.2774859437751004,0.5800562248995984
ICA1,0.0013012048192771084,0.002763052208835341,0.021349397590361446,0.0767710843373494,0.19061044176706826
IGF1,0.010184738955823293,0.10646586345381526,0.45606425702811243,0.7438232931726908,0.8169799196787149
IKZF1,0.008602409638554217,0.0880562248995984,0.3673012048192771,0.6979759036144578,0.8079116465863454
IL1R2,0.0020883534136546186,0.0077028112449799195,0.06224096385542169,0.2439437751004016,0.5057751004016064
IL1RAPL1,0.006674698795180723,0.05463453815261044,0.2926104417670683,0.6484417670682731,0.7897429718875502
IL1RAPL2,0.001180722891566265,0.004441767068273092,0.040176706827309235,0.1426425702811245,0.3575100401606426
ILF2,0.007734939759036144,0.07416867469879518,0.3372690763052209,0.6784417670682731,0.8007871485943775
IMMP2L,0.002867469879518072,0.018779116465863454,0.1168433734939759,0.41212048192771084,0.6613895582329318
INPP1,0.0017028112449799196,0.010690763052208835,0.07518072289156627,0.22463453815261045,0.4243293172690763
INTS1,0.0020160642570281125,0.01357429718875502,0.10254618473895583,0.37955020080321283,0.6010682730923694
INTS6,0.0022008032128514056,0.015526104417670683,0.12048192771084337,0.45954216867469877,0.5801686746987952
IQGAP3,0.0026345381526104417,0.01873895582329317,0.11245783132530121,0.35342168674698793,0.6233815261044177
IQSEC2,0.005180722891566265,0.05422489959839358,0.3117269076305221,0.6502489959839357,0.7895180722891566
IRF2BPL,0.0009317269076305221,0.006947791164658635,0.049951807228915665,0.11168674698795181,0.15257831325301205
IRX5,0.0014859437751004016,0.006682730923694779,0.055710843373493975,0.20239357429718877,0.45020883534136547
ITGA8,0.0024738955823293174,0.02125301204819277,0.12570281124497992,0.41914859437751006,0.694
ITGB3,0.0067951807228915665,0.05700401606425703,0.31639357429718873,0.6888674698795181,0.8022730923694779
ITPR1,0.011228915662650602,0.09730923694779116,0.4033975903614458,0.7263614457831326,0.8129477911646587
ITSN1,0.007445783132530121,0.054080321285140565,0.3220321285140562,0.6557349397590362,0.7986184738955824
JARID2,0.0076947791164658635,0.0710441767068273,0.3213975903614458,0.6556787148594377,0.7965381526104418
JMJD1C,0.004875502008032128,0.042658634538152614,0.2411004016064257,0.5938795180722891,0.7788112449799197
KANK1,0.0025140562248995983,0.022570281124497993,0.1306987951807229,0.502425702811245,0.6798152610441767
KANSL1,0.005662650602409639,0.054305220883534136,0.31455421686746987,0.6394457831325301,0.7960240963855422
KAT2B,0.01389558232931727,0.1257429718875502,0.4436385542168675,0.735285140562249,0.8132289156626507
KAT6A,0.008602409638554217,0.08576706827309237,0.33717269076305223,0.6706746987951807,0.7961285140562249
KAT6B,0.005975903614457831,0.058008032128514055,0.2857751004016064,0.6309638554216868,0.7905542168674698
KATNAL1,0.0015662650602409638,0.005124497991967871,0.028008032128514056,0.15426506024096384,0.3747710843373494
KATNAL2,0.004449799196787149,0.041734939759036145,0.2601124497991968,0.5997590361445783,0.7570923694779117
KCNA2,0.009911646586345382,0.07900401606425703,0.3313895582329317,0.6746184738955824,0.803863453815261
KCNA3,0.005140562248995984,0.04414457831325301,0.22496385542168676,0.5833574297188755,0.7724899598393574
KCNB1,0.007518072289156626,0.0621285140562249,0.27553413654618475,0.6403614457831325,0.7937590361445783
KCNC1,0.00819277108433735,0.07479518072289157,0.3209879518072289,0.6706265060240963,0.8018152610441767
KCNC2,0.004698795180722892,0.03131726907630522,0.1773413654618474,0.5242248995983936,0.7468353413654618
KCND2,0.009582329317269076,0.08081927710843373,0.3365381526104418,0.6827389558232931,0.8044257028112449
KCND3,0.0065783132530120485,0.044971887550200804,0.22816867469879518,0.5955261044176707,0.7819759036144578
KCNH1,0.003887550200803213,0.032819277108433735,0.1938152610441767,0.528714859437751,0.7553413654618474
KCNH5,0.003285140562248996,0.022433734939759035,0.15448995983935743,0.47492369477911645,0.7361124497991968
KCNH7,0.0021767068273092368,0.012152610441767069,0.07982329317269077,0.27553413654618475,0.5577991967871486
KCNJ10,0.005325301204819277,0.043373493975903614,0.2467710843373494,0.5825301204819278,0.782144578313253
KCNJ15,0.0015823293172690764,0.005622489959839358,0.0391566265060241,0.17277911646586344,0.3659116465863454
KCNMA1,0.006305220883534137,0.046562248995983935,0.262570281124498,0.5959759036144578,0.7858714859437751
KCNN2,0.003461847389558233,0.0268995983935743,0.15395180722891566,0.4838714859437751,0.7239116465863454
KCNQ2,0.012987951807228915,0.10327710843373494,0.40766265060240964,0.7138714859437751,0.8100562248995984
KCNQ3,0.00872289156626506,0.06422489959839357,0.30362248995983937,0.6527550200803213,0.7985783132530121
KCNS3,0.0029156626506024095,0.015309236947791165,0.08563052208835341,0.35008032128514055,0.6681767068273092
KCTD13,0.002168674698795181,0.01351004016064257,0.10632931726907631,0.3493012048192771,0.5347791164658634
KDM1A,0.01620883534136546,0.14075502008032129,0.4612128514056225,0.7385140562248996,0.8157028112449799
KDM1B,0.0070602409638554214,0.054305220883534136,0.2723132530120482,0.622578313253012,0.7824096385542169
KDM2A,0.008682730923694778,0.08297188755020081,0.33880321285140563,0.6680642570281125,0.8013815261044177
KDM2B,0.007453815261044177,0.07751004016064257,0.31771887550200806,0.6629638554216868,0.8004417670682731
KDM3A,0.006939759036144578,0.06891566265060241,0.3198152610441767,0.6636144578313253,0.7996465863453815
KDM3B,0.007550200803212851,0.07640160642570282,0.32831325301204817,0.6777991967871486,0.8022329317269077
KDM4B,0.007140562248995984,0.07597590361445783,0.35005622489959837,0.6679196787148595,0.7994779116465863
KDM4C,0.00521285140562249,0.054803212851405624,0.2738313253012048,0.5945060240963855,0.7770200803212851
KDM5A,0.009630522088353414,0.08217670682730924,0.3434618473895582,0.6753092369477912,0.8035100401606425
KDM5B,0.009911646586345382,0.09910843373493976,0.40325301204819275,0.710706827309237,0.8109638554216867
KDM5C,0.014008032128514055,0.13013654618473897,0.47968674698795183,0.7512369477911647,0.814859437751004
KDM6A,0.01953413654618474,0.15524497991967873,0.5025863453815261,0.7534618473895582,0.8182570281124498
KDM6B,0.014240963855421687,0.1296546184738956,0.44706827309236946,0.7304658634538153,0.8132771084337349
KHDRBS2,0.002192771084337349,0.014971887550200803,0.11661044176706828,0.3780722891566265,0.5589638554216867
KIAA0232,0.0012048192771084338,0.004088353413654619,0.037799196787148596,0.13801606425702811,0.23636144578313253
KIF13B,0.0018072289156626507,0.01297991967871486,0.0732289156626506,0.2698714859437751,0.5587630522088354
KIF14,0.003975903614457831,0.021445783132530122,0.15183132530120483,0.47320481927710845,0.7323052208835341
KIF1A,0.005975903614457831,0.042160642570281126,0.23657831325301204,0.6054216867469879,0.7780883534136546
KIF5C,0.004016064257028112,0.0309718875502008,0.20632128514056225,0.5525301204819277,0.7549156626506024
KIRREL3,0.0028353413654618473,0.014931726907630522,0.1170281124497992,0.36290763052208835,0.5924819277108434
KIZ,0.0012530120481927711,0.0028514056224899598,0.01402409638554217,0.06863453815261045,0.19670682730923694
KLF16,0.0015662650602409638,0.01195983935742972,0.07934136546184739,0.24397590361445784,0.3872048192771084
KLF7,0.0014939759036144578,0.005959839357429719,0.04195983935742972,0.17744578313253012,0.3340160642570281
KLHL20,0.002184738955823293,0.008546184738955824,0.06319678714859438,0.2854377510040161,0.5700562248995984
KMT2A,0.016979919678714858,0.14416867469879519,0.46951807228915665,0.7429879518072289,0.8162730923694779
KMT2B,0.007734939759036144,0.0814859437751004,0.33551004016064256,0.6698232931726907,0.7984819277108434
KMT2C,0.01481124497991968,0.13057831325301206,0.460144578313253,0.7380883534136546,0.8160883534136546
KMT2D,0.014473895582329317,0.13291566265060242,0.4625622489959839,0.7462489959839358,0.8147550200803213
KMT2E,0.010313253012048192,0.08701204819277109,0.35773493975903614,0.6825943775100402,0.8048032128514057
KMT5B,0.007020080321285141,0.06681124497991968,0.3308273092369478,0.6843212851405622,0.7999598393574298
KNG1,0.00606425702811245,0.04024899598393574,0.2376867469879518,0.6084899598393574,0.7792610441767068
KPTN,0.0016626506024096386,0.007164658634538153,0.07118072289156627,0.2677991967871486,0.4096867469879518
KRR1,0.0033333333333333335,0.0163855421686747,0.13118072289156626,0.4408433734939759,0.7050682730923695
KSR2,0.0020883534136546186,0.01442570281124498,0.12085140562248996,0.4211004016064257,0.640441767068273
LAMA1,0.0033172690763052207,0.022369477911646587,0.13798393574297188,0.43938152610441766,0.709726907630522
LAMB1,0.0032048192771084337,0.016,0.11461847389558233,0.38632128514056224,0.6676144578313253
LARP1,0.004666666666666667,0.05028112449799197,0.274995983935743,0.5773815261044176,0.7723132530120482
LAS1L,0.0034779116465863454,0.030730923694779116,0.188,0.5036064257028112,0.6951244979919678
LDB1,0.004184738955823293,0.03242570281124498,0.2021124497991968,0.5457590361445783,0.7456305220883535
LDLR,0.0029477911646586343,0.01672289156626506,0.11326104417670682,0.40634538152610444,0.6919759036144578
LEMD3,0.0025622489959839356,0.026963855421686746,0.1773413654618474,0.4867951807228916,0.737285140562249
LEO1,0.0063855421686746985,0.0656144578313253,0.30091566265060243,0.6581285140562249,0.7944738955823293
LEP,0.007927710843373494,0.07613654618473896,0.38555020080321284,0.7215903614457831,0.808289156626506
LHX2,0.005068273092369478,0.022281124497991966,0.13796787148594378,0.4649156626506024,0.7339277108433735
LILRB2,0.002329317269076305,0.011678714859437752,0.0758714859437751,0.33329317269076303,0.5892530120481928
LIN7B,0.00497991967871486,0.048329317269076306,0.2553574297188755,0.59485140562249,0.7886907630522089
LMX1B,0.004152610441767068,0.022706827309236947,0.15001606425702813,0.5108353413654618,0.7152610441767068
LNPK,0.0011244979919678715,0.003028112449799197,0.01233734939759036,0.07416064257028113,0.14622489959839358
LRBA,0.0012208835341365463,0.002546184738955823,0.010377510040160643,0.052907630522088356,0.18415261044176706
LRFN2,0.0033092369477911647,0.03971887550200803,0.20971084337349397,0.5534618473895583,0.7500080321285141
LRFN5,0.005228915662650603,0.042891566265060244,0.2345301204819277,0.5754698795180723,0.7803373493975904
LRP1,0.003823293172690763,0.03053012048192771,0.18350200803212852,0.5502008032128514,0.7325381526104418
LRP2,0.00508433734939759,0.03253012048192771,0.20217670682730923,0.5977188755020081,0.7719839357429719
LRRC1,0.0014538152610441767,0.009373493975903615,0.048714859437751,0.24905220883534138,0.42173493975903614
LRRC4,0.002714859437751004,0.026779116465863454,0.17599196787148594,0.43832128514056223,0.668289156626506
LRRC4C,0.003325301204819277,0.03114859437751004,0.18997590361445782,0.4962008032128514,0.762722891566265
LZTR1,0.003502008032128514,0.03588755020080321,0.2340562248995984,0.5697911646586346,0.7582409638554217
LZTS2,0.0018875502008032128,0.029919678714859437,0.19759036144578312,0.47615261044176704,0.619004016064257
MACF1,0.002859437751004016,0.02023293172690763,0.12343775100401606,0.4392208835341365,0.6650843373493975
MACROD2,0.002995983935742972,0.01691566265060241,0.1262248995983936,0.45644979919678713,0.700433734939759
MADD,0.00193574297188755,0.007759036144578313,0.03389558232931727,0.17660240963855423,0.40603212851405623
MAGEC3,0.0016305220883534137,0.013751004016064257,0.1142570281124498,0.3414859437751004,0.42131726907630523
MAGEL2,0.003172690763052209,0.02081124497991968,0.122570281124498,0.479855421686747,0.7142329317269076
MAN1B1,0.0017108433734939759,0.00308433734939759,0.009558232931726907,0.07571084337349397,0.2272289156626506
MAOA,0.007927710843373494,0.06495582329317269,0.3486345381526104,0.6855261044176707,0.8021044176706827
MAOB,0.008441767068273093,0.06841767068273093,0.3461526104417671,0.6964417670682731,0.8091084337349398
MAP1A,0.0026586345381526106,0.029606425702811245,0.21136546184738955,0.517277108433735,0.6985943775100402
MAP1B,0.007188755020080321,0.08129317269076305,0.38090763052208837,0.715429718875502,0.8040642570281125
MAP4K1,0.0018634538152610442,0.004730923694779117,0.03491566265060241,0.18771887550200803,0.3664176706827309
MAP4K4,0.0017590361445783134,0.013052208835341365,0.10010441767068273,0.3558393574297189,0.5925060240963855
MAPK3,0.01853815261044177,0.1541847389558233,0.5477429718875502,0.7736947791164659,0.821991967871486
MAPK8IP1,0.0033975903614457833,0.020473895582329316,0.1395261044176707,0.44707630522088354,0.7143132530120482
MAPK8IP3,0.002859437751004016,0.0218714859437751,0.12495582329317269,0.4759036144578313,0.6768514056224899
MAPT,0.014040160642570281,0.14281927710843373,0.5159196787148594,0.7715502008032129,0.8198313253012048
MARK1,0.0025622489959839356,0.020160642570281124,0.1427550200803213,0.43133333333333335,0.6584899598393574
MARK2,0.0038313253012048193,0.03118875502008032,0.20853815261044176,0.538144578313253,0.7568755020080321
MAST1,0.0010763052208835342,0.008289156626506025,0.07339759036144579,0.16670682730923694,0.33632128514056225
MAST3,0.0013012048192771084,0.009534136546184738,0.07259437751004016,0.26502008032128516,0.3353734939759036
MBD1,0.0020481927710843373,0.014385542168674699,0.12079518072289157,0.3940722891566265,0.629718875502008
MBD3,0.004305220883534137,0.048803212851405625,0.25823293172690764,0.6016465863453815,0.7494859437751004
MBD4,0.0029156626506024095,0.023301204819277107,0.17079518072289157,0.47685140562248995,0.6986024096385542
MBD5,0.004449799196787149,0.04187951807228916,0.26579116465863456,0.6400722891566265,0.7665943775100401
MBD6,0.0015662650602409638,0.006257028112449799,0.06111646586345382,0.23338955823293173,0.4875180722891566
MBOAT7,0.0009397590361445783,0.0014698795180722892,0.007654618473895583,0.031100401606425705,0.0935983935742972
MCM4,0.0045943775100401605,0.0407710843373494,0.22641767068273091,0.563140562248996,0.7588353413654618
MCM6,0.004200803212851405,0.03644979919678715,0.21699598393574296,0.5902650602409638,0.757855421686747
MCPH1,0.0035582329317269076,0.02242570281124498,0.1563694779116466,0.45473092369477913,0.6929397590361446
MDGA1,0.0028433734939759038,0.023429718875502006,0.1465140562248996,0.4738072289156626,0.7216546184738956
MDGA2,0.003943775100401606,0.032835341365461845,0.1836144578313253,0.5389397590361446,0.7520642570281124
MECP2,0.021429718875502008,0.2039116465863454,0.593285140562249,0.7847228915662651,0.8245542168674699
MED12L,0.002497991967871486,0.015196787148594378,0.0999437751004016,0.3584016064257028,0.5876867469879518
MED13,0.005461847389558233,0.05118875502008032,0.26485140562248993,0.6222008032128514,0.7836546184738956
MED13L,0.009028112449799197,0.0791004016064257,0.3561847389558233,0.6936385542168675,0.8043453815261045
MED23,0.004562248995983936,0.042658634538152614,0.23763052208835342,0.571582329317269,0.7813092369477912
MEF2C,0.008610441767068273,0.09646586345381526,0.4222570281124498,0.7313654618473896,0.8124979919678715
MEGF10,0.002706827309236948,0.020297188755020082,0.1308433734939759,0.3923293172690763,0.6446586345381526
MEGF11,0.001461847389558233,0.005598393574297189,0.04569477911646586,0.16978313253012048,0.34369477911646584
MEIS2,0.003983935742971887,0.020763052208835342,0.14973493975903615,0.4798152610441767,0.7142088353413655
MET,0.009718875502008032,0.08730923694779116,0.4436626506024096,0.7360240963855421,0.8116385542168675
METTL14,0.0038393574297188753,0.049309236947791164,0.27959839357429717,0.6394859437751004,0.7816064257028112
METTL26,0.0009558232931726907,0.001068273092369478,0.001108433734939759,0.0018473895582329317,0.0017269076305220883
MFRP,0.0009477911646586345,0.003285140562248996,0.022080321285140564,0.07773493975903614,0.1473574297188755
MIB1,0.0019839357429718876,0.009983935742971888,0.06633734939759037,0.2411004016064257,0.4242730923694779
MINK1,0.0028514056224899598,0.022096385542168674,0.1459277108433735,0.49569477911646587,0.7333333333333333
MKRN1,0.0018473895582329317,0.01775100401606426,0.10231325301204819,0.33722088353413654,0.5944578313253012
MLANA,0.001502008032128514,0.007526104417670682,0.057734939759036145,0.17216867469879518,0.3604016064257028
MNT,0.0015662650602409638,0.013991967871485943,0.12584738955823294,0.31660240963855424,0.4177751004016064
MRTFB,0.001534136546184739,0.0037670682730923696,0.022377510040160642,0.10612048192771084,0.3050441767068273
MSANTD2,0.0009799196787148594,0.0011004016064257028,0.003887550200803213,0.019164658634538152,0.013220883534136547
MSL2,0.00416867469879518,0.03387951807228916,0.21109236947791166,0.5636385542168675,0.7647630522088353
MSL3,0.005831325301204819,0.04896385542168675,0.2704899598393574,0.6301606425702811,0.7864096385542169
MSR1,0.0024016064257028112,0.007734939759036144,0.044738955823293174,0.2191726907630522,0.5003453815261044
MSRA,0.0017751004016064258,0.011903614457831325,0.08118875502008033,0.2657429718875502,0.49579116465863454
MSX2,0.003943775100401606,0.026072289156626505,0.17489156626506025,0.5195020080321285,0.7195502008032129
MTF1,0.0012048192771084338,0.012658634538152611,0.09085140562248996,0.18360642570281124,0.36732530120481927
MTHFR,0.00465863453815261,0.02714859437751004,0.1793574297188755,0.5511164658634539,0.7649317269076306
MTOR,0.015429718875502008,0.14894779116465864,0.5325542168674698,0.7733333333333333,0.8211967871485943
MTSS2,0.0013092369477911646,0.0032931726907630523,0.01989558232931727,0.10584738955823293,0.2157991967871486
MUC12,0.0018634538152610442,0.002602409638554217,0.008891566265060241,0.0564578313253012,0.20382329317269077
MUC4,0.002995983935742972,0.022602409638554217,0.16490763052208834,0.39690763052208833,0.6207951807228915
MYCBP2,0.0028433734939759038,0.01325301204819277,0.10629718875502008,0.37143775100401605,0.6340963855421686
MYH10,0.003975903614457831,0.03008032128514056,0.1871887550200803,0.5266907630522089,0.7438795180722891
MYH4,0.0018072289156626507,0.01246586345381526,0.1057991967871486,0.3368835341365462,0.5289156626506024
MYH9,0.008433734939759036,0.06986345381526105,0.35538152610441764,0.6990682730923695,0.8070361445783133
MYLK,0.0023132530120481927,0.01304417670682731,0.09795983935742972,0.37897991967871486,0.6364819277108433
MYO16,0.0009156626506024096,0.0014377510040160643,0.003783132530120482,0.01606425702811245,0.07895582329317269
MYO1E,0.002465863453815261,0.01633734939759036,0.11138152610441768,0.39379116465863456,0.645437751004016
MYO5A,0.005622489959839358,0.047943775100401605,0.2661044176706827,0.5981204819277108,0.7687469879518072
MYO5C,0.0021767068273092368,0.015421686746987951,0.11097991967871486,0.3631084337349398,0.5728112449799196
MYO7A,0.0031807228915662652,0.021285140562248995,0.13160642570281125,0.4163052208835341,0.6915742971887551
MYO9B,0.0023132530120481927,0.012506024096385543,0.0808433734939759,0.3643293172690763,0.6107791164658635
MYOCD,0.002867469879518072,0.033461847389558236,0.2336144578313253,0.5303132530120482,0.6811244979919678
MYT1L,0.005044176706827309,0.04534939759036145,0.25743775100401606,0.6248032128514056,0.786273092369478
NAA10,0.0031004016064257026,0.023180722891566266,0.18714859437751005,0.5263293172690763,0.7302168674698796
NAA15,0.0027951807228915665,0.023220883534136545,0.18260240963855423,0.44461044176706827,0.6769799196787148
NAALADL2,0.0020160642570281125,0.008586345381526105,0.06037751004016064,0.22388755020080323,0.44986345381526105
NACC1,0.0018875502008032128,0.0065783132530120485,0.05079518072289157,0.201710843373494,0.42697991967871485
NASP,0.003983935742971887,0.028666666666666667,0.19918875502008032,0.5133333333333333,0.7447389558232932
NAV2,0.0013815261044176706,0.0018152610441767069,0.006538152610441767,0.04098795180722892,0.13714859437751004
NAV3,0.0019839357429718876,0.008313253012048192,0.048570281124497995,0.2335020080321285,0.42613654618473895
NBEA,0.0022008032128514056,0.012441767068273093,0.08384738955823293,0.3413493975903614,0.6569477911646586
NCAPH2,0.0022329317269076305,0.01899598393574297,0.12615261044176707,0.40729317269076304,0.6008433734939759
NCKAP1,0.006522088353413655,0.04821686746987952,0.29010441767068273,0.6313012048192771,0.7979437751004016
NCL,0.011397590361445784,0.1074136546184739,0.43494779116465865,0.7262329317269076,0.8124096385542169
NCOA1,0.007654618473895583,0.06928514056224899,0.32685140562248993,0.6791967871485943,0.803718875502008
NCOR1,0.01680321285140562,0.14246586345381526,0.48533333333333334,0.7511566265060241,0.816562248995984
NDUFA5,0.0021285140562248995,0.009502008032128514,0.0814859437751004,0.2907710843373494,0.5159759036144578
NEDD4,0.007317269076305221,0.0830281124497992,0.40575100401606423,0.7290361445783132,0.8104658634538152
NEGR1,0.002184738955823293,0.015421686746987951,0.10336546184738955,0.30020883534136544,0.5025461847389558
NEO1,0.00357429718875502,0.017100401606425703,0.12411244979919679,0.4153413654618474,0.701140562248996
NEXMIF,0.0015742971887550202,0.00370281124497992,0.022803212851405623,0.14563052208835342,0.3354457831325301
NF1,0.01344578313253012,0.13828112449799196,0.5104819277108433,0.7623453815261044,0.8213895582329317
NFE2L3,0.0011004016064257028,0.004016064257028112,0.03207228915662651,0.16777510040160643,0.22473895582329317
NFIA,0.0032048192771084337,0.018899598393574298,0.14116465863453814,0.47437751004016065,0.6487309236947791
NFIB,0.0029156626506024095,0.024321285140562247,0.16036947791164657,0.4842248995983936,0.6729638554216868
NFIX,0.002594377510040161,0.016176706827309238,0.12290763052208835,0.42899598393574295,0.6600240963855422
NINL,0.002497991967871486,0.010923694779116465,0.06787951807228916,0.28563052208835343,0.5090923694779117
NIPA1,0.0032289156626506025,0.016690763052208835,0.13820080321285141,0.45149397590361445,0.6671325301204819
NIPA2,0.0026907630522088354,0.017333333333333333,0.12615261044176707,0.4165863453815261,0.6022168674698796
NIPBL,0.011092369477911647,0.10061044176706828,0.38261044176706827,0.7020401606425702,0.808417670682731
NKX2-2,0.003172690763052209,0.016771084337349397,0.13730923694779115,0.47810441767068274,0.7317590361445783
NLGN1,0.01338152610441767,0.11912449799196786,0.44870682730923694,0.7356947791164659,0.8160803212851405
NLGN2,0.010634538152610442,0.10723694779116466,0.441574297188755,0.7327630522088353,0.8128514056224899
NLGN3,0.013775100401606425,0.11926104417670683,0.46346184738955826,0.7448433734939759,0.8170281124497992
NLGN4X,0.012963855421686748,0.12513253012048192,0.46553413654618475,0.7521606425702811,0.8182329317269076
NLGN4Y,0.007437751004016065,0.07944578313253012,0.3802730923694779,0.690714859437751,0.8088915662650602
NOTCH1,0.01683534136546185,0.15853012048192772,0.5369236947791165,0.7681044176706827,0.8196465863453816
NOVA2,0.004040160642570281,0.025349397590361446,0.18959036144578315,0.550714859437751,0.7541204819277109
NPAS2,0.004024096385542169,0.02791967871485944,0.19119678714859437,0.5346666666666666,0.7535582329317269
NPAS3,0.0027228915662650603,0.014907630522088353,0.09862650602409638,0.4424658634538153,0.6769477911646586
NPFFR2,0.0011646586345381525,0.0031004016064257026,0.014369477911646587,0.06855421686746987,0.20307630522088355
NPTN,0.0026666666666666666,0.016313253012048192,0.12816867469879517,0.3873975903614458,0.6424819277108433
NR1D1,0.0026345381526104417,0.023622489959839357,0.13346184738955824,0.4902168674698795,0.6482489959839357
NR2F1,0.0037269076305220883,0.024176706827309238,0.17722891566265062,0.5485622489959839,0.7628032128514056
NR3C2,0.003959839357429719,0.037630522088353414,0.22457831325301206,0.5906987951807229,0.7670843373493976
NR4A2,0.004995983935742972,0.04526907630522088,0.2612048192771084,0.6433092369477912,0.7880963855421687
NRCAM,0.0067951807228915665,0.05771084337349398,0.3047871485943775,0.6598393574297189,0.7987068273092369
NRP2,0.002538152610441767,0.012040160642570281,0.0792289156626506,0.3438473895582329,0.6151887550200803
NRXN1,0.02525301204819277,0.15675502008032127,0.5121767068273092,0.7592289156626506,0.8195421686746988
NRXN2,0.013558232931726907,0.11077911646586346,0.41323694779116465,0.729558232931727,0.8116787148594378
NRXN3,0.009052208835341365,0.07784738955823294,0.3256626506024096,0.667566265060241,0.8029317269076305
NSD1,0.010096385542168674,0.10360642570281124,0.42211244979919677,0.7197670682730923,0.8120562248995984
NSD2,0.00740562248995984,0.08323694779116465,0.3668032128514056,0.6836867469879518,0.8067550200803213
NSMCE3,0.002080321285140562,0.009678714859437752,0.07637751004016065,0.3205381526104418,0.4787871485943775
NTNG1,0.0059196787148594375,0.03712449799196787,0.23054618473895583,0.5712530120481928,0.7774939759036145
NTNG2,0.00465863453815261,0.02593574297188755,0.1737028112449799,0.4915823293172691,0.7336385542168675
NTRK1,0.011518072289156626,0.1000562248995984,0.4497670682730924,0.7442329317269076,0.8170682730923695
NTRK2,0.012779116465863454,0.1326586345381526,0.49980722891566265,0.7504738955823294,0.8173333333333334
NTRK3,0.005558232931726908,0.05992771084337349,0.34650602409638553,0.7021204819277108,0.8059678714859437
NUAK1,0.0013493975903614457,0.005236947791164659,0.03794377510040161,0.17686746987951807,0.36417670682730924
NUDCD2,0.002136546184738956,0.014136546184738957,0.1145140562248996,0.41839357429718876,0.6214056224899598
NUP133,0.0039116465863453815,0.02595983935742972,0.17098795180722892,0.49586345381526103,0.7198634538152611
NUP155,0.004056224899598394,0.02502008032128514,0.1697028112449799,0.4935823293172691,0.691991967871486
NXF1,0.005333333333333333,0.03550200803212852,0.21566265060240963,0.5892690763052209,0.7744337349397591
NXPH1,0.0025220883534136547,0.022827309236947792,0.1604016064257028,0.4321285140562249,0.6463373493975904
OCRL,0.004538152610441767,0.027518072289156627,0.17949397590361446,0.5377751004016065,0.7523694779116465
OFD1,0.003887550200803213,0.015309236947791165,0.09959036144578313,0.3909718875502008,0.6750763052208836
OPHN1,0.004843373493975903,0.035293172690763056,0.23622489959839357,0.5949397590361446,0.7804899598393574
OR1C1,0.0009397590361445783,0.0015582329317269075,0.006313253012048193,0.03241767068273092,0.14529317269076306
OR2T10,0.0009156626506024096,0.0010281124497991969,0.0010200803212851407,0.0009718875502008033,0.001108433734939759
OR52M1,0.0009397590361445783,0.001036144578313253,0.0010200803212851407,0.0010120481927710842,0.001140562248995984
OTUD7A,0.0017028112449799196,0.003036144578313253,0.01085140562248996,0.06196787148594377,0.2254859437751004
OTULIN,0.001967871485943775,0.0078714859437751,0.046578313253012045,0.2543132530120482,0.4895582329317269
OTX1,0.0024096385542168677,0.01308433734939759,0.09053012048192771,0.3932771084337349,0.6238795180722891
OXT,0.006120481927710844,0.045622489959839356,0.27111646586345384,0.6496465863453815,0.7907389558232931
OXTR,0.005662650602409639,0.04226506024096385,0.27589558232931727,0.5953815261044176,0.7808915662650603
P2RX5,0.0011244979919678715,0.006538152610441767,0.056369477911646586,0.1623132530120482,0.29193574297188757
P4HA2,0.002080321285140562,0.008008032128514057,0.0720722891566265,0.28373493975903613,0.4557831325301205
PABPC1,0.011285140562248996,0.07751807228915662,0.3601285140562249,0.7011084337349398,0.8081847389558233
PACS1,0.0012208835341365463,0.003164658634538153,0.020369477911646585,0.10451405622489959,0.16461044176706827
PACS2,0.0018152610441767069,0.007799196787148594,0.06706024096385542,0.24844979919678714,0.3864819277108434
PAFAH1B2,0.0020160642570281125,0.010313253012048192,0.07089156626506024,0.3099277108433735,0.49098795180722893
PAH,0.0020401606425702813,0.005943775100401606,0.03457831325301205,0.15707630522088353,0.3880642570281124
PAK1,0.006947791164658635,0.05123694779116466,0.2522971887550201,0.6581767068273092,0.7987068273092369
PAK2,0.00789558232931727,0.06155823293172691,0.32786345381526105,0.6885140562248996,0.8049558232931727
PAPOLG,0.0026666666666666666,0.0176144578313253,0.12584738955823294,0.4041767068273092,0.6179437751004017
PARD3B,0.001461847389558233,0.00751004016064257,0.05163052208835341,0.2491726907630522,0.4371004016064257
PATJ,0.0019919678714859436,0.012216867469879518,0.12439357429718875,0.34962248995983936,0.5089879518072289
PAX5,0.005429718875502008,0.05153413654618474,0.292,0.6416787148594377,0.7889558232931727
PAX6,0.011357429718875501,0.1007710843373494,0.4488353413654618,0.7397911646586346,0.815285140562249
PBX1,0.004160642570281124,0.04232128514056225,0.24926104417670683,0.5805542168674699,0.7841365461847389
PC,0.003116465863453815,0.010184738955823293,0.07147791164658635,0.3055261044176707,0.5929959839357429
PCCA,0.0018795180722891566,0.005244979919678715,0.0245140562248996,0.12459437751004016,0.40681927710843374
PCCB,0.002538152610441767,0.008947791164658634,0.04261847389558233,0.20608032128514056,0.5386907630522089
PCDH10,0.0063614457831325305,0.06492369477911647,0.31465060240963855,0.6593172690763052,0.8020963855421687
PCDH11X,0.004449799196787149,0.03261847389558233,0.2177429718875502,0.5803453815261044,0.7302248995983935
PCDH15,0.0031566265060240964,0.01842570281124498,0.12890763052208834,0.40958232931726907,0.6710602409638554
PCDH19,0.005967871485943775,0.056610441767068274,0.3123614457831325,0.6626425702811245,0.7991566265060241
PCDH9,0.002192771084337349,0.017558232931726907,0.08927710843373494,0.33672289156626506,0.5462008032128514
PCDHA1,0.001357429718875502,0.0021767068273092368,0.004457831325301205,0.013469879518072289,0.05185542168674699
PCDHA10,0.0027951807228915665,0.004248995983935743,0.006048192771084337,0.016755020080321287,0.057052208835341366
PCDHA11,0.0022248995983935745,0.003285140562248996,0.0061445783132530124,0.020016064257028114,0.06204016064257028
PCDHA12,0.0017590361445783134,0.00248995983935743,0.0039036144578313255,0.014883534136546184,0.05416064257028112
PCDHA13,0.0010843373493975904,0.001718875502008032,0.002136546184738956,0.0024497991967871485,0.006682730923694779
PCDHA2,0.0016144578313253013,0.002642570281124498,0.00357429718875502,0.004570281124497992,0.004265060240963856
PCDHA3,0.0020883534136546186,0.003437751004016064,0.003959839357429719,0.005759036144578313,0.012136546184738957
PCDHA4,0.002104417670682731,0.00897991967871486,0.05521285140562249,0.1596144578313253,0.21857831325301205
PCDHA5,0.0011325301204819277,0.0014698795180722892,0.0023052208835341367,0.002899598393574297,0.004144578313253012
PCDHA6,0.0015983935742971888,0.0026184738955823293,0.0032690763052208834,0.004666666666666667,0.009220883534136547
PCDHA7,0.002602409638554217,0.0033333333333333335,0.006120481927710844,0.01989558232931727,0.05527710843373494
PCDHA8,0.0022329317269076305,0.0032610441767068274,0.0036626506024096386,0.0050040160642570285,0.013100401606425702
PCDHA9,0.001678714859437751,0.0029799196787148596,0.0038072289156626505,0.007951807228915662,0.0343855421686747
PCDHAC1,0.0013734939759036144,0.0018875502008032128,0.002570281124497992,0.0033092369477911647,0.00740562248995984
PCDHAC2,0.0011164658634538153,0.0012931726907630522,0.0016224899598393575,0.002602409638554217,0.0018875502008032128
PCLO,0.005108433734939759,0.033493975903614456,0.2165301204819277,0.5810200803212852,0.7731566265060241
PCM1,0.0031325301204819275,0.0157429718875502,0.11926104417670683,0.4501847389558233,0.6706024096385542
PDCD1,0.004273092369477912,0.037590361445783135,0.21661847389558234,0.5871084337349397,0.7563935742971888
PDE1C,0.002706827309236948,0.011052208835341365,0.06796787148594377,0.29733333333333334,0.5971726907630522
PDE3B,0.003389558232931727,0.020353413654618475,0.13654618473895583,0.44465863453815263,0.7056706827309237
PDHA1,0.004,0.029967871485943775,0.17008032128514056,0.4652690763052209,0.7166506024096385
PDK2,0.0029477911646586343,0.02891566265060241,0.19930923694779115,0.5629638554216867,0.7353895582329317
PDZD8,0.0012530120481927711,0.0035582329317269076,0.0256144578313253,0.10697991967871485,0.1300160642570281
PEBP4,0.0015180722891566265,0.009453815261044177,0.05331726907630522,0.2209879518072289,0.4041686746987952
PER1,0.0024096385542168677,0.010586345381526105,0.08094779116465864,0.3004176706827309,0.5933493975903614
PER2,0.004497991967871486,0.04257028112449799,0.2701847389558233,0.5747871485943775,0.7597429718875502
PEX7,0.0014216867469879519,0.004570281124497992,0.028369477911646585,0.15840963855421686,0.3204096385542169
PHB,0.007236947791164659,0.07536546184738956,0.35849799196787147,0.7052128514056225,0.8069397590361446
PHF12,0.004273092369477912,0.03704417670682731,0.2148273092369478,0.5492048192771084,0.7636144578313253
PHF14,0.0017028112449799196,0.007445783132530121,0.0687710843373494,0.25137349397590364,0.4044738955823293
PHF2,0.003887550200803213,0.037164658634538154,0.2123694779116466,0.5653574297188755,0.7611164658634538
PHF21A,0.005734939759036144,0.05578313253012048,0.296,0.64914859437751,0.7934939759036145
PHF3,0.006248995983935743,0.04370281124497992,0.2497991967871486,0.5861124497991967,0.7821686746987951
PHF7,0.0014216867469879519,0.011983935742971888,0.0762008032128514,0.2150120481927711,0.3237670682730924
PHF8,0.008658634538152611,0.07904417670682731,0.3426265060240964,0.6710281124497992,0.8021124497991968
PHIP,0.005502008032128514,0.039445783132530124,0.23784738955823292,0.5854939759036144,0.7704176706827309
PHLPP1,0.0031887550200803212,0.03885943775100401,0.2633734939759036,0.6185301204819277,0.7621686746987952
PHRF1,0.002032128514056225,0.02033734939759036,0.14578313253012049,0.40879518072289156,0.6069799196787149
PIK3CA,0.01602409638554217,0.1427710843373494,0.541429718875502,0.7685140562248995,0.8197831325301205
PIK3CG,0.00557429718875502,0.05924497991967872,0.3446666666666667,0.679582329317269,0.8025542168674699
PIK3R2,0.0061445783132530124,0.057951807228915665,0.3287871485943775,0.6846506024096386,0.8053092369477912
PITX1,0.0016546184738955823,0.005943775100401606,0.045357429718875505,0.20481927710843373,0.41924497991967874
PJA1,0.001678714859437751,0.008481927710843374,0.06559839357429718,0.2808835341365462,0.48092369477911645
PKD1,0.00485140562248996,0.032160642570281124,0.21906827309236948,0.5579598393574298,0.7614538152610442
PLAA,0.003140562248995984,0.01873895582329317,0.12977510040160642,0.4525140562248996,0.6846907630522089
PLAUR,0.0033654618473895584,0.026289156626506025,0.1769718875502008,0.5243775100401606,0.7209156626506024
PLCB1,0.008554216867469879,0.072570281124498,0.34922891566265063,0.6995903614457831,0.8059357429718875
PLCD4,0.0027228915662650603,0.021911646586345382,0.15186345381526103,0.4771004016064257,0.7022971887550201
PLN,0.002329317269076305,0.008738955823293173,0.060273092369477914,0.23564658634538152,0.49244979919678716
PLPPR4,0.0009236947791164659,0.002248995983935743,0.018120481927710843,0.08202409638554217,0.17656224899598394
PLXNA3,0.0038393574297188753,0.017188755020080323,0.1089718875502008,0.46019277108433737,0.7131646586345382
PLXNA4,0.003863453815261044,0.019437751004016065,0.1294859437751004,0.454570281124498,0.7435903614457832
PLXNB1,0.0030522088353413654,0.021453815261044177,0.13730923694779115,0.4403293172690763,0.6910281124497992
POGZ,0.002819277108433735,0.020265060240963854,0.1436867469879518,0.407429718875502,0.6647710843373494
POLA2,0.0021767068273092368,0.008803212851405623,0.053839357429718876,0.25512449799196785,0.48861847389558233
POLR2A,0.015991967871485945,0.1371004016064257,0.4653413654618474,0.7413574297188755,0.8144016064257028
POLR3A,0.004497991967871486,0.03063453815261044,0.20297991967871487,0.49330923694779116,0.7398232931726908
POMGNT1,0.0021526104417670684,0.013469879518072289,0.08188755020080321,0.2572931726907631,0.5393734939759036
POMT1,0.0025060240963855423,0.012048192771084338,0.07206425702811245,0.2879277108433735,0.5352530120481928
PON1,0.0029076305220883535,0.011196787148594378,0.07970281124497992,0.32575100401606427,0.6162329317269076
POT1,0.002963855421686747,0.022819277108433737,0.16318072289156627,0.4914136546184739,0.6894136546184739
POU3F3,0.003606425702811245,0.025654618473895583,0.16897188755020082,0.48216064257028113,0.741277108433735
PPFIA1,0.006248995983935743,0.05032128514056225,0.2664979919678715,0.6174136546184739,0.7865060240963856
PPFIA3,0.006907630522088353,0.06046586345381526,0.2942650602409639,0.6486265060240964,0.7965943775100401
PPM1D,0.0028755020080321286,0.03446586345381526,0.22853815261044177,0.5672530120481928,0.7312449799196787
PPP1R1B,0.006273092369477912,0.06982329317269076,0.35816064257028113,0.6821204819277108,0.8062409638554217
PPP1R9B,0.004514056224899599,0.04551807228915663,0.2593574297188755,0.6121927710843373,0.7825461847389559
PPP2CA,0.012305220883534137,0.11892369477911646,0.48608032128514056,0.7598795180722892,0.8166827309236948
PPP2R1A,0.011036144578313253,0.10242570281124498,0.45902008032128516,0.7495261044176706,0.8160240963855422
PPP2R1B,0.006281124497991968,0.0554136546184739,0.31149397590361444,0.6799518072289157,0.8029879518072289
PPP2R5C,0.005188755020080322,0.052706827309236946,0.3051325301204819,0.6656385542168675,0.795012048192771
PPP2R5D,0.005775100401606426,0.05307630522088353,0.2850361445783133,0.6646024096385542,0.8022168674698795
PPP3CA,0.004714859437751004,0.044706827309236946,0.29367871485943775,0.6637911646586345,0.7912610441767068
PPP5C,0.0032369477911646585,0.027180722891566266,0.20184738955823292,0.5428995983935743,0.7493654618473896
PREX1,0.002216867469879518,0.017269076305220885,0.10855421686746988,0.4610441767068273,0.6485542168674698
PRICKLE1,0.0030200803212851405,0.023381526104417672,0.15165461847389558,0.49777510040160644,0.718570281124498
PRICKLE2,0.0020642570281124498,0.01873895582329317,0.13659437751004017,0.37139759036144576,0.6081204819277108
PRKAR1B,0.0031244979919678715,0.013638554216867469,0.10466666666666667,0.38944578313253014,0.6515421686746988
PRKCA,0.014626506024096386,0.13399196787148596,0.5091566265060241,0.7595341365461847,0.8194538152610442
PRKCB,0.008995983935742972,0.08399196787148594,0.4198955823293173,0.7226666666666667,0.8108835341365462
PRKD1,0.004369477911646586,0.03346987951807229,0.22473895582329317,0.6204899598393574,0.7853253012048192
PRKD2,0.0029397590361445783,0.024971887550200803,0.20428112449799196,0.5737188755020081,0.7495662650602409
PRKDC,0.0101285140562249,0.11252208835341365,0.44991164658634536,0.7376546184738956,0.8148112449799196
PRKN,0.009751004016064256,0.0959277108433735,0.451710843373494,0.7499839357429718,0.8153895582329317
PRODH,0.0031244979919678715,0.019542168674698795,0.11875502008032128,0.41212048192771084,0.6596867469879518
PRPF19,0.007558232931726907,0.04804819277108434,0.25381526104417673,0.5919598393574297,0.7849156626506024
PRPF39,0.0026345381526104417,0.014690763052208835,0.09819277108433735,0.3112048192771084,0.6213574297188755
PRPF8,0.008610441767068273,0.06252208835341365,0.30738152610441766,0.6612530120481928,0.7975582329317269
PRR12,0.0011004016064257028,0.001534136546184739,0.002329317269076305,0.01040160642570281,0.03138955823293173
PRR14L,0.0013975903614457832,0.009526104417670683,0.08185542168674699,0.2686265060240964,0.3748995983935743
PRUNE2,0.0009799196787148594,0.0037429718875502008,0.032144578313253014,0.09661044176706828,0.17187951807228916
PSMC5,0.0070602409638554214,0.06248192771084338,0.30863453815261044,0.6836626506024096,0.7993895582329317
PSMD11,0.005389558232931727,0.039646586345381526,0.26116465863453814,0.626570281124498,0.7926586345381527
PSMD12,0.005670682730923695,0.03806425702811245,0.24764658634538153,0.6059036144578314,0.7856626506024096
PSMD6,0.004875502008032128,0.03656224899598393,0.2293012048192771,0.6015582329317269,0.7704819277108433
PTBP2,0.0035261044176706827,0.02033734939759036,0.14069076305220884,0.4705461847389558,0.7290120481927711
PTCH1,0.005429718875502008,0.050883534136546185,0.3146987951807229,0.684843373493976,0.8001044176706827
PTCHD1,0.004771084337349398,0.04546184738955823,0.26496385542168677,0.5995502008032129,0.777566265060241
PTDSS1,0.001036144578313253,0.005052208835341365,0.0414136546184739,0.13610441767068274,0.2127710843373494
PTEN,0.02627309236947791,0.22327710843373494,0.6234698795180723,0.7908995983935743,0.8257590361445784
PTGS2,0.008184738955823292,0.09004819277108433,0.4323052208835341,0.7301044176706827,0.8133654618473896
PTK7,0.002497991967871486,0.018345381526104418,0.12380722891566265,0.385574297188755,0.6296465863453815
PTPN11,0.011060240963855422,0.10337349397590362,0.4763534136546185,0.746706827309237,0.8168032128514057
PTPN4,0.0015502008032128513,0.011815261044176706,0.11059437751004016,0.3019678714859438,0.4343453815261044
PTPRB,0.0028353413654618473,0.03473895582329317,0.2218313253012048,0.5123293172690763,0.7227951807228916
PTPRC,0.010899598393574296,0.09167871485943775,0.4154618473895582,0.7377028112449799,0.8143373493975904
PTPRD,0.007381526104417671,0.06501204819277108,0.3373574297188755,0.6705943775100401,0.8050682730923695
PTPRS,0.0061285140562249,0.053879518072289155,0.2954377510040161,0.6304899598393574,0.7950522088353413
PTPRT,0.0012931726907630522,0.011036144578313253,0.08854618473895583,0.21847389558232932,0.336859437751004
PUF60,0.003646586345381526,0.02219277108433735,0.14918875502008033,0.47931726907630523,0.7237188755020081
PXDN,0.011734939759036144,0.11995180722891566,0.49386345381526103,0.759140562248996,0.8178955823293173
PYHIN1,0.0011244979919678715,0.0018634538152610442,0.005301204819277108,0.05036947791164659,0.10297991967871487
QRICH1,0.0026987951807228914,0.013477911646586346,0.0700562248995984,0.31114859437751,0.6029959839357429
RAB11FIP4,0.0013815261044176706,0.0024497991967871485,0.0402008032128514,0.09983132530120482,0.2019277108433735
RAB11FIP5,0.001140562248995984,0.0026265060240963857,0.015293172690763052,0.09502008032128514,0.16804016064257027
RAB2A,0.002674698795180723,0.01819277108433735,0.146570281124498,0.38622489959839357,0.6366987951807229
RAB39B,0.002216867469879518,0.014337349397590361,0.09524497991967872,0.33608032128514054,0.5578072289156627
RAB43,0.00163855421686747,0.0029397590361445783,0.007614457831325301,0.033951807228915665,0.16808032128514055
RAC1,0.012995983935742972,0.09534136546184739,0.4056867469879518,0.7312690763052209,0.810714859437751
RAD21,0.008714859437751004,0.08163052208835342,0.35246586345381525,0.6912208835341366,0.8067469879518072
RAD21L1,0.0019196787148594377,0.009558232931726907,0.1009558232931727,0.31336546184738956,0.5603935742971887
RAI1,0.0013092369477911646,0.006112449799196788,0.04869076305220883,0.17644176706827308,0.3047550200803213
RALA,0.00521285140562249,0.04804819277108434,0.28447389558232933,0.6688915662650602,0.8010200803212851
RALGAPA1,0.0024417670682730925,0.012674698795180723,0.09759839357429718,0.39725301204819274,0.607855421686747
RALGAPB,0.004016064257028112,0.03029718875502008,0.19558232931726907,0.5660160642570281,0.7387951807228915
RANBP17,0.0011244979919678715,0.004385542168674698,0.05768674698795181,0.15745381526104418,0.24138152610441768
RANBP9,0.003461847389558233,0.028730923694779118,0.20910843373493976,0.5581686746987952,0.7499116465863453
RAP1A,0.006497991967871486,0.051839357429718874,0.2993574297188755,0.6785943775100401,0.7943373493975904
RAPGEF2,0.0026666666666666666,0.028184738955823293,0.1660722891566265,0.49333333333333335,0.7002409638554217
RAPGEF4,0.005124497991967871,0.03524497991967872,0.2164016064257028,0.5967550200803213,0.7622008032128514
RASSF5,0.002321285140562249,0.013983935742971888,0.10265060240963855,0.3780562248995984,0.5604417670682731
RBBP5,0.01157429718875502,0.10843373493975904,0.40283534136546184,0.7032369477911646,0.8084658634538152
RBFOX1,0.00763855421686747,0.0747871485943775,0.3716385542168675,0.6924578313253013,0.8073333333333333
RBM27,0.001855421686746988,0.0059116465863453815,0.04040160642570281,0.18665863453815262,0.3818714859437751
REEP3,0.001429718875502008,0.005060240963855421,0.045389558232931726,0.2181847389558233,0.3799759036144578
RELN,0.008088353413654619,0.07744578313253012,0.37379116465863454,0.6994939759036145,0.8094538152610442
RERE,0.0037991967871485945,0.030546184738955824,0.18159036144578314,0.527991967871486,0.7454457831325301
RFX3,0.002008032128514056,0.008377510040160643,0.06445783132530121,0.25600803212851403,0.4674698795180723
RFX4,0.00121285140562249,0.002112449799196787,0.009590361445783133,0.03753413654618474,0.15281927710843374
RFX7,0.0015502008032128513,0.004634538152610442,0.03355020080321285,0.13106024096385543,0.2819437751004016
RGS7,0.002497991967871486,0.014522088353413655,0.09760642570281125,0.3912771084337349,0.6322650602409638
RHEB,0.005927710843373494,0.06640963855421687,0.3378875502008032,0.7026184738955823,0.8059518072289157
RHOXF1,0.0009558232931726907,0.002578313253012048,0.0253574297188755,0.10195180722891566,0.1292289156626506
RICTOR,0.007726907630522088,0.07859437751004016,0.3864417670682731,0.720289156626506,0.8119598393574298
RIMS1,0.008385542168674699,0.08142168674698795,0.3235903614457831,0.6819116465863454,0.8034538152610442
RIMS2,0.00455421686746988,0.04293975903614458,0.22593574297188754,0.5652610441767069,0.7628192771084338
RIMS3,0.002240963855421687,0.018265060240963856,0.1385140562248996,0.3618473895582329,0.5987550200803213
RIT2,0.0025622489959839356,0.02042570281124498,0.14112449799196788,0.46083534136546184,0.6943775100401607
RLIM,0.0026184738955823293,0.020899598393574297,0.14938955823293174,0.40759839357429717,0.696562248995984
RNF135,0.0014377510040160643,0.006265060240963855,0.03759839357429719,0.1672449799196787,0.29375100401606424
RNF38,0.0014698795180722892,0.004104417670682731,0.03527710843373494,0.1753253012048193,0.31663453815261045
ROBO2,0.0050040160642570285,0.027734939759036143,0.1753413654618474,0.5247068273092369,0.7624899598393574
RORA,0.0030522088353413654,0.02095582329317269,0.1572128514056225,0.48360642570281126,0.650289156626506
RORB,0.004144578313253012,0.029791164658634538,0.1805301204819277,0.5204016064257028,0.7430120481927711
RPH3A,0.004257028112449799,0.044771084337349394,0.2495421686746988,0.600722891566265,0.7662088353413654
RPL10,0.005943775100401606,0.036032128514056225,0.228714859437751,0.5832449799196787,0.7810843373493976
RPS6KA2,0.004305220883534137,0.040714859437751,0.27517269076305223,0.6450281124497992,0.7900883534136546
RPS6KA3,0.005421686746987952,0.06553413654618474,0.35799196787148596,0.6961686746987952,0.8069477911646586
RSF1,0.004096385542168675,0.048859437751004015,0.26187951807228915,0.6012931726907631,0.7726746987951807
RSRC1,0.003461847389558233,0.020819277108433735,0.12061044176706827,0.4514136546184739,0.6956867469879519
RUNX1T1,0.0041365461847389555,0.036072289156626504,0.2444016064257028,0.5743694779116466,0.7769638554216868
SACS,0.0009477911646586345,0.004497991967871486,0.025333333333333333,0.06964658634538153,0.19192771084337348
SAE1,0.0026104417670682733,0.023180722891566266,0.15396787148594376,0.4299437751004016,0.6682168674698795
SATB1,0.00442570281124498,0.04486746987951807,0.26583132530120485,0.5868273092369478,0.7877349397590362
SATB2,0.007429718875502008,0.06776706827309237,0.3450682730923695,0.6950923694779116,0.8071004016064257
SBF1,0.0018473895582329317,0.010112449799196788,0.06311646586345382,0.26457831325301207,0.48980722891566264
SCAF1,0.0024176706827309237,0.0063614457831325305,0.04020883534136546,0.1853574297188755,0.4166184738955823
SCAF4,0.0022088353413654616,0.010907630522088353,0.09393574297188755,0.33158232931726905,0.5324417670682731
SCGN,0.002080321285140562,0.01565461847389558,0.10078714859437751,0.3123614457831325,0.5944417670682731
SCN1A,0.013389558232931727,0.10587951807228915,0.4166024096385542,0.7247630522088353,0.8126666666666666
SCN2A,0.01647389558232932,0.1311004016064257,0.4895180722891566,0.75314859437751,0.8186827309236948
SCN3A,0.006104417670682731,0.04213654618473896,0.23437751004016064,0.6141285140562249,0.7869156626506024
SCN4A,0.0061285140562249,0.044706827309236946,0.2343855421686747,0.5925220883534137,0.7814136546184739
SCN8A,0.011116465863453816,0.08124497991967872,0.3455261044176707,0.6852690763052209,0.8076224899598393
SCN9A,0.007429718875502008,0.05126907630522089,0.26060240963855424,0.6338795180722891,0.7928433734939759
SCP2,0.0019839357429718876,0.004706827309236948,0.03244176706827309,0.16019277108433735,0.3084016064257028
SDC2,0.0034779116465863454,0.023180722891566266,0.14925301204819277,0.46763052208835343,0.7471244979919679
SEMA5A,0.004730923694779117,0.030514056224899597,0.1893734939759036,0.5375180722891566,0.7672128514056225
SENP1,0.00242570281124498,0.016899598393574296,0.1308273092369478,0.40085140562248994,0.6768835341365462
SENP6,0.002755020080321285,0.015269076305220883,0.09919678714859438,0.3869558232931727,0.6800642570281125
SERPINE1,0.005244979919678715,0.05033734939759036,0.285421686746988,0.6575100401606425,0.787140562248996
SET,0.005172690763052209,0.055220883534136546,0.3091244979919679,0.6568353413654618,0.7932208835341366
SETBP1,0.005228915662650603,0.055686746987951806,0.3006024096385542,0.6484899598393574,0.8013574297188755
SETD1A,0.013140562248995983,0.10862650602409639,0.39705220883534137,0.7135823293172691,0.8095742971887551
SETD1B,0.009220883534136547,0.07975903614457831,0.33391967871485945,0.6564096385542169,0.7995341365461848
SETD2,0.017164658634538154,0.13494779116465863,0.4530281124497992,0.7384899598393574,0.8140642570281125
SETD5,0.00642570281124498,0.05914859437751004,0.28233734939759036,0.6357670682730924,0.7920803212851406
SETDB1,0.011325301204819277,0.1000562248995984,0.39116465863453814,0.7060321285140563,0.8084899598393575
SETDB2,0.0032690763052208834,0.02883534136546185,0.17389558232931726,0.4844016064257028,0.7157028112449799
SEZ6L2,0.0014698795180722892,0.005269076305220883,0.040176706827309235,0.1725863453815261,0.3232208835341365
SF1,0.005052208835341365,0.03193574297188755,0.17714859437751004,0.5090361445783133,0.7486265060240964
SF3B1,0.007204819277108434,0.06897991967871486,0.3304578313253012,0.6753895582329317,0.7995582329317269
SF3B3,0.007445783132530121,0.057815261044176704,0.30246586345381526,0.6337108433734939,0.7930441767068274
SGSH,0.001325301204819277,0.0024417670682730925,0.011678714859437752,0.08196787148594377,0.20644979919678716
SGSM3,0.0014136546184738957,0.005301204819277108,0.0411004016064257,0.15509236947791163,0.3244096385542169
SH3RF1,0.0018634538152610442,0.008939759036144579,0.08306827309236947,0.2926827309236948,0.5053975903614458
SH3RF3,0.0011887550200803212,0.0030200803212851405,0.014939759036144579,0.0875582329317269,0.2411726907630522
SHANK1,0.008795180722891566,0.09068273092369478,0.3736546184738956,0.7087550200803213,0.8097429718875502
SHANK2,0.011670682730923695,0.10967068273092369,0.4301847389558233,0.7321124497991968,0.8153253012048193
SHANK3,0.015477911646586346,0.1306987951807229,0.4936706827309237,0.7549397590361446,0.8182489959839357
SHOX,0.0019839357429718876,0.010947791164658634,0.06388755020080321,0.2511566265060241,0.5127951807228915
SIK1,0.0020562248995983938,0.012345381526104418,0.09090763052208835,0.32302008032128515,0.5782248995983936
SIN3A,0.015799196787148594,0.1273734939759036,0.4644417670682731,0.7382730923694779,0.8139196787148595
SIN3B,0.009309236947791165,0.08591164658634538,0.3722409638554217,0.6876626506024096,0.8066987951807228
SKI,0.00163855421686747,0.017180722891566264,0.11729317269076306,0.3578152610441767,0.45831325301204817
SLC12A5,0.006923694779116466,0.06965461847389558,0.33314859437751004,0.6682811244979919,0.8031646586345381
SLC1A1,0.0037751004016064256,0.038546184738955824,0.22261847389558234,0.5844979919678714,0.7694859437751004
SLC1A2,0.008281124497991968,0.08159839357429718,0.3627389558232932,0.6914698795180723,0.8073815261044177
SLC22A9,0.0009879518072289156,0.001004016064257028,0.0025060240963855423,0.02163855421686747,0.022690763052208834
SLC23A1,0.00163855421686747,0.0046024096385542165,0.0214859437751004,0.12688353413654618,0.34165461847389555
SLC24A2,0.0015662650602409638,0.004923694779116466,0.04559839357429719,0.1799839357429719,0.35776706827309235
SLC25A12,0.0020642570281124498,0.01459437751004016,0.09688353413654618,0.3648835341365462,0.6194538152610441
SLC25A27,0.001004016064257028,0.003606425702811245,0.020216867469879517,0.12413654618473896,0.15293975903614457
SLC27A4,0.0017349397590361445,0.0035261044176706827,0.019526104417670682,0.11730923694779116,0.29491566265060243
SLC29A4,0.0017349397590361445,0.006257028112449799,0.043991967871485946,0.24760642570281124,0.45877911646586345
SLC35G1,0.0010522088353413655,0.004024096385542169,0.02993574297188755,0.08011244979919678,0.2147309236947791
SLC38A10,0.0009638554216867469,0.00121285140562249,0.0013734939759036144,0.0045943775100401605,0.02297991967871486
SLC45A1,0.0014859437751004016,0.003710843373493976,0.023068273092369477,0.1383293172690763,0.29689156626506025
SLC4A10,0.0013172690763052209,0.003164658634538153,0.025004016064257027,0.12689156626506023,0.2950441767068273
SLC6A1,0.0101285140562249,0.09346184738955823,0.3615100401606426,0.6862971887550201,0.807156626506024
SLC6A3,0.009534136546184738,0.09208835341365462,0.3970843373493976,0.7138152610441767,0.8103694779116466
SLC6A4,0.008216867469879518,0.05990361445783132,0.31175903614457834,0.6632128514056225,0.8004979919678715
SLC6A8,0.0018152610441767069,0.01738152610441767,0.13687550200803214,0.3699116465863454,0.5063534136546185
SLC7A3,0.0011004016064257028,0.0016706827309236948,0.0034779116465863454,0.013815261044176706,0.08261847389558233
SLC7A5,0.0026184738955823293,0.014353413654618475,0.10399196787148594,0.35816867469879515,0.5865863453815261
SLC7A7,0.0014859437751004016,0.0026104417670682733,0.012714859437751004,0.10053815261044177,0.22465060240963855
SLC9A1,0.004337349397590362,0.029879518072289158,0.19443373493975905,0.5963373493975903,0.7670682730923695
SLC9A6,0.004562248995983936,0.03273092369477912,0.2242570281124498,0.5982329317269076,0.7635180722891566
SLC9A9,0.0033333333333333335,0.027397590361445782,0.1789317269076305,0.5247871485943775,0.7223614457831325
SLCO1B3,0.0012369477911646587,0.0101285140562249,0.05571887550200803,0.17145381526104417,0.2317269076305221
SLITRK2,0.0038313253012048193,0.030779116465863454,0.20163855421686747,0.542144578313253,0.7547389558232932
SLITRK5,0.004698795180722892,0.03821686746987952,0.2187871485943775,0.6061124497991968,0.7808273092369478
SMAD4,0.01487550200803213,0.1337429718875502,0.501004016064257,0.7609718875502008,0.816417670682731
SMAP2,0.0008755020080321285,0.001895582329317269,0.010457831325301205,0.05265863453815261,0.10246586345381527
SMARCA1,0.00902008032128514,0.08909236947791165,0.3522168674698795,0.6881526104417671,0.8059839357429719
SMARCA2,0.01110843373493976,0.11146987951807229,0.43387951807228914,0.7265461847389558,0.8117590361445783
SMARCA4,0.021550200803212852,0.1787550200803213,0.525293172690763,0.7658875502008032,0.8198152610441767
SMARCC2,0.009823293172690763,0.1030281124497992,0.42899598393574295,0.7286345381526105,0.8124578313253012
SMC1A,0.009333333333333334,0.08660240963855421,0.3811325301204819,0.6998714859437751,0.8039036144578313
SMC3,0.008650602409638554,0.08112449799196787,0.36250602409638555,0.6902329317269076,0.8079759036144578
SMG6,0.0038072289156626505,0.032329317269076306,0.19334939759036143,0.5420562248995984,0.7562650602409638
SMURF1,0.004096385542168675,0.04357429718875502,0.277855421686747,0.6132530120481928,0.7900883534136546
SNAP25,0.016626506024096384,0.1330281124497992,0.45269879518072287,0.7370522088353414,0.8167710843373494
SNCAIP,0.002136546184738956,0.01502008032128514,0.11494779116465864,0.40273895582329317,0.6104176706827309
SND1,0.004385542168674698,0.042393574297188756,0.27068273092369477,0.6364738955823294,0.7842409638554216
SNTG2,0.0021526104417670684,0.014096385542168674,0.09787951807228916,0.3357751004016064,0.5719196787148595
SNX14,0.0013092369477911646,0.0026907630522088354,0.03709236947791165,0.10362248995983936,0.2500160642570281
SNX5,0.00193574297188755,0.00783132530120482,0.04900401606425703,0.2262409638554217,0.43083534136546187
SOD1,0.008899598393574298,0.0777429718875502,0.39220883534136547,0.7172690763052209,0.8111325301204819
SON,0.002867469879518072,0.025791164658634538,0.16796787148594378,0.48333333333333334,0.7090923694779117
SORCS3,0.0015100401606425702,0.009614457831325302,0.08391967871485943,0.22270682730923694,0.41358232931726907
SOS2,0.004040160642570281,0.04156626506024096,0.26989558232931726,0.6326506024096386,0.7642409638554217
SOX5,0.004859437751004016,0.03473092369477911,0.23785542168674698,0.5720963855421687,0.7512369477911647
SOX6,0.003983935742971887,0.04094779116465863,0.21602409638554218,0.5553895582329317,0.7621365461847389
SPARCL1,0.0032048192771084337,0.030072289156626505,0.18978313253012047,0.5202650602409639,0.738995983935743
SPAST,0.003751004016064257,0.02378313253012048,0.14187951807228916,0.49016867469879516,0.7391004016064256
SPEN,0.004248995983935743,0.05048192771084337,0.2682248995983936,0.6004899598393574,0.7596867469879518
SPP2,0.0010843373493975904,0.0027951807228915665,0.015542168674698795,0.1073012048192771,0.2563614457831325
SPRY2,0.0026586345381526106,0.027028112449799198,0.18140562248995984,0.5358393574297189,0.7117590361445784
SPTAN1,0.009718875502008032,0.10299598393574297,0.43593574297188753,0.7354056224899599,0.8149718875502008
SPTBN1,0.005309236947791164,0.05030522088353414,0.2782971887550201,0.6618313253012048,0.7937429718875502
SRCAP,0.006610441767068273,0.07861044176706827,0.34608032128514055,0.6741124497991968,0.8007871485943775
SRGAP3,0.0029799196787148596,0.0176144578313253,0.12338152610441767,0.41968674698795183,0.7072610441767069
SRPRA,0.002104417670682731,0.008947791164658634,0.04575903614457831,0.27432128514056225,0.5225863453815262
SRRM2,0.0052530120481927714,0.04444979919678715,0.24756626506024096,0.609004016064257,0.7816546184738956
SRSF1,0.01633734939759036,0.12461847389558232,0.4616706827309237,0.7429156626506024,0.8150843373493976
SRSF11,0.0050281124497991965,0.028120481927710845,0.16816867469879518,0.507421686746988,0.7440321285140562
SSR4,0.0013975903614457832,0.005726907630522088,0.03714859437751004,0.18865060240963855,0.3518232931726908
SSRP1,0.009164658634538152,0.08472289156626506,0.3619036144578313,0.6849879518072289,0.8044257028112449
ST7,0.0013333333333333333,0.00455421686746988,0.034843373493975906,0.16487550200803214,0.3873092369477912
ST8SIA2,0.0014538152610441767,0.008867469879518072,0.04367871485943775,0.1982971887550201,0.3777991967871486
STAG1,0.0032369477911646585,0.029783132530120483,0.19457028112449798,0.4941285140562249,0.7077991967871486
STK39,0.0024096385542168677,0.008971887550200803,0.06556626506024096,0.2926265060240964,0.598008032128514
STX1A,0.009140562248995983,0.07575100401606426,0.31701204819277107,0.671847389558233,0.8027791164658634
STXBP1,0.01206425702811245,0.10277911646586345,0.40196787148594376,0.7192369477911646,0.8121767068273092
STXBP5,0.0038473895582329318,0.026714859437751003,0.19130923694779117,0.4876867469879518,0.7404096385542168
STYK1,0.001004016064257028,0.0011967871485943774,0.00497991967871486,0.025333333333333333,0.07584738955823293
SUPT16H,0.011903614457831325,0.09922088353413655,0.38583132530120484,0.7009477911646587,0.809863453815261
SYAP1,0.0010843373493975904,0.0025542168674698796,0.024297188755020082,0.12485140562248996,0.21636144578313252
SYBU,0.002136546184738956,0.009566265060240964,0.0685140562248996,0.24386345381526103,0.47083534136546185
SYCE1,0.002184738955823293,0.011244979919678716,0.0906425702811245,0.3742730923694779,0.6235261044176706
SYN1,0.015502008032128515,0.13310843373493975,0.49097991967871485,0.7538393574297189,0.8174136546184739
SYN2,0.010120481927710843,0.10106827309236947,0.4210763052208835,0.7293012048192771,0.8148674698795181
SYNCRIP,0.00795983935742972,0.06648995983935743,0.3332289156626506,0.6816706827309237,0.8016867469879518
SYNE1,0.00623293172690763,0.058690763052208834,0.341285140562249,0.6789558232931727,0.796570281124498
SYNGAP1,0.012642570281124497,0.1275983935742972,0.4826345381526104,0.7551164658634538,0.8192530120481928
SYNJ1,0.006056224899598394,0.055220883534136546,0.3127309236947791,0.6595341365461848,0.8029477911646586
SYP,0.013357429718875501,0.132714859437751,0.4955261044176707,0.7558313253012048,0.8194698795180723
SYT1,0.012891566265060241,0.09965461847389558,0.40756626506024096,0.7136224899598393,0.8107309236947792
SYT17,0.0009156626506024096,0.0009156626506024096,0.0011646586345381525,0.0019919678714859436,0.011678714859437752
TAF1,0.013855421686746987,0.11467469879518072,0.42587951807228913,0.7255180722891567,0.813285140562249
TAF1C,0.002867469879518072,0.0357429718875502,0.22411244979919678,0.5782730923694779,0.7233333333333334
TAF4,0.006088353413654619,0.05993574297188755,0.31105220883534135,0.6500401606425703,0.793293172690763
TAF6,0.006353413654618474,0.050658634538152614,0.26799196787148594,0.6083694779116466,0.7840963855421687
TANC2,0.0018634538152610442,0.005815261044176707,0.03907630522088353,0.2028995983935743,0.44507630522088354
TAOK1,0.0019277108433734939,0.008987951807228915,0.07248192771084337,0.3095180722891566,0.5777429718875502
TAOK2,0.0020883534136546186,0.012393574297188755,0.08808032128514057,0.31166265060240966,0.5186827309236948
TBC1D23,0.0011164658634538153,0.0011004016064257028,0.0013413654618473895,0.004184738955823293,0.011028112449799198
TBC1D31,0.0011244979919678715,0.002112449799196787,0.00497991967871486,0.04208835341365462,0.12333333333333334
TBC1D5,0.0012610441767068273,0.0025863453815261044,0.01206425702811245,0.05314859437751004,0.15791164658634538
TBCB,0.0013413654618473895,0.0026586345381526106,0.00806425702811245,0.06628112449799196,0.15428112449799197
TBCEL,0.0009879518072289156,0.0012369477911646587,0.0015261044176706827,0.003895582329317269,0.018465863453815262
TBCK,0.0009558232931726907,0.0010602409638554217,0.0009718875502008033,0.0009959839357429718,0.0014779116465863454
TBL1X,0.008803212851405623,0.09552610441767068,0.42296385542168674,0.7236385542168675,0.8118473895582329
TBL1XR1,0.007461847389558233,0.07951807228915662,0.3803132530120482,0.7134457831325302,0.8096546184738956
TBR1,0.008867469879518072,0.08209638554216868,0.3864176706827309,0.7123373493975904,0.8083614457831325
TBX1,0.0015742971887550202,0.0036626506024096386,0.019943775100401608,0.09689156626506024,0.2495983935742972
TBX22,0.001678714859437751,0.00708433734939759,0.05731726907630522,0.23898795180722893,0.43857831325301205
TCEAL1,0.002,0.010240963855421687,0.08846586345381525,0.3070682730923695,0.5460321285140562
TCF12,0.003437751004016064,0.030602409638554217,0.19495582329317268,0.5513012048192771,0.7471405622489959
TCF20,0.003244979919678715,0.022779116465863454,0.15891566265060242,0.4408112449799197,0.6338152610441767
TCF4,0.004393574297188755,0.036497991967871485,0.22881124497991967,0.5443534136546184,0.7594859437751004
TCF7L2,0.007453815261044177,0.07440160642570282,0.38313253012048193,0.6994216867469879,0.8095020080321285
TDO2,0.00236144578313253,0.007349397590361446,0.050907630522088354,0.21322088353413654,0.521277108433735
TECTA,0.0012931726907630522,0.0025140562248995983,0.0077429718875502,0.05312449799196787,0.10890763052208835
TEK,0.0041285140562248995,0.04991967871485944,0.2907228915662651,0.6521526104417671,0.7724658634538153
TERB2,0.0009558232931726907,0.0017751004016064258,0.012385542168674699,0.05624899598393574,0.09934939759036145
TERF2,0.0036144578313253013,0.03452208835341365,0.22142168674698795,0.5180562248995983,0.7712048192771085
TET2,0.009991967871485943,0.10584738955823293,0.4214538152610442,0.7235100401606426,0.8136706827309237
TET3,0.00327710843373494,0.03275502008032129,0.218570281124498,0.5653654618473896,0.7480803212851406
TFB2M,0.0013975903614457832,0.004779116465863454,0.04604819277108434,0.1469397590361446,0.33358232931726906
TFE3,0.00236144578313253,0.02106024096385542,0.14912449799196786,0.4992048192771084,0.6491244979919679
TGM1,0.001718875502008032,0.006546184738955824,0.04512449799196787,0.19514859437751003,0.33105220883534137
THBS1,0.009453815261044177,0.0901847389558233,0.42368674698795183,0.7267469879518073,0.8127630522088354
THRA,0.00357429718875502,0.047244979919678715,0.2681847389558233,0.6313012048192771,0.7635341365461847
TLE3,0.004449799196787149,0.053903614457831324,0.2731004016064257,0.6502811244979919,0.7915020080321286
TLK2,0.002891566265060241,0.030465863453815262,0.1762730923694779,0.47993574297188757,0.697855421686747
TLN2,0.004827309236947791,0.04435341365461847,0.2756546184738956,0.6323534136546185,0.7864658634538153
TM4SF19,0.0011325301204819277,0.0018634538152610442,0.01,0.043124497991967874,0.10497991967871485
TM4SF20,0.0009558232931726907,0.0010281124497991969,0.0011244979919678715,0.0009638554216867469,0.0038714859437751
TMLHE,0.0010120481927710842,0.002602409638554217,0.022674698795180723,0.10268273092369477,0.19893172690763053
TNPO3,0.0023052208835341367,0.011879518072289156,0.09103614457831326,0.3338313253012048,0.595574297188755
TNRC6B,0.007887550200803213,0.08691566265060241,0.3647630522088353,0.7046184738955823,0.8062329317269076
TNRC6C,0.00740562248995984,0.0721847389558233,0.3527710843373494,0.6738232931726907,0.8012530120481928
TNS2,0.0014779116465863454,0.006947791164658635,0.05059437751004016,0.209140562248996,0.41039357429718876
TOP2B,0.006224899598393574,0.07485943775100401,0.3412289156626506,0.6732369477911646,0.8002409638554216
TOP3B,0.0018875502008032128,0.010987951807228915,0.07369477911646587,0.34041767068273093,0.4508112449799197
TPO,0.0020562248995983938,0.0098714859437751,0.07473092369477911,0.25632128514056224,0.47685140562248995
TRAF7,0.002216867469879518,0.019244979919678714,0.14055421686746988,0.45039357429718874,0.6272369477911647
TRAP1,0.0032369477911646585,0.03672289156626506,0.25142971887550203,0.5908273092369478,0.7356787148594377
TRAPPC2L,0.0015983935742971888,0.0025060240963855423,0.00795983935742972,0.03138955823293173,0.14591967871485945
TRAPPC6B,0.0021204819277108435,0.004666666666666667,0.01959839357429719,0.11595983935742972,0.33918072289156626
TRAPPC9,0.002248995983935743,0.008939759036144579,0.06180722891566265,0.2749879518072289,0.508289156626506
TRIM23,0.0016626506024096386,0.0068192771084337345,0.03752610441767068,0.24532530120481927,0.3873815261044177
TRIM32,0.0029477911646586343,0.019261044176706828,0.14001606425702812,0.4074056224899598,0.6687871485943775
TRIM33,0.006112449799196788,0.06342168674698795,0.3284176706827309,0.6575341365461848,0.8027228915662651
TRIM8,0.0012690763052208836,0.003759036144578313,0.02457831325301205,0.10830522088353414,0.2676546184738956
TRIO,0.0036144578313253013,0.02195983935742972,0.1402570281124498,0.4447550200803213,0.7125863453815261
TRIP12,0.011742971887550201,0.08439357429718876,0.3720321285140562,0.6984016064257028,0.8089558232931727
TRPC4,0.00308433734939759,0.026947791164658636,0.16234538152610442,0.5176385542168674,0.7262650602409638
TRPC5,0.003502008032128514,0.02244979919678715,0.14506827309236947,0.4497670682730924,0.7099598393574297
TRPC6,0.004698795180722892,0.036184738955823297,0.22798393574297188,0.5809799196787149,0.7677670682730924
TRPM1,0.0025220883534136547,0.00665863453815261,0.03656224899598393,0.21543775100401608,0.4762008032128514
TRPM3,0.0022650602409638554,0.013092369477911647,0.10089959839357429,0.3197429718875502,0.5831887550200803
TRPM6,0.002602409638554217,0.024008032128514056,0.14337349397590363,0.4120722891566265,0.6240642570281124
TRPM7,0.0037349397590361448,0.026939759036144578,0.1809558232931727,0.5271807228915663,0.7205060240963855
TRRAP,0.011140562248995983,0.10844979919678716,0.4173975903614458,0.7197751004016064,0.8087469879518072
TSC1,0.006176706827309237,0.06934939759036145,0.3594538152610442,0.7014056224899599,0.812433734939759
TSC2,0.010706827309236947,0.10971887550200803,0.4753895582329317,0.7492128514056224,0.8164016064257028
TSHZ1,0.0012931726907630522,0.0028353413654618473,0.01702008032128514,0.0921847389558233,0.1771164658634538
TSHZ3,0.003108433734939759,0.006538152610441767,0.03249799196787149,0.17919678714859438,0.4298313253012048
TSPAN4,0.0009397590361445783,0.0017108433734939759,0.01691566265060241,0.05357429718875502,0.1796144578313253
TSPAN7,0.002184738955823293,0.016056224899598393,0.11290763052208835,0.34714859437751006,0.611285140562249
TSPOAP1,0.0032931726907630523,0.023991967871485945,0.1654698795180723,0.4391967871485944,0.7040883534136546
TSPYL2,0.0018875502008032128,0.013759036144578313,0.11053815261044177,0.37620883534136546,0.5610441767068273
TTI2,0.0010843373493975904,0.0038714859437751,0.05424899598393574,0.18050602409638555,0.30697991967871485
TTN,0.006835341365461847,0.054795180722891565,0.31490763052208837,0.658586345381526,0.799991967871486
TUBGCP5,0.0031485943775100404,0.024393574297188754,0.16575903614457832,0.4751164658634538,0.6757510040160642
U2AF2,0.008899598393574298,0.06828915662650602,0.31747791164658634,0.6640401606425703,0.8014538152610442
UBA7,0.0016546184738955823,0.00642570281124498,0.06181526104417671,0.318714859437751,0.4493092369477912
UBAP2L,0.004072289156626506,0.025349397590361446,0.1558714859437751,0.5103855421686747,0.7187710843373494
UBE2H,0.0018875502008032128,0.00874698795180723,0.08227309236947791,0.3083935742971888,0.4681526104417671
UBE3A,0.01453012048192771,0.13850602409638554,0.5244979919678715,0.7662489959839357,0.8202008032128514
UBE3C,0.0030441767068273094,0.015004016064257029,0.10241767068273093,0.36454618473895584,0.6244578313253012
UBN2,0.002763052208835341,0.016096385542168676,0.10890763052208835,0.35373493975903614,0.5903373493975904
UBR1,0.00448995983935743,0.024995983935742972,0.16177510040160642,0.4817751004016064,0.7369799196787149
UBR3,0.00193574297188755,0.009477911646586346,0.056409638554216865,0.24685943775100402,0.5407068273092369
UBR5,0.007767068273092369,0.07291566265060241,0.33962248995983935,0.6627389558232931,0.7990361445783133
UGGT1,0.0015180722891566265,0.0037670682730923696,0.0174859437751004,0.129855421686747,0.29479518072289157
UIMC1,0.003285140562248996,0.029261044176706826,0.18267469879518072,0.5306987951807229,0.725285140562249
UNC13A,0.006763052208835342,0.05208032128514056,0.2830120481927711,0.6323212851405623,0.7923373493975904
UNC5D,0.0037188755020080323,0.015228915662650602,0.09677108433734939,0.4105622489959839,0.7006666666666667
UNC79,0.0038313253012048193,0.028417670682730923,0.16442570281124497,0.4975502008032128,0.7196465863453815
UNC80,0.0016465863453815261,0.005791164658634538,0.04044176706827309,0.15008032128514057,0.3501285140562249
UPF2,0.0028514056224899598,0.013052208835341365,0.10165461847389558,0.3400562248995984,0.6566425702811245
UPF3B,0.003678714859437751,0.021542168674698794,0.1328273092369478,0.46881927710843374,0.7150522088353414
USH2A,0.004216867469879518,0.01855421686746988,0.11670682730923695,0.45065060240963856,0.7037751004016064
USP15,0.0037751004016064256,0.03610441767068273,0.21891566265060242,0.5980401606425703,0.7610843373493976
USP24,0.001823293172690763,0.0157429718875502,0.09202409638554217,0.328,0.589726907630522
USP27X,0.0016867469879518072,0.011132530120481928,0.07743775100401606,0.3040160642570281,0.5359036144578313
USP30,0.0028514056224899598,0.01874698795180723,0.12472289156626507,0.410144578313253,0.6286586345381526
USP45,0.0016144578313253013,0.006506024096385542,0.044281124497991965,0.20759839357429719,0.39345381526104417
USP7,0.013124497991967871,0.11423293172690763,0.4516305220883534,0.7316144578313253,0.8139277108433735
USP9X,0.008843373493975903,0.07555020080321286,0.38432128514056224,0.7097751004016064,0.8101927710843374
USP9Y,0.0018152610441767069,0.015751004016064257,0.10977510040160643,0.41716465863453817,0.6039357429718876
VAMP2,0.011301204819277108,0.09391164658634538,0.41444979919678715,0.7191967871485944,0.809437751004016
VASH1,0.0009959839357429718,0.002104417670682731,0.012265060240963856,0.05081124497991968,0.10346184738955823
VCP,0.011052208835341365,0.09571084337349398,0.4528433734939759,0.7392128514056225,0.8150602409638554
VEZF1,0.001004016064257028,0.0012610441767068273,0.0029156626506024095,0.01997590361445783,0.06497991967871486
VPS13B,0.0013092369477911646,0.002642570281124498,0.01602409638554217,0.11821686746987951,0.2373253012048193
VPS54,0.0014056224899598394,0.003959839357429719,0.015405622489959839,0.08265060240963855,0.24887550200803213
VSIG4,0.0013012048192771084,0.002891566265060241,0.01508433734939759,0.0710441767068273,0.22836144578313253
VWA7,0.0011967871485943774,0.0015662650602409638,0.006248995983935743,0.05163855421686747,0.09216064257028113
WAC,0.003654618473895582,0.028738955823293173,0.18840963855421686,0.5158875502008032,0.7464337349397591
WASF1,0.003542168674698795,0.03390361445783133,0.2179277108433735,0.6104096385542168,0.7522489959839358
WDFY3,0.005534136546184739,0.047630522088353416,0.2784417670682731,0.6285461847389558,0.7915903614457831
WDFY4,0.0014538152610441767,0.005967871485943775,0.04570281124497992,0.20263453815261045,0.3801847389558233
WDR26,0.0031325301204819275,0.020666666666666667,0.11741365461847389,0.41889156626506024,0.7182088353413655
WDR37,0.0015502008032128513,0.005775100401606426,0.04228112449799197,0.16079518072289156,0.3768192771084337
WDR5,0.015236947791164659,0.12769477911646587,0.43937349397590364,0.7249397590361446,0.8150763052208835
WNK3,0.0017991967871485944,0.008658634538152611,0.07356626506024097,0.30055421686746986,0.5121204819277109
WNT1,0.005309236947791164,0.052963855421686745,0.29694779116465864,0.667847389558233,0.8001526104417671
WWOX,0.005269076305220883,0.04960642570281124,0.2983855421686747,0.6565943775100401,0.7903775100401607
WWP1,0.004016064257028112,0.03032128514056225,0.20700401606425703,0.5624899598393575,0.7604738955823294
XPC,0.0029477911646586343,0.03379116465863454,0.22211244979919678,0.49771887550200805,0.7554939759036144
XPO1,0.009357429718875501,0.09738152610441766,0.42560642570281126,0.7224979919678715,0.8122971887550201
XRCC6,0.010409638554216867,0.10540562248995984,0.423566265060241,0.72514859437751,0.8127068273092369
YEATS2,0.004385542168674698,0.03902008032128514,0.201855421686747,0.5435903614457831,0.761718875502008
YTHDC2,0.0032369477911646585,0.024289156626506023,0.15294779116465865,0.47037751004016065,0.7119437751004016
YWHAE,0.009630522088353414,0.07991164658634538,0.40252208835341363,0.7341124497991968,0.8124016064257028
YWHAG,0.00789558232931727,0.079285140562249,0.40724497991967873,0.7217911646586346,0.8094618473895583
YWHAZ,0.012570281124497993,0.12210441767068272,0.4843534136546185,0.7548112449799197,0.8172530120481928
YY1,0.012578313253012048,0.13152610441767068,0.4779036144578313,0.7454056224899598,0.8180722891566266
ZBTB16,0.004409638554216867,0.03242570281124498,0.21544578313253013,0.5528674698795181,0.7479036144578314
ZBTB18,0.001534136546184739,0.007502008032128514,0.06501204819277108,0.20942971887550202,0.4131084337349398
ZBTB20,0.0026666666666666666,0.01442570281124498,0.10341365461847389,0.33889156626506023,0.5988353413654618
ZBTB21,0.0009317269076305221,0.0029397590361445783,0.02340562248995984,0.05381526104417671,0.18021686746987953
ZBTB7A,0.0039196787148594375,0.04865060240963855,0.2774377510040161,0.5952048192771084,0.7767068273092369
ZC3H11A,0.0028755020080321286,0.018562248995983934,0.13790361445783134,0.4392449799196787,0.6597590361445783
ZC3H4,0.002578313253012048,0.016497991967871484,0.12358232931726908,0.4379036144578313,0.6499919678714859
ZEB2,0.0033333333333333335,0.04970281124497992,0.2721526104417671,0.6103453815261044,0.7864819277108434
ZFHX3,0.00236144578313253,0.01683534136546185,0.10061044176706828,0.31653815261044177,0.601140562248996
ZFHX4,0.002457831325301205,0.01670682730923695,0.11196787148594378,0.3858714859437751,0.6715261044176707
ZFX,0.00308433734939759,0.03068273092369478,0.22615261044176707,0.589285140562249,0.754425702811245
ZFYVE26,0.001823293172690763,0.00642570281124498,0.034401606425702815,0.18133333333333335,0.36922088353413657
ZFYVE9,0.0012208835341365463,0.005421686746987952,0.04955020080321285,0.18493975903614457,0.2793654618473896
ZMIZ1,0.0016706827309236948,0.01655421686746988,0.1284578313253012,0.35048192771084336,0.5800321285140563
ZMYM2,0.0045943775100401605,0.03424899598393574,0.22396787148594377,0.5884016064257028,0.7763373493975904
ZMYM3,0.004321285140562249,0.04167871485943775,0.23983935742971887,0.5834538152610442,0.7818313253012048
ZMYND11,0.003220883534136546,0.032152610441767066,0.20081927710843372,0.5056465863453815,0.6855100401606425
ZMYND8,0.003606425702811245,0.038369477911646584,0.21676305220883535,0.5472128514056225,0.7417751004016064
ZNF18,0.0015823293172690764,0.003469879518072289,0.014570281124497993,0.08072289156626505,0.20456224899598394
ZNF292,0.0057028112449799195,0.03730923694779117,0.22489156626506024,0.5813253012048193,0.7762489959839357
ZNF385B,0.0030763052208835342,0.007598393574297189,0.04486746987951807,0.16347791164658634,0.4573734939759036
ZNF462,0.0018393574297188755,0.01040160642570281,0.08303614457831325,0.2661285140562249,0.4883212851405622
ZNF517,0.0012530120481927711,0.0029477911646586343,0.009815261044176706,0.0690441767068273,0.16291566265060242
ZNF532,0.0013413654618473895,0.009285140562248996,0.06437751004016064,0.2161686746987952,0.27241767068273093
ZNF536,0.001502008032128514,0.003244979919678715,0.012008032128514055,0.08198393574297189,0.21436144578313254
ZNF548,0.0011566265060240963,0.0017911646586345382,0.0037429718875502008,0.016995983935742972,0.07448995983935743
ZNF559,0.0020160642570281125,0.004409638554216867,0.016730923694779118,0.08140562248995983,0.2777751004016064
ZNF644,0.0027389558232931727,0.011004016064257029,0.08573493975903615,0.32511646586345383,0.6337911646586345
ZNF711,0.001389558232931727,0.008923694779116465,0.06983132530120482,0.23222489959839357,0.41688353413654616
ZNF713,0.0014779116465863454,0.0025220883534136547,0.007445783132530121,0.031164658634538153,0.16220883534136546
ZNF774,0.0014457831325301205,0.0028273092369477913,0.00757429718875502,0.035156626506024094,0.14266666666666666
ZNF804A,0.003759036144578313,0.03502008032128514,0.20396787148594378,0.5695100401606425,0.7590361445783133
ZNF827,0.0028835341365461846,0.01331726907630522,0.09677911646586346,0.3425461847389558,0.5262168674698795
ZNF865,0.0010843373493975904,0.0014136546184738957,0.0018313253012048193,0.006690763052208835,0.04343775100401606
ZSWIM6,0.0011887550200803212,0.0025622489959839356,0.013397590361445784,0.05963052208835341,0.15186345381526103
ZWILCH,0.0018634538152610442,0.005301204819277108,0.03816064257028112,0.19366265060240964,0.4211164658634538
