queryItem	queryIndex	stringId	ncbiTaxonId	taxonName	preferredName	annotation
ABAT	0	9606.ENSP00000379845	9606	Homo sapiens	ABAT	4-aminobutyrate aminotransferase, mitochondrial; Catalyzes the conversion of gamma-aminobutyrate and L-beta- aminoisobutyrate to succinate semialdehyde and methylmalonate semialdehyde, respectively. Can also convert delta-aminovalerate and beta-alanine; Belongs to the class-III pyridoxal-phosphate-dependent aminotransferase family.
ABCA10	1	9606.ENSP00000269081	9606	Homo sapiens	ABCA10	ATP-binding cassette sub-family A member 10; Probable transporter which may play a role in macrophage lipid homeostasis.
ABCA13	2	9606.ENSP00000411096	9606	Homo sapiens	ABCA13	ATP binding cassette subfamily A member 13; Belongs to the ABC transporter superfamily.
ABCA2	3	9606.ENSP00000344155	9606	Homo sapiens	ABCA2	ATP-binding cassette sub-family A member 2; Probable transporter, its natural substrate has not been found yet. May have a role in macrophage lipid metabolism and neural development.
ABCA7	4	9606.ENSP00000263094	9606	Homo sapiens	ABCA7	Phospholipid-transporting ATPase ABCA7; Catalyzes the translocation of specific phospholipids from the cytoplasmic to the extracellular/lumenal leaflet of membrane coupled to the hydrolysis of ATP. Transports preferentially phosphatidylserine over phosphatidylcholine. Plays a role in lipid homeostasis and macrophage- mediated phagocytosis. Binds APOA1 and may function in apolipoprotein-mediated phospholipid efflux from cells. May also mediate cholesterol efflux. May regulate cellular ceramide homeostasis during keratinocyte differentiation. Involved in lipid raft organization and CD1D  [...] 
ABCE1	5	9606.ENSP00000296577	9606	Homo sapiens	ABCE1	ATP-binding cassette sub-family E member 1; Antagonizes the binding of 2-5A (5'-phosphorylated 2',5'- linked oligoadenylates) by RNase L through direct interaction with RNase L and therefore inhibits its endoribonuclease activity. May play a central role in the regulation of mRNA turnover. Antagonizes the anti-viral effect of the interferon-regulated 2-5A/RNase L pathway. May act as a chaperone for post-translational events during HIV-1 capsid assembly; Belongs to the ABC transporter superfamily. ABCE family.
ABL2	6	9606.ENSP00000427562	9606	Homo sapiens	ABL2	Tyrosine-protein kinase ABL2; Non-receptor tyrosine-protein kinase that plays an ABL1- overlapping role in key processes linked to cell growth and survival such as cytoskeleton remodeling in response to extracellular stimuli, cell motility and adhesion and receptor endocytosis. Coordinates actin remodeling through tyrosine phosphorylation of proteins controlling cytoskeleton dynamics like MYH10 (involved in movement); CTTN (involved in signaling); or TUBA1 and TUBB (microtubule subunits). Binds directly F-actin and regulates actin cytoskeletal structure through its F-actin- bundling ac [...] 
ACAP2	7	9606.ENSP00000324287	9606	Homo sapiens	ACAP2	Arf-GAP with coiled-coil, ANK repeat and PH domain-containing protein 2; GTPase-activating protein (GAP) for ADP ribosylation factor 6 (ARF6).
ACE	8	9606.ENSP00000290866	9606	Homo sapiens	ACE	Angiotensin-converting enzyme, soluble form; Converts angiotensin I to angiotensin II by release of the terminal His-Leu, this results in an increase of the vasoconstrictor activity of angiotensin. Also able to inactivate bradykinin, a potent vasodilator. Has also a glycosidase activity which releases GPI- anchored proteins from the membrane by cleaving the mannose linkage in the GPI moiety; Belongs to the peptidase M2 family.
ACHE	9	9606.ENSP00000303211	9606	Homo sapiens	ACHE	Acetylcholinesterase; Terminates signal transduction at the neuromuscular junction by rapid hydrolysis of the acetylcholine released into the synaptic cleft. Role in neuronal apoptosis. Belongs to the type-B carboxylesterase/lipase family.
ACTB	10	9606.ENSP00000494750	9606	Homo sapiens	ACTB	Actin, cytoplasmic 1, N-terminally processed; Actin is a highly conserved protein that polymerizes to produce filaments that form cross-linked networks in the cytoplasm of cells. Actin exists in both monomeric (G-actin) and polymeric (F-actin) forms, both forms playing key functions, such as cell motility and contraction. In addition to their role in the cytoplasmic cytoskeleton, G- and F-actin also localize in the nucleus, and regulate gene transcription and motility and repair of damaged DNA.
ACTL6B	11	9606.ENSP00000160382	9606	Homo sapiens	ACTL6B	Actin-like protein 6B; Involved in transcriptional activation and repression of select genes by chromatin remodeling (alteration of DNA-nucleosome topology). Component of SWI/SNF chromatin remodeling complexes that carry out key enzymatic activities, changing chromatin structure by altering DNA-histone contacts within a nucleosome in an ATP-dependent manner. Belongs to the neuron-specific chromatin remodeling complex (nBAF complex), as such plays a role in remodeling mononucleosomes in an ATP-dependent fashion, and is required for postmitotic neural development and dendritic outgrowth. [...] 
ACTN4	12	9606.ENSP00000252699	9606	Homo sapiens	ACTN4	Alpha-actinin-4; F-actin cross-linking protein which is thought to anchor actin to a variety of intracellular structures. This is a bundling protein (Probable). Probably involved in vesicular trafficking via its association with the CART complex. The CART complex is necessary for efficient transferrin receptor recycling but not for EGFR degradation. Involved in tight junction assembly in epithelial cells probably through interaction with MICALL2. Links MICALL2 to the actin cytoskeleton and recruits it to the tight junctions (By similarity). May also function as a transcriptional coacti [...] 
ACY1	13	9606.ENSP00000384296	9606	Homo sapiens	ACY1	Aminoacylase-1; Involved in the hydrolysis of N-acylated or N-acetylated amino acids (except L-aspartate); Belongs to the peptidase M20A family.
ADA	14	9606.ENSP00000361965	9606	Homo sapiens	ADA	Adenosine deaminase; Catalyzes the hydrolytic deamination of adenosine and 2- deoxyadenosine. Plays an important role in purine metabolism and in adenosine homeostasis. Modulates signaling by extracellular adenosine, and so contributes indirectly to cellular signaling events. Acts as a positive regulator of T-cell coactivation, by binding DPP4. Its interaction with DPP4 regulates lymphocyte-epithelial cell adhesion. Enhances dendritic cell immunogenicity by affecting dendritic cell costimulatory molecule expression and cytokines and chemokines secretion (By similarity). Enhances CD4+ T [...] 
ADCY1	15	9606.ENSP00000297323	9606	Homo sapiens	ADCY1	Adenylate cyclase type 1; Catalyzes the formation of the signaling molecule cAMP in response to G-protein signaling. Mediates responses to increased cellular Ca(2+)/calmodulin levels (By similarity). May be involved in regulatory processes in the central nervous system. May play a role in memory and learning. Plays a role in the regulation of the circadian rhythm of daytime contrast sensitivity probably by modulating the rhythmic synthesis of cyclic AMP in the retina (By similarity). Belongs to the adenylyl cyclase class-4/guanylyl cyclase family.
ADCY3	16	9606.ENSP00000384484	9606	Homo sapiens	ADCY3	Adenylate cyclase type 3; Catalyzes the formation of the signaling molecule cAMP in response to G-protein signaling. Participates in signaling cascades triggered by odorant receptors via its function in cAMP biosynthesis. Required for the perception of odorants. Required for normal sperm motility and normal male fertility. Plays a role in regulating insulin levels and body fat accumulation in response to a high fat diet.
ADCY5	17	9606.ENSP00000419361	9606	Homo sapiens	ADCY5	Adenylate cyclase type 5; Catalyzes the formation of the signaling molecule cAMP in response to G-protein signaling. Mediates signaling downstream of ADRB1. Regulates the increase of free cytosolic Ca(2+) in response to increased blood glucose levels and contributes to the regulation of Ca(2+)-dependent insulin secretion.
ADGRB1	18	9606.ENSP00000430945	9606	Homo sapiens	ADGRB1	Adhesion G protein-coupled receptor B1; Phosphatidylserine receptor which enhances the engulfment of apoptotic cells. Also mediates the binding and engulfment of Gram-negative bacteria. Stimulates production of reactive oxygen species by macrophages in response to Gram-negative bacteria, resulting in enhanced microbicidal macrophage activity. In the gastric mucosa, required for recognition and engulfment of apoptotic gastric epithelial cells. Promotes myoblast fusion (By similarity). Activates the Rho pathway in a G-protein-dependent manner. Inhibits MDM2-mediated ubiquitination and de [...] 
ADGRL1	19	9606.ENSP00000340688	9606	Homo sapiens	ADGRL1	Adhesion G protein-coupled receptor L1; Calcium-independent receptor of high affinity for alpha- latrotoxin, an excitatory neurotoxin present in black widow spider venom which triggers massive exocytosis from neurons and neuroendocrine cells. Receptor for TENM2 that mediates heterophilic synaptic cell-cell contact and postsynaptic specialization. Receptor probably implicated in the regulation of exocytosis (By similarity).
ADK	20	9606.ENSP00000443965	9606	Homo sapiens	ADK	Adenosine kinase; ATP dependent phosphorylation of adenosine and other related nucleoside analogs to monophosphate derivatives. Serves as a potential regulator of concentrations of extracellular adenosine and intracellular adenine nucleotides; Belongs to the carbohydrate kinase PfkB family.
ADNP	21	9606.ENSP00000360662	9606	Homo sapiens	ADNP	Activity-dependent neuroprotector homeobox protein; Potential transcription factor. May mediate some of the neuroprotective peptide VIP-associated effects involving normal growth and cancer proliferation.
ADORA2A	22	9606.ENSP00000480012	9606	Homo sapiens	ADORA2A	Adenosine receptor A2a; Receptor for adenosine (By similarity). The activity of this receptor is mediated by G proteins which activate adenylyl cyclase (By similarity); Belongs to the G-protein coupled receptor 1 family.
ADORA3	23	9606.ENSP00000241356	9606	Homo sapiens	ADORA3	Adenosine receptor A3; [Isoform 2]: Receptor for adenosine. The activity of this receptor is mediated by G proteins which inhibits adenylyl cyclase ; Belongs to the G-protein coupled receptor 1 family.
ADRB2	24	9606.ENSP00000305372	9606	Homo sapiens	ADRB2	Beta-2 adrenergic receptor; Beta-adrenergic receptors mediate the catecholamine-induced activation of adenylate cyclase through the action of G proteins. The beta-2-adrenergic receptor binds epinephrine with an approximately 30- fold greater affinity than it does norepinephrine. Belongs to the G-protein coupled receptor 1 family. Adrenergic receptor subfamily. ADRB2 sub-subfamily.
ADSL	25	9606.ENSP00000485525	9606	Homo sapiens	ADSL	Adenylosuccinate lyase; Catalyzes two non-sequential steps in de novo AMP synthesis: converts (S)-2-(5-amino-1-(5-phospho-D-ribosyl)imidazole-4- carboxamido)succinate (SAICAR) to fumarate plus 5-amino-1-(5-phospho-D- ribosyl)imidazole-4-carboxamide, and thereby also contributes to de novo IMP synthesis, and converts succinyladenosine monophosphate (SAMP) to AMP and fumarate.
ADSS2	26	9606.ENSP00000355493	9606	Homo sapiens	ADSS2	Adenylosuccinate synthetase isozyme 2; Plays an important role in the de novo pathway and in the salvage pathway of purine nucleotide biosynthesis. Catalyzes the first committed step in the biosynthesis of AMP from IMP. Belongs to the adenylosuccinate synthetase family.
AFF2	27	9606.ENSP00000359489	9606	Homo sapiens	AFF2	AF4/FMR2 family member 2; RNA-binding protein. Might be involved in alternative splicing regulation through an interaction with G-quartet RNA structure.
AGAP1	28	9606.ENSP00000307634	9606	Homo sapiens	AGAP1	Arf-GAP with GTPase, ANK repeat and PH domain-containing protein 1; GTPase-activating protein for ARF1 and, to a lesser extent, ARF5. Directly and specifically regulates the adapter protein 3 (AP-3)- dependent trafficking of proteins in the endosomal-lysosomal system. Belongs to the centaurin gamma-like family.
AGAP2	29	9606.ENSP00000449241	9606	Homo sapiens	AGAP2	Arf-GAP with GTPase, ANK repeat and PH domain-containing protein 2; GTPase-activating protein (GAP) for ARF1 and ARF5, which also shows strong GTPase activity. Isoform 1 participates in the prevention of neuronal apoptosis by enhancing PI3 kinase activity. It aids the coupling of metabotropic glutamate receptor 1 (GRM1) to cytoplasmic PI3 kinase by interacting with Homer scaffolding proteins, and also seems to mediate anti-apoptotic effects of NGF by activating nuclear PI3 kinase. Isoform 2 does not stimulate PI3 kinase but may protect cells from apoptosis by stimulating Akt. It also r [...] 
AGAP5	30	9606.ENSP00000363207	9606	Homo sapiens	AGAP5	Arf-GAP with GTPase, ANK repeat and PH domain-containing protein 5; Putative GTPase-activating protein; Belongs to the centaurin gamma-like family.
AGBL4	31	9606.ENSP00000360905	9606	Homo sapiens	AGBL4	Cytosolic carboxypeptidase 6; Metallocarboxypeptidase that mediates deglutamylation of target proteins. Catalyzes the deglutamylation of polyglutamate side chains generated by post-translational polyglutamylation in proteins such as tubulins. Also removes polyglutamates from the carboxy-terminus of target proteins such as MYLK. Mediates deglutamylation of CGAS, regulating the antiviral activity of CGAS. Acts as a long-chain deglutamylase and specifically shortens long polyglutamate chains, while it is not able to remove the branching point glutamate, a process catalyzed by AGBL5/CCP5.
AGMO	32	9606.ENSP00000341662	9606	Homo sapiens	AGMO	Alkylglycerol monooxygenase; Glyceryl-ether monooxygenase that cleaves the O-alkyl bond of ether lipids. Ether lipids are essential components of brain membranes.
AGO1	33	9606.ENSP00000362300	9606	Homo sapiens	AGO1	Protein argonaute-1; Required for RNA-mediated gene silencing (RNAi). Binds to short RNAs such as microRNAs (miRNAs) or short interfering RNAs (siRNAs), and represses the translation of mRNAs which are complementary to them. Lacks endonuclease activity and does not appear to cleave target mRNAs. Also required for transcriptional gene silencing (TGS) of promoter regions which are complementary to bound short antigene RNAs (agRNAs).
AGO2	34	9606.ENSP00000220592	9606	Homo sapiens	AGO2	Protein argonaute-2; Required for RNA-mediated gene silencing (RNAi) by the RNA- induced silencing complex (RISC). The 'minimal RISC' appears to include AGO2 bound to a short guide RNA such as a microRNA (miRNA) or short interfering RNA (siRNA). These guide RNAs direct RISC to complementary mRNAs that are targets for RISC-mediated gene silencing. The precise mechanism of gene silencing depends on the degree of complementarity between the miRNA or siRNA and its target. Binding of RISC to a perfectly complementary mRNA generally results in silencing due to endonucleolytic cleavage of the [...] 
AGO3	35	9606.ENSP00000362287	9606	Homo sapiens	AGO3	Protein argonaute-3; Required for RNA-mediated gene silencing (RNAi). Binds to short RNAs such as microRNAs (miRNAs) and represses the translation of mRNAs which are complementary to them. Proposed to be involved in stabilization of small RNA derivates (riRNA) derived from processed RNA polymerase III-transcribed Alu repeats containing a DR2 retinoic acid response element (RARE) in stem cells and in the subsequent riRNA- dependent degradation of a subset of RNA polymerase II-transcribed coding mRNAs by recruiting a mRNA decapping complex involving EDC4. Possesses RNA slicer activity bu [...] 
AGO4	36	9606.ENSP00000362306	9606	Homo sapiens	AGO4	Protein argonaute-4; Required for RNA-mediated gene silencing (RNAi). Binds to short RNAs such as microRNAs (miRNAs) and represses the translation of mRNAs which are complementary to them. Lacks endonuclease activity and does not appear to cleave target mRNAs. Also required for RNA-directed transcription and replication of the human hapatitis delta virus (HDV). Belongs to the argonaute family. Ago subfamily.
AGTR2	37	9606.ENSP00000360973	9606	Homo sapiens	AGTR2	Type-2 angiotensin II receptor; Receptor for angiotensin II. Cooperates with MTUS1 to inhibit ERK2 activation and cell proliferation.
AHDC1	38	9606.ENSP00000363123	9606	Homo sapiens	AHDC1	AT-hook DNA-binding motif-containing protein 1; AT-hook DNA binding motif containing 1.
AHI1	39	9606.ENSP00000265602	9606	Homo sapiens	AHI1	Jouberin; Involved in vesicle trafficking and required for ciliogenesis, formation of primary non-motile cilium, and recruitment of RAB8A to the basal body of primary cilium. Component of the tectonic-like complex, a complex localized at the transition zone of primary cilia and acting as a barrier that prevents diffusion of transmembrane proteins between the cilia and plasma membranes. Involved in neuronal differentiation. As a positive modulator of classical Wnt signaling, may play a crucial role in ciliary signaling during cerebellum embryonic development.
AHNAK	40	9606.ENSP00000367263	9606	Homo sapiens	AHNAK	Neuroblast differentiation-associated protein AHNAK; May be required for neuronal cell differentiation.
AKAP9	41	9606.ENSP00000348573	9606	Homo sapiens	AKAP9	A-kinase anchor protein 9; Scaffolding protein that assembles several protein kinases and phosphatases on the centrosome and Golgi apparatus. Required to maintain the integrity of the Golgi apparatus. Required for microtubule nucleation at the cis-side of the Golgi apparatus. Required for association of the centrosomes with the poles of the bipolar mitotic spindle during metaphase. In complex with PDE4DIP isoform 13/MMG8/SMYLE, recruits CAMSAP2 to the Golgi apparatus and tethers non-centrosomal minus-end microtubules to the Golgi, an important step for polarized cell movement. In compl [...] 
ALDH1A3	42	9606.ENSP00000332256	9606	Homo sapiens	ALDH1A3	Aldehyde dehydrogenase family 1 member A3; NAD-dependent aldehyde dehydrogenase that catalyzes the formation of retinoic acid. Has high activity with all-trans retinal, and has much lower in vitro activity with acetaldehyde. Required for the biosynthesis of normal levels of retinoic acid in the embryonic ocular and nasal regions; retinoic acid is required for normal embryonic development of the eye and the nasal region (By similarity).
ALDH1L1	43	9606.ENSP00000273450	9606	Homo sapiens	ALDH1L1	Cytosolic 10-formyltetrahydrofolate dehydrogenase; Aldehyde dehydrogenase 1 family member L1; In the N-terminal section; belongs to the GART family.
ALDH5A1	44	9606.ENSP00000314649	9606	Homo sapiens	ALDH5A1	Succinate-semialdehyde dehydrogenase, mitochondrial; Catalyzes one step in the degradation of the inhibitory neurotransmitter gamma-aminobutyric acid (GABA).
ALG6	45	9606.ENSP00000263440	9606	Homo sapiens	ALG6	Dolichyl pyrophosphate Man9GlcNAc2 alpha-1,3-glucosyltransferase; Adds the first glucose residue to the lipid-linked oligosaccharide precursor for N-linked glycosylation. Transfers glucose from dolichyl phosphate glucose (Dol-P-Glc) onto the lipid-linked oligosaccharide Man(9)GlcNAc(2)-PP-Dol.
AMPD1	46	9606.ENSP00000430075	9606	Homo sapiens	AMPD1	AMP deaminase 1; AMP deaminase plays a critical role in energy metabolism; Belongs to the metallo-dependent hydrolases superfamily. Adenosine and AMP deaminases family.
AMT	47	9606.ENSP00000273588	9606	Homo sapiens	AMT	Aminomethyltransferase, mitochondrial; The glycine cleavage system catalyzes the degradation of glycine; Belongs to the GcvT family.
ANK2	48	9606.ENSP00000349588	9606	Homo sapiens	ANK2	Ankyrin-2; Plays an essential role in the localization and membrane stabilization of ion transporters and ion channels in several cell types, including cardiomyocytes, as well as in striated muscle cells. In skeletal muscle, required for proper localization of DMD and DCTN4 and for the formation and/or stability of a special subset of microtubules associated with costameres and neuromuscular junctions. In cardiomyocytes, required for coordinate assembly of Na/Ca exchanger, SLC8A1/NCX1, Na/K ATPases ATP1A1 and ATP1A2 and inositol 1,4,5- trisphosphate (InsP3) receptors at sarcoplasmic re [...] 
ANK3	49	9606.ENSP00000280772	9606	Homo sapiens	ANK3	Ankyrin-3; In skeletal muscle, required for costamere localization of DMD and betaDAG1 (By similarity). Membrane-cytoskeleton linker. May participate in the maintenance/targeting of ion channels and cell adhesion molecules at the nodes of Ranvier and axonal initial segments. Regulates KCNA1 channel activity in function of dietary Mg(2+) levels, and thereby contributes to the regulation of renal Mg(2+) reabsorption.
ANKRD11	50	9606.ENSP00000301030	9606	Homo sapiens	ANKRD11	Ankyrin repeat domain-containing protein 11; Chromatin regulator which modulates histone acetylation and gene expression in neural precursor cells (By similarity). May recruit histone deacetylases (HDACs) to the p160 coactivators/nuclear receptor complex to inhibit ligand-dependent transactivation. Has a role in proliferation and development of cortical neural precursors. May also regulate bone homeostasis (By similarity).
ANKRD17	51	9606.ENSP00000351416	9606	Homo sapiens	ANKRD17	Ankyrin repeat domain-containing protein 17; Could play pivotal roles in cell cycle and DNA regulation. Involved in innate immune defense against viruse by positively regulating the viral dsRNA receptors DDX58 and IFIH1 signaling pathways. Involves in NOD2- and NOD1- mediated responses to bacteria suggesting a role in innate antibacterial immune pathways too. Target of enterovirus 71 which is the major etiological agent of HFMD (hand, foot and mouth disease). Could play a central role for the formation and/or maintenance of the blood vessels of the circulation system (By similarity).
ANKS1B	52	9606.ENSP00000449629	9606	Homo sapiens	ANKS1B	Ankyrin repeat and sterile alpha motif domain-containing protein 1B; Isoform 2 may participate in the regulation of nucleoplasmic coilin protein interactions in neuronal and transformed cells. Isoform 4 may play a role as a modulator of APP processing. Overexpression can down-regulate APP processing.
ANP32A	53	9606.ENSP00000417864	9606	Homo sapiens	ANP32A	Acidic leucine-rich nuclear phosphoprotein 32 family member A; Implicated in a number of cellular processes, including proliferation, differentiation, caspase-dependent and caspase- independent apoptosis, suppression of transformation (tumor suppressor), inhibition of protein phosphatase 2A, regulation of mRNA trafficking and stability in association with ELAVL1, and inhibition of acetyltransferases as part of the INHAT (inhibitor of histone acetyltransferases) complex. Plays a role in E4F1-mediated transcriptional repression. Belongs to the ANP32 family.
ANXA1	54	9606.ENSP00000366109	9606	Homo sapiens	ANXA1	Annexin A1; Plays important roles in the innate immune response as effector of glucocorticoid-mediated responses and regulator of the inflammatory process. Has anti-inflammatory activity. Plays a role in glucocorticoid-mediated down-regulation of the early phase of the inflammatory response (By similarity). Promotes resolution of inflammation and wound healing. Functions at least in part by activating the formyl peptide receptors and downstream signaling cascades. Promotes chemotaxis of granulocytes and monocytes via activation of the formyl peptide receptors. Contributes to the adapti [...] 
AP1S2	55	9606.ENSP00000500695	9606	Homo sapiens	AP1S2	AP-1 complex subunit sigma-2; Subunit of clathrin-associated adaptor protein complex 1 that plays a role in protein sorting in the late-Golgi/trans-Golgi network (TGN) and/or endosomes. The AP complexes mediate both the recruitment of clathrin to membranes and the recognition of sorting signals within the cytosolic tails of transmembrane cargo molecules.
AP2M1	56	9606.ENSP00000403362	9606	Homo sapiens	AP2M1	AP-2 complex subunit mu; Component of the adaptor protein complex 2 (AP-2). Adaptor protein complexes function in protein transport via transport vesicles in different membrane traffic pathways. Adaptor protein complexes are vesicle coat components and appear to be involved in cargo selection and vesicle formation. AP-2 is involved in clathrin-dependent endocytosis in which cargo proteins are incorporated into vesicles surrounded by clathrin (clathrin-coated vesicles, CCVs) which are destined for fusion with the early endosome. The clathrin lattice serves as a mechanical scaffold but i [...] 
AP2S1	57	9606.ENSP00000470176	9606	Homo sapiens	AP2S1	AP-2 complex subunit sigma; Component of the adaptor protein complex 2 (AP-2). Adaptor protein complexes function in protein Transport via Transport vesicles in different membrane traffic pathways. Adaptor protein complexes are vesicle coat components and appear to be involved in cargo selection and vesicle formation. AP-2 is involved in clathrin-dependent endocytosis in which cargo proteins are incorporated into vesicles surrounded by clathrin (clathrin-coated vesicles, CCVs) which are destined for fusion with the early endosome. The clathrin lattice serves as a mechanical scaffold bu [...] 
APBA2	58	9606.ENSP00000453293	9606	Homo sapiens	APBA2	Amyloid-beta A4 precursor protein-binding family A member 2; Putative function in synaptic vesicle exocytosis by binding to STXBP1, an essential component of the synaptic vesicle exocytotic machinery. May modulate processing of the amyloid-beta precursor protein (APP) and hence formation of APP-beta.
APBB1	59	9606.ENSP00000477213	9606	Homo sapiens	APBB1	Amyloid-beta A4 precursor protein-binding family B member 1; Transcription coregulator that can have both coactivator and corepressor functions. Adapter protein that forms a transcriptionally active complex with the gamma-secretase-derived amyloid precursor protein (APP) intracellular domain. Plays a central role in the response to DNA damage by translocating to the nucleus and inducing apoptosis. May act by specifically recognizing and binding histone H2AX phosphorylated on 'Tyr-142' (H2AXY142ph) at double-strand breaks (DSBs), recruiting other pro-apoptosis factors such as MAPK8/JNK1 [...] 
APH1A	60	9606.ENSP00000358105	9606	Homo sapiens	APH1A	Gamma-secretase subunit APH-1A; Non-catalytic subunit of the gamma-secretase complex, an endoprotease complex that catalyzes the intramembrane cleavage of integral membrane proteins such as Notch receptors and APP (amyloid- beta precursor protein). Required for normal gamma-secretase assembly. The gamma-secretase complex plays a role in Notch and Wnt signaling cascades and regulation of downstream processes via its role in processing key regulatory proteins, and by regulating cytosolic CTNNB1 levels (Probable). Belongs to the APH-1 family.
AR	61	9606.ENSP00000363822	9606	Homo sapiens	AR	Androgen receptor; Steroid hormone receptors are ligand-activated transcription factors that regulate eukaryotic gene expression and affect cellular proliferation and differentiation in target tissues. Transcription factor activity is modulated by bound coactivator and corepressor proteins like ZBTB7A that recruits NCOR1 and NCOR2 to the androgen response elements/ARE on target genes, negatively regulating androgen receptor signaling and androgen-induced cell proliferation. Transcription activation is also down-regulated by NR0B2. Activated, but not phosphorylated, by HIPK3 and ZIPK/DA [...] 
ARF3	62	9606.ENSP00000256682	9606	Homo sapiens	ARF3	ADP-ribosylation factor 3; GTP-binding protein that functions as an allosteric activator of the cholera toxin catalytic subunit, an ADP-ribosyltransferase. Involved in protein trafficking; may modulate vesicle budding and uncoating within the Golgi apparatus; Belongs to the small GTPase superfamily. Arf family.
ARHGAP11B	63	9606.ENSP00000392760	9606	Homo sapiens	ARHGAP11B	Rho GTPase-activating protein 11B; Hominin-specific protein that promotes development and evolutionary expansion of the brain neocortex. Able to promote amplification of basal progenitors in the subventricular zone, producing more neurons during fetal corticogenesis. Does not possess GTPase activator activity.
ARHGAP30	64	9606.ENSP00000356992	9606	Homo sapiens	ARHGAP30	Rho GTPase-activating protein 30; GTPase-activating protein (GAP) for RAC1 and RHOA, but not for CDC42.
ARHGAP32	65	9606.ENSP00000310561	9606	Homo sapiens	ARHGAP32	Rho GTPase-activating protein 32; GTPase-activating protein (GAP) promoting GTP hydrolysis on RHOA, CDC42 and RAC1 small GTPases. May be involved in the differentiation of neuronal cells during the formation of neurite extensions. Involved in NMDA receptor activity-dependent actin reorganization in dendritic spines. May mediate cross-talks between Ras- and Rho-regulated signaling pathways in cell growth regulation. Isoform 2 has higher GAP activity (By similarity). Belongs to the PX domain-containing GAP family.
ARHGAP5	66	9606.ENSP00000371897	9606	Homo sapiens	ARHGAP5	Rho GTPase-activating protein 5; GTPase-activating protein for Rho family members.
ARHGEF10	67	9606.ENSP00000431012	9606	Homo sapiens	ARHGEF10	Rho guanine nucleotide exchange factor 10; May play a role in developmental myelination of peripheral nerves.
ARHGEF2	68	9606.ENSP00000354837	9606	Homo sapiens	ARHGEF2	Rho guanine nucleotide exchange factor 2; Activates Rho-GTPases by promoting the exchange of GDP for GTP. May be involved in epithelial barrier permeability, cell motility and polarization, dendritic spine morphology, antigen presentation, leukemic cell differentiation, cell cycle regulation, innate immune response, and cancer. Binds Rac-GTPases, but does not seem to promote nucleotide exchange activity toward Rac-GTPases, which was uniquely reported in. May stimulate instead the cortical activity of Rac. Inactive toward CDC42, TC10, or Ras-GTPases. Forms an intracellular sensing syste [...] 
ARHGEF9	69	9606.ENSP00000490940	9606	Homo sapiens	ARHGEF9	Rho guanine nucleotide exchange factor 9; Acts as guanine nucleotide exchange factor (GEF) for CDC42. Promotes formation of GPHN clusters (By similarity).
ARID1A	70	9606.ENSP00000320485	9606	Homo sapiens	ARID1A	AT-rich interactive domain-containing protein 1A; Involved in transcriptional activation and repression of select genes by chromatin remodeling (alteration of DNA-nucleosome topology). Component of SWI/SNF chromatin remodeling complexes that carry out key enzymatic activities, changing chromatin structure by altering DNA-histone contacts within a nucleosome in an ATP-dependent manner. Binds DNA non-specifically. Belongs to the neural progenitors- specific chromatin remodeling complex (npBAF complex) and the neuron- specific chromatin remodeling complex (nBAF complex). During neural dev [...] 
ARID1B	71	9606.ENSP00000490491	9606	Homo sapiens	ARID1B	AT-rich interactive domain-containing protein 1B; Involved in transcriptional activation and repression of select genes by chromatin remodeling (alteration of DNA-nucleosome topology). Component of SWI/SNF chromatin remodeling complexes that carry out key enzymatic activities, changing chromatin structure by altering DNA-histone contacts within a nucleosome in an ATP-dependent manner. Belongs to the neural progenitors-specific chromatin remodeling complex (npBAF complex) and the neuron-specific chromatin remodeling complex (nBAF complex). During neural development a switch from a stem/ [...] 
ARID2	72	9606.ENSP00000335044	9606	Homo sapiens	ARID2	AT-rich interactive domain-containing protein 2; Involved in transcriptional activation and repression of select genes by chromatin remodeling (alteration of DNA-nucleosome topology). Required for the stability of the SWI/SNF chromatin remodeling complex SWI/SNF-B (PBAF). May be involved in targeting the complex to different genes. May be involved in regulating transcriptional activation of cardiac genes.
ARNT2	73	9606.ENSP00000307479	9606	Homo sapiens	ARNT2	Aryl hydrocarbon receptor nuclear translocator 2; Transcription factor that plays a role in the development of the hypothalamo-pituitary axis, postnatal brain growth, and visual and renal function. Specifically recognizes the xenobiotic response element (XRE).
ARX	74	9606.ENSP00000368332	9606	Homo sapiens	ARX	Homeobox protein ARX; Transcription factor required for normal brain development. May be important for maintenance of specific neuronal subtypes in the cerebral cortex and axonal guidance in the floor plate; Belongs to the paired homeobox family. Bicoid subfamily.
ASAP2	75	9606.ENSP00000281419	9606	Homo sapiens	ASAP2	Arf-GAP with SH3 domain, ANK repeat and PH domain-containing protein 2; Activates the small GTPases ARF1, ARF5 and ARF6. Regulates the formation of post-Golgi vesicles and modulates constitutive secretion. Modulates phagocytosis mediated by Fc gamma receptor and ARF6. Modulates PXN recruitment to focal contacts and cell migration.
ASB11	76	9606.ENSP00000417914	9606	Homo sapiens	ASB11	Ankyrin repeat and SOCS box protein 11; May be a substrate-recognition component of a SCF-like ECS (Elongin-Cullin-SOCS-box protein) E3 ubiquitin-protein ligase complex which mediates the ubiquitination and subsequent proteasomal degradation of target proteins; Belongs to the ankyrin SOCS box (ASB) family.
ASB14	77	9606.ENSP00000419199	9606	Homo sapiens	ASB14	Ankyrin repeat and SOCS box protein 14; May be a substrate-recognition component of a SCF-like ECS (Elongin-Cullin-SOCS-box protein) E3 ubiquitin-protein ligase complex which mediates the ubiquitination and subsequent proteasomal degradation of target proteins; Belongs to the ankyrin SOCS box (ASB) family.
ASB9	78	9606.ENSP00000369855	9606	Homo sapiens	ASB9	Ankyrin repeat and SOCS box protein 9; Substrate-recognition component of a SCF-like ECS (Elongin- Cullin-SOCS-box protein) E3 ubiquitin-protein ligase complex which mediates the ubiquitination and subsequent proteasomal degradation of target proteins. Recognizes at least two forms of creatine kinase, CKB and CKMT1A; Belongs to the ankyrin SOCS box (ASB) family.
ASH1L	79	9606.ENSP00000376204	9606	Homo sapiens	ASH1L	Histone-lysine N-methyltransferase ASH1L; Histone methyltransferase specifically trimethylating 'Lys- 36' of histone H3 forming H3K36me3. Also monomethylates 'Lys-9' of histone H3 (H3K9me1) in vitro (By similarity). The physiological significance of the H3K9me1 activity is unclear (By similarity); Belongs to the class V-like SAM-binding methyltransferase superfamily. Histone-lysine methyltransferase family. SET2 subfamily.
ASMT	80	9606.ENSP00000370639	9606	Homo sapiens	ASMT	Acetylserotonin O-methyltransferase; Isoform 1 catalyzes the transfer of a methyl group onto N- acetylserotonin, producing melatonin (N-acetyl-5-methoxytryptamine). Isoform 2 and isoform 3 lack enzyme activity. Belongs to the class I-like SAM-binding methyltransferase superfamily. Cation-independent O-methyltransferase family.
ASPM	81	9606.ENSP00000356379	9606	Homo sapiens	ASPM	Abnormal spindle-like microcephaly-associated protein; Involved in mitotic spindle regulation and coordination of mitotic processes. The function in regulating microtubule dynamics at spindle poles including spindle orientation, astral microtubule density and poleward microtubule flux seems to depend on the association with the katanin complex formed by KATNA1 and KATNB1. Enhances the microtubule lattice severing activity of KATNA1 by recruiting the katanin complex to microtubules. Can block microtubule minus-end growth and reversely this function can be enhanced by the katanin complex [...] 
ASTN1	82	9606.ENSP00000354536	9606	Homo sapiens	ASTN1	Astrotactin-1; Neuronal adhesion molecule that is required for normal migration of young postmitotic neuroblasts along glial fibers, especially in the cerebellum. Required for normal rate of migration of granule cells during brain development and for normal cerebellum development; Belongs to the astrotactin family.
ASTN2	83	9606.ENSP00000354504	9606	Homo sapiens	ASTN2	Astrotactin-2; Mediates recycling of the neuronal cell adhesion molecule ASTN1 to the anterior pole of the cell membrane in migrating neurons. Promotes ASTN1 internalization and intracellular transport of endocytosed ASTN1 (By similarity). Selectively binds inositol-4,5- bisphosphate, inositol-3,4,5-trisphosphate and inositol-1,3,4,5- tetrakisphosphate, suggesting it is recruited to membranes that contain lipids with a phosphoinositide headgroup.
ASXL3	84	9606.ENSP00000269197	9606	Homo sapiens	ASXL3	Putative Polycomb group protein ASXL3; Putative Polycomb group (PcG) protein. PcG proteins act by forming multiprotein complexes, which are required to maintain the transcriptionally repressive state of homeotic genes throughout development. PcG proteins are not required to initiate repression, but to maintain it during later stages of development. They probably act via methylation of histones, rendering chromatin heritably changed in its expressibility (By similarity); Belongs to the Asx family.
ATP10A	85	9606.ENSP00000450480	9606	Homo sapiens	ATP10A	Probable phospholipid-transporting ATPase VA; Catalytic component of a P4-ATPase flippase complex which catalyzes the hydrolysis of ATP coupled to the transport of aminophospholipids from the outer to the inner leaflet of various membranes and ensures the maintenance of asymmetric distribution of phospholipids. Phospholipid translocation seems also to be implicated in vesicle formation and in uptake of lipid signaling molecules (Probable); Belongs to the cation transport ATPase (P-type) (TC 3.A.3) family. Type IV subfamily.
ATP1A1	86	9606.ENSP00000445306	9606	Homo sapiens	ATP1A1	Sodium/potassium-transporting ATPase subunit alpha-1; This is the catalytic component of the active enzyme, which catalyzes the hydrolysis of ATP coupled with the exchange of sodium and potassium ions across the plasma membrane. This action creates the electrochemical gradient of sodium and potassium ions, providing the energy for active transport of various nutrients. Belongs to the cation transport ATPase (P-type) (TC 3.A.3) family. Type IIC subfamily.
ATP1A3	87	9606.ENSP00000444688	9606	Homo sapiens	ATP1A3	Sodium/potassium-transporting ATPase subunit alpha-3; This is the catalytic component of the active enzyme, which catalyzes the hydrolysis of ATP coupled with the exchange of sodium and potassium ions across the plasma membrane. This action creates the electrochemical gradient of sodium and potassium ions, providing the energy for active transport of various nutrients; Belongs to the cation transport ATPase (P-type) (TC 3.A.3) family. Type IIC subfamily.
ATP2B1	88	9606.ENSP00000392043	9606	Homo sapiens	ATP2B1	Plasma membrane calcium-transporting ATPase 1; Catalyzes the hydrolysis of ATP coupled with the transport of calcium from the cytoplasm to the extracellular space thereby maintaining intracellular calcium homeostasis. Plays a role in blood pressure regulation through regulation of intracellular calcium concentration and nitric oxide production leading to regulation of vascular smooth muscle cells vasoconstriction. Positively regulates bone mineralization through absorption of calcium from the intestine. Plays dual roles in osteoclast differentiation and survival by regulating RANKL-ind [...] 
ATP2B2	89	9606.ENSP00000353414	9606	Homo sapiens	ATP2B2	Plasma membrane calcium-transporting ATPase 2; This magnesium-dependent enzyme catalyzes the hydrolysis of ATP coupled with the transport of calcium out of the cell.
ATP6V0A2	90	9606.ENSP00000332247	9606	Homo sapiens	ATP6V0A2	V-type proton ATPase 116 kDa subunit a isoform 2; Part of the proton channel of V-ATPases. Essential component of the endosomal pH-sensing machinery. May play a role in maintaining the Golgi functions, such as glycosylation maturation, by controlling the Golgi pH. In aerobic conditions, involved in intracellular iron homeostasis, thus triggering the activity of Fe(2+) prolyl hydroxylase (PHD) enzymes, and leading to HIF1A hydroxylation and subsequent proteasomal degradation. Belongs to the V-ATPase 116 kDa subunit family.
ATP9A	91	9606.ENSP00000342481	9606	Homo sapiens	ATP9A	Probable phospholipid-transporting ATPase IIA; ATPase phospholipid transporting 9A.
ATRX	92	9606.ENSP00000362441	9606	Homo sapiens	ATRX	Transcriptional regulator ATRX; Involved in transcriptional regulation and chromatin remodeling. Facilitates DNA replication in multiple cellular environments and is required for efficient replication of a subset of genomic loci. Binds to DNA tandem repeat sequences in both telomeres and euchromatin and in vitro binds DNA quadruplex structures. May help stabilizing G-rich regions into regular chromatin structures by remodeling G4 DNA and incorporating H3.3-containing nucleosomes. Catalytic component of the chromatin remodeling complex ATRX:DAXX which has ATP-dependent DNA translocase a [...] 
ATXN2	93	9606.ENSP00000446576	9606	Homo sapiens	ATXN2	Ataxin-2; Involved in EGFR trafficking, acting as negative regulator of endocytic EGFR internalization at the plasma membrane.
AUTS2	94	9606.ENSP00000344087	9606	Homo sapiens	AUTS2	Autism susceptibility gene 2 protein; Component of a Polycomb group (PcG) multiprotein PRC1-like complex, a complex class required to maintain the transcriptionally repressive state of many genes, including Hox genes, throughout development. PcG PRC1 complex acts via chromatin remodeling and modification of histones; it mediates monoubiquitination of histone H2A 'Lys-119', rendering chromatin heritably changed in its expressibility. The PRC1-like complex that contains PCGF5, RNF2, CSNK2B, RYBP and AUTS2 has decreased histone H2A ubiquitination activity, due to the phosphorylation of RN [...] 
AVPR1A	95	9606.ENSP00000299178	9606	Homo sapiens	AVPR1A	Vasopressin V1a receptor; Receptor for arginine vasopressin. The activity of this receptor is mediated by G proteins which activate a phosphatidyl- inositol-calcium second messenger system. Has been involved in social behaviors, including affiliation and attachment. Belongs to the G-protein coupled receptor 1 family. Vasopressin/oxytocin receptor subfamily.
AVPR1B	96	9606.ENSP00000356094	9606	Homo sapiens	AVPR1B	Vasopressin V1b receptor; Receptor for arginine vasopressin. The activity of this receptor is mediated by G proteins which activate a phosphatidyl- inositol-calcium second messenger system; Belongs to the G-protein coupled receptor 1 family. Vasopressin/oxytocin receptor subfamily.
AZGP1	97	9606.ENSP00000292401	9606	Homo sapiens	AZGP1	Zinc-alpha-2-glycoprotein; Stimulates lipid degradation in adipocytes and causes the extensive fat losses associated with some advanced cancers. May bind polyunsaturated fatty acids; Belongs to the MHC class I family.
BACE1	98	9606.ENSP00000318585	9606	Homo sapiens	BACE1	Beta-secretase 1; Responsible for the proteolytic processing of the amyloid precursor protein (APP). Cleaves at the N-terminus of the A-beta peptide sequence, between residues 671 and 672 of APP, leads to the generation and extracellular release of beta-cleaved soluble APP, and a corresponding cell-associated C-terminal fragment which is later released by gamma-secretase. Cleaves CHL1 (By similarity).
BAIAP2L1	99	9606.ENSP00000005260	9606	Homo sapiens	BAIAP2L1	Brain-specific angiogenesis inhibitor 1-associated protein 2-like protein 1; May function as adapter protein. Involved in the formation of clusters of actin bundles. Plays a role in the reorganization of the actin cytoskeleton in response to bacterial infection.
BAZ2B	100	9606.ENSP00000376534	9606	Homo sapiens	BAZ2B	Bromodomain adjacent to zinc finger domain protein 2B; May play a role in transcriptional regulation interacting with ISWI; Belongs to the WAL family.
BBS4	101	9606.ENSP00000268057	9606	Homo sapiens	BBS4	Bardet-Biedl syndrome 4 protein; The BBSome complex is thought to function as a coat complex required for sorting of specific membrane proteins to the primary cilia. The BBSome complex is required for ciliogenesis but is dispensable for centriolar satellite function. This ciliogenic function is mediated in part by the Rab8 GDP/GTP exchange factor, which localizes to the basal body and contacts the BBSome. Rab8(GTP) enters the primary cilium and promotes extension of the ciliary membrane. Firstly the BBSome associates with the ciliary membrane and binds to RAB3IP/Rabin8, the guanosyl ex [...] 
BCAS1	102	9606.ENSP00000379290	9606	Homo sapiens	BCAS1	Breast carcinoma-amplified sequence 1; Required for myelination.
BCKDK	103	9606.ENSP00000378405	9606	Homo sapiens	BCKDK	[3-methyl-2-oxobutanoate dehydrogenase [lipoamide]] kinase, mitochondrial; Catalyzes the phosphorylation and inactivation of the branched-chain alpha-ketoacid dehydrogenase complex, the key regulatory enzyme of the valine, leucine and isoleucine catabolic pathways. Key enzyme that regulate the activity state of the BCKD complex.
BCL11A	104	9606.ENSP00000496168	9606	Homo sapiens	BCL11A	B-cell lymphoma/leukemia 11A; Transcription factor associated with the BAF SWI/SNF chromatin remodeling complex (By similarity). Repressor of fetal hemoglobin (HbF) level. Involved in brain development. May play a role in hematopoiesis. Essential factor in lymphopoiesis required for B-cell formation in fetal liver. May function as a modulator of the transcriptional repression activity of ARP1 (By similarity).
BCL11B	105	9606.ENSP00000349723	9606	Homo sapiens	BCL11B	B-cell lymphoma/leukemia 11B; Key regulator of both differentiation and survival of T- lymphocytes during thymocyte development in mammals. Essential in controlling the responsiveness of hematopoietic stem cells to chemotactic signals by modulating the expression of the receptors CCR7 and CCR9, which direct the movement of progenitor cells from the bone marrow to the thymus. Is a regulator of IL2 promoter and enhances IL2 expression in activated CD4(+) T-lymphocytes. Tumor-suppressor that represses transcription through direct, TFCOUP2-independent binding to a GC-rich response element  [...] 
BCORL1	106	9606.ENSP00000437775	9606	Homo sapiens	BCORL1	BCL-6 corepressor-like protein 1; Transcriptional corepressor. May specifically inhibit gene expression when recruited to promoter regions by sequence-specific DNA- binding proteins such as BCL6. This repression may be mediated at least in part by histone deacetylase activities which can associate with this corepressor.
BICDL1	107	9606.ENSP00000380690	9606	Homo sapiens	BICDL1	BICD family-like cargo adapter 1; Component of secretory vesicle machinery in developing neurons that acts as a regulator of neurite outgrowth. Regulates the secretory vesicle transport by controlling the accumulation of Rab6- containing secretory vesicles in the pericentrosomal region restricting anterograde secretory transport during the early phase of neuronal differentiation, thereby inhibiting neuritogenesis (By similarity). Belongs to the BICDR family.
BICRA	108	9606.ENSP00000379946	9606	Homo sapiens	BICRA	BRD4-interacting chromatin-remodeling complex-associated protein; Component of SWI/SNF chromatin remodeling subcomplex GBAF that carries out key enzymatic activities, changing chromatin structure by altering DNA-histone contacts within a nucleosome in an ATP- dependent manner. May play a role in BRD4-mediated gene transcription.
BIRC6	109	9606.ENSP00000393596	9606	Homo sapiens	BIRC6	Baculoviral IAP repeat-containing protein 6; Anti-apoptotic protein which can regulate cell death by controlling caspases and by acting as an E3 ubiquitin-protein ligase. Has an unusual ubiquitin conjugation system in that it could combine in a single polypeptide, ubiquitin conjugating (E2) with ubiquitin ligase (E3) activity, forming a chimeric E2/E3 ubiquitin ligase. Its tragets include CASP9 and DIABLO/SMAC. Acts as an inhibitor of CASP3, CASP7 and CASP9. Important regulator for the final stages of cytokinesis. Crucial for normal vesicle targeting to the site of abscission, but also [...] 
BPTF	110	9606.ENSP00000307208	9606	Homo sapiens	BPTF	Nucleosome-remodeling factor subunit BPTF; Histone-binding component of NURF (nucleosome-remodeling factor), a complex which catalyzes ATP-dependent nucleosome sliding and facilitates transcription of chromatin. Specifically recognizes H3 tails trimethylated on 'Lys-4' (H3K4me3), which mark transcription start sites of virtually all active genes. May also regulate transcription through direct binding to DNA or transcription factors.
BRAF	111	9606.ENSP00000419060	9606	Homo sapiens	BRAF	Serine/threonine-protein kinase B-raf; Protein kinase involved in the transduction of mitogenic signals from the cell membrane to the nucleus (Probable). Phosphorylates MAP2K1, and thereby activates the MAP kinase signal transduction pathway. May play a role in the postsynaptic responses of hippocampal neurons ; Belongs to the protein kinase superfamily. TKL Ser/Thr protein kinase family. RAF subfamily.
BRCA2	112	9606.ENSP00000369497	9606	Homo sapiens	BRCA2	Breast cancer type 2 susceptibility protein; Involved in double-strand break repair and/or homologous recombination. Binds RAD51 and potentiates recombinational DNA repair by promoting assembly of RAD51 onto single-stranded DNA (ssDNA). Acts by targeting RAD51 to ssDNA over double-stranded DNA, enabling RAD51 to displace replication protein-A (RPA) from ssDNA and stabilizing RAD51- ssDNA filaments by blocking ATP hydrolysis. Part of a PALB2-scaffolded HR complex containing RAD51C and which is thought to play a role in DNA repair by HR. May participate in S phase checkpoint activation.  [...] 
BRD4	113	9606.ENSP00000263377	9606	Homo sapiens	BRD4	Bromodomain-containing protein 4; Chromatin reader protein that recognizes and binds acetylated histones and plays a key role in transmission of epigenetic memory across cell divisions and transcription regulation. Remains associated with acetylated chromatin throughout the entire cell cycle and provides epigenetic memory for postmitotic G1 gene transcription by preserving acetylated chromatin status and maintaining high-order chromatin structure. During interphase, plays a key role in regulating the transcription of signal- inducible genes by associating with the P-TEFb complex and re [...] 
BRINP3	114	9606.ENSP00000356432	9606	Homo sapiens	BRINP3	BMP/retinoic acid-inducible neural-specific protein 3; Inhibits neuronal cell proliferation by negative regulation of the cell cycle transition. Promotes pituitary gonadotrope cell proliferation, migration and invasion, when overexpressed. May play a role in cell pituitary tumor development. Belongs to the BRINP family.
BRSK2	115	9606.ENSP00000371614	9606	Homo sapiens	BRSK2	Serine/threonine-protein kinase BRSK2; Serine/threonine-protein kinase that plays a key role in polarization of neurons and axonogenesis, cell cycle progress and insulin secretion. Phosphorylates CDK16, CDC25C, MAPT/TAU, PAK1 and WEE1. Following phosphorylation and activation by STK11/LKB1, acts as a key regulator of polarization of cortical neurons, probably by mediating phosphorylation of microtubule-associated proteins such as MAPT/TAU at 'Thr-529' and 'Ser-579'. Also regulates neuron polarization by mediating phosphorylation of WEE1 at 'Ser-642' in postmitotic neurons, leading to d [...] 
BRWD3	116	9606.ENSP00000362372	9606	Homo sapiens	BRWD3	Bromodomain and WD repeat-containing protein 3; Plays a role in the regulation of cell morphology and cytoskeletal organization. Required in the control of cell shape.
BSN	117	9606.ENSP00000296452	9606	Homo sapiens	BSN	Protein bassoon; Scaffold protein of the presynaptic cytomatrix at the active zone (CAZ) which is the place in the synapse where neurotransmitter is released. After synthesis, participates in the formation of Golgi-derived membranous organelles termed Piccolo-Bassoon transport vesicles (PTVs) that are transported along axons to sites of nascent synaptic contacts. At the presynaptic active zone, regulates the spatial organization of synaptic vesicle cluster, the protein complexes that execute membrane fusion and compensatory endocytosis (By similarity). Functions also in processes other [...] 
BST1	118	9606.ENSP00000265016	9606	Homo sapiens	BST1	ADP-ribosyl cyclase/cyclic ADP-ribose hydrolase 2; Synthesizes the second messengers cyclic ADP-ribose and nicotinate-adenine dinucleotide phosphate, the former a second messenger that elicits calcium release from intracellular stores. May be involved in pre-B-cell growth; Belongs to the ADP-ribosyl cyclase family.
BTAF1	119	9606.ENSP00000265990	9606	Homo sapiens	BTAF1	TATA-binding protein-associated factor 172; Regulates transcription in association with TATA binding protein (TBP). Removes TBP from the TATA box in an ATP-dependent manner; Belongs to the SNF2/RAD54 helicase family.
BTRC	120	9606.ENSP00000359206	9606	Homo sapiens	BTRC	F-box/WD repeat-containing protein 1A; Substrate recognition component of a SCF (SKP1-CUL1-F-box protein) E3 ubiquitin-protein ligase complex which mediates the ubiquitination and subsequent proteasomal degradation of target proteins. Recognizes and binds to phosphorylated target proteins. SCF(BTRC) mediates the ubiquitination of CTNNB1 and participates in Wnt signaling. SCF(BTRC) mediates the ubiquitination of phosphorylated NFKB1, ATF4, CDC25A, DLG1, FBXO5, PER1, SMAD3, SMAD4, SNAI1 and probably NFKB2. SCF(BTRC) mediates the ubiquitination of NFKBIA, NFKBIB and NFKBIE; the degradatio [...] 
C12ORF57	121	9606.ENSP00000229281	9606	Homo sapiens	C12orf57	Protein C10; In brain, may be required for corpus callosum development. Belongs to the UPF0456 family.
C15ORF62	122	9606.ENSP00000341178	9606	Homo sapiens	C15orf62	Uncharacterized protein C15orf62, mitochondrial; Chromosome 15 open reading frame 62.
C4B	123	9606.ENSP00000415941	9606	Homo sapiens	C4B	Complement C4-B alpha chain; Non-enzymatic component of the C3 and C5 convertases and thus essential for the propagation of the classical complement pathway. Covalently binds to immunoglobulins and immune complexes and enhances the solubilization of immune aggregates and the clearance of IC through CR1 on erythrocytes. C4A isotype is responsible for effective binding to form amide bonds with immune aggregates or protein antigens, while C4B isotype catalyzes the transacylation of the thioester carbonyl group to form ester bonds with carbohydrate antigens.
CA6	124	9606.ENSP00000366654	9606	Homo sapiens	CA6	Carbonic anhydrase 6; Reversible hydration of carbon dioxide. Its role in saliva is unknown.
CACNA1A	125	9606.ENSP00000489829	9606	Homo sapiens	CACNA1A	Voltage-dependent P/Q-type calcium channel subunit alpha-1A; Voltage-sensitive calcium channels (VSCC) mediate the entry of calcium ions into excitable cells and are also involved in a variety of calcium-dependent processes, including muscle contraction, hormone or neurotransmitter release, gene expression, cell motility, cell division and cell death. The isoform alpha-1A gives rise to P and/or Q- type calcium currents. P/Q-type calcium channels belong to the 'high- voltage activated' (HVA) group and are specifically blocked by the spider omega-agatoxin-IVA (AC P54282) (By similarity). [...] 
CACNA1B	126	9606.ENSP00000360423	9606	Homo sapiens	CACNA1B	Voltage-dependent N-type calcium channel subunit alpha-1B; Voltage-sensitive calcium channels (VSCC) mediate the entry of calcium ions into excitable cells and are also involved in a variety of calcium-dependent processes, including muscle contraction, hormone or neurotransmitter release, gene expression, cell motility, cell division and cell death. The isoform alpha-1B gives rise to N-type calcium currents. N-type calcium channels belong to the 'high-voltage activated' (HVA) group and are specifically blocked by omega-conotoxin- GVIA (AC P01522) (AC P01522) (By similarity). They are h [...] 
CACNA1C	127	9606.ENSP00000266376	9606	Homo sapiens	CACNA1C	Voltage-dependent L-type calcium channel subunit alpha-1C; Pore-forming, alpha-1C subunit of the voltage-gated calcium channel that gives rise to L-type calcium currents. Mediates influx of calcium ions into the cytoplasm, and thereby triggers calcium release from the sarcoplasm (By similarity). Plays an important role in excitation-contraction coupling in the heart. Required for normal heart development and normal regulation of heart rhythm. Required for normal contraction of smooth muscle cells in blood vessels and in the intestine. Essential for normal blood pressure regulation via  [...] 
CACNA1D	128	9606.ENSP00000288139	9606	Homo sapiens	CACNA1D	Voltage-dependent L-type calcium channel subunit alpha-1D; Voltage-sensitive calcium channels (VSCC) mediate the entry of calcium ions into excitable cells and are also involved in a variety of calcium-dependent processes, including muscle contraction, hormone or neurotransmitter release, gene expression, cell motility, cell division and cell death. The isoform alpha-1D gives rise to L-type calcium currents. Long-lasting (L-type) calcium channels belong to the 'high-voltage activated' (HVA) group. They are blocked by dihydropyridines (DHP), phenylalkylamines, and by benzothiazepines. B [...] 
CACNA1E	129	9606.ENSP00000356545	9606	Homo sapiens	CACNA1E	Voltage-dependent R-type calcium channel subunit alpha-1E; Voltage-sensitive calcium channels (VSCC) mediate the entry of calcium ions into excitable cells. They are also involved in a variety of calcium-dependent processes, including muscle contraction, hormone or neurotransmitter release, gene expression, cell motility, cell division and cell death. The isoform alpha-1E gives rise to R-type calcium currents. R-type calcium channels belong to the 'high-voltage activated' (HVA) group and are blocked by nickel. They are however insensitive to dihydropyridines (DHP). Calcium channels con [...] 
CACNA1F	130	9606.ENSP00000365441	9606	Homo sapiens	CACNA1F	Voltage-dependent L-type calcium channel subunit alpha-1F; [Isoform 1]: Voltage-sensitive calcium channels (VSCC) mediate the entry of calcium ions into excitable cells and are also involved in a variety of calcium-dependent processes, including muscle contraction, hormone or neurotransmitter release, gene expression, cell motility, cell division and cell death. The isoform alpha-1F gives rise to L-type calcium currents. Long-lasting (L-type) calcium channels belong to the 'high-voltage activated' (HVA) group. They are blocked by dihydropyridines (DHP), phenylalkylamines, and by benzot [...] 
CACNA1G	131	9606.ENSP00000352011	9606	Homo sapiens	CACNA1G	Voltage-dependent T-type calcium channel subunit alpha-1G; Voltage-sensitive calcium channels (VSCC) mediate the entry of calcium ions into excitable cells and are also involved in a variety of calcium-dependent processes, including muscle contraction, hormone or neurotransmitter release, gene expression, cell motility, cell division and cell death. The isoform alpha-1G gives rise to T-type calcium currents. T-type calcium channels belong to the 'low-voltage activated (LVA)' group and are strongly blocked by mibefradil. A particularity of this type of channel is an opening at quite neg [...] 
CACNA1H	132	9606.ENSP00000334198	9606	Homo sapiens	CACNA1H	Voltage-dependent T-type calcium channel subunit alpha-1H; Voltage-sensitive calcium channel that gives rise to T-type calcium currents. T-type calcium channels belong to the 'low-voltage activated (LVA)' group. A particularity of this type of channel is an opening at quite negative potentials, and a voltage-dependent inactivation. T-type channels serve pacemaking functions in both central neurons and cardiac nodal cells and support calcium signaling in secretory cells and vascular smooth muscle (Probable). They may also be involved in the modulation of firing patterns of neurons. In t [...] 
CACNA1I	133	9606.ENSP00000385019	9606	Homo sapiens	CACNA1I	Voltage-dependent T-type calcium channel subunit alpha-1I; Voltage-sensitive calcium channels (VSCC) mediate the entry of calcium ions into excitable cells and are also involved in a variety of calcium-dependent processes, including muscle contraction, hormone or neurotransmitter release, gene expression, cell motility, cell division and cell death. This channel gives rise to T-type calcium currents. T-type calcium channels belong to the 'low-voltage activated (LVA)' group and are strongly blocked by nickel and mibefradil. A particularity of this type of channels is an opening at quite [...] 
CACNA2D1	134	9606.ENSP00000349320	9606	Homo sapiens	CACNA2D1	Voltage-dependent calcium channel subunit alpha-2/delta-1; The alpha-2/delta subunit of voltage-dependent calcium channels regulates calcium current density and activation/inactivation kinetics of the calcium channel. Plays an important role in excitation- contraction coupling (By similarity).
CACNA2D3	135	9606.ENSP00000419101	9606	Homo sapiens	CACNA2D3	Voltage-dependent calcium channel subunit alpha-2/delta-3; The alpha-2/delta subunit of voltage-dependent calcium channels regulates calcium current density and activation/inactivation kinetics of the calcium channel. Acts as a regulatory subunit for P/Q- type calcium channel (CACNA1A), N-type (CACNA1B), L-type (CACNA1C OR CACNA1D) but not T-type (CACNA1G) (By similarity).
CACNB1	136	9606.ENSP00000377840	9606	Homo sapiens	CACNB1	Voltage-dependent L-type calcium channel subunit beta-1; Regulatory subunit of L-type calcium channels. Regulates the activity of L-type calcium channels that contain CACNA1A as pore- forming subunit (By similarity). Regulates the activity of L-type calcium channels that contain CACNA1C as pore-forming subunit and increases the presence of the channel complex at the cell membrane. Required for functional expression L-type calcium channels that contain CACNA1D as pore-forming subunit. Regulates the activity of L-type calcium channels that contain CACNA1B as pore-forming subunit.
CACNB2	137	9606.ENSP00000320025	9606	Homo sapiens	CACNB2	Voltage-dependent L-type calcium channel subunit beta-2; The beta subunit of voltage-dependent calcium channels contributes to the function of the calcium channel by increasing peak calcium current, shifting the voltage dependencies of activation and inactivation, modulating G protein inhibition and controlling the alpha-1 subunit membrane targeting.
CACNG2	138	9606.ENSP00000300105	9606	Homo sapiens	CACNG2	Voltage-dependent calcium channel gamma-2 subunit; Regulates the trafficking and gating properties of AMPA- selective glutamate receptors (AMPARs). Promotes their targeting to the cell membrane and synapses and modulates their gating properties by slowing their rates of activation, deactivation and desensitization. Does not show subunit-specific AMPA receptor regulation and regulates all AMPAR subunits. Thought to stabilize the calcium channel in an inactivated (closed) state; Belongs to the PMP-22/EMP/MP20 family. CACNG subfamily.
CADM1	139	9606.ENSP00000329797	9606	Homo sapiens	CADM1	Cell adhesion molecule 1; Mediates homophilic cell-cell adhesion in a Ca(2+)- independent manner. Also mediates heterophilic cell-cell adhesion with CADM3 and NECTIN3 in a Ca(2+)-independent manner. Acts as a tumor suppressor in non-small-cell lung cancer (NSCLC) cells. Interaction with CRTAM promotes natural killer (NK) cell cytotoxicity and interferon-gamma (IFN-gamma) secretion by CD8+ cells in vitro as well as NK cell-mediated rejection of tumors expressing CADM3 in vivo. May contribute to the less invasive phenotypes of lepidic growth tumor cells. In mast cells, may mediate attach [...] 
CADM2	140	9606.ENSP00000384193	9606	Homo sapiens	CADM2	Cell adhesion molecule 2; Adhesion molecule that engages in homo- and heterophilic interactions with the other nectin-like family members, leading to cell aggregation. Important for synapse organization, providing regulated trans-synaptic adhesion. Preferentially binds to oligodendrocytes.
CADPS	141	9606.ENSP00000373215	9606	Homo sapiens	CADPS	Calcium-dependent secretion activator 1; Calcium-binding protein involved in exocytosis of vesicles filled with neurotransmitters and neuropeptides. Probably acts upstream of fusion in the biogenesis or maintenance of mature secretory vesicles. Regulates catecholamine loading of DCVs. May specifically mediate the Ca(2+)-dependent exocytosis of large dense-core vesicles (DCVs) and other dense-core vesicles by acting as a PtdIns(4,5)P2- binding protein that acts at prefusion step following ATP-dependent priming and participates in DCVs-membrane fusion. However, it may also participate in [...] 
CADPS2	142	9606.ENSP00000398481	9606	Homo sapiens	CADPS2	Calcium-dependent secretion activator 2; Calcium-binding protein involved in exocytosis of vesicles filled with neurotransmitters and neuropeptides. Probably acts upstream of fusion in the biogenesis or maintenance of mature secretory vesicles. Regulates neurotrophin release from granule cells leading to regulate cell differentiation and survival during cerebellar development. May specifically mediate the Ca(2+)-dependent exocytosis of large dense-core vesicles (DCVs) and other dense-core vesicles (By similarity).
CAMK2A	143	9606.ENSP00000500386	9606	Homo sapiens	CAMK2A	Calcium/calmodulin-dependent protein kinase type II subunit alpha; Calcium/calmodulin-dependent protein kinase that functions autonomously after Ca(2+)/calmodulin-binding and autophosphorylation, and is involved in synaptic plasticity, neurotransmitter release and long-term potentiation. Member of the NMDAR signaling complex in excitatory synapses, it regulates NMDAR-dependent potentiation of the AMPAR and therefore excitatory synaptic transmission (By similarity). Regulates dendritic spine development. Also regulates the migration of developing neurons. Phosphorylates the transcriptio [...] 
CAMK2B	144	9606.ENSP00000379098	9606	Homo sapiens	CAMK2B	Calcium/calmodulin-dependent protein kinase type II subunit beta; Calcium/calmodulin-dependent protein kinase that functions autonomously after Ca(2+)/calmodulin-binding and autophosphorylation, and is involved in dendritic spine and synapse formation, neuronal plasticity and regulation of sarcoplasmic reticulum Ca(2+) transport in skeletal muscle. In neurons, plays an essential structural role in the reorganization of the actin cytoskeleton during plasticity by binding and bundling actin filaments in a kinase-independent manner. This structural function is required for correct targeti [...] 
CAMK2D	145	9606.ENSP00000425824	9606	Homo sapiens	CAMK2D	Calcium/calmodulin-dependent protein kinase type II subunit delta; Calcium/calmodulin-dependent protein kinase involved in the regulation of Ca(2+) homeostatis and excitation-contraction coupling (ECC) in heart by targeting ion channels, transporters and accessory proteins involved in Ca(2+) influx into the myocyte, Ca(2+) release from the sarcoplasmic reticulum (SR), SR Ca(2+) uptake and Na(+) and K(+) channel transport. Targets also transcription factors and signaling molecules to regulate heart function. In its activated form, is involved in the pathogenesis of dilated cardiomyopath [...] 
CAMK4	146	9606.ENSP00000282356	9606	Homo sapiens	CAMK4	Calcium/calmodulin-dependent protein kinase type IV; Calcium/calmodulin-dependent protein kinase that operates in the calcium-triggered CaMKK-CaMK4 signaling cascade and regulates, mainly by phosphorylation, the activity of several transcription activators, such as CREB1, MEF2D, JUN and RORA, which play pivotal roles in immune response, inflammation, and memory consolidation. In the thymus, regulates the CD4(+)/CD8(+) double positive thymocytes selection threshold during T-cell ontogeny. In CD4 memory T-cells, is required to link T-cell antigen receptor (TCR) signaling to the productio [...] 
CAMTA2	147	9606.ENSP00000412886	9606	Homo sapiens	CAMTA2	Calmodulin-binding transcription activator 2; Transcription activator. May act as tumor suppressor. Belongs to the CAMTA family.
CAPN12	148	9606.ENSP00000331636	9606	Homo sapiens	CAPN12	Calpain-12; Calcium-regulated non-lysosomal thiol-protease.
CAPRIN1	149	9606.ENSP00000340329	9606	Homo sapiens	CAPRIN1	Caprin-1; May regulate the transport and translation of mRNAs of proteins involved in synaptic plasticity in neurons and cell proliferation and migration in multiple cell types. Binds directly and selectively to MYC and CCND2 RNAs. In neuronal cells, directly binds to several mRNAs associated with RNA granules, including BDNF, CAMK2A, CREB1, MAP2, NTRK2 mRNAs, as well as to GRIN1 and KPNB1 mRNAs, but not to rRNAs.
CAPZA2	150	9606.ENSP00000354947	9606	Homo sapiens	CAPZA2	F-actin-capping protein subunit alpha-2; F-actin-capping proteins bind in a Ca(2+)-independent manner to the fast growing ends of actin filaments (barbed end) thereby blocking the exchange of subunits at these ends. Unlike other capping proteins (such as gelsolin and severin), these proteins do not sever actin filaments.
CARD11	151	9606.ENSP00000380150	9606	Homo sapiens	CARD11	Caspase recruitment domain-containing protein 11; Involved in the costimulatory signal essential for T-cell receptor (TCR)-mediated T-cell activation. Its binding to DPP4 induces T-cell proliferation and NF-kappa-B activation in a T-cell receptor/CD3-dependent manner. Activates NF-kappa-B via BCL10 and IKK. Stimulates the phosphorylation of BCL10. Also activates the TORC1 signaling pathway.
CASK	152	9606.ENSP00000494788	9606	Homo sapiens	CASK	Peripheral plasma membrane protein CASK; Multidomain scaffolding protein with a role in synaptic transmembrane protein anchoring and ion channel trafficking. Contributes to neural development and regulation of gene expression via interaction with the transcription factor TBR1. Binds to cell-surface proteins, including amyloid precursor protein, neurexins and syndecans. May mediate a link between the extracellular matrix and the actin cytoskeleton via its interaction with syndecan and with the actin/spectrin-binding protein 4.1; Belongs to the MAGUK family.
CASKIN1	153	9606.ENSP00000345436	9606	Homo sapiens	CASKIN1	Caskin-1; May link the scaffolding protein CASK to downstream intracellular effectors.
CASZ1	154	9606.ENSP00000366221	9606	Homo sapiens	CASZ1	Zinc finger protein castor homolog 1; Transcriptional activator. Involved in vascular assembly and morphogenesis through direct transcriptional regulation of EGFL7.
CAT	155	9606.ENSP00000241052	9606	Homo sapiens	CAT	Catalase; Occurs in almost all aerobically respiring organisms and serves to protect cells from the toxic effects of hydrogen peroxide. Promotes growth of cells including T-cells, B-cells, myeloid leukemia cells, melanoma cells, mastocytoma cells and normal and transformed fibroblast cells.
CBX1	156	9606.ENSP00000377060	9606	Homo sapiens	CBX1	Chromobox protein homolog 1; Component of heterochromatin. Recognizes and binds histone H3 tails methylated at 'Lys-9', leading to epigenetic repression. Interaction with lamin B receptor (LBR) can contribute to the association of the heterochromatin with the inner nuclear membrane.
CBX4	157	9606.ENSP00000269397	9606	Homo sapiens	CBX4	E3 SUMO-protein ligase CBX4; E3 SUMO-protein ligase which facilitates SUMO1 conjugation by UBE2I. Involved in the sumoylation of HNRNPK, a p53/TP53 transcriptional coactivator, hence indirectly regulates p53/TP53 transcriptional activation resulting in p21/CDKN1A expression. Monosumoylates ZNF131.
CC2D1A	158	9606.ENSP00000313601	9606	Homo sapiens	CC2D1A	Coiled-coil and C2 domain-containing protein 1A; Transcription factor that binds specifically to the DRE (dual repressor element) and represses HTR1A gene transcription in neuronal cells. The combination of calcium and ATP specifically inactivates the binding with FRE. May play a role in the altered regulation of HTR1A associated with anxiety and major depression. Mediates HDAC-independent repression of HTR1A promoter in neuronal cell. Performs essential function in controlling functional maturation of synapses (By similarity). Plays distinct roles depending on its localization. When c [...] 
CCDC88C	159	9606.ENSP00000374507	9606	Homo sapiens	CCDC88C	Protein Daple; Required for activation of guanine nucleotide-binding proteins (G-proteins) during non-canonical Wnt signaling. Binds to ligand-activated Wnt receptor FZD7, displacing DVL1 from the FZD7 receptor and leading to inhibition of canonical Wnt signaling. Acts as a non-receptor guanine nucleotide exchange factor by also binding to guanine nucleotide-binding protein G(i) alpha (Gi-alpha) subunits, leading to their activation. Binding to Gi-alpha subunits displaces the beta and gamma subunits from the heterotrimeric G-protein complex, triggering non-canonical Wnt responses such  [...] 
CCDC91	160	9606.ENSP00000438040	9606	Homo sapiens	CCDC91	Coiled-coil domain-containing protein 91; Involved in the regulation of membrane traffic through the trans-Golgi network (TGN). Functions in close cooperation with the GGAs in the sorting of hydrolases to lysosomes.
CCIN	161	9606.ENSP00000334996	9606	Homo sapiens	CCIN	Calicin; Possible morphogenetic cytoskeletal element in spermiogenic differentiation.
CCNG1	162	9606.ENSP00000344635	9606	Homo sapiens	CCNG1	Cyclin-G1; May play a role in growth regulation. Is associated with G2/M phase arrest in response to DNA damage. May be an intermediate by which p53 mediates its role as an inhibitor of cellular proliferation (By similarity).
CCNK	163	9606.ENSP00000374529	9606	Homo sapiens	CCNK	Cyclin-K; Regulatory subunit of cyclin-dependent kinases that mediates activation of target kinases. Plays a role in transcriptional regulation via its role in regulating the phosphorylation of the C- terminal domain (CTD) of the large subunit of RNA polymerase II (POLR2A).
CCSER1	164	9606.ENSP00000425040	9606	Homo sapiens	CCSER1	Coiled-coil serine rich protein 1.
CCT4	165	9606.ENSP00000377958	9606	Homo sapiens	CCT4	T-complex protein 1 subunit delta; Component of the chaperonin-containing T-complex (TRiC), a molecular chaperone complex that assists the folding of proteins upon ATP hydrolysis. The TRiC complex mediates the folding of WRAP53/TCAB1, thereby regulating telomere maintenance. As part of the TRiC complex may play a role in the assembly of BBSome, a complex involved in ciliogenesis regulating transports vesicles to the cilia. The TRiC complex plays a role in the folding of actin and tubulin (Probable).
CD276	166	9606.ENSP00000320084	9606	Homo sapiens	CD276	CD276 antigen; May participate in the regulation of T-cell-mediated immune response. May play a protective role in tumor cells by inhibiting natural-killer mediated cell lysis as well as a role of marker for detection of neuroblastoma cells. May be involved in the development of acute and chronic transplant rejection and in the regulation of lymphocytic activity at mucosal surfaces. Could also play a key role in providing the placenta and fetus with a suitable immunological environment throughout pregnancy. Both isoform 1 and isoform 2 appear to be redundant in their ability to modulat [...] 
CD38	167	9606.ENSP00000226279	9606	Homo sapiens	CD38	ADP-ribosyl cyclase/cyclic ADP-ribose hydrolase 1; Synthesizes the second messengers cyclic ADP-ribose and nicotinate-adenine dinucleotide phosphate, the former a second messenger for glucose-induced insulin secretion. Also has cADPr hydrolase activity. Also moonlights as a receptor in cells of the immune system.
CD99L2	168	9606.ENSP00000480322	9606	Homo sapiens	CD99L2	CD99 antigen-like protein 2; Plays a role in a late step of leukocyte extravasation helping cells to overcome the endothelial basement membrane. Acts at the same site as, but independently of, PECAM1 (By similarity). Homophilic adhesion molecule, but these interactions may not be required for cell aggregation (By similarity); Belongs to the CD99 family.
CDC42BPA	169	9606.ENSP00000355731	9606	Homo sapiens	CDC42BPA	Serine/threonine-protein kinase MRCK alpha; Serine/threonine-protein kinase which is an important downstream effector of CDC42 and plays a role in the regulation of cytoskeleton reorganization and cell migration. Regulates actin cytoskeletal reorganization via phosphorylation of PPP1R12C and MYL9/MLC2. In concert with MYO18A and LURAP1, is involved in modulating lamellar actomyosin retrograde flow that is crucial to cell protrusion and migration. Phosphorylates: PPP1R12A, LIMK1 and LIMK2. May play a role in TFRC-mediated iron uptake. In concert with FAM89B/LRAP25 mediates the targeting [...] 
CDC42BPB	170	9606.ENSP00000355237	9606	Homo sapiens	CDC42BPB	Serine/threonine-protein kinase MRCK beta; Serine/threonine-protein kinase which is an important downstream effector of CDC42 and plays a role in the regulation of cytoskeleton reorganization and cell migration. Regulates actin cytoskeletal reorganization via phosphorylation of PPP1R12C and MYL9/MLC2. In concert with MYO18A and LURAP1, is involved in modulating lamellar actomyosin retrograde flow that is crucial to cell protrusion and migration. Phosphorylates PPP1R12A. In concert with FAM89B/LRAP25 mediates the targeting of LIMK1 to the lamellipodium resulting in its activation and su [...] 
CDH10	171	9606.ENSP00000264463	9606	Homo sapiens	CDH10	Cadherin-10; Cadherins are calcium-dependent cell adhesion proteins. They preferentially interact with themselves in a homophilic manner in connecting cells; cadherins may thus contribute to the sorting of heterogeneous cell types.
CDH11	172	9606.ENSP00000268603	9606	Homo sapiens	CDH11	Cadherin-11; Cadherins are calcium-dependent cell adhesion proteins. They preferentially interact with themselves in a homophilic manner in connecting cells; cadherins may thus contribute to the sorting of heterogeneous cell types.
CDH13	173	9606.ENSP00000268613	9606	Homo sapiens	CDH13	Cadherin-13; Cadherins are calcium-dependent cell adhesion proteins. They preferentially interact with themselves in a homophilic manner in connecting cells; cadherins may thus contribute to the sorting of heterogeneous cell types. May act as a negative regulator of neural cell growth.
CDH2	174	9606.ENSP00000269141	9606	Homo sapiens	CDH2	Cadherin-2; Calcium-dependent cell adhesion protein; preferentially mediates homotypic cell-cell adhesion by dimerization with a CDH2 chain from another cell. Cadherins may thus contribute to the sorting of heterogeneous cell types. Acts as a regulator of neural stem cells quiescence by mediating anchorage of neural stem cells to ependymocytes in the adult subependymal zone: upon cleavage by MMP24, CDH2-mediated anchorage is affected, leading to modulate neural stem cell quiescence. CDH2 may be involved in neuronal recognition mechanism. In hippocampal neurons, may regulate dendritic s [...] 
CDH22	175	9606.ENSP00000437790	9606	Homo sapiens	CDH22	Cadherin-22; Cadherins are calcium-dependent cell adhesion proteins. They preferentially interact with themselves in a homophilic manner in connecting cells; cadherins may thus contribute to the sorting of heterogeneous cell types. PB-cadherins may have a role in the morphological organization of pituitary gland and brain tissues (By similarity).
CDH8	176	9606.ENSP00000462701	9606	Homo sapiens	CDH8	Cadherin-8; Cadherins are calcium-dependent cell adhesion proteins. They preferentially interact with themselves in a homophilic manner in connecting cells; cadherins may thus contribute to the sorting of heterogeneous cell types.
CDH9	177	9606.ENSP00000231021	9606	Homo sapiens	CDH9	Cadherin-9; Cadherins are calcium-dependent cell adhesion proteins. They preferentially interact with themselves in a homophilic manner in connecting cells; cadherins may thus contribute to the sorting of heterogeneous cell types.
CDK13	178	9606.ENSP00000181839	9606	Homo sapiens	CDK13	Cyclin-dependent kinase 13; Cyclin-dependent kinase which displays CTD kinase activity and is required for RNA splicing. Has CTD kinase activity by hyperphosphorylating the C-terminal heptapeptide repeat domain (CTD) of the largest RNA polymerase II subunit RPB1, thereby acting as a key regulator of transcription elongation. Required for RNA splicing, probably by phosphorylating SRSF1/SF2. Required during hematopoiesis. In case of infection by HIV-1 virus, interacts with HIV-1 Tat protein acetylated at 'Lys-50' and 'Lys-51', thereby increasing HIV-1 mRNA splicing and promoting the prod [...] 
CDK16	179	9606.ENSP00000276052	9606	Homo sapiens	CDK16	Cyclin-dependent kinase 16; Protein kinase that plays a role in vesicle-mediated transport processes and exocytosis. Regulates GH1 release by brain neurons. Phosphorylates NSF, and thereby regulates NSF oligomerization. Required for normal spermatogenesis. Regulates neuron differentiation and dendrite development (By similarity). Plays a role in the regulation of insulin secretion in response to changes in blood glucose levels. Can phosphorylate CCNY at 'Ser-336' (in vitro).
CDK19	180	9606.ENSP00000357907	9606	Homo sapiens	CDK19	Cyclin dependent kinase 19.
CDK5RAP2	181	9606.ENSP00000343818	9606	Homo sapiens	CDK5RAP2	CDK5 regulatory subunit-associated protein 2; Potential regulator of CDK5 activity via its interaction with CDK5R1. Negative regulator of centriole disengagement (licensing) which maintains centriole engagement and cohesion. Involved in regulation of mitotic spindle orientation (By similarity). Plays a role in the spindle checkpoint activation by acting as a transcriptional regulator of both BUBR1 and MAD2 promoter. Together with EB1/MAPRE1, may promote microtubule polymerization, bundle formation, growth and dynamics at the plus ends. Regulates centrosomal maturation by recruitment of [...] 
CDK8	182	9606.ENSP00000370938	9606	Homo sapiens	CDK8	Cyclin-dependent kinase 8; Component of the Mediator complex, a coactivator involved in regulated gene transcription of nearly all RNA polymerase II-dependent genes. Mediator functions as a bridge to convey information from gene- specific regulatory proteins to the basal RNA polymerase II transcription machinery. Mediator is recruited to promoters by direct interactions with regulatory proteins and serves as a scaffold for the assembly of a functional preinitiation complex with RNA polymerase II and the general transcription factors. Phosphorylates the CTD (C- terminal domain) of the l [...] 
CDKL5	183	9606.ENSP00000369325	9606	Homo sapiens	CDKL5	Cyclin-dependent kinase-like 5; Mediates phosphorylation of MECP2. May regulate ciliogenesis.
CDON	184	9606.ENSP00000376458	9606	Homo sapiens	CDON	Cell adhesion molecule-related/down-regulated by oncogenes; Component of a cell-surface receptor complex that mediates cell-cell interactions between muscle precursor cells. Promotes differentiation of myogenic cells (By similarity).
CECR2	185	9606.ENSP00000383428	9606	Homo sapiens	CECR2	Cat eye syndrome critical region protein 2; Chromatin reader component of histone-modifying complexes, such as the CERF (CECR2-containing-remodeling factor) complex and ISWI- type complex. It thereby plays a role in various processes during development: required during embryogenesis for neural tube closure and inner ear development. In adults, required for spermatogenesis, via the formation of ISWI-type chromatin complexes (By similarity). In histone-modifying complexes, CECR2 recognizes and binds acylated histones: binds histones that are acetylated and/or butyrylated. May also be inv [...] 
CELF2	186	9606.ENSP00000488422	9606	Homo sapiens	CELF2	CUGBP Elav-like family member 2; RNA-binding protein implicated in the regulation of several post-transcriptional events. Involved in pre-mRNA alternative splicing, mRNA translation and stability. Mediates exon inclusion and/or exclusion in pre-mRNA that are subject to tissue-specific and developmentally regulated alternative splicing. Specifically activates exon 5 inclusion of TNNT2 in embryonic, but not adult, skeletal muscle. Activates TNNT2 exon 5 inclusion by antagonizing the repressive effect of PTB. Acts as both an activator and repressor of a pair of coregulated exons: promotes [...] 
CELF4	187	9606.ENSP00000410584	9606	Homo sapiens	CELF4	CUGBP Elav-like family member 4; RNA-binding protein implicated in the regulation of pre-mRNA alternative splicing. Mediates exon inclusion and/or exclusion in pre- mRNA that are subject to tissue-specific and developmentally regulated alternative splicing. Specifically activates exon 5 inclusion of cardiac isoforms of TNNT2 during heart remodeling at the juvenile to adult transition. Promotes exclusion of both the smooth muscle (SM) and non-muscle (NM) exons in actinin pre-mRNAs. Activates the splicing of MAPT/Tau exon 10. Binds to muscle-specific splicing enhancer (MSE) intronic site [...] 
CELF6	188	9606.ENSP00000287202	9606	Homo sapiens	CELF6	CUGBP Elav-like family member 6; RNA-binding protein implicated in the regulation of pre-mRNA alternative splicing. Mediates exon inclusion and/or exclusion in pre- mRNA that are subject to tissue-specific and developmentally regulated alternative splicing. Specifically activates exon 5 inclusion of TNNT2 in a muscle-specific splicing enhancer (MSE)-dependent manner. Promotes also exon exclusion of INSR pre-mRNA; Belongs to the CELF/BRUNOL family.
CEP135	189	9606.ENSP00000257287	9606	Homo sapiens	CEP135	Centrosomal protein of 135 kDa; Involved in early centriole assembly/duplication/biogenesis/formation/. Required for centriole elongation. Required for the recruitment of CEP295 to the proximal end of new-born centrioles at the centriolar microtubule wall during early S phase in a PLK4-dependent manner.
CEP290	190	9606.ENSP00000448012	9606	Homo sapiens	CEP290	Centrosomal protein of 290 kDa; Involved in early and late steps in cilia formation. Its association with CCP110 is required for inhibition of primary cilia formation by CCP110. May play a role in early ciliogenesis in the disappearance of centriolar satellites and in the transition of primary ciliar vesicles (PCVs) to capped ciliary vesicles (CCVs). Required for the centrosomal recruitment of RAB8A and for the targeting of centriole satellite proteins to centrosomes such as of PCM1. Required for the correct localization of ciliary and phototransduction proteins in retinal photorecepto [...] 
CEP41	191	9606.ENSP00000223208	9606	Homo sapiens	CEP41	Centrosomal protein of 41 kDa; Required during ciliogenesis for tubulin glutamylation in cilium. Probably acts by participating in the transport of TTLL6, a tubulin polyglutamylase, between the basal body and the cilium. Belongs to the CEP41 family.
CERT1	192	9606.ENSP00000383996	9606	Homo sapiens	CERT1	Ceramide transfer protein; Shelters ceramides and diacylglycerol lipids inside its START domain and mediates the intracellular trafficking of ceramides and diacylglycerol lipids in a non-vesicular manner.
CGNL1	193	9606.ENSP00000281282	9606	Homo sapiens	CGNL1	Cingulin-like protein 1; May be involved in anchoring the apical junctional complex, especially tight junctions, to actin-based cytoskeletons.
CHAMP1	194	9606.ENSP00000496699	9606	Homo sapiens	CHAMP1	Chromosome alignment-maintaining phosphoprotein 1; Required for proper alignment of chromosomes at metaphase and their accurate segregation during mitosis. Involved in the maintenance of spindle microtubules attachment to the kinetochore during sister chromatid biorientation. May recruit CENPE and CENPF to the kinetochore.
CHD1	195	9606.ENSP00000483667	9606	Homo sapiens	CHD1	Chromodomain-helicase-DNA-binding protein 1; ATP-dependent chromatin-remodeling factor which functions as substrate recognition component of the transcription regulatory histone acetylation (HAT) complex SAGA. Regulates polymerase II transcription. Also required for efficient transcription by RNA polymerase I, and more specifically the polymerase I transcription termination step. Regulates negatively DNA replication. Not only involved in transcription-related chromatin-remodeling, but also required to maintain a specific chromatin configuration across the genome. Is also associated wit [...] 
CHD2	196	9606.ENSP00000377747	9606	Homo sapiens	CHD2	Chromodomain-helicase-DNA-binding protein 2; DNA-binding helicase that specifically binds to the promoter of target genes, leading to chromatin remodeling, possibly by promoting deposition of histone H3.3. Involved in myogenesis via interaction with MYOD1: binds to myogenic gene regulatory sequences and mediates incorporation of histone H3.3 prior to the onset of myogenic gene expression, promoting their expression (By similarity).
CHD3	197	9606.ENSP00000369716	9606	Homo sapiens	CHD3	Chromodomain-helicase-DNA-binding protein 3; Component of the histone deacetylase NuRD complex which participates in the remodeling of chromatin by deacetylating histones. Required for anchoring centrosomal pericentrin in both interphase and mitosis, for spindle organization and centrosome integrity.
CHD4	198	9606.ENSP00000440542	9606	Homo sapiens	CHD4	Chromodomain-helicase-DNA-binding protein 4; Component of the histone deacetylase NuRD complex which participates in the remodeling of chromatin by deacetylating histones. Belongs to the SNF2/RAD54 helicase family.
CHD7	199	9606.ENSP00000392028	9606	Homo sapiens	CHD7	Chromodomain-helicase-DNA-binding protein 7; Probable transcription regulator. Maybe involved in the in 45S precursor rRNA production.
CHD8	200	9606.ENSP00000495240	9606	Homo sapiens	CHD8	Chromodomain-helicase-DNA-binding protein 8; DNA helicase that acts as a chromatin remodeling factor and regulates transcription. Acts as a transcription repressor by remodeling chromatin structure and recruiting histone H1 to target genes. Suppresses p53/TP53-mediated apoptosis by recruiting histone H1 and preventing p53/TP53 transactivation activity. Acts as a negative regulator of Wnt signaling pathway by regulating beta-catenin (CTNNB1) activity. Negatively regulates CTNNB1-targeted gene expression by being recruited specifically to the promoter regions of several CTNNB1 responsive [...] 
CHD9	201	9606.ENSP00000396345	9606	Homo sapiens	CHD9	Chromodomain-helicase-DNA-binding protein 9; Acts as a transcriptional coactivator for PPARA and possibly other nuclear receptors. Proposed to be a ATP-dependent chromatin remodeling protein. Has DNA-dependent ATPase activity and binds to A/T- rich DNA. Associates with A/T-rich regulatory regions in promoters of genes that participate in the differentiation of progenitors during osteogenesis (By similarity); Belongs to the SNF2/RAD54 helicase family.
CHKB	202	9606.ENSP00000384400	9606	Homo sapiens	CHKB	Choline/ethanolamine kinase; Has a key role in phospholipid metabolism, and catalyzes the first step of phosphatidylethanolamine and phosphatidylcholine biosynthesis.
CHM	203	9606.ENSP00000350386	9606	Homo sapiens	CHM	Rab proteins geranylgeranyltransferase component A 1; Substrate-binding subunit of the Rab geranylgeranyltransferase (GGTase) complex. Binds unprenylated Rab proteins and presents the substrate peptide to the catalytic component B composed of RABGGTA and RABGGTB, and remains bound to it after the geranylgeranyl transfer reaction. The component A is thought to be regenerated by transferring its prenylated Rab back to the donor membrane. Besides, a pre-formed complex consisting of CHM and the Rab GGTase dimer (RGGT or component B) can bind to and prenylate Rab proteins; this alternative  [...] 
CHMP1A	204	9606.ENSP00000380998	9606	Homo sapiens	CHMP1A	Charged multivesicular body protein 1a; Probable peripherally associated component of the endosomal sorting required for transport complex III (ESCRT-III) which is involved in multivesicular bodies (MVBs) formation and sorting of endosomal cargo proteins into MVBs. MVBs contain intraluminal vesicles (ILVs) that are generated by invagination and scission from the limiting membrane of the endosome and mostly are delivered to lysosomes enabling degradation of membrane proteins, such as stimulated growth factor receptors, lysosomal enzymes and lipids. The MVB pathway appears to require the [...] 
CHRM3	205	9606.ENSP00000255380	9606	Homo sapiens	CHRM3	Muscarinic acetylcholine receptor M3; The muscarinic acetylcholine receptor mediates various cellular responses, including inhibition of adenylate cyclase, breakdown of phosphoinositides and modulation of potassium channels through the action of G proteins. Primary transducing effect is Pi turnover.
CHRNA7	206	9606.ENSP00000407546	9606	Homo sapiens	CHRNA7	Neuronal acetylcholine receptor subunit alpha-7; After binding acetylcholine, the AChR responds by an extensive change in conformation that affects all subunits and leads to opening of an ion-conducting channel across the plasma membrane. The channel is blocked by alpha-bungarotoxin.
CHRNB3	207	9606.ENSP00000289957	9606	Homo sapiens	CHRNB3	Neuronal acetylcholine receptor subunit beta-3; After binding acetylcholine, the AChR responds by an extensive change in conformation that affects all subunits and leads to opening of an ion-conducting channel across the plasma membrane.
CHST2	208	9606.ENSP00000307911	9606	Homo sapiens	CHST2	Carbohydrate sulfotransferase 2; Sulfotransferase that utilizes 3'-phospho-5'-adenylyl sulfate (PAPS) as sulfonate donor to catalyze the transfer of sulfate to position 6 of non-reducing N-acetylglucosamine (GlcNAc) residues within keratan-like structures on N-linked glycans and within mucin-associated glycans that can ultimately serve as SELL ligands. SELL ligands are present in high endothelial cells (HEVs) and play a central role in lymphocyte homing at sites of inflammation. Participates in biosynthesis of the SELL ligand sialyl 6-sulfo Lewis X and in lymphocyte homing to Peyer pat [...] 
CIB2	209	9606.ENSP00000258930	9606	Homo sapiens	CIB2	Calcium and integrin-binding family member 2; Calcium-binding protein critical for proper photoreceptor cell maintenance and function. Plays a role in intracellular calcium homeostasis by decreasing ATP-induced calcium release. May be involved in the mechanotransduction process (By similarity).
CIC	210	9606.ENSP00000458663	9606	Homo sapiens	CIC	Protein capicua homolog; Transcriptional repressor which plays a role in development of the central nervous system (CNS). In concert with ATXN1 and ATXN1L, involved in brain development.
CLASP1	211	9606.ENSP00000263710	9606	Homo sapiens	CLASP1	CLIP-associating protein 1; Microtubule plus-end tracking protein that promotes the stabilization of dynamic microtubules. Involved in the nucleation of noncentrosomal microtubules originating from the trans-Golgi network (TGN). Required for the polarization of the cytoplasmic microtubule arrays in migrating cells towards the leading edge of the cell. May act at the cell cortex to enhance the frequency of rescue of depolymerizing microtubules by attaching their plus-ends to cortical platforms composed of ERC1 and PHLDB2. This cortical microtubule stabilizing activity is regulated at le [...] 
CLCN4	212	9606.ENSP00000370213	9606	Homo sapiens	CLCN4	H(+)/Cl(-) exchange transporter 4; Proton-coupled chloride transporter. Functions as antiport system and exchanges chloride ions against protons. Belongs to the chloride channel (TC 2.A.49) family. ClC- 4/CLCN4 subfamily.
CLIP2	213	9606.ENSP00000223398	9606	Homo sapiens	CLIP2	CAP-Gly domain-containing linker protein 2; Seems to link microtubules to dendritic lamellar body (DLB), a membranous organelle predominantly present in bulbous dendritic appendages of neurons linked by dendrodendritic gap junctions. May operate in the control of brain-specific organelle translocations (By similarity).
CLN8	214	9606.ENSP00000328182	9606	Homo sapiens	CLN8	Protein CLN8; Could play a role in cell proliferation during neuronal differentiation and in protection against cell death.
CLTC	215	9606.ENSP00000479606	9606	Homo sapiens	CLTC	Clathrin heavy chain 1; Clathrin is the major protein of the polyhedral coat of coated pits and vesicles. Two different adapter protein complexes link the clathrin lattice either to the plasma membrane or to the trans- Golgi network. Acts as component of the TACC3/ch-TOG/clathrin complex proposed to contribute to stabilization of kinetochore fibers of the mitotic spindle by acting as inter-microtubule bridge. The TACC3/ch-TOG/clathrin complex is required for the maintenance of kinetochore fiber tension. Plays a role in early autophagosome formation.
CLTCL1	216	9606.ENSP00000441158	9606	Homo sapiens	CLTCL1	Clathrin heavy chain 2; Clathrin is the major protein of the polyhedral coat of coated pits and vesicles. Two different adapter protein complexes link the clathrin lattice either to the plasma membrane or to the trans- Golgi network (By similarity).
CMIP	217	9606.ENSP00000446100	9606	Homo sapiens	CMIP	C-Maf-inducing protein; Plays a role in T-cell signaling pathway. Isoform 2 may play a role in T-helper 2 (Th2) signaling pathway and seems to represent the first proximal signaling protein that links T-cell receptor-mediated signal to the activation of c-Maf Th2 specific factor.
CMPK2	218	9606.ENSP00000256722	9606	Homo sapiens	CMPK2	UMP-CMP kinase 2, mitochondrial; May participate in dUTP and dCTP synthesis in mitochondria. Is able to phosphorylate dUMP, dCMP, CMP, UMP and monophosphates of the pyrimidine nucleoside analogs ddC, dFdC, araC, BVDU and FdUrd with ATP as phosphate donor. Efficacy is highest for dUMP followed by dCMP; CMP and UMP are poor substrates. May be involved in mtDNA depletion caused by long term treatment with ddC or other pyrimidine analogs. Also displays broad nucleoside diphosphate kinase activity.
CNGB3	219	9606.ENSP00000316605	9606	Homo sapiens	CNGB3	Cyclic nucleotide-gated cation channel beta-3; Visual signal transduction is mediated by a G-protein coupled cascade using cGMP as second messenger. This protein can be activated by cGMP which leads to an opening of the cation channel and thereby causing a depolarization of rod photoreceptors. Induced a flickering channel gating, weakened the outward rectification in the presence of extracellular calcium, increased sensitivity for L-cis diltiazem and enhanced the cAMP efficiency of the channel when coexpressed with CNGA3 (By similarity). Essential for the generation of light-evoked ele [...] 
CNKSR2	220	9606.ENSP00000368824	9606	Homo sapiens	CNKSR2	Connector enhancer of kinase suppressor of ras 2; May function as an adapter protein or regulator of Ras signaling pathways.
CNOT1	221	9606.ENSP00000320949	9606	Homo sapiens	CNOT1	CCR4-NOT transcription complex subunit 1; Scaffolding component of the CCR4-NOT complex which is one of the major cellular mRNA deadenylases and is linked to various cellular processes including bulk mRNA degradation, miRNA-mediated repression, translational repression during translational initiation and general transcription regulation. Additional complex functions may be a consequence of its influence on mRNA expression. Its scaffolding function implies its interaction with the catalytic complex module and diverse RNA-binding proteins mediating the complex recruitment to selected mRN [...] 
CNOT3	222	9606.ENSP00000351159	9606	Homo sapiens	CNOT3	CCR4-NOT transcription complex subunit 3; Component of the CCR4-NOT complex which is one of the major cellular mRNA deadenylases and is linked to various cellular processes including bulk mRNA degradation, miRNA-mediated repression, translational repression during translational initiation and general transcription regulation. Additional complex functions may be a consequence of its influence on mRNA expression. May be involved in metabolic regulation; may be involved in recruitment of the CCR4-NOT complex to deadenylation target mRNAs involved in energy metabolism. Involved in mitotic  [...] 
CNR1	223	9606.ENSP00000358513	9606	Homo sapiens	CNR1	Cannabinoid receptor 1; G-protein coupled receptor for endogenous cannabinoids (eCBs), including N-arachidonoylethanolamide (also called anandamide or AEA) and 2-arachidonoylglycerol (2-AG), as well as phytocannabinoids, such as delta(9)-tetrahydrocannabinol (THC). Mediates many cannabinoid-induced effects, acting, among others, on food intake, memory loss, gastrointestinal motility, catalepsy, ambulatory activity, anxiety, chronic pain. Signaling typically involves reduction in cyclic AMP. In the hypothalamus, may have a dual effect on mitochondrial respiration depending upon the agon [...] 
CNTN3	224	9606.ENSP00000263665	9606	Homo sapiens	CNTN3	Contactin-3; Contactins mediate cell surface interactions during nervous system development. Has some neurite outgrowth-promoting activity (By similarity); Belongs to the immunoglobulin superfamily. Contactin family.
CNTN4	225	9606.ENSP00000380602	9606	Homo sapiens	CNTN4	Contactin-4; Contactins mediate cell surface interactions during nervous system development. Has some neurite outgrowth-promoting activity. May be involved in synaptogenesis.
CNTN5	226	9606.ENSP00000435637	9606	Homo sapiens	CNTN5	Contactin-5; Contactins mediate cell surface interactions during nervous system development. Has some neurite outgrowth-promoting activity in the cerebral cortical neurons but not in hippocampal neurons. Probably involved in neuronal activity in the auditory system (By similarity).
CNTN6	227	9606.ENSP00000407822	9606	Homo sapiens	CNTN6	Contactin-6; Contactins mediate cell surface interactions during nervous system development. Participates in oligodendrocytes generation by acting as a ligand of NOTCH1. Its association with NOTCH1 promotes NOTCH1 activation through the released notch intracellular domain (NICD) and subsequent translocation to the nucleus. Involved in motor coordination (By similarity); Belongs to the immunoglobulin superfamily. Contactin family.
CNTNAP2	228	9606.ENSP00000354778	9606	Homo sapiens	CNTNAP2	Contactin-associated protein-like 2; Required, with CNTNAP1, for radial and longitudinal organization of myelinated axons. Plays a role in the formation of functional distinct domains critical for saltatory conduction of nerve impulses in myelinated nerve fibers. Demarcates the juxtaparanodal region of the axo-glial junction.
CNTNAP3	229	9606.ENSP00000297668	9606	Homo sapiens	CNTNAP3	Contactin-associated protein-like 3; Contactin associated protein family member 3.
CNTNAP4	230	9606.ENSP00000479811	9606	Homo sapiens	CNTNAP4	Contactin-associated protein-like 4; Presynaptic protein involved in both dopaminergic synaptic transmission and GABAergic system, thereby participating in the structural maturation of inhibitory interneuron synapses. Involved in the dopaminergic synaptic transmission by attenuating dopamine release through a presynaptic mechanism. Also participates in the GABAergic system (By similarity).
CNTNAP5	231	9606.ENSP00000399013	9606	Homo sapiens	CNTNAP5	Contactin-associated protein-like 5; May play a role in the correct development and proper functioning of the peripheral and central nervous system and be involved in cell adhesion and intercellular communication; Belongs to the neurexin family.
COL12A1	232	9606.ENSP00000325146	9606	Homo sapiens	COL12A1	Collagen alpha-1(XII) chain; Type XII collagen interacts with type I collagen-containing fibrils, the COL1 domain could be associated with the surface of the fibrils, and the COL2 and NC3 domains may be localized in the perifibrillar matrix; Belongs to the fibril-associated collagens with interrupted helices (FACIT) family.
COL28A1	233	9606.ENSP00000382356	9606	Homo sapiens	COL28A1	Collagen alpha-1(XXVIII) chain; May act as a cell-binding protein; Belongs to the VWA-containing collagen family.
CORO1A	234	9606.ENSP00000219150	9606	Homo sapiens	CORO1A	Coronin-1A; May be a crucial component of the cytoskeleton of highly motile cells, functioning both in the invagination of large pieces of plasma membrane, as well as in forming protrusions of the plasma membrane involved in cell locomotion. In mycobacteria-infected cells, its retention on the phagosomal membrane prevents fusion between phagosomes and lysosomes; Belongs to the WD repeat coronin family.
CPEB4	235	9606.ENSP00000265085	9606	Homo sapiens	CPEB4	Cytoplasmic polyadenylation element-binding protein 4; Sequence-specific RNA-binding protein that binds to the cytoplasmic polyadenylation element (CPE), an uridine-rich sequence element (consensus sequence 5'-UUUUUAU-3') within the mRNA 3'-UTR. RNA binding results in a clear conformational change analogous to the Venus fly trap mechanism. Regulates activation of unfolded protein response (UPR) in the process of adaptation to ER stress in liver, by maintaining translation of CPE- regulated mRNAs in conditions in which global protein synthesis is inhibited (By similarity). Required for  [...] 
CPSF7	236	9606.ENSP00000345412	9606	Homo sapiens	CPSF7	Cleavage and polyadenylation specificity factor subunit 7; Component of the cleavage factor Im (CFIm) complex that functions as an activator of the pre-mRNA 3'-end cleavage and polyadenylation processing required for the maturation of pre-mRNA into functional mRNAs. CFIm contributes to the recruitment of multiprotein complexes on specific sequences on the pre-mRNA 3'-end, so called cleavage and polyadenylation signals (pA signals). Most pre-mRNAs contain multiple pA signals, resulting in alternative cleavage and polyadenylation (APA) producing mRNAs with variable 3'-end formation. The  [...] 
CPT2	237	9606.ENSP00000360541	9606	Homo sapiens	CPT2	Carnitine O-palmitoyltransferase 2, mitochondrial; Carnitine palmitoyltransferase 2.
CPZ	238	9606.ENSP00000354255	9606	Homo sapiens	CPZ	Carboxypeptidase Z; Cleaves substrates with C-terminal arginine residues. Probably modulates the Wnt signaling pathway, by cleaving some undefined protein. May play a role in cleavage during prohormone processing.
CREBBP	239	9606.ENSP00000262367	9606	Homo sapiens	CREBBP	CREB-binding protein; Acetylates histones, giving a specific tag for transcriptional activation. Also acetylates non- histone proteins, like DDX21, FBL, IRF2, MAFG, NCOA3, POLR1E/PAF53 and FOXO1. Binds specifically to phosphorylated CREB and enhances its transcriptional activity toward cAMP-responsive genes. Acts as a coactivator of ALX1. Acts as a circadian transcriptional coactivator which enhances the activity of the circadian transcriptional activators: NPAS2-ARNTL/BMAL1 and CLOCK-ARNTL/BMAL1 heterodimers. Acetylates PCNA; acetylation promotes removal of chromatin-bound PCNA and it [...] 
CRMP1	240	9606.ENSP00000321606	9606	Homo sapiens	CRMP1	Dihydropyrimidinase-related protein 1; Necessary for signaling by class 3 semaphorins and subsequent remodeling of the cytoskeleton. Plays a role in axon guidance. During the axon guidance process, acts downstream of SEMA3A to promote FLNA dissociation from F-actin which results in the rearrangement of the actin cytoskeleton and the collapse of the growth cone. Involved in invasive growth and cell migration. May participate in cytokinesis.
CSDE1	241	9606.ENSP00000481762	9606	Homo sapiens	CSDE1	Cold shock domain-containing protein E1; RNA-binding protein. Required for internal initiation of translation of human rhinovirus RNA. May be involved in translationally coupled mRNA turnover. Implicated with other RNA-binding proteins in the cytoplasmic deadenylation/translational and decay interplay of the FOS mRNA mediated by the major coding-region determinant of instability (mCRD) domain.
CSMD1	242	9606.ENSP00000489225	9606	Homo sapiens	CSMD1	CUB and sushi domain-containing protein 1; Potential suppressor of squamous cell carcinomas.
CSMD2	243	9606.ENSP00000362479	9606	Homo sapiens	CSMD2	CUB and Sushi multiple domains 2.
CSMD3	244	9606.ENSP00000297405	9606	Homo sapiens	CSMD3	CUB and sushi domain-containing protein 3; Involved in dendrite development.
CSNK1E	245	9606.ENSP00000380044	9606	Homo sapiens	CSNK1E	Casein kinase I isoform epsilon; Casein kinases are operationally defined by their preferential utilization of acidic proteins such as caseins as substrates. Can phosphorylate a large number of proteins. Participates in Wnt signaling. Phosphorylates DVL1 and DVL2. Central component of the circadian clock. In balance with PP1, determines the circadian period length, through the regulation of the speed and rhythmicity of PER1 and PER2 phosphorylation. Controls PER1 and PER2 nuclear transport and degradation. Inhibits cytokine-induced granuloytic differentiation.
CSNK1G1	246	9606.ENSP00000475724	9606	Homo sapiens	CSNK1G1	Casein kinase I isoform gamma-1; Serine/threonine-protein kinase. Casein kinases are operationally defined by their preferential utilization of acidic proteins such as caseins as substrates. It can phosphorylate a large number of proteins. Participates in Wnt signaling. Regulates fast synaptic transmission mediated by glutamate (By similarity). Phosphorylates CLSPN.
CSNK2A1	247	9606.ENSP00000217244	9606	Homo sapiens	CSNK2A1	Casein kinase II subunit alpha; Catalytic subunit of a constitutively active serine/threonine-protein kinase complex that phosphorylates a large number of substrates containing acidic residues C-terminal to the phosphorylated serine or threonine. Regulates numerous cellular processes, such as cell cycle progression, apoptosis and transcription, as well as viral infection. May act as a regulatory node which integrates and coordinates numerous signals leading to an appropriate cellular response. During mitosis, functions as a component of the p53/TP53-dependent spindle assembly checkpoin [...] 
CSNK2B	248	9606.ENSP00000365042	9606	Homo sapiens	CSNK2B	Casein kinase II subunit beta; Participates in Wnt signaling (By similarity). Plays a complex role in regulating the basal catalytic activity of the alpha subunit; Belongs to the casein kinase 2 subunit beta family.
CTCF	249	9606.ENSP00000494538	9606	Homo sapiens	CTCF	Transcriptional repressor CTCF; Chromatin binding factor that binds to DNA sequence specific sites. Involved in transcriptional regulation by binding to chromatin insulators and preventing interaction between promoter and nearby enhancers and silencers. Acts as transcriptional repressor binding to promoters of vertebrate MYC gene and BAG1 gene. Also binds to the PLK and PIM1 promoters. Acts as a transcriptional activator of APP. Regulates APOA1/C3/A4/A5 gene cluster and controls MHC class II gene expression. Plays an essential role in oocyte and preimplantation embryo development by ac [...] 
CTNNA2	250	9606.ENSP00000384638	9606	Homo sapiens	CTNNA2	Catenin alpha-2; May function as a linker between cadherin adhesion receptors and the cytoskeleton to regulate cell-cell adhesion and differentiation in the nervous system (By similarity). Required for proper regulation of cortical neuronal migration and neurite growth. It acts as negative regulator of Arp2/3 complex activity and Arp2/3- mediated actin polymerization. It thereby suppresses excessive actin branching which would impair neurite growth and stability. Regulates morphological plasticity of synapses and cerebellar and hippocampal lamination during development. Functions in th [...] 
CTNNA3	251	9606.ENSP00000389714	9606	Homo sapiens	CTNNA3	Catenin alpha-3; May be involved in formation of stretch-resistant cell-cell adhesion complexes.
CTNNB1	252	9606.ENSP00000495360	9606	Homo sapiens	CTNNB1	Catenin beta-1; Key downstream component of the canonical Wnt signaling pathway. In the absence of Wnt, forms a complex with AXIN1, AXIN2, APC, CSNK1A1 and GSK3B that promotes phosphorylation on N-terminal Ser and Thr residues and ubiquitination of CTNNB1 via BTRC and its subsequent degradation by the proteasome. In the presence of Wnt ligand, CTNNB1 is not ubiquitinated and accumulates in the nucleus, where it acts as a coactivator for transcription factors of the TCF/LEF family, leading to activate Wnt responsive genes. Involved in the regulation of cell adhesion, as component of an  [...] 
CTNND1	253	9606.ENSP00000382004	9606	Homo sapiens	CTNND1	Catenin delta-1; Key regulator of cell-cell adhesion that associates with and regulates the cell adhesion properties of both C-, E- and N-cadherins, being critical for their surface stability. Beside cell-cell adhesion, regulates gene transcription through several transcription factors including ZBTB33/Kaiso2 and GLIS2, and the activity of Rho family GTPases and downstream cytoskeletal dynamics. Implicated both in cell transformation by SRC and in ligand-induced receptor signaling through the EGF, PDGF, CSF-1 and ERBB2 receptors. Belongs to the beta-catenin family.
CTNND2	254	9606.ENSP00000307134	9606	Homo sapiens	CTNND2	Catenin delta-2; Has a critical role in neuronal development, particularly in the formation and/or maintenance of dendritic spines and synapses. Involved in the regulation of Wnt signaling. It probably acts on beta-catenin turnover, facilitating beta-catenin interaction with GSK3B, phosphorylation, ubiquitination and degradation (By similarity). Functions as a transcriptional activator when bound to ZBTB33 (By similarity). May be involved in neuronal cell adhesion and tissue morphogenesis and integrity by regulating adhesion molecules.
CTPS1	255	9606.ENSP00000497744	9606	Homo sapiens	CTPS1	CTP synthase 1; This enzyme is involved in the de novo synthesis of CTP, a precursor of DNA, RNA and phospholipids. Catalyzes the ATP-dependent amination of UTP to CTP with either L-glutamine or ammonia as a source of nitrogen. This enzyme and its product, CTP, play a crucial role in the proliferation of activated lymphocytes and therefore in immunity.
CTR9	256	9606.ENSP00000355013	9606	Homo sapiens	CTR9	RNA polymerase-associated protein CTR9 homolog; Component of the PAF1 complex (PAF1C) which has multiple functions during transcription by RNA polymerase II and is implicated in regulation of development and maintenance of embryonic stem cell pluripotency. PAF1C associates with RNA polymerase II through interaction with POLR2A CTD non-phosphorylated and 'Ser-2'- and 'Ser- 5'-phosphorylated forms and is involved in transcriptional elongation, acting both indepentently and synergistically with TCEA1 and in cooperation with the DSIF complex and HTATSF1. PAF1C is required for transcription [...] 
CTTNBP2	257	9606.ENSP00000160373	9606	Homo sapiens	CTTNBP2	Cortactin-binding protein 2; Regulates the dendritic spine distribution of CTTN/cortactin in hippocampal neurons, thus controls dendritic spinogenesis and dendritic spine maintenance.
CUL2	258	9606.ENSP00000414095	9606	Homo sapiens	CUL2	Cullin-2; Core component of multiple cullin-RING-based ECS (ElonginB/C- CUL2/5-SOCS-box protein) E3 ubiquitin-protein ligase complexes, which mediate the ubiquitination of target proteins. ECS complexes and ARIH1 collaborate in tandem to mediate ubiquitination of target proteins. May serve as a rigid scaffold in the complex and may contribute to catalysis through positioning of the substrate and the ubiquitin-conjugating enzyme. The E3 ubiquitin-protein ligase activity of the complex is dependent on the neddylation of the cullin subunit and is inhibited by the association of the denedd [...] 
CUL3	259	9606.ENSP00000264414	9606	Homo sapiens	CUL3	Cullin-3; Core component of multiple cullin-RING-based BCR (BTB-CUL3- RBX1) E3 ubiquitin-protein ligase complexes which mediate the ubiquitination and subsequent proteasomal degradation of target proteins. BCR complexes and ARIH1 collaborate in tandem to mediate ubiquitination of target proteins. As a scaffold protein may contribute to catalysis through positioning of the substrate and the ubiquitin-conjugating enzyme. The E3 ubiquitin- protein ligase activity of the complex is dependent on the neddylation of the cullin subunit and is inhibited by the association of the deneddylated cu [...] 
CUL4B	260	9606.ENSP00000384109	9606	Homo sapiens	CUL4B	Cullin-4B; Core component of multiple cullin-RING-based E3 ubiquitin- protein ligase complexes which mediate the ubiquitination and subsequent proteasomal degradation of target proteins. The functional specificity of the E3 ubiquitin-protein ligase complex depends on the variable substrate recognition subunit. CUL4B may act within the complex as a scaffold protein, contributing to catalysis through positioning of the substrate and the ubiquitin-conjugating enzyme. Plays a role as part of the E3 ubiquitin-protein ligase complex in polyubiquitination of CDT1, histone H2A, histone H3 and  [...] 
CUL7	261	9606.ENSP00000438788	9606	Homo sapiens	CUL7	Cullin-7; Core component of the 3M and Cul7-RING(FBXW8) complexes, which mediates the ubiquitination of target proteins. Core component of the 3M complex, a complex required to regulate microtubule dynamics and genome integrity. It is unclear how the 3M complex regulates microtubules, it could act by controlling the level of a microtubule stabilizer. Interaction with CUL9 is required to inhibit CUL9 activity and ubiquitination of BIRC5. Core component of a Cul7-RING ubiquitin-protein ligase with FBXW8, which mediates ubiquitination and consequent degradation of target proteins such as  [...] 
CUX1	262	9606.ENSP00000353401	9606	Homo sapiens	CUX1	Homeobox protein cut-like 1; Transcription factor involved in the control of neuronal differentiation in the brain. Regulates dendrite development and branching, and dendritic spine formation in cortical layers II-III. Also involved in the control of synaptogenesis. In addition, it has probably a broad role in mammalian development as a repressor of developmentally regulated gene expression. May act by preventing binding of positively-activing CCAAT factors to promoters. Component of nf-munr repressor; binds to the matrix attachment regions (MARs) (5' and 3') of the immunoglobulin heav [...] 
CUX2	263	9606.ENSP00000261726	9606	Homo sapiens	CUX2	Homeobox protein cut-like 2; Transcription factor involved in the control of neuronal proliferation and differentiation in the brain. Regulates dendrite development and branching, dendritic spine formation, and synaptogenesis in cortical layers II-III. Binds to DNA in a sequence- specific manner.
CX3CR1	264	9606.ENSP00000351059	9606	Homo sapiens	CX3CR1	CX3C chemokine receptor 1; Receptor for the CX3C chemokine fractalkine (CX3CL1); binds to CX3CL1 and mediates both its adhesive and migratory functions. Acts as coreceptor with CD4 for HIV- 1 virus envelope protein (in vitro). Isoform 2 and isoform 3 seem to be more potent HIV-1 coreceptors than isoform 1.
CXXC5	265	9606.ENSP00000302543	9606	Homo sapiens	CXXC5	CXXC-type zinc finger protein 5; May indirectly participate in activation of the NF-kappa-B and MAPK pathways. Acts as a mediator of BMP4-mediated modulation of canonical Wnt signaling activity in neural stem cells (By similarity). Required for DNA damage-induced ATM phosphorylation, p53 activation and cell cycle arrest. Involved in myelopoiesis. Transcription factor. Binds to the oxygen responsive element of COX4I2 and represses its transcription under hypoxia conditions (4% oxygen), as well as normoxia conditions (20% oxygen). May repress COX4I2 transactivation induced by CHCHD2 and  [...] 
CYFIP1	266	9606.ENSP00000481038	9606	Homo sapiens	CYFIP1	Cytoplasmic FMR1-interacting protein 1; Component of the CYFIP1-EIF4E-FMR1 complex which binds to the mRNA cap and mediates translational repression. In the CYFIP1-EIF4E- FMR1 complex this subunit is an adapter between EIF4E and FMR1. Promotes the translation repression activity of FMR1 in brain probably by mediating its association with EIF4E and mRNA (By similarity). Regulates formation of membrane ruffles and lamellipodia. Plays a role in axon outgrowth. Binds to F-actin but not to RNA. Part of the WAVE complex that regulates actin filament reorganization via its interaction with th [...] 
CYFIP2	267	9606.ENSP00000479719	9606	Homo sapiens	CYFIP2	Cytoplasmic FMR1-interacting protein 2; Involved in T-cell adhesion and p53/TP53-dependent induction of apoptosis. Does not bind RNA. As component of the WAVE1 complex, required for BDNF-NTRK2 endocytic trafficking and signaling from early endosomes (By similarity).
CYLC2	268	9606.ENSP00000420256	9606	Homo sapiens	CYLC2	Cylicin-2; Possible architectural role during spermatogenesis. May be involved in spermatid differentiation.
CYP11B1	269	9606.ENSP00000292427	9606	Homo sapiens	CYP11B1	Cytochrome P450 11B1, mitochondrial; A cytochrome P450 monooxygenase involved in the biosynthesis of adrenal corticoids. Catalyzes the hydroxylation of carbon hydrogen bond at 11-beta position of 11-deoxycortisol and 11- deoxycorticosterone/21-hydroxyprogesterone yielding cortisol or corticosterone, respectively. Mechanistically, uses molecular oxygen inserting one oxygen atom into a substrate and reducing the second into a water molecule. Two electrons are provided by NADPH via a two-protein mitochondrial transfer system comprising flavoprotein FDXR (adrenodoxin/ferredoxin reductase)  [...] 
CYP27A1	270	9606.ENSP00000258415	9606	Homo sapiens	CYP27A1	Sterol 26-hydroxylase, mitochondrial; Cytochrome P450 monooxygenase that catalyzes regio- and stereospecific hydroxylation of cholesterol and its derivatives. Hydroxylates (with R stereochemistry) the terminal methyl group of cholesterol side-chain in a three step reaction to yield at first a C26 alcohol, then a C26 aldehyde and finally a C26 acid. Regulates cholesterol homeostasis by catalyzing the conversion of excess cholesterol to bile acids via both the 'neutral' (classic) and the 'acid' (alternative) pathways. May also regulate cholesterol homeostasis via generation of active oxy [...] 
DAGLA	271	9606.ENSP00000257215	9606	Homo sapiens	DAGLA	Sn1-specific diacylglycerol lipase alpha; Catalyzes the hydrolysis of diacylglycerol (DAG) to 2- arachidonoyl-glycerol (2-AG), the most abundant endocannabinoid in tissues. Required for axonal growth during development and for retrograde synaptic signaling at mature synapses. Belongs to the AB hydrolase superfamily. Lipase family.
DAPP1	272	9606.ENSP00000423602	9606	Homo sapiens	DAPP1	Dual adapter for phosphotyrosine and 3-phosphotyrosine and 3-phosphoinositide; May act as a B-cell-associated adapter that regulates B-cell antigen receptor (BCR)-signaling downstream of PI3K.
DCC	273	9606.ENSP00000389140	9606	Homo sapiens	DCC	Netrin receptor DCC; Receptor for netrin required for axon guidance. Mediates axon attraction of neuronal growth cones in the developing nervous system upon ligand binding. Its association with UNC5 proteins may trigger signaling for axon repulsion. It also acts as a dependence receptor required for apoptosis induction when not associated with netrin ligand. Implicated as a tumor suppressor gene.
DDC	274	9606.ENSP00000403644	9606	Homo sapiens	DDC	Aromatic-L-amino-acid decarboxylase; Catalyzes the decarboxylation of L-3,4-dihydroxyphenylalanine (DOPA) to dopamine, L-5-hydroxytryptophan to serotonin and L-tryptophan to tryptamine; Belongs to the group II decarboxylase family.
DDHD2	275	9606.ENSP00000380352	9606	Homo sapiens	DDHD2	Phospholipase DDHD2; Phospholipase that hydrolyzes preferentially phosphatidic acid, including 1,2-dioleoyl-sn-phosphatidic acid, and phosphatidylethanolamine. Specifically binds to phosphatidylinositol 3- phosphate (PI(3)P), phosphatidylinositol 4-phosphate (PI(4)P), phosphatidylinositol 5-phosphate (PI(5)P) and possibly phosphatidylinositol 4,5-bisphosphate (PI(4,5)P2). May be involved in the maintenance of the endoplasmic reticulum and/or Golgi structures. May regulate the transport between Golgi apparatus and plasma membrane.
DDX23	276	9606.ENSP00000310723	9606	Homo sapiens	DDX23	Probable ATP-dependent RNA helicase DDX23; Involved in pre-mRNA splicing and its phosphorylated form (by SRPK2) is required for spliceosomal B complex formation.
DDX3X	277	9606.ENSP00000494040	9606	Homo sapiens	DDX3X	ATP-dependent RNA helicase DDX3X; Multifunctional ATP-dependent RNA helicase. The ATPase activity can be stimulated by various ribo-and deoxynucleic acids indicative for a relaxed substrate specificity. In vitro can unwind partially double- stranded DNA with a preference for 5'-single-stranded DNA overhangs. Binds RNA G-quadruplex (rG4s) structures, including those located in the 5'-UTR of NRAS mRNA. Involved in many cellular processes, which do not necessarily require its ATPase/helicase catalytic activities (Probable). Involved in transcription regulation. Positively regulates CDKN1A [...] 
DDX53	278	9606.ENSP00000368667	9606	Homo sapiens	DDX53	Probable ATP-dependent RNA helicase DDX53; DEAD-box helicase 53.
DEAF1	279	9606.ENSP00000371846	9606	Homo sapiens	DEAF1	Deformed epidermal autoregulatory factor 1 homolog; Transcription factor that binds to sequence with multiple copies of 5'-TTC[CG]G-3' present in its own promoter and that of the HNRPA2B1 gene. Down-regulates transcription of these genes. Binds to the retinoic acid response element (RARE) 5'-AGGGTTCACCGAAAGTTCA-3'. Activates the proenkephalin gene independently of promoter binding, probably through protein-protein interaction. When secreted, behaves as an inhibitor of cell proliferation, by arresting cells in the G0 or G1 phase. Required for neural tube closure and skeletal patterning. [...] 
DENND2B	280	9606.ENSP00000433528	9606	Homo sapiens	DENND2B	DENN domain-containing protein 2B; [Isoform 1]: May be involved in cytoskeletal organization and tumorogenicity. Seems to be involved in a signaling transduction pathway leading to activation of MAPK1/ERK2. Plays a role in EGFR trafficking from recycling endosomes back to the cell membrane. [Isoform 3]: May block ERK2 activation stimulated by ABL1 (Probable). May alter cell morphology and cell growth (Probable).
DENR	281	9606.ENSP00000280557	9606	Homo sapiens	DENR	Density-regulated protein; May be involved in the translation of target mRNAs by scanning and recognition of the initiation codon. Involved in translation initiation; promotes recruitmnet of aminoacetyled initiator tRNA to P site of 40S ribosomes. Can promote release of deacylated tRNA and mRNA from recycled 40S subunits following ABCE1-mediated dissociation of post-termination ribosomal complexes into subunits. Plays a role in the modulation of the translational profile of a subset of cancer-related mRNAs when recruited to the translational initiation complex by the oncogene MCTS1.
DEPDC5	282	9606.ENSP00000498382	9606	Homo sapiens	DEPDC5	GATOR complex protein DEPDC5; As a component of the GATOR1 complex functions as an inhibitor of the amino acid-sensing branch of the TORC1 pathway. The GATOR1 complex strongly increases GTP hydrolysis by RRAGA and RRAGB within RRAGC-containing heterodimers, thereby deactivating RRAGs, releasing mTORC1 from lysosomal surface and inhibiting mTORC1 signaling. The GATOR1 complex is negatively regulated by GATOR2 the other GATOR subcomplex in this amino acid-sensing branch of the TORC1 pathway; Belongs to the IML1 family.
DGKI	283	9606.ENSP00000288490	9606	Homo sapiens	DGKI	Diacylglycerol kinase iota.
DHCR7	284	9606.ENSP00000347717	9606	Homo sapiens	DHCR7	7-dehydrocholesterol reductase; Production of cholesterol by reduction of C7-C8 double bond of 7-dehydrocholesterol (7-DHC); Belongs to the ERG4/ERG24 family.
DHX30	285	9606.ENSP00000405620	9606	Homo sapiens	DHX30	ATP-dependent RNA helicase DHX30; RNA-dependent helicase. Plays an important role in the assembly of the mitochondrial large ribosomal subunit. Required for optimal function of the zinc-finger antiviral protein ZC3HAV1 (By similarity). Associates with mitochondrial DNA. Involved in nervous system development and differentiation through its involvement in the up- regulation of a number of genes which are required for neurogenesis, including GSC, NCAM1, neurogenin, and NEUROD (By similarity). Belongs to the DEAD box helicase family. DEAH subfamily.
DHX9	286	9606.ENSP00000356520	9606	Homo sapiens	DHX9	ATP-dependent RNA helicase A; Multifunctional ATP-dependent nucleic acid helicase that unwinds DNA and RNA in a 3' to 5' direction and that plays important roles in many processes, such as DNA replication, transcriptional activation, post-transcriptional RNA regulation, mRNA translation and RNA-mediated gene silencing. Requires a 3'-single-stranded tail as entry site for acid nuclei unwinding activities as well as the binding and hydrolyzing of any of the four ribo- or deoxyribo- nucleotide triphosphates (NTPs). Unwinds numerous nucleic acid substrates such as double-stranded (ds) DNA  [...] 
DIP2A	287	9606.ENSP00000392066	9606	Homo sapiens	DIP2A	Disco-interacting protein 2 homolog A; May provide positional cues for axon pathfinding and patterning in the central nervous system.
DIP2C	288	9606.ENSP00000280886	9606	Homo sapiens	DIP2C	Disco interacting protein 2 homolog C.
DIPK2A	289	9606.ENSP00000320081	9606	Homo sapiens	DIPK2A	Divergent protein kinase domain 2A; May play a role in cardiomyocyte proliferation through paracrine signaling and activation of the PPI3K-AKT-CDK7 signaling cascade; Belongs to the DIPK family.
DISC1	290	9606.ENSP00000403888	9606	Homo sapiens	DISC1	Disrupted in schizophrenia 1 protein; Involved in the regulation of multiple aspects of embryonic and adult neurogenesis. Required for neural progenitor proliferation in the ventrical/subventrical zone during embryonic brain development and in the adult dentate gyrus of the hippocampus. Participates in the Wnt- mediated neural progenitor proliferation as a positive regulator by modulating GSK3B activity and CTNNB1 abundance. Plays a role as a modulator of the AKT-mTOR signaling pathway controlling the tempo of the process of newborn neurons integration during adult neurogenesis, includ [...] 
DIXDC1	291	9606.ENSP00000394352	9606	Homo sapiens	DIXDC1	Dixin; Positive effector of the Wnt signaling pathway; activates WNT3A signaling via DVL2. Regulates JNK activation by AXIN1 and DVL2.
DLG1	292	9606.ENSP00000345731	9606	Homo sapiens	DLG1	Disks large homolog 1; Essential multidomain scaffolding protein required for normal development (By similarity). Recruits channels, receptors and signaling molecules to discrete plasma membrane domains in polarized cells. May play a role in adherens junction assembly, signal transduction, cell proliferation, synaptogenesis and lymphocyte activation. Regulates the excitability of cardiac myocytes by modulating the functional expression of Kv4 channels. Functional regulator of Kv1.5 channel. During long-term depression in hippocampal neurons, it recruits ADAM10 to the plasma membrane. B [...] 
DLG2	293	9606.ENSP00000365272	9606	Homo sapiens	DLG2	Disks large homolog 2; Required for perception of chronic pain through NMDA receptor signaling. Regulates surface expression of NMDA receptors in dorsal horn neurons of the spinal cord. Interacts with the cytoplasmic tail of NMDA receptor subunits as well as inward rectifying potassium channels. Involved in regulation of synaptic stability at cholinergic synapses. Part of the postsynaptic protein scaffold of excitatory synapses (By similarity).
DLG3	294	9606.ENSP00000363480	9606	Homo sapiens	DLG3	Disks large homolog 3; Required for learning most likely through its role in synaptic plasticity following NMDA receptor signaling.
DLG4	295	9606.ENSP00000497806	9606	Homo sapiens	DLG4	Disks large homolog 4; Interacts with the cytoplasmic tail of NMDA receptor subunits and shaker-type potassium channels. Required for synaptic plasticity associated with NMDA receptor signaling. Overexpression or depletion of DLG4 changes the ratio of excitatory to inhibitory synapses in hippocampal neurons. May reduce the amplitude of ASIC3 acid-evoked currents by retaining the channel intracellularly. May regulate the intracellular trafficking of ADR1B. Also regulates AMPA-type glutamate receptor (AMPAR) immobilization at postsynaptic density keeping the channels in an activated stat [...] 
DLGAP1	296	9606.ENSP00000316377	9606	Homo sapiens	DLGAP1	Disks large-associated protein 1; Part of the postsynaptic scaffold in neuronal cells; Belongs to the SAPAP family.
DLGAP2	297	9606.ENSP00000489774	9606	Homo sapiens	DLGAP2	Disks large-associated protein 2; May play a role in the molecular organization of synapses and neuronal cell signaling. Could be an adapter protein linking ion channel to the subsynaptic cytoskeleton. May induce enrichment of PSD- 95/SAP90 at the plasma membrane; Belongs to the SAPAP family.
DLGAP3	298	9606.ENSP00000362444	9606	Homo sapiens	DLGAP3	Disks large-associated protein 3; May play a role in the molecular organization of synapses and neuronal cell signaling. Could be an adapter protein linking ion channel to the subsynaptic cytoskeleton. May induce enrichment of PSD- 95/SAP90 at the plasma membrane; Belongs to the SAPAP family.
DLL1	299	9606.ENSP00000355718	9606	Homo sapiens	DLL1	Delta-like protein 1; Transmembrane ligand protein of NOTCH1, NOTCH2 and NOTCH3 receptors that binds the extracellular domain (ECD) of Notch receptor in a cis and trans fashion manner. Following transinteraction, ligand cells produce mechanical force that depends of a clathrin-mediated endocytosis, requiring ligand ubiquitination, EPN1 interaction, and actin polymerisation; these events promote Notch receptor extracellular domain (NECD) transendocytosis and triggers Notch signaling through induction of cleavage, hyperphosphorylation, and nuclear accumulation of the intracellular domain [...] 
DLX2	300	9606.ENSP00000234198	9606	Homo sapiens	DLX2	Homeobox protein DLX-2; Acts as a transcriptional activator. Plays a role in terminal differentiation of interneurons, such as amacrine and bipolar cells in the developing retina. Likely to play a regulatory role in the development of the ventral forebrain. May play a role in craniofacial patterning and morphogenesis.
DLX3	301	9606.ENSP00000389870	9606	Homo sapiens	DLX3	Homeobox protein DLX-3; Likely to play a regulatory role in the development of the ventral forebrain. May play a role in craniofacial patterning and morphogenesis; Belongs to the distal-less homeobox family.
DLX6	302	9606.ENSP00000428480	9606	Homo sapiens	DLX6	Homeobox protein DLX-6; Distal-less homeobox 6.
DMD	303	9606.ENSP00000354923	9606	Homo sapiens	DMD	Dystrophin; Anchors the extracellular matrix to the cytoskeleton via F- actin. Ligand for dystroglycan. Component of the dystrophin-associated glycoprotein complex which accumulates at the neuromuscular junction (NMJ) and at a variety of synapses in the peripheral and central nervous systems and has a structural function in stabilizing the sarcolemma. Also implicated in signaling events and synaptic transmission.
DMPK	304	9606.ENSP00000345997	9606	Homo sapiens	DMPK	Myotonin-protein kinase; Non-receptor serine/threonine protein kinase which is necessary for the maintenance of skeletal muscle structure and function. May play a role in myocyte differentiation and survival by regulating the integrity of the nuclear envelope and the expression of muscle-specific genes. May also phosphorylate PPP1R12A and inhibit the myosin phosphatase activity to regulate myosin phosphorylation. Also critical to the modulation of cardiac contractility and to the maintenance of proper cardiac conduction activity probably through the regulation of cellular calcium homeo [...] 
DMWD	305	9606.ENSP00000270223	9606	Homo sapiens	DMWD	Dystrophia myotonica WD repeat-containing protein; DM1 locus, WD repeat containing.
DMXL2	306	9606.ENSP00000441858	9606	Homo sapiens	DMXL2	DmX-like protein 2; May serve as a scaffold protein for MADD and RAB3GA on synaptic vesicles. Plays a role in the brain as a key controller of neuronal and endocrine homeostatic processes (By similarity).
DNAH10	307	9606.ENSP00000489675	9606	Homo sapiens	DNAH10	Dynein heavy chain 10, axonemal; Force generating protein of respiratory cilia. Produces force towards the minus ends of microtubules. Dynein has ATPase activity; the force-producing power stroke is thought to occur on release of ADP. Involved in sperm motility; implicated in sperm flagellar assembly (By similarity). Probable inner arm dynein heavy chain.
DNAH17	308	9606.ENSP00000374490	9606	Homo sapiens	DNAH17	Dynein heavy chain 17, axonemal; Force generating protein of respiratory cilia. Produces force towards the minus ends of microtubules. Dynein has ATPase activity; the force-producing power stroke is thought to occur on release of ADP. Involved in sperm motility; implicated in sperm flagellar assembly (By similarity).
DNAH3	309	9606.ENSP00000261383	9606	Homo sapiens	DNAH3	Dynein heavy chain 3, axonemal; Force generating protein of respiratory cilia. Produces force towards the minus ends of microtubules. Dynein has ATPase activity; the force-producing power stroke is thought to occur on release of ADP. Involved in sperm motility; implicated in sperm flagellar assembly (By similarity); Belongs to the dynein heavy chain family.
DNAJC5	310	9606.ENSP00000354111	9606	Homo sapiens	DNAJC5	DnaJ homolog subfamily C member 5; Acts as a general chaperone in regulated exocytosis (By similarity). Acts as a co-chaperone for the SNARE protein SNAP-25 (By similarity). Involved in the calcium-mediated control of a late stage of exocytosis (By similarity). May have an important role in presynaptic function. May be involved in calcium-dependent neurotransmitter release at nerve endings (By similarity).
DNER	311	9606.ENSP00000345229	9606	Homo sapiens	DNER	Delta and Notch-like epidermal growth factor-related receptor; Activator of the NOTCH1 pathway. May mediate neuron-glia interaction during astrocytogenesis (By similarity).
DNM1	312	9606.ENSP00000362014	9606	Homo sapiens	DNM1	Dynamin-1; Microtubule-associated force-producing protein involved in producing microtubule bundles and able to bind and hydrolyze GTP. Most probably involved in vesicular trafficking processes. Involved in receptor-mediated endocytosis.
DNMT3A	313	9606.ENSP00000264709	9606	Homo sapiens	DNMT3A	DNA (cytosine-5)-methyltransferase 3A; Required for genome-wide de novo methylation and is essential for the establishment of DNA methylation patterns during development. DNA methylation is coordinated with methylation of histones. It modifies DNA in a non-processive manner and also methylates non-CpG sites. May preferentially methylate DNA linker between 2 nucleosomal cores and is inhibited by histone H1. Plays a role in paternal and maternal imprinting. Required for methylation of most imprinted loci in germ cells. Acts as a transcriptional corepressor for ZBTB18. Recruited to trimet [...] 
DOCK1	314	9606.ENSP00000485033	9606	Homo sapiens	DOCK1	Dedicator of cytokinesis protein 1; Involved in cytoskeletal rearrangements required for phagocytosis of apoptotic cells and cell motility. Along with DOCK1, mediates CRK/CRKL regulation of epithelial and endothelial cell spreading and migration on type IV collagen. Functions as a guanine nucleotide exchange factor (GEF), which activates Rac Rho small GTPases by exchanging bound GDP for free GTP. Its GEF activity may be enhanced by ELMO1.
DOCK4	315	9606.ENSP00000410746	9606	Homo sapiens	DOCK4	Dedicator of cytokinesis protein 4; Involved in regulation of adherens junction between cells. Plays a role in cell migration. Functions as a guanine nucleotide exchange factor (GEF), which activates Rap1 small GTPase by exchanging bound GDP for free GTP.
DOCK8	316	9606.ENSP00000394888	9606	Homo sapiens	DOCK8	Dedicator of cytokinesis protein 8; Guanine nucleotide exchange factor (GEF) which specifically activates small GTPase CDC42 by exchanging bound GDP for free GTP. During immune responses, required for interstitial dendritic cell (DC) migration by locally activating CDC42 at the leading edge membrane of DC (By similarity). Required for CD4(+) T-cell migration in response to chemokine stimulation by promoting CDC42 activation at T cell leading edge membrane. Is involved in NK cell cytotoxicity by controlling polarization of microtubule-organizing center (MTOC), and possibly regulating CC [...] 
DOLK	317	9606.ENSP00000361667	9606	Homo sapiens	DOLK	Dolichol kinase; Involved in the synthesis of the sugar donor Dol-P-Man which is required in the synthesis of N-linked and O-linked oligosaccharides and for that of GPI anchors.
DOP1A	318	9606.ENSP00000237163	9606	Homo sapiens	DOP1A	Protein dopey-1; May be involved in protein traffic between late Golgi and early endosomes; Belongs to the dopey family.
DOT1L	319	9606.ENSP00000381657	9606	Homo sapiens	DOT1L	Histone-lysine N-methyltransferase, H3 lysine-79 specific; Histone methyltransferase. Methylates 'Lys-79' of histone H3. Nucleosomes are preferred as substrate compared to free histones. Binds to DNA.
DPP10	320	9606.ENSP00000376855	9606	Homo sapiens	DPP10	Inactive dipeptidyl peptidase 10; Promotes cell surface expression of the potassium channel KCND2. Modulates the activity and gating characteristics of the potassium channel KCND2. Has no dipeptidyl aminopeptidase activity.
DPP3	321	9606.ENSP00000440502	9606	Homo sapiens	DPP3	Dipeptidyl peptidase 3; Cleaves and degrades bioactive peptides, including angiotensin, Leu-enkephalin and Met-enkephalin. Also cleaves Arg-Arg-beta-naphthylamide (in vitro).
DPP4	322	9606.ENSP00000353731	9606	Homo sapiens	DPP4	Dipeptidyl peptidase 4 membrane form; Cell surface glycoprotein receptor involved in the costimulatory signal essential for T-cell receptor (TCR)-mediated T- cell activation. Acts as a positive regulator of T-cell coactivation, by binding at least ADA, CAV1, IGF2R, and PTPRC. Its binding to CAV1 and CARD11 induces T-cell proliferation and NF-kappa-B activation in a T-cell receptor/CD3-dependent manner. Its interaction with ADA also regulates lymphocyte-epithelial cell adhesion. In association with FAP is involved in the pericellular proteolysis of the extracellular matrix (ECM), the mi [...] 
DPP6	323	9606.ENSP00000367001	9606	Homo sapiens	DPP6	Dipeptidyl aminopeptidase-like protein 6; Promotes cell surface expression of the potassium channel KCND2. Modulates the activity and gating characteristics of the potassium channel KCND2. Has no dipeptidyl aminopeptidase activity.
DPYD	324	9606.ENSP00000359211	9606	Homo sapiens	DPYD	Dihydropyrimidine dehydrogenase [NADP(+)]; Involved in pyrimidine base degradation. Catalyzes the reduction of uracil and thymine. Also involved the degradation of the chemotherapeutic drug 5-fluorouracil; Belongs to the dihydropyrimidine dehydrogenase family.
DPYSL2	325	9606.ENSP00000427985	9606	Homo sapiens	DPYSL2	Dihydropyrimidinase-related protein 2; Plays a role in neuronal development and polarity, as well as in axon growth and guidance, neuronal growth cone collapse and cell migration. Necessary for signaling by class 3 semaphorins and subsequent remodeling of the cytoskeleton. May play a role in endocytosis; Belongs to the metallo-dependent hydrolases superfamily. Hydantoinase/dihydropyrimidinase family.
DPYSL3	326	9606.ENSP00000343690	9606	Homo sapiens	DPYSL3	Dihydropyrimidinase-related protein 3; Necessary for signaling by class 3 semaphorins and subsequent remodeling of the cytoskeleton. Plays a role in axon guidance, neuronal growth cone collapse and cell migration (By similarity).
DPYSL5	327	9606.ENSP00000288699	9606	Homo sapiens	DPYSL5	Dihydropyrimidinase-related protein 5; May have a function in neuronal differentiation and/or axon growth; Belongs to the metallo-dependent hydrolases superfamily. Hydantoinase/dihydropyrimidinase family.
DRD1	328	9606.ENSP00000377353	9606	Homo sapiens	DRD1	D(1A) dopamine receptor; Dopamine receptor whose activity is mediated by G proteins which activate adenylyl cyclase; Belongs to the G-protein coupled receptor 1 family.
DRD2	329	9606.ENSP00000354859	9606	Homo sapiens	DRD2	D(2) dopamine receptor; Dopamine receptor whose activity is mediated by G proteins which inhibit adenylyl cyclase; Belongs to the G-protein coupled receptor 1 family.
DRD3	330	9606.ENSP00000373169	9606	Homo sapiens	DRD3	D(3) dopamine receptor; Dopamine receptor whose activity is mediated by G proteins which inhibit adenylyl cyclase. Promotes cell proliferation.
DSCAM	331	9606.ENSP00000383303	9606	Homo sapiens	DSCAM	Down syndrome cell adhesion molecule; Cell adhesion molecule that plays a role in neuronal self- avoidance. Promotes repulsion between specific neuronal processes of either the same cell or the same subtype of cells. Mediates within retinal amacrine and ganglion cell subtypes both isoneuronal self- avoidance for creating an orderly dendritic arborization and heteroneuronal self-avoidance to maintain the mosaic spacing between amacrine and ganglion cell bodies. Receptor for netrin required for axon guidance independently of and in collaboration with the receptor DCC. Might also collabor [...] 
DST	332	9606.ENSP00000307959	9606	Homo sapiens	DST	Dystonin; Cytoskeletal linker protein. Acts as an integrator of intermediate filaments, actin and microtubule cytoskeleton networks. Required for anchoring either intermediate filaments to the actin cytoskeleton in neural and muscle cells or keratin-containing intermediate filaments to hemidesmosomes in epithelial cells. The proteins may self-aggregate to form filaments or a two-dimensional mesh. Regulates the organization and stability of the microtubule network of sensory neurons to allow axonal transport. Mediates docking of the dynein/dynactin motor complex to vesicle cargos for re [...] 
DUSP15	333	9606.ENSP00000278979	9606	Homo sapiens	DUSP15	Dual specificity protein phosphatase 15; May dephosphorylate MAPK13, ATF2, ERBB3, PDGFRB and SNX6 ; Belongs to the protein-tyrosine phosphatase family. Non- receptor class dual specificity subfamily.
DVL3	334	9606.ENSP00000316054	9606	Homo sapiens	DVL3	Segment polarity protein dishevelled homolog DVL-3; Involved in the signal transduction pathway mediated by multiple Wnt genes.
DYDC1	335	9606.ENSP00000361278	9606	Homo sapiens	DYDC1	DPY30 domain-containing protein 1; Plays a crucial role during acrosome biogenesis.
DYDC2	336	9606.ENSP00000361272	9606	Homo sapiens	DYDC2	DPY30 domain containing 2; Belongs to the dpy-30 family.
DYNC1H1	337	9606.ENSP00000348965	9606	Homo sapiens	DYNC1H1	Cytoplasmic dynein 1 heavy chain 1; Cytoplasmic dynein 1 acts as a motor for the intracellular retrograde motility of vesicles and organelles along microtubules. Dynein has ATPase activity; the force-producing power stroke is thought to occur on release of ADP. Plays a role in mitotic spindle assembly and metaphase plate congression. Belongs to the dynein heavy chain family.
DYRK1A	338	9606.ENSP00000340373	9606	Homo sapiens	DYRK1A	Dual specificity tyrosine-phosphorylation-regulated kinase 1A; Dual-specificity kinase which possesses both serine/threonine and tyrosine kinase activities. May play a role in a signaling pathway regulating nuclear functions of cell proliferation. Modulates alternative splicing by phosphorylating the splice factor SRSF6 (By similarity). Exhibits a substrate preference for proline at position P+1 and arginine at position P-3. Has pro-survival function and negatively regulates the apoptotic process. Promotes cell survival upon genotoxic stress through phosphorylation of SIRT1. This in tu [...] 
EBF3	339	9606.ENSP00000357637	9606	Homo sapiens	EBF3	Transcription factor COE3; Transcriptional activator. Recognizes variations of the palindromic sequence 5'- ATTCCCNNGGGAATT-3' (By similarity). Belongs to the COE family.
ECPAS	340	9606.ENSP00000259335	9606	Homo sapiens	ECPAS	Proteasome adapter and scaffold protein ECM29; Adapter/scaffolding protein that binds to the 26S proteasome, motor proteins and other compartment specific proteins. May couple the proteasome to different compartments including endosome, endoplasmic reticulum and centrosome. May play a role in ERAD and other enhanced proteolysis. Promotes proteasome dissociation under oxidative stress (By similarity); Belongs to the ECM29 family.
EEF1A2	341	9606.ENSP00000217182	9606	Homo sapiens	EEF1A2	Elongation factor 1-alpha 2; This protein promotes the GTP-dependent binding of aminoacyl- tRNA to the A-site of ribosomes during protein biosynthesis; Belongs to the TRAFAC class translation factor GTPase superfamily. Classic translation factor GTPase family. EF-Tu/EF-1A subfamily.
EFR3A	342	9606.ENSP00000254624	9606	Homo sapiens	EFR3A	Protein EFR3 homolog A; Component of a complex required to localize phosphatidylinositol 4-kinase (PI4K) to the plasma membrane. The complex acts as a regulator of phosphatidylinositol 4-phosphate (PtdIns(4)P) synthesis (Probable). In the complex, EFR3A probably acts as the membrane-anchoring component. Also involved in responsiveness to G-protein-coupled receptors; it is however unclear whether this role is direct or indirect.
EGR3	343	9606.ENSP00000318057	9606	Homo sapiens	EGR3	Early growth response protein 3; Probable transcription factor involved in muscle spindle development; Belongs to the EGR C2H2-type zinc-finger protein family.
EHMT1	344	9606.ENSP00000417980	9606	Homo sapiens	EHMT1	Histone-lysine N-methyltransferase EHMT1; Histone methyltransferase that specifically mono- and dimethylates 'Lys-9' of histone H3 (H3K9me1 and H3K9me2, respectively) in euchromatin. H3K9me represents a specific tag for epigenetic transcriptional repression by recruiting HP1 proteins to methylated histones. Also weakly methylates 'Lys-27' of histone H3 (H3K27me). Also required for DNA methylation, the histone methyltransferase activity is not required for DNA methylation, suggesting that these 2 activities function independently. Probably targeted to histone H3 by different DNA-binding [...] 
EIF3F	345	9606.ENSP00000431800	9606	Homo sapiens	EIF3F	Eukaryotic translation initiation factor 3 subunit F; Component of the eukaryotic translation initiation factor 3 (eIF-3) complex, which is required for several steps in the initiation of protein synthesis. The eIF-3 complex associates with the 40S ribosome and facilitates the recruitment of eIF-1, eIF-1A, eIF-2:GTP:methionyl- tRNAi and eIF-5 to form the 43S pre-initiation complex (43S PIC). The eIF-3 complex stimulates mRNA recruitment to the 43S PIC and scanning of the mRNA for AUG recognition. The eIF-3 complex is also required for disassembly and recycling of post-termination ribos [...] 
EIF3G	346	9606.ENSP00000253108	9606	Homo sapiens	EIF3G	Eukaryotic translation initiation factor 3 subunit G; RNA-binding component of the eukaryotic translation initiation factor 3 (eIF-3) complex, which is required for several steps in the initiation of protein synthesis. The eIF-3 complex associates with the 40S ribosome and facilitates the recruitment of eIF-1, eIF-1A, eIF- 2:GTP:methionyl-tRNAi and eIF-5 to form the 43S pre-initiation complex (43S PIC). The eIF-3 complex stimulates mRNA recruitment to the 43S PIC and scanning of the mRNA for AUG recognition. The eIF-3 complex is also required for disassembly and recycling of post-termi [...] 
EIF4E	347	9606.ENSP00000425561	9606	Homo sapiens	EIF4E	Eukaryotic translation initiation factor 4E; Recognizes and binds the 7-methylguanosine-containing mRNA cap during an early step in the initiation of protein synthesis and facilitates ribosome binding by inducing the unwinding of the mRNAs secondary structures. Component of the CYFIP1-EIF4E-FMR1 complex which binds to the mRNA cap and mediates translational repression. In the CYFIP1-EIF4E-FMR1 complex this subunit mediates the binding to the mRNA cap.
EIF4G1	348	9606.ENSP00000416255	9606	Homo sapiens	EIF4G1	Eukaryotic translation initiation factor 4 gamma 1; Component of the protein complex eIF4F, which is involved in the recognition of the mRNA cap, ATP-dependent unwinding of 5'-terminal secondary structure and recruitment of mRNA to the ribosome; Belongs to the eukaryotic initiation factor 4G family.
EIF5A	349	9606.ENSP00000336702	9606	Homo sapiens	EIF5A	Eukaryotic translation initiation factor 5A-1; mRNA-binding protein involved in translation elongation. Has an important function at the level of mRNA turnover, probably acting downstream of decapping. Involved in actin dynamics and cell cycle progression, mRNA decay and probably in a pathway involved in stress response and maintenance of cell wall integrity. With syntenin SDCBP, functions as a regulator of p53/TP53 and p53/TP53-dependent apoptosis. Regulates also TNF-alpha-mediated apoptosis. Mediates effects of polyamines on neuronal process extension and survival. May play an import [...] 
ELAVL2	350	9606.ENSP00000369453	9606	Homo sapiens	ELAVL2	ELAV-like protein 2; RNA-binding protein that binds to the 3' untranslated region (3'UTR) of target mRNAs (By similarity). Seems to recognize a GAAA motif (By similarity). Can bind to its own 3'UTR, the FOS 3'UTR and the ID 3'UTR (By similarity); Belongs to the RRM elav family.
ELAVL3	351	9606.ENSP00000352162	9606	Homo sapiens	ELAVL3	ELAV-like protein 3; RNA-binding protein that binds to AU-rich element (ARE) sequences of target mRNAs, including VEGF mRNA. May also bind poly-A tracts via RRM 3 (By similarity). May be involved in neuronal differentiation and maintenance (By similarity). Plays a role in the stabilization of GAP43 mRNA and in spatial learning (By similarity).
ELOVL2	352	9606.ENSP00000346693	9606	Homo sapiens	ELOVL2	Elongation of very long chain fatty acids protein 2; Catalyzes the first and rate-limiting reaction of the four reactions that constitute the long-chain fatty acids elongation cycle. This endoplasmic reticulum-bound enzymatic process allows the addition of 2 carbons to the chain of long- and very long-chain fatty acids (VLCFAs) per cycle. Condensing enzyme that catalyzes the synthesis of polyunsaturated very long chain fatty acid (C20- and C22-PUFA), acting specifically toward polyunsaturated acyl-CoA with the higher activity toward C20:4(n-6) acyl-CoA. May participate in the productio [...] 
ELP2	353	9606.ENSP00000414851	9606	Homo sapiens	ELP2	Elongator complex protein 2; Component of the RNA polymerase II elongator complex, a multiprotein complex associated with the RNA polymerase II (Pol II) holoenzyme, and which is involved in transcriptional elongation. The elongator complex catalyzes formation of carboxymethyluridine in the wobble base at position 34 in tRNAs.
ELP4	354	9606.ENSP00000379267	9606	Homo sapiens	ELP4	Elongator complex protein 4; Component of the RNA polymerase II elongator complex, a multiprotein complex associated with the RNA polymerase II (Pol II) holoenzyme, and which is involved in transcriptional elongation. The elongator complex catalyzes formation of carboxymethyluridine in the wobble base at position 34 in tRNAs. Belongs to the ELP4 family.
EMSY	355	9606.ENSP00000433205	9606	Homo sapiens	EMSY	BRCA2-interacting transcriptional repressor EMSY; Regulator which is able to repress transcription, possibly via its interaction with a multiprotein chromatin remodeling complex that modifies the chromatin. Its interaction with BRCA2 suggests that it may play a central role in the DNA repair function of BRCA2. As part of a histone H3-specific methyltransferase complex may mediate ligand- dependent transcriptional activation by nuclear hormone receptors.
EN2	356	9606.ENSP00000297375	9606	Homo sapiens	EN2	Homeobox protein engrailed-2; Engrailed homeobox 2; Belongs to the engrailed homeobox family.
ENOX2	357	9606.ENSP00000337146	9606	Homo sapiens	ENOX2	Protein disulfide-thiol oxidoreductase; May be involved in cell growth. Probably acts as a terminal oxidase of plasma electron transport from cytosolic NAD(P)H via hydroquinones to acceptors at the cell surface. Hydroquinone oxidase activity alternates with a protein disulfide-thiol interchange/oxidoreductase activity which may control physical membrane displacements associated with vesicle budding or cell enlargement. The activities oscillate with a period length of 22 minutes and play a role in control of the ultradian cellular biological clock.
ENPP1	358	9606.ENSP00000498074	9606	Homo sapiens	ENPP1	Ectonucleotide pyrophosphatase/phosphodiesterase family member 1, secreted form; Nucleotide pyrophosphatase that generates diphosphate (PPi) and functions in bone mineralization and soft tissue calcification by regulating pyrophosphate levels (By similarity). PPi inhibits bone mineralization and soft tissue calcification by binding to nascent hydroxyapatite crystals, thereby preventing further growth of these crystals. Preferentially hydrolyzes ATP, but can also hydrolyze other nucleoside 5' triphosphates such as GTP, CTP, TTP and UTP to their corresponding monophosphates with release  [...] 
EP300	359	9606.ENSP00000263253	9606	Homo sapiens	EP300	Histone acetyltransferase p300; Functions as histone acetyltransferase and regulates transcription via chromatin remodeling. Acetylates all four core histones in nucleosomes. Histone acetylation gives an epigenetic tag for transcriptional activation. Mediates cAMP-gene regulation by binding specifically to phosphorylated CREB protein. Mediates acetylation of histone H3 at 'Lys-122' (H3K122ac), a modification that localizes at the surface of the histone octamer and stimulates transcription, possibly by promoting nucleosome instability. Mediates acetylation of histone H3 at 'Lys-27' (H3K [...] 
EP400	360	9606.ENSP00000374212	9606	Homo sapiens	EP400	E1A-binding protein p400; Component of the NuA4 histone acetyltransferase complex which is involved in transcriptional activation of select genes principally by acetylation of nucleosomal histones H4 and H2A. This modification may both alter nucleosome - DNA interactions and promote interaction of the modified histones with other proteins which positively regulate transcription. May be required for transcriptional activation of E2F1 and MYC target genes during cellular proliferation. The NuA4 complex ATPase and helicase activities seem to be, at least in part, contributed by the associ [...] 
EPC2	361	9606.ENSP00000258484	9606	Homo sapiens	EPC2	Enhancer of polycomb homolog 2; May play a role in transcription or DNA repair. Belongs to the enhancer of polycomb family.
EPHA1	362	9606.ENSP00000275815	9606	Homo sapiens	EPHA1	Ephrin type-A receptor 1; Receptor tyrosine kinase which binds promiscuously membrane- bound ephrin-A family ligands residing on adjacent cells, leading to contact-dependent bidirectional signaling into neighboring cells. The signaling pathway downstream of the receptor is referred to as forward signaling while the signaling pathway downstream of the ephrin ligand is referred to as reverse signaling. Binds with a low affinity EFNA3 and EFNA4 and with a high affinity to EFNA1 which most probably constitutes its cognate/functional ligand. Upon activation by EFNA1 induces cell attachment  [...] 
EPHB1	363	9606.ENSP00000381097	9606	Homo sapiens	EPHB1	Ephrin type-B receptor 1; Receptor tyrosine kinase which binds promiscuously transmembrane ephrin-B family ligands residing on adjacent cells, leading to contact-dependent bidirectional signaling into neighboring cells. The signaling pathway downstream of the receptor is referred to as forward signaling while the signaling pathway downstream of the ephrin ligand is referred to as reverse signaling. Cognate/functional ephrin ligands for this receptor include EFNB1, EFNB2 and EFNB3. During nervous system development, regulates retinal axon guidance redirecting ipsilaterally ventrotempora [...] 
EPHB2	364	9606.ENSP00000383053	9606	Homo sapiens	EPHB2	Ephrin type-B receptor 2; Receptor tyrosine kinase which binds promiscuously transmembrane ephrin-B family ligands residing on adjacent cells, leading to contact-dependent bidirectional signaling into neighboring cells. The signaling pathway downstream of the receptor is referred to as forward signaling while the signaling pathway downstream of the ephrin ligand is referred to as reverse signaling. Functions in axon guidance during development. Involved in the guidance of commissural axons, that form a major interhemispheric connection between the 2 temporal lobes of the cerebral corte [...] 
EPPK1	365	9606.ENSP00000484472	9606	Homo sapiens	EPPK1	Epiplakin; Cytoskeletal linker protein that connects to intermediate filaments and controls their reorganization in response to stress. In response to mechanical stress like wound healing, is associated with the machinery for cellular motility by slowing down keratinocyte migration and proliferation and accelerating keratin bundling in proliferating keratinocytes thus contributing to tissue architecture. However in wound healing in corneal epithelium also positively regulates cell differentiation and proliferation and negatively regulates migration thereby controlling corneal epitheliu [...] 
ERBIN	366	9606.ENSP00000426632	9606	Homo sapiens	ERBIN	Erbin; Acts as an adapter for the receptor ERBB2, in epithelia. By binding the unphosphorylated 'Tyr-1248' of receptor ERBB2, it may contribute to stabilize this unphosphorylated state. Inhibits NOD2-dependent NF-kappa-B signaling and proinflammatory cytokine secretion ; Belongs to the LAP (LRR and PDZ) protein family.
ERG	367	9606.ENSP00000414150	9606	Homo sapiens	ERG	Transcriptional regulator ERG; Transcriptional regulator. May participate in transcriptional regulation through the recruitment of SETDB1 histone methyltransferase and subsequent modification of local chromatin structure.
ERMN	368	9606.ENSP00000380453	9606	Homo sapiens	ERMN	Ermin; Plays a role in cytoskeletal rearrangements during the late wrapping and/or compaction phases of myelinogenesis as well as in maintenance and stability of myelin sheath in the adult. May play an important role in late-stage oligodendroglia maturation, myelin/Ranvier node formation during CNS development, and in the maintenance and plasticity of related structures in the mature CNS (By similarity).
ESR2	369	9606.ENSP00000343925	9606	Homo sapiens	ESR2	Estrogen receptor beta; Nuclear hormone receptor. Binds estrogens with an affinity similar to that of ESR1, and activates expression of reporter genes containing estrogen response elements (ERE) in an estrogen-dependent manner. Isoform beta-cx lacks ligand binding ability and has no or only very low ere binding activity resulting in the loss of ligand-dependent transactivation ability. DNA-binding by ESR1 and ESR2 is rapidly lost at 37 degrees Celsius in the absence of ligand while in the presence of 17 beta-estradiol and 4-hydroxy-tamoxifen loss in DNA-binding at elevated temperature  [...] 
ESRRB	370	9606.ENSP00000370270	9606	Homo sapiens	ESRRB	Steroid hormone receptor ERR2; [Isoform 3]: Transcription factor that binds a canonical ESRRB recognition (ERRE) sequence 5'TCAAGGTCA-3' localized on promoter and enhancer of targets genes regulating their expression or their transcription activity. Plays a role, in a LIF-independent manner, in maintainance of self-renewal and pluripotency of embryonic and trophoblast stem cells through different signaling pathways including FGF signaling pathway and Wnt signaling pathways. Upon FGF signaling pathway activation, interacts with KDM1A by directly binding to enhancer site of ELF5 and EOME [...] 
ETFB	371	9606.ENSP00000346173	9606	Homo sapiens	ETFB	Electron transfer flavoprotein subunit beta; Heterodimeric electron transfer flavoprotein that accepts electrons from several mitochondrial dehydrogenases, including acyl-CoA dehydrogenases, glutaryl-CoA and sarcosine dehydrogenase. It transfers the electrons to the main mitochondrial respiratory chain via ETF- ubiquinone oxidoreductase (Probable). Required for normal mitochondrial fatty acid oxidation and normal amino acid metabolism. ETFB binds an AMP molecule that probably has a purely structural role.
EXOC3	372	9606.ENSP00000425587	9606	Homo sapiens	EXOC3	Exocyst complex component 3; Component of the exocyst complex involved in the docking of exocytic vesicles with fusion sites on the plasma membrane; Belongs to the SEC6 family.
EXOC5	373	9606.ENSP00000484855	9606	Homo sapiens	EXOC5	Exocyst complex component 5; Component of the exocyst complex involved in the docking of exocytic vesicles with fusion sites on the plasma membrane.
EXOC6	374	9606.ENSP00000260762	9606	Homo sapiens	EXOC6	Exocyst complex component 6; Component of the exocyst complex involved in the docking of exocytic vesicles with fusion sites on the plasma membrane. Together with RAB11A, RAB3IP, RAB8A, PARD3, PRKCI, ANXA2, CDC42 and DNMBP promotes transcytosis of PODXL to the apical membrane initiation sites (AMIS), apical surface formation and lumenogenesis (By similarity).
EXOC6B	375	9606.ENSP00000489442	9606	Homo sapiens	EXOC6B	Exocyst complex component 6B; Component of the exocyst complex involved in the docking of exocytic vesicles with fusion sites on the plasma membrane.
EXT1	376	9606.ENSP00000367446	9606	Homo sapiens	EXT1	Exostosin-1; Glycosyltransferase required for the biosynthesis of heparan- sulfate. The EXT1/EXT2 complex possesses substantially higher glycosyltransferase activity than EXT1 or EXT2 alone. Appears to be a tumor suppressor. Required for the exosomal release of SDCBP, CD63 and syndecan.
FABP4	377	9606.ENSP00000256104	9606	Homo sapiens	FABP4	Fatty acid-binding protein, adipocyte; Lipid transport protein in adipocytes. Binds both long chain fatty acids and retinoic acid. Delivers long-chain fatty acids and retinoic acid to their cognate receptors in the nucleus. Belongs to the calycin superfamily. Fatty-acid binding protein (FABP) family.
FABP5	378	9606.ENSP00000297258	9606	Homo sapiens	FABP5	Fatty acid-binding protein 5; Intracellular carrier for long-chain fatty acids and related active lipids, such as the endocannabinoid, that regulates the metabolism and actions of the ligands they bind. In addition to the cytosolic transport, selectively delivers specific fatty acids from the cytosol to the nucleus, wherein they activate nuclear receptors. Delivers retinoic acid to the nuclear receptor peroxisome proliferator-activated receptor delta; which promotes proliferation and survival. May also serve as a synaptic carrier of endocannabinoid at central synapses and thus controls [...] 
FAM47A	379	9606.ENSP00000345029	9606	Homo sapiens	FAM47A	Protein FAM47A; Family with sequence similarity 47 member A.
FAM53C	380	9606.ENSP00000239906	9606	Homo sapiens	FAM53C	Protein FAM53C; Family with sequence similarity 53 member C.
FAM98C	381	9606.ENSP00000252530	9606	Homo sapiens	FAM98C	Protein FAM98C; Family with sequence similarity 98 member C.
FAN1	382	9606.ENSP00000354497	9606	Homo sapiens	FAN1	Fanconi-associated nuclease 1; Nuclease required for the repair of DNA interstrand cross- links (ICL) recruited at sites of DNA damage by monoubiquitinated FANCD2. Specifically involved in repair of ICL-induced DNA breaks by being required for efficient homologous recombination, probably in the resolution of homologous recombination intermediates. Not involved in DNA double-strand breaks resection. Acts as a 5'-3' exonuclease that anchors at a cut end of DNA and cleaves DNA successively at every third nucleotide, allowing to excise an ICL from one strand through flanking incisions. Pro [...] 
FAT1	383	9606.ENSP00000406229	9606	Homo sapiens	FAT1	Protocadherin Fat 1, nuclear form; Plays an essential role for cellular polarization, directed cell migration and modulating cell-cell contact.
FBN1	384	9606.ENSP00000325527	9606	Homo sapiens	FBN1	Fibrillin-1; [Fibrillin-1]: Structural component of the 10-12 nm diameter microfibrils of the extracellular matrix, which conveys both structural and regulatory properties to load-bearing connective tissues. Fibrillin-1-containing microfibrils provide long-term force bearing structural support. In tissues such as the lung, blood vessels and skin, microfibrils form the periphery of the elastic fiber, acting as a scaffold for the deposition of elastin. In addition, microfibrils can occur as elastin-independent networks in tissues such as the ciliary zonule, tendon, cornea and glomerulus  [...] 
FBRSL1	385	9606.ENSP00000396160	9606	Homo sapiens	FBRSL1	Fibrosin-1-like protein; Fibrosin like 1; Belongs to the AUTS2 family.
FBXL13	386	9606.ENSP00000321927	9606	Homo sapiens	FBXL13	Dynein regulatory complex subunit 6; Component of the nexin-dynein regulatory complex (N-DRC), a key regulator of ciliary/flagellar motility which maintains the alignment and integrity of the distal axoneme and regulates microtubule sliding in motile axonemes. Substrate-recognition component of the SCF (SKP1-CUL1-F-box protein)-type E3 ubiquitin ligase complex. Belongs to the DRC6 family.
FBXO11	387	9606.ENSP00000384823	9606	Homo sapiens	FBXO11	F-box only protein 11; Substrate recognition component of a SCF (SKP1-CUL1-F-box protein) E3 ubiquitin-protein ligase complex which mediates the ubiquitination and subsequent proteasomal degradation of target proteins, such as DTL/CDT2, BCL6 and PRDM1/BLIMP1. The SCF(FBXO11) complex mediates ubiquitination and degradation of BCL6, thereby playing a role in the germinal center B-cells terminal differentiation toward memory B-cells and plasma cells. The SCF(FBXO11) complex also mediates ubiquitination and degradation of DTL, an important step for the regulation of TGF-beta signaling, cel [...] 
FBXO33	388	9606.ENSP00000298097	9606	Homo sapiens	FBXO33	F-box only protein 33; Substrate recognition component of a SCF (SKP1-CUL1-F-box protein) E3 ubiquitin-protein ligase complex which mediates the ubiquitination and subsequent proteasomal degradation of target proteins. Probably recognizes and binds to phosphorylated target proteins. Recognizes YBX1 (By similarity).
FBXO40	389	9606.ENSP00000337510	9606	Homo sapiens	FBXO40	F-box only protein 40; Probable substrate-recognition component of the SCF (SKP1- CUL1-F-box protein)-type E3 ubiquitin ligase complex that may function in myogenesis.
FCRL6	390	9606.ENSP00000357086	9606	Homo sapiens	FCRL6	Fc receptor-like protein 6; Acts as a MHC class II receptor. When stimulated on its own, does not play a role in cytokine production or the release of cytotoxic granules by NK cells and cytotoxic CD8(+) T cells. Does not act as an Fc receptor.
FEZF2	391	9606.ENSP00000283268	9606	Homo sapiens	FEZF2	Fez family zinc finger protein 2; Transcription repressor. Required for the specification of corticospinal motor neurons and other subcerebral projection neurons. May play a role in layer and neuronal subtype-specific patterning of subcortical projections and axonal fasciculation. Controls the development of dendritic arborization and spines of large layer V pyramidal neurons. May be involved in innate immunity (By similarity).
FGA	392	9606.ENSP00000498441	9606	Homo sapiens	FGA	Fibrinogen alpha chain; Cleaved by the protease thrombin to yield monomers which, together with fibrinogen beta (FGB) and fibrinogen gamma (FGG), polymerize to form an insoluble fibrin matrix. Fibrin has a major function in hemostasis as one of the primary components of blood clots. In addition, functions during the early stages of wound repair to stabilize the lesion and guide cell migration during re- epithelialization. Was originally thought to be essential for platelet aggregation, based on in vitro studies using anticoagulated blood. However, subsequent studies have shown that it  [...] 
FGF13	393	9606.ENSP00000396198	9606	Homo sapiens	FGF13	Fibroblast growth factor 13; Microtubule-binding protein which directly binds tubulin and is involved in both polymerization and stabilization of microtubules (By similarity). Through its action on microtubules, may participate to the refinement of axons by negatively regulating axonal and leading processes branching (By similarity). Plays a crucial role in neuron polarization and migration in the cerebral cortex and the hippocampus (By similarity). May regulate voltage-gated sodium channels transport and function. May also play a role in MAPK signaling (By similarity). Required for th [...] 
FGF14	394	9606.ENSP00000365301	9606	Homo sapiens	FGF14	Fibroblast growth factor 14; Probably involved in nervous system development and function.
FGFR1	395	9606.ENSP00000393312	9606	Homo sapiens	FGFR1	Fibroblast growth factor receptor 1; Tyrosine-protein kinase that acts as cell-surface receptor for fibroblast growth factors and plays an essential role in the regulation of embryonic development, cell proliferation, differentiation and migration. Required for normal mesoderm patterning and correct axial organization during embryonic development, normal skeletogenesis and normal development of the gonadotropin-releasing hormone (GnRH) neuronal system. Phosphorylates PLCG1, FRS2, GAB1 and SHB. Ligand binding leads to the activation of several signaling cascades. Activation of PLCG1 lea [...] 
FHIT	396	9606.ENSP00000418582	9606	Homo sapiens	FHIT	Bis(5'-adenosyl)-triphosphatase; Cleaves P(1)-P(3)-bis(5'-adenosyl) triphosphate (Ap3A) to yield AMP and ADP. Can also hydrolyze P(1)-P(4)-bis(5'-adenosyl) tetraphosphate (Ap4A), but has extremely low activity with ATP. Modulates transcriptional activation by CTNNB1 and thereby contributes to regulate the expression of genes essential for cell proliferation and survival, such as CCND1 and BIRC5. Plays a role in the induction of apoptosis via SRC and AKT1 signaling pathways. Inhibits MDM2-mediated proteasomal degradation of p53/TP53 and thereby plays a role in p53/TP53-mediated apoptosi [...] 
FLNA	397	9606.ENSP00000358866	9606	Homo sapiens	FLNA	Filamin-A; Promotes orthogonal branching of actin filaments and links actin filaments to membrane glycoproteins. Anchors various transmembrane proteins to the actin cytoskeleton and serves as a scaffold for a wide range of cytoplasmic signaling proteins. Interaction with FLNB may allow neuroblast migration from the ventricular zone into the cortical plate. Tethers cell surface- localized furin, modulates its rate of internalization and directs its intracellular trafficking (By similarity). Involved in ciliogenesis. Plays a role in cell-cell contacts and adherens junctions during the de [...] 
FMR1	398	9606.ENSP00000359506	9606	Homo sapiens	FMR1	Synaptic functional regulator FMR1; Multifunctional polyribosome-associated RNA-binding protein that plays a central role in neuronal development and synaptic plasticity through the regulation of alternative mRNA splicing, mRNA stability, mRNA dendritic transport and postsynaptic local protein synthesis of a subset of mRNAs. Plays a role in the alternative splicing of its own mRNA. Plays a role in mRNA nuclear export (By similarity). Together with export factor NXF2, is involved in the regulation of the NXF1 mRNA stability in neurons (By similarity). Stabilizes the scaffolding postsyna [...] 
FOXG1	399	9606.ENSP00000339004	9606	Homo sapiens	FOXG1	Forkhead box protein G1; Transcription repression factor which plays an important role in the establishment of the regional subdivision of the developing brain and in the development of the telencephalon.
FOXP1	0	9606.ENSP00000484803	9606	Homo sapiens	FOXP1	Forkhead box P1.
FOXP2	1	9606.ENSP00000386200	9606	Homo sapiens	FOXP2	Forkhead box protein P2; Transcriptional repressor that may play a role in the specification and differentiation of lung epithelium. May also play a role in developing neural, gastrointestinal and cardiovascular tissues. Can act with CTBP1 to synergistically repress transcription but CTPBP1 is not essential. Plays a role in synapse formation by regulating SRPX2 levels. Involved in neural mechanisms mediating the development of speech and language.
FRG1	2	9606.ENSP00000226798	9606	Homo sapiens	FRG1	Protein FRG1; Binds to mRNA in a sequence-independent manner. May play a role in regulation of pre-mRNA splicing or in the assembly of rRNA into ribosomal subunits. May be involved in mRNA transport. May be involved in epigenetic regulation of muscle differentiation through regulation of activity of the histone-lysine N-methyltransferase KMT5B. Belongs to the FRG1 family.
FRK	3	9606.ENSP00000476145	9606	Homo sapiens	FRK	Tyrosine-protein kinase FRK; Non-receptor tyrosine-protein kinase that negatively regulates cell proliferation. Positively regulates PTEN protein stability through phosphorylation of PTEN on 'Tyr-336', which in turn prevents its ubiquitination and degradation, possibly by reducing its binding to NEDD4. May function as a tumor suppressor.
FRMD5	4	9606.ENSP00000403067	9606	Homo sapiens	FRMD5	FERM domain-containing protein 5; May be involved in regulation of cell migration. May regulate cell-matrix interactions via its interaction with ITGB5 and modifying ITGB5 cytoplasmic tail interactions such as with FERMT2 and TLN1. May regulate ROCK1 kinase activity possibly involved in regulation of actin stress fiber formation.
FRMPD4	5	9606.ENSP00000370057	9606	Homo sapiens	FRMPD4	FERM and PDZ domain-containing protein 4; Positive regulator of dendritic spine morphogenesis and density. Required for the maintenance of excitatory synaptic transmission. Binds phosphatidylinositol 4,5-bisphosphate.
FRRS1L	6	9606.ENSP00000477141	9606	Homo sapiens	FRRS1L	DOMON domain-containing protein FRRS1L; Important modulator of glutamate signaling pathway.
FRYL	7	9606.ENSP00000351113	9606	Homo sapiens	FRYL	Protein furry homolog-like; Plays a key role in maintaining the integrity of polarized cell extensions during morphogenesis, regulates the actin cytoskeleton and plays a key role in patterning sensory neuron dendritic fields by promoting avoidance between homologous dendrites as well as by limiting dendritic branching (By similarity). May function as a transcriptional activator.
FXN	8	9606.ENSP00000419243	9606	Homo sapiens	FXN	Frataxin intermediate form; Promotes the biosynthesis of heme and assembly and repair of iron-sulfur clusters by delivering Fe(2+) to proteins involved in these pathways. May play a role in the protection against iron-catalyzed oxidative stress through its ability to catalyze the oxidation of Fe(2+) to Fe(3+); the oligomeric form but not the monomeric form has in vitro ferroxidase activity. May be able to store large amounts of iron in the form of a ferrihydrite mineral by oligomerization; however, the physiological relevance is unsure as reports are conflicting and the function has on [...] 
G3BP2	9	9606.ENSP00000352738	9606	Homo sapiens	G3BP2	Ras GTPase-activating protein-binding protein 2; Scaffold protein that plays an essential role in cytoplasmic stress granule formation which acts as a platform for antiviral signaling.
GABBR2	10	9606.ENSP00000259455	9606	Homo sapiens	GABBR2	Gamma-aminobutyric acid type B receptor subunit 2; Component of a heterodimeric G-protein coupled receptor for GABA, formed by GABBR1 and GABBR2. Within the heterodimeric GABA receptor, only GABBR1 seems to bind agonists, while GABBR2 mediates coupling to G proteins. Ligand binding causes a conformation change that triggers signaling via guanine nucleotide-binding proteins (G proteins) and modulates the activity of down-stream effectors, such as adenylate cyclase. Signaling inhibits adenylate cyclase, stimulates phospholipase A2, activates potassium channels, inactivates voltage-depend [...] 
GABRA2	11	9606.ENSP00000427603	9606	Homo sapiens	GABRA2	Gamma-aminobutyric acid receptor subunit alpha-2; Ligand-gated chloride channel which is a component of the heteropentameric receptor for GABA, the major inhibitory neurotransmitter in the brain (By similarity). Plays an important role in the formation of functional inhibitory GABAergic synapses in addition to mediating synaptic inhibition as a GABA-gated ion channel (By similarity). The gamma2 subunit is necessary but not sufficient for a rapid formation of active synaptic contacts and the synaptogenic effect of this subunit is influenced by the type of alpha and beta subunits present [...] 
GABRA3	12	9606.ENSP00000359337	9606	Homo sapiens	GABRA3	Gamma-aminobutyric acid receptor subunit alpha-3; GABA, the major inhibitory neurotransmitter in the vertebrate brain, mediates neuronal inhibition by binding to the GABA/benzodiazepine receptor and opening an integral chloride channel.
GABRA4	13	9606.ENSP00000264318	9606	Homo sapiens	GABRA4	Gamma-aminobutyric acid receptor subunit alpha-4; GABA, the major inhibitory neurotransmitter in the vertebrate brain, mediates neuronal inhibition by binding to the GABA/benzodiazepine receptor and opening an integral chloride channel; Belongs to the ligand-gated ion channel (TC 1.A.9) family. Gamma-aminobutyric acid receptor (TC 1.A.9.5) subfamily. GABRA4 sub- subfamily.
GABRB2	14	9606.ENSP00000274547	9606	Homo sapiens	GABRB2	Gamma-aminobutyric acid receptor subunit beta-2; Ligand-gated chloride channel which is a component of the heteropentameric receptor for GABA, the major inhibitory neurotransmitter in the brain. Plays an important role in the formation of functional inhibitory GABAergic synapses in addition to mediating synaptic inhibition as a GABA-gated ion channel. The gamma2 subunit is necessary but not sufficient for a rapid formation of active synaptic contacts and the synaptogenic effect of this subunit is influenced by the type of alpha and beta subunits present in the receptor pentamer (By sim [...] 
GABRB3	15	9606.ENSP00000308725	9606	Homo sapiens	GABRB3	Gamma-aminobutyric acid receptor subunit beta-3; Ligand-gated chloride channel which is a component of the heteropentameric receptor for GABA, the major inhibitory neurotransmitter in the brain. Plays an important role in the formation of functional inhibitory GABAergic synapses in addition to mediating synaptic inhibition as a GABA-gated ion channel. The gamma2 subunit is necessary but not sufficient for a rapid formation of active synaptic contacts and the synaptogenic effect of this subunit is influenced by the type of alpha and beta subunits present in the receptor pentamer (By sim [...] 
GABRG2	16	9606.ENSP00000410732	9606	Homo sapiens	GABRG2	Gamma-aminobutyric acid receptor subunit gamma-2; Ligand-gated chloride channel which is a component of the heteropentameric receptor for GABA, the major inhibitory neurotransmitter in the brain. Plays an important role in the formation of functional inhibitory GABAergic synapses in addition to mediating synaptic inhibition as a GABA-gated ion channel. The gamma2 subunit is necessary but not sufficient for a rapid formation of active synaptic contacts and the synaptogenic effect of this subunit is influenced by the type of alpha and beta subunits present in the receptor pentamer (By si [...] 
GABRG3	17	9606.ENSP00000479113	9606	Homo sapiens	GABRG3	Gamma-aminobutyric acid receptor subunit gamma-3; GABA, the major inhibitory neurotransmitter in the vertebrate brain, mediates neuronal inhibition by binding to the GABA/benzodiazepine receptor and opening an integral chloride channel; Belongs to the ligand-gated ion channel (TC 1.A.9) family. Gamma-aminobutyric acid receptor (TC 1.A.9.5) subfamily. GABRG3 sub- subfamily.
GALNT10	18	9606.ENSP00000297107	9606	Homo sapiens	GALNT10	Polypeptide N-acetylgalactosaminyltransferase 10; Catalyzes the initial reaction in O-linked oligosaccharide biosynthesis, the transfer of an N-acetyl-D-galactosamine residue to a serine or threonine residue on the protein receptor. Has activity toward Muc5Ac and EA2 peptide substrates; Belongs to the glycosyltransferase 2 family. GalNAc-T subfamily.
GALNT13	19	9606.ENSP00000387239	9606	Homo sapiens	GALNT13	Polypeptide N-acetylgalactosaminyltransferase 13; Catalyzes the initial reaction in O-linked oligosaccharide biosynthesis, the transfer of an N-acetyl-D-galactosamine residue to a serine or threonine residue on the protein receptor. Has a much stronger activity than GALNT1 to transfer GalNAc to mucin peptides, such as Muc5Ac and Muc7. Able to glycosylate SDC3. May be responsible for the synthesis of Tn antigen in neuronal cells; Belongs to the glycosyltransferase 2 family. GalNAc-T subfamily.
GALNT14	20	9606.ENSP00000314500	9606	Homo sapiens	GALNT14	Polypeptide N-acetylgalactosaminyltransferase 14; Catalyzes the initial reaction in O-linked oligosaccharide biosynthesis, the transfer of an N-acetyl-D-galactosamine residue to a serine or threonine residue on the protein receptor. Displays activity toward mucin-derived peptide substrates such as Muc2, Muc5AC, Muc7, and Muc13 (-58). May be involved in O-glycosylation in kidney; Belongs to the glycosyltransferase 2 family. GalNAc-T subfamily.
GALNT2	21	9606.ENSP00000355632	9606	Homo sapiens	GALNT2	Polypeptide N-acetylgalactosaminyltransferase 2 soluble form; Catalyzes the initial reaction in O-linked oligosaccharide biosynthesis, the transfer of an N-acetyl-D-galactosamine residue to a serine or threonine residue on the protein receptor. Has a broad spectrum of substrates for peptides such as EA2, Muc5AC, Muc1a, Muc1b. Probably involved in O-linked glycosylation of the immunoglobulin A1 (IgA1) hinge region.
GALNT8	22	9606.ENSP00000252318	9606	Homo sapiens	GALNT8	Probable polypeptide N-acetylgalactosaminyltransferase 8; Probably catalyzes the initial reaction in O-linked oligosaccharide biosynthesis, the transfer of an N-acetyl-D- galactosamine residue to a serine or threonine residue on the protein receptor.
GAS2	23	9606.ENSP00000401145	9606	Homo sapiens	GAS2	Growth arrest-specific protein 2; May play a role in apoptosis by acting as a cell death substrate for caspases. Is cleaved during apoptosis and the cleaved form induces dramatic rearrangements of the actin cytoskeleton and potent changes in the shape of the affected cells. May be involved in the membrane ruffling process (By similarity).
GATM	24	9606.ENSP00000379895	9606	Homo sapiens	GATM	Glycine amidinotransferase, mitochondrial; Catalyzes the biosynthesis of guanidinoacetate, the immediate precursor of creatine. Creatine plays a vital role in energy metabolism in muscle tissues. May play a role in embryonic and central nervous system development. May be involved in the response to heart failure by elevating local creatine synthesis; Belongs to the amidinotransferase family.
GBE1	25	9606.ENSP00000410833	9606	Homo sapiens	GBE1	1,4-alpha-glucan-branching enzyme; Required for normal glycogen accumulation. The alpha 1-6 branches of glycogen play an important role in increasing the solubility of the molecule (Probable); Belongs to the glycosyl hydrolase 13 family. GlgB subfamily.
GDA	26	9606.ENSP00000238018	9606	Homo sapiens	GDA	Guanine deaminase; Catalyzes the hydrolytic deamination of guanine, producing xanthine and ammonia; Belongs to the metallo-dependent hydrolases superfamily. ATZ/TRZ family.
GFAP	27	9606.ENSP00000253408	9606	Homo sapiens	GFAP	Glial fibrillary acidic protein; GFAP, a class-III intermediate filament, is a cell-specific marker that, during the development of the central nervous system, distinguishes astrocytes from other glial cells.
GGNBP2	28	9606.ENSP00000478220	9606	Homo sapiens	GGNBP2	Gametogenetin-binding protein 2; May be involved in spermatogenesis.
GIGYF1	29	9606.ENSP00000275732	9606	Homo sapiens	GIGYF1	GRB10-interacting GYF protein 1; May act cooperatively with GRB10 to regulate tyrosine kinase receptor signaling. May increase IGF1 receptor phosphorylation under IGF1 stimulation as well as phosphorylation of IRS1 and SHC1 (By similarity).
GIGYF2	30	9606.ENSP00000387170	9606	Homo sapiens	GIGYF2	GRB10-interacting GYF protein 2; Key component of the 4EHP-GYF2 complex, a multiprotein complex that acts as a repressor of translation initiation. In 4EHP-GYF2 the complex, acts as a factor that bridges EIF4E2 to ZFP36/TTP, linking translation repression with mRNA decay (By similarity). May act cooperatively with GRB10 to regulate tyrosine kinase receptor signaling, including IGF1 and insulin receptors ; Belongs to the GIGYF family.
GLI3	31	9606.ENSP00000379258	9606	Homo sapiens	GLI3	Transcriptional repressor GLI3R; Has a dual function as a transcriptional activator and a repressor of the sonic hedgehog (Shh) pathway, and plays a role in limb development. The full-length GLI3 form (GLI3FL) after phosphorylation and nuclear translocation, acts as an activator (GLI3A) while GLI3R, its C-terminally truncated form, acts as a repressor. A proper balance between the GLI3 activator and the repressor GLI3R, rather than the repressor gradient itself or the activator/repressor ratio gradient, specifies limb digit number and identity. In concert with TRPS1, plays a role in re [...] 
GLIS1	32	9606.ENSP00000309653	9606	Homo sapiens	GLIS1	Zinc finger protein GLIS1; Acts as both a repressor and activator of transcription. Binds to the consensus sequence 5'-GACCACCCAC-3' (By similarity). By controlling the expression of genes involved in cell differentiation inhibits the lineage commitment of multipotent cells. Prevents, for instance, the differentiation of multipotent mesenchymal cells into adipocyte and osteoblast (By similarity); Belongs to the GLI C2H2-type zinc-finger protein family.
GLO1	33	9606.ENSP00000362463	9606	Homo sapiens	GLO1	Lactoylglutathione lyase; Catalyzes the conversion of hemimercaptal, formed from methylglyoxal and glutathione, to S-lactoylglutathione. Involved in the regulation of TNF-induced transcriptional activity of NF-kappa-B. Required for normal osteoclastogenesis.
GLRA2	34	9606.ENSP00000218075	9606	Homo sapiens	GLRA2	Glycine receptor subunit alpha-2; Glycine receptors are ligand-gated chloride channels. Channel opening is triggered by extracellular glycine. Channel opening is also triggered by taurine and beta-alanine. Plays a role in the down-regulation of neuronal excitability. Contributes to the generation of inhibitory postsynaptic currents. Plays a role in cellular responses to ethanol.
GLS	35	9606.ENSP00000317379	9606	Homo sapiens	GLS	Glutaminase kidney isoform, mitochondrial 65 kDa chain; Catalyzes the first reaction in the primary pathway for the renal catabolism of glutamine. Plays a role in maintaining acid-base homeostasis. Regulates the levels of the neurotransmitter glutamate, the main excitatory neurotransmitter in the brain ; Belongs to the glutaminase family.
GNAI1	36	9606.ENSP00000497260	9606	Homo sapiens	GNAI1	Guanine nucleotide-binding protein G(i) subunit alpha-1; Guanine nucleotide-binding proteins (G proteins) function as transducers downstream of G protein-coupled receptors (GPCRs) in numerous signaling cascades. The alpha chain contains the guanine nucleotide binding site and alternates between an active, GTP-bound state and an inactive, GDP-bound state. Signaling by an activated GPCR promotes GDP release and GTP binding. The alpha subunit has a low GTPase activity that converts bound GTP to GDP, thereby terminating the signal. Both GDP release and GTP hydrolysis are modulated by numer [...] 
GNAS	37	9606.ENSP00000360141	9606	Homo sapiens	GNAS	Guanine nucleotide-binding protein G(s) subunit alpha isoforms XLas; Guanine nucleotide-binding proteins (G proteins) function as transducers in numerous signaling pathways controlled by G protein- coupled receptors (GPCRs). Signaling involves the activation of adenylyl cyclases, resulting in increased levels of the signaling molecule cAMP. GNAS functions downstream of several GPCRs, including beta-adrenergic receptors. XLas isoforms interact with the same set of receptors as GNAS isoforms (By similarity).
GNB1L	38	9606.ENSP00000331313	9606	Homo sapiens	GNB1L	G protein subunit beta 1 like.
GNB2	39	9606.ENSP00000305260	9606	Homo sapiens	GNB2	Guanine nucleotide-binding protein G(I)/G(S)/G(T) subunit beta-2; Guanine nucleotide-binding proteins (G proteins) are involved as a modulator or transducer in various transmembrane signaling systems. The beta and gamma chains are required for the GTPase activity, for replacement of GDP by GTP, and for G protein-effector interaction.
GPC4	40	9606.ENSP00000359864	9606	Homo sapiens	GPC4	Secreted glypican-4; Cell surface proteoglycan that bears heparan sulfate. May be involved in the development of kidney tubules and of the central nervous system (By similarity).
GPC5	41	9606.ENSP00000366267	9606	Homo sapiens	GPC5	Secreted glypican-5; Cell surface proteoglycan that bears heparan sulfate. Belongs to the glypican family.
GPC6	42	9606.ENSP00000366246	9606	Homo sapiens	GPC6	Secreted glypican-6; Cell surface proteoglycan that bears heparan sulfate. Putative cell surface coreceptor for growth factors, extracellular matrix proteins, proteases and anti-proteases (By similarity). Enhances migration and invasion of cancer cells through WNT5A signaling. Belongs to the glypican family.
GPD2	43	9606.ENSP00000308610	9606	Homo sapiens	GPD2	Glycerol-3-phosphate dehydrogenase, mitochondrial; Glycerol-3-phosphate dehydrogenase 2; Belongs to the FAD-dependent glycerol-3-phosphate dehydrogenase family.
GPHN	44	9606.ENSP00000417901	9606	Homo sapiens	GPHN	Molybdopterin molybdenumtransferase; Microtubule-associated protein involved in membrane protein- cytoskeleton interactions. It is thought to anchor the inhibitory glycine receptor (GLYR) to subsynaptic microtubules. Catalyzes two steps in the biosynthesis of the molybdenum cofactor. In the first step, molybdopterin is adenylated. Subsequently, molybdate is inserted into adenylated molybdopterin and AMP is released. In the C-terminal section; belongs to the MoeA family.
GPR37	45	9606.ENSP00000306449	9606	Homo sapiens	GPR37	Prosaposin receptor GPR37; Receptor for the neuroprotective and glioprotective factor prosaposin. Ligand binding induces endocytosis, followed by an ERK phosphorylation cascade; Belongs to the G-protein coupled receptor 1 family.
GPR85	46	9606.ENSP00000297146	9606	Homo sapiens	GPR85	Probable G-protein coupled receptor 85; Orphan receptor; Belongs to the G-protein coupled receptor 1 family.
GRB10	48	9606.ENSP00000493728	9606	Homo sapiens	GRB10	Growth factor receptor-bound protein 10; Adapter protein which modulates coupling of a number of cell surface receptor kinases with specific signaling pathways. Binds to, and suppress signals from, activated receptors tyrosine kinases, including the insulin (INSR) and insulin-like growth factor (IGF1R) receptors. The inhibitory effect can be achieved by 2 mechanisms: interference with the signaling pathway and increased receptor degradation. Delays and reduces AKT1 phosphorylation in response to insulin stimulation. Blocks association between INSR and IRS1 and IRS2 and prevents insulin [...] 
GRIA1	49	9606.ENSP00000428994	9606	Homo sapiens	GRIA1	Glutamate receptor 1; Ionotropic glutamate receptor. L-glutamate acts as an excitatory neurotransmitter at many synapses in the central nervous system. Binding of the excitatory neurotransmitter L-glutamate induces a conformation change, leading to the opening of the cation channel, and thereby converts the chemical signal to an electrical impulse. The receptor then desensitizes rapidly and enters a transient inactive state, characterized by the presence of bound agonist. In the presence of CACNG4 or CACNG7 or CACNG8, shows resensitization which is characterized by a delayed accumulati [...] 
GRIA2	50	9606.ENSP00000296526	9606	Homo sapiens	GRIA2	Glutamate receptor 2; Receptor for glutamate that functions as ligand-gated ion channel in the central nervous system and plays an important role in excitatory synaptic transmission. L-glutamate acts as an excitatory neurotransmitter at many synapses in the central nervous system. Binding of the excitatory neurotransmitter L-glutamate induces a conformation change, leading to the opening of the cation channel, and thereby converts the chemical signal to an electrical impulse. The receptor then desensitizes rapidly and enters a transient inactive state, characterized by the presence of  [...] 
GRIA3	51	9606.ENSP00000481554	9606	Homo sapiens	GRIA3	Glutamate receptor 3; Receptor for glutamate that functions as ligand-gated ion channel in the central nervous system and plays an important role in excitatory synaptic transmission. L-glutamate acts as an excitatory neurotransmitter at many synapses in the central nervous system. Binding of the excitatory neurotransmitter L-glutamate induces a conformation change, leading to the opening of the cation channel, and thereby converts the chemical signal to an electrical impulse. The receptor then desensitizes rapidly and enters a transient inactive state, characterized by the presence of  [...] 
GRID1	52	9606.ENSP00000330148	9606	Homo sapiens	GRID1	Glutamate receptor ionotropic, delta-1; Receptor for glutamate. L-glutamate acts as an excitatory neurotransmitter at many synapses in the central nervous system. The postsynaptic actions of Glu are mediated by a variety of receptors that are named according to their selective agonists; Belongs to the glutamate-gated ion channel (TC 1.A.10.1) family. GRID1 subfamily.
GRID2	53	9606.ENSP00000282020	9606	Homo sapiens	GRID2	Glutamate receptor ionotropic, delta-2; Receptor for glutamate. L-glutamate acts as an excitatory neurotransmitter at many synapses in the central nervous system. The postsynaptic actions of Glu are mediated by a variety of receptors that are named according to their selective agonists. Promotes synaptogenesis and mediates the D-Serine-dependent long term depression signals and AMPA receptor endocytosis of cerebellar parallel fiber- Purkinje cell (PF-PC) synapses through the beta-NRX1-CBLN1-GRID2 triad complex ; Belongs to the glutamate-gated ion channel (TC 1.A.10.1) family. GRID2 sub [...] 
GRID2IP	54	9606.ENSP00000397351	9606	Homo sapiens	GRID2IP	Delphilin; Postsynaptic scaffolding protein at the parallel fiber- Purkinje cell synapse, where it may serve to link GRID2 with actin cytoskeleton and various signaling molecules.
GRIK2	55	9606.ENSP00000397026	9606	Homo sapiens	GRIK2	Glutamate receptor ionotropic, kainate 2; Ionotropic glutamate receptor. L-glutamate acts as an excitatory neurotransmitter at many synapses in the central nervous system. Binding of the excitatory neurotransmitter L-glutamate induces a conformation change, leading to the opening of the cation channel, and thereby converts the chemical signal to an electrical impulse. The receptor then desensitizes rapidly and enters a transient inactive state, characterized by the presence of bound agonist. May be involved in the transmission of light information from the retina to the hypothalamus. M [...] 
GRIK3	56	9606.ENSP00000362183	9606	Homo sapiens	GRIK3	Glutamate receptor ionotropic, kainate 3; Receptor for glutamate that functions as ligand-gated ion channel in the central nervous system and plays an important role in excitatory synaptic transmission. L-glutamate acts as an excitatory neurotransmitter at many synapses in the central nervous system. The postsynaptic actions of Glu are mediated by a variety of receptors that are named according to their selective agonists. This receptor binds domoate > kainate >> L-glutamate = quisqualate >> AMPA = NMDA.
GRIK4	57	9606.ENSP00000435648	9606	Homo sapiens	GRIK4	Glutamate receptor ionotropic, kainate 4; Receptor for glutamate. L-glutamate acts as an excitatory neurotransmitter at many synapses in the central nervous system. The postsynaptic actions of Glu are mediated by a variety of receptors that are named according to their selective agonists.
GRIK5	58	9606.ENSP00000301218	9606	Homo sapiens	GRIK5	Glutamate receptor ionotropic, kainate 5; Receptor for glutamate. L-glutamate acts as an excitatory neurotransmitter at many synapses in the central nervous system. The postsynaptic actions of Glu are mediated by a variety of receptors that are named according to their selective agonists. This receptor binds kainate > quisqualate > domoate > L-glutamate >> AMPA >> NMDA = 1S,3R- ACPD; Belongs to the glutamate-gated ion channel (TC 1.A.10.1) family. GRIK5 subfamily.
GRIN1	59	9606.ENSP00000360608	9606	Homo sapiens	GRIN1	Glutamate receptor ionotropic, NMDA 1; Component of NMDA receptor complexes that function as heterotetrameric, ligand-gated ion channels with high calcium permeability and voltage-dependent sensitivity to magnesium. Channel activation requires binding of the neurotransmitter glutamate to the epsilon subunit, glycine binding to the zeta subunit, plus membrane depolarization to eliminate channel inhibition by Mg(2+). Sensitivity to glutamate and channel kinetics depend on the subunit composition.
GRIN2A	60	9606.ENSP00000332549	9606	Homo sapiens	GRIN2A	Glutamate receptor ionotropic, NMDA 2A; Component of NMDA receptor complexes that function as heterotetrameric, ligand-gated ion channels with high calcium permeability and voltage-dependent sensitivity to magnesium. Channel activation requires binding of the neurotransmitter glutamate to the epsilon subunit, glycine binding to the zeta subunit, plus membrane depolarization to eliminate channel inhibition by Mg(2+). Sensitivity to glutamate and channel kinetics depend on the subunit composition; channels containing GRIN1 and GRIN2A have higher sensitivity to glutamate and faster kineti [...] 
GRIN2B	61	9606.ENSP00000477455	9606	Homo sapiens	GRIN2B	Glutamate receptor ionotropic, NMDA 2B; Component of NMDA receptor complexes that function as heterotetrameric, ligand-gated ion channels with high calcium permeability and voltage-dependent sensitivity to magnesium. Channel activation requires binding of the neurotransmitter glutamate to the epsilon subunit, glycine binding to the zeta subunit, plus membrane depolarization to eliminate channel inhibition by Mg(2+). Sensitivity to glutamate and channel kinetics depend on the subunit composition. In concert with DAPK1 at extrasynaptic sites, acts as a central mediator for stroke damage. [...] 
GRIP1	62	9606.ENSP00000381098	9606	Homo sapiens	GRIP1	Glutamate receptor-interacting protein 1; May play a role as a localized scaffold for the assembly of a multiprotein signaling complex and as mediator of the trafficking of its binding partners at specific subcellular location in neurons. Through complex formation with NSG1, GRIA2 and STX12 controls the intracellular fate of AMPAR and the endosomal sorting of the GRIA2 subunit toward recycling and membrane targeting (By similarity).
GRK4	63	9606.ENSP00000381129	9606	Homo sapiens	GRK4	G protein-coupled receptor kinase 4; Specifically phosphorylates the activated forms of G protein- coupled receptors. GRK4-alpha can phosphorylate rhodopsin and its activity is inhibited by calmodulin; the other three isoforms do not phosphorylate rhodopsin and do not interact with calmodulin. GRK4-alpha and GRK4-gamma phosphorylate DRD3. Phosphorylates ADRB2. Belongs to the protein kinase superfamily. AGC Ser/Thr protein kinase family. GPRK subfamily.
GRM5	64	9606.ENSP00000306138	9606	Homo sapiens	GRM5	Metabotropic glutamate receptor 5; G-protein coupled receptor for glutamate. Ligand binding causes a conformation change that triggers signaling via guanine nucleotide-binding proteins (G proteins) and modulates the activity of down-stream effectors. Signaling activates a phosphatidylinositol- calcium second messenger system and generates a calcium-activated chloride current. Plays an important role in the regulation of synaptic plasticity and the modulation of the neural network activity.
GRM7	65	9606.ENSP00000350348	9606	Homo sapiens	GRM7	Metabotropic glutamate receptor 7; G-protein coupled receptor for glutamate. Ligand binding causes a conformation change that triggers signaling via guanine nucleotide-binding proteins (G proteins) and modulates the activity of down-stream effectors, such as adenylate cyclase. Signaling inhibits adenylate cyclase activity.
GSE1	66	9606.ENSP00000253458	9606	Homo sapiens	GSE1	Genetic suppressor element 1; Gse1 coiled-coil protein.
GSPT2	67	9606.ENSP00000341247	9606	Homo sapiens	GSPT2	Eukaryotic peptide chain release factor GTP-binding subunit ERF3B; Involved in translation termination in response to the termination codons UAA, UAG and UGA. May play a role as a potent stimulator of the release factor activity of ETF1. Exhibits GTPase activity, which is ribosome- and ETF1-dependent. May play a role in cell cycle progression. Component of the transient SURF complex which recruits UPF1 to stalled ribosomes in the context of nonsense-mediated decay (NMD) of mRNAs containing premature stop codons.
GSTM1	68	9606.ENSP00000311469	9606	Homo sapiens	GSTM1	Glutathione S-transferase Mu 1; Conjugation of reduced glutathione to a wide number of exogenous and endogenous hydrophobic electrophiles.
GTF2I	69	9606.ENSP00000460070	9606	Homo sapiens	GTF2I	General transcription factor II-I; Interacts with the basal transcription machinery by coordinating the formation of a multiprotein complex at the C-FOS promoter, and linking specific signal responsive activator complexes. Promotes the formation of stable high-order complexes of SRF and PHOX1 and interacts cooperatively with PHOX1 to promote serum-inducible transcription of a reporter gene deriven by the C-FOS serum response element (SRE). Acts as a coregulator for USF1 by binding independently two promoter elements, a pyrimidine-rich initiator (Inr) and an upstream E-box. Required for [...] 
GUCY1A2	70	9606.ENSP00000282249	9606	Homo sapiens	GUCY1A2	Guanylate cyclase soluble subunit alpha-2; Has guanylyl cyclase on binding to the beta-1 subunit.
H1-4	71	9606.ENSP00000307705	9606	Homo sapiens	H1-4	Histone H1.4; Histone H1 protein binds to linker DNA between nucleosomes forming the macromolecular structure known as the chromatin fiber. Histones H1 are necessary for the condensation of nucleosome chains into higher-order structured fibers. Acts also as a regulator of individual gene transcription through chromatin remodeling, nucleosome spacing and DNA methylation (By similarity).
H2BC11	72	9606.ENSP00000476136	9606	Homo sapiens	H2BC11	Histone H2B type 1-J; Core component of nucleosome. Nucleosomes wrap and compact DNA into chromatin, limiting DNA accessibility to the cellular machineries which require DNA as a template. Histones thereby play a central role in transcription regulation, DNA repair, DNA replication and chromosomal stability. DNA accessibility is regulated via a complex set of post-translational modifications of histones, also called histone code, and nucleosome remodeling.
H3-3B	73	9606.ENSP00000254810	9606	Homo sapiens	H3-3B	Histone H3.3; Variant histone H3 which replaces conventional H3 in a wide range of nucleosomes in active genes. Constitutes the predominant form of histone H3 in non-dividing cells and is incorporated into chromatin independently of DNA synthesis. Deposited at sites of nucleosomal displacement throughout transcribed genes, suggesting that it represents an epigenetic imprint of transcriptionally active chromatin. Nucleosomes wrap and compact DNA into chromatin, limiting DNA accessibility to the cellular machineries which require DNA as a template. Histones thereby play a central role in [...] 
H4C11	74	9606.ENSP00000347168	9606	Homo sapiens	H4C11	H4 clustered histone 11.
H4C3	75	9606.ENSP00000367034	9606	Homo sapiens	H4C3	H4 clustered histone 3.
H4C5	76	9606.ENSP00000484789	9606	Homo sapiens	H4C5	H4 clustered histone 5.
HACE1	77	9606.ENSP00000262903	9606	Homo sapiens	HACE1	E3 ubiquitin-protein ligase HACE1; E3 ubiquitin-protein ligase involved in Golgi membrane fusion and regulation of small GTPases. Acts as a regulator of Golgi membrane dynamics during the cell cycle: recruited to Golgi membrane by Rab proteins and regulates postmitotic Golgi membrane fusion. Acts by mediating ubiquitination during mitotic Golgi disassembly, ubiquitination serving as a signal for Golgi reassembly later, after cell division. Specifically interacts with GTP-bound RAC1, mediating ubiquitination and subsequent degradation of active RAC1, thereby playing a role in host defen [...] 
HCFC1	78	9606.ENSP00000309555	9606	Homo sapiens	HCFC1	HCF C-terminal chain 1; Involved in control of the cell cycle. Also antagonizes transactivation by ZBTB17 and GABP2; represses ZBTB17 activation of the p15(INK4b) promoter and inhibits its ability to recruit p300. Coactivator for EGR2 and GABP2. Tethers the chromatin modifying Set1/Ash2 histone H3 'Lys-4' methyltransferase (H3K4me) and Sin3 histone deacetylase (HDAC) complexes (involved in the activation and repression of transcription, respectively) together. Component of a THAP1/THAP3-HCFC1-OGT complex that is required for the regulation of the transcriptional activity of RRM1. As pa [...] 
HCN1	79	9606.ENSP00000307342	9606	Homo sapiens	HCN1	Potassium/sodium hyperpolarization-activated cyclic nucleotide-gated channel 1; Hyperpolarization-activated ion channel exhibiting weak selectivity for potassium over sodium ions. Contributes to the native pacemaker currents in heart (If) and in neurons (Ih). May mediate responses to sour stimuli.
HDAC4	80	9606.ENSP00000264606	9606	Homo sapiens	HDAC4	Histone deacetylase 4; Responsible for the deacetylation of lysine residues on the N-terminal part of the core histones (H2A, H2B, H3 and H4). Histone deacetylation gives a tag for epigenetic repression and plays an important role in transcriptional regulation, cell cycle progression and developmental events. Histone deacetylases act via the formation of large multiprotein complexes. Involved in muscle maturation via its interaction with the myocyte enhancer factors such as MEF2A, MEF2C and MEF2D. Involved in the MTA1-mediated epigenetic regulation of ESR1 expression in breast cancer.  [...] 
HDAC8	81	9606.ENSP00000362674	9606	Homo sapiens	HDAC8	Histone deacetylase 8; Responsible for the deacetylation of lysine residues on the N-terminal part of the core histones (H2A, H2B, H3 and H4). Histone deacetylation gives a tag for epigenetic repression and plays an important role in transcriptional regulation, cell cycle progression and developmental events. Histone deacetylases act via the formation of large multiprotein complexes. Also involved in the deacetylation of cohesin complex protein SMC3 regulating release of cohesin complexes from chromatin. May play a role in smooth muscle cell contractility.
HDLBP	82	9606.ENSP00000375836	9606	Homo sapiens	HDLBP	Vigilin; Appears to play a role in cell sterol metabolism. It may function to protect cells from over-accumulation of cholesterol.
HECTD1	83	9606.ENSP00000382269	9606	Homo sapiens	HECTD1	E3 ubiquitin-protein ligase HECTD1; E3 ubiquitin-protein ligase which accepts ubiquitin from an E2 ubiquitin-conjugating enzyme in the form of a thioester and then directly transfers the ubiquitin to targeted substrates. Mediates 'Lys- 63'-linked polyubiquitination of HSP90AA1 which leads to its intracellular localization and reduced secretion. Negatively regulating HSP90AA1 secretion in cranial mesenchyme cells may impair their emigration and may be essential for the correct development of the cranial neural folds and neural tube closure. Belongs to the UPL family. K-HECT subfamily.
HECTD4	84	9606.ENSP00000366783	9606	Homo sapiens	HECTD4	Probable E3 ubiquitin-protein ligase HECTD4; E3 ubiquitin-protein ligase which accepts ubiquitin from an E2 ubiquitin-conjugating enzyme in the form of a thioester and then directly transfers the ubiquitin to targeted substrates.
HECW2	85	9606.ENSP00000260983	9606	Homo sapiens	HECW2	E3 ubiquitin-protein ligase HECW2; E3 ubiquitin-protein ligase that mediates ubiquitination of TP73. Acts to stabilize TP73 and enhance activation of transcription by TP73. Involved in the regulation of mitotic metaphase/anaphase transition.
HEPACAM	86	9606.ENSP00000298251	9606	Homo sapiens	HEPACAM	Hepatocyte cell adhesion molecule; Involved in regulating cell motility and cell-matrix interactions. May inhibit cell growth through suppression of cell proliferation.
HERC1	87	9606.ENSP00000390158	9606	Homo sapiens	HERC1	Probable E3 ubiquitin-protein ligase HERC1; Involved in membrane trafficking via some guanine nucleotide exchange factor (GEF) activity and its ability to bind clathrin. Acts as a GEF for Arf and Rab, by exchanging bound GDP for free GTP. Binds phosphatidylinositol 4,5-bisphosphate, which is required for GEF activity. May also act as a E3 ubiquitin-protein ligase which accepts ubiquitin from an E2 ubiquitin-conjugating enzyme in the form of a thioester and then directly transfers the ubiquitin to targeted substrates.
HERC2	88	9606.ENSP00000261609	9606	Homo sapiens	HERC2	E3 ubiquitin-protein ligase HERC2; E3 ubiquitin-protein ligase that regulates ubiquitin- dependent retention of repair proteins on damaged chromosomes. Recruited to sites of DNA damage in response to ionizing radiation (IR) and facilitates the assembly of UBE2N and RNF8 promoting DNA damage- induced formation of 'Lys-63'-linked ubiquitin chains. Acts as a mediator of binding specificity between UBE2N and RNF8. Involved in the maintenance of RNF168 levels. E3 ubiquitin-protein ligase that promotes the ubiquitination and proteasomal degradation of XPA which influences the circadian oscil [...] 
HIVEP2	89	9606.ENSP00000356576	9606	Homo sapiens	HIVEP2	Transcription factor HIVEP2; This protein specifically binds to the DNA sequence 5'- GGGACTTTCC-3' which is found in the enhancer elements of numerous viral promoters such as those of SV40, CMV, or HIV1. In addition, related sequences are found in the enhancer elements of a number of cellular promoters, including those of the class I MHC, interleukin-2 receptor, somatostatin receptor II, and interferon-beta genes. It may act in T- cell activation.
HIVEP3	90	9606.ENSP00000361664	9606	Homo sapiens	HIVEP3	Transcription factor HIVEP3; Plays a role of transcription factor; binds to recognition signal sequences (Rss heptamer) for somatic recombination of immunoglobulin and T-cell receptor gene segments; Binds also to the kappa-B motif of gene such as S100A4, involved in cell progression and differentiation. Kappa-B motif is a gene regulatory element found in promoters and enhancers of genes involved in immunity, inflammation, and growth and that responds to viral antigens, mitogens, and cytokines. Involvement of HIVEP3 in cell growth is strengthened by the fact that its down-regulation pro [...] 
HLA-A	91	9606.ENSP00000379873	9606	Homo sapiens	HLA-A	HLA class I histocompatibility antigen, A alpha chain; Antigen-presenting major histocompatibility complex class I (MHCI) molecule. In complex with B2M/beta 2 microglobulin displays primarily viral and tumor-derived peptides on antigen-presenting cells for recognition by alpha-beta T cell receptor (TCR) on HLA-A-restricted CD8-positive T cells, guiding antigen-specific T cell immune response to eliminate infected or transformed cells. May also present self-peptides derived from the signal sequence of secreted or membrane proteins, although T cells specific for these peptides are usuall [...] 
HLA-B	92	9606.ENSP00000399168	9606	Homo sapiens	HLA-B	HLA class I histocompatibility antigen, B alpha chain; Antigen-presenting major histocompatibility complex class I (MHCI) molecule. In complex with B2M/beta 2 microglobulin displays primarily viral and tumor-derived peptides on antigen-presenting cells for recognition by alpha-beta T cell receptor (TCR) on HLA-B-restricted CD8-positive T cells, guiding antigen-specific T cell immune response to eliminate infected or transformed cells. May also present self-peptides derived from the signal sequence of secreted or membrane proteins, although T cells specific for these peptides are usuall [...] 
HLA-DPB1	93	9606.ENSP00000408146	9606	Homo sapiens	HLA-DPB1	HLA class II histocompatibility antigen, DP beta 1 chain; Binds peptides derived from antigens that access the endocytic route of antigen presenting cells (APC) and presents them on the cell surface for recognition by the CD4 T-cells. The peptide binding cleft accommodates peptides of 10-30 residues. The peptides presented by MHC class II molecules are generated mostly by degradation of proteins that access the endocytic route, where they are processed by lysosomal proteases and other hydrolases. Exogenous antigens that have been endocytosed by the APC are thus readily available for pr [...] 
HLA-DRB1	94	9606.ENSP00000353099	9606	Homo sapiens	HLA-DRB1	HLA class II histocompatibility antigen, DRB1 beta chain; A beta chain of antigen-presenting major histocompatibility complex class II (MHCII) molecule. In complex with the alpha chain HLA- DRA, displays antigenic peptides on professional antigen presenting cells (APCs) for recognition by alpha-beta T cell receptor (TCR) on HLA-DRB1-restricted CD4-positive T cells. This guides antigen-specific T helper effector functions, both antibody-mediated immune response and macrophage activation, to ultimately eliminate the infectious agents and transformed cells. Typically presents extracellula [...] 
HLA-G	95	9606.ENSP00000366024	9606	Homo sapiens	HLA-G	Soluble HLA class I histocompatibility antigen, alpha chain G; [Isoform 1]: Non-classical major histocompatibility class Ib molecule involved in immune regulatory processes at the maternal-fetal interface. In complex with B2M/beta-2 microglobulin binds a limited repertoire of nonamer self-peptides derived from intracellular proteins including histones and ribosomal proteins. Peptide-bound HLA-G-B2M complex acts as a ligand for inhibitory/activating KIR2DL4, LILRB1 and LILRB2 receptors on uterine immune cells to promote fetal development while maintaining maternal- fetal tolerance. Upon [...] 
HMGN1	96	9606.ENSP00000370125	9606	Homo sapiens	HMGN1	Non-histone chromosomal protein HMG-14; Binds to the inner side of the nucleosomal DNA thus altering the interaction between the DNA and the histone octamer. May be involved in the process which maintains transcribable genes in a unique chromatin conformation. Inhibits the phosphorylation of nucleosomal histones H3 and H2A by RPS6KA5/MSK1 and RPS6KA3/RSK2 (By similarity). Belongs to the HMGN family.
HNRNPD	97	9606.ENSP00000313199	9606	Homo sapiens	HNRNPD	Heterogeneous nuclear ribonucleoprotein D0; Binds with high affinity to RNA molecules that contain AU- rich elements (AREs) found within the 3'-UTR of many proto-oncogenes and cytokine mRNAs. Also binds to double- and single-stranded DNA sequences in a specific manner and functions a transcription factor. Each of the RNA-binding domains specifically can bind solely to a single-stranded non-monotonous 5'-UUAG-3' sequence and also weaker to the single-stranded 5'-TTAGGG-3' telomeric DNA repeat. Binds RNA oligonucleotides with 5'-UUAGGG-3' repeats more tightly than the telomeric single-st [...] 
HNRNPF	98	9606.ENSP00000400433	9606	Homo sapiens	HNRNPF	Heterogeneous nuclear ribonucleoprotein F, N-terminally processed; Component of the heterogeneous nuclear ribonucleoprotein (hnRNP) complexes which provide the substrate for the processing events that pre-mRNAs undergo before becoming functional, translatable mRNAs in the cytoplasm. Plays a role in the regulation of alternative splicing events. Binds G-rich sequences in pre-mRNAs and keeps target RNA in an unfolded state.
HNRNPH2	99	9606.ENSP00000361927	9606	Homo sapiens	HNRNPH2	Heterogeneous nuclear ribonucleoprotein H2, N-terminally processed; This protein is a component of the heterogeneous nuclear ribonucleoprotein (hnRNP) complexes which provide the substrate for the processing events that pre-mRNAs undergo before becoming functional, translatable mRNAs in the cytoplasm. Binds poly(RG).
HNRNPK	100	9606.ENSP00000365458	9606	Homo sapiens	HNRNPK	Heterogeneous nuclear ribonucleoprotein K; One of the major pre-mRNA-binding proteins. Binds tenaciously to poly(C) sequences. Likely to play a role in the nuclear metabolism of hnRNAs, particularly for pre-mRNAs that contain cytidine-rich sequences. Can also bind poly(C) single-stranded DNA. Plays an important role in p53/TP53 response to DNA damage, acting at the level of both transcription activation and repression. When sumoylated, acts as a transcriptional coactivator of p53/TP53, playing a role in p21/CDKN1A and 14-3-3 sigma/SFN induction (By similarity). As far as transcription  [...] 
HNRNPL	101	9606.ENSP00000221419	9606	Homo sapiens	HNRNPL	Heterogeneous nuclear ribonucleoprotein L; Splicing factor binding to exonic or intronic sites and acting as either an activator or repressor of exon inclusion. Exhibits a binding preference for CA-rich elements. Component of the heterogeneous nuclear ribonucleoprotein (hnRNP) complexes and associated with most nascent transcripts. Associates, together with APEX1, to the negative calcium responsive element (nCaRE) B2 of the APEX2 promoter.
HNRNPR	102	9606.ENSP00000363745	9606	Homo sapiens	HNRNPR	Heterogeneous nuclear ribonucleoprotein R; Component of ribonucleosomes, which are complexes of at least 20 other different heterogeneous nuclear ribonucleoproteins (hnRNP). hnRNP play an important role in processing of precursor mRNA in the nucleus.
HNRNPU	103	9606.ENSP00000491215	9606	Homo sapiens	HNRNPU	Heterogeneous nuclear ribonucleoprotein U; DNA- and RNA-binding protein involved in several cellular processes such as nuclear chromatin organization, telomere-length regulation, transcription, mRNA alternative splicing and stability, Xist-mediated transcriptional silencing and mitotic cell progression. Plays a role in the regulation of interphase large-scale gene-rich chromatin organization through chromatin-associated RNAs (caRNAs) in a transcription-dependent manner, and thereby maintains genomic stability. Required for the localization of the long non-coding Xist RNA on the inactiv [...] 
HNRNPUL2	104	9606.ENSP00000301785	9606	Homo sapiens	HNRNPUL2	Heterogeneous nuclear ribonucleoprotein U like 2.
HOMER1	105	9606.ENSP00000334382	9606	Homo sapiens	HOMER1	Homer protein homolog 1; Postsynaptic density scaffolding protein. Binds and cross- links cytoplasmic regions of GRM1, GRM5, ITPR1, DNM3, RYR1, RYR2, SHANK1 and SHANK3. By physically linking GRM1 and GRM5 with ER- associated ITPR1 receptors, it aids the coupling of surface receptors to intracellular calcium release. May also couple GRM1 to PI3 kinase through its interaction with AGAP2. Isoform 1 regulates the trafficking and surface expression of GRM5. Isoform 3 acts as a natural dominant negative, in dynamic competition with constitutively expressed isoform 1 to regulate synaptic meta [...] 
HOXA1	106	9606.ENSP00000494260	9606	Homo sapiens	HOXA1	Homeobox protein Hox-A1; Sequence-specific transcription factor (By similarity). Regulates multiple developmental processes including brainstem, inner and outer ear, abducens nerve and cardiovascular development and morphogenesis as well as cognition and behavior. Also part of a developmental regulatory system that provides cells with specific positional identities on the anterior-posterior axis. Acts on the anterior body structures. Seems to act in the maintenance and/or generation of hindbrain segments (By similarity). Activates transcription in the presence of PBX1A and PKNOX1 (By s [...] 
HRAS	107	9606.ENSP00000407586	9606	Homo sapiens	HRAS	GTPase HRas, N-terminally processed; Involved in the activation of Ras protein signal transduction. Ras proteins bind GDP/GTP and possess intrinsic GTPase activity.
HS3ST5	108	9606.ENSP00000427888	9606	Homo sapiens	HS3ST5	Heparan sulfate glucosamine 3-O-sulfotransferase 5; Sulfotransferase that utilizes 3'-phospho-5'-adenylyl sulfate (PAPS) to catalyze the transfer of a sulfo group to position 3 of glucosamine residues in heparan. Catalyzes the rate limiting step in the biosynthesis of heparan sulfate (HSact). This modification is a crucial step in the biosynthesis of anticoagulant heparan sulfate as it completes the structure of the antithrombin pentasaccharide binding site. Also generates GlcUA-GlcNS or IdoUA-GlcNS and IdoUA2S-GlcNH2. The substrate-specific O-sulfation generates an enzyme-modified hep [...] 
HSD11B1	109	9606.ENSP00000355995	9606	Homo sapiens	HSD11B1	Corticosteroid 11-beta-dehydrogenase isozyme 1; Catalyzes reversibly the conversion of cortisol to the inactive metabolite cortisone. Catalyzes reversibly the conversion of 7-ketocholesterol to 7-beta-hydroxycholesterol. In intact cells, the reaction runs only in one direction, from 7-ketocholesterol to 7-beta- hydroxycholesterol (By similarity).
HTR1B	110	9606.ENSP00000358963	9606	Homo sapiens	HTR1B	5-hydroxytryptamine receptor 1B; G-protein coupled receptor for 5-hydroxytryptamine (serotonin). Also functions as a receptor for ergot alkaloid derivatives, various anxiolytic and antidepressant drugs and other psychoactive substances, such as lysergic acid diethylamide (LSD). Ligand binding causes a conformation change that triggers signaling via guanine nucleotide-binding proteins (G proteins) and modulates the activity of down-stream effectors, such as adenylate cyclase. Signaling inhibits adenylate cyclase activity. Arrestin family members inhibit signaling via G proteins and medi [...] 
HTR2C	111	9606.ENSP00000276198	9606	Homo sapiens	HTR2C	5-hydroxytryptamine receptor 2C; G-protein coupled receptor for 5-hydroxytryptamine (serotonin). Also functions as a receptor for various drugs and psychoactive substances, including ergot alkaloid derivatives, 1-2,5,- dimethoxy-4-iodophenyl-2-aminopropane (DOI) and lysergic acid diethylamide (LSD). Ligand binding causes a conformation change that triggers signaling via guanine nucleotide-binding proteins (G proteins) and modulates the activity of down-stream effectors. Beta-arrestin family members inhibit signaling via G proteins and mediate activation of alternative signaling pathway [...] 
HTR3A	112	9606.ENSP00000347754	9606	Homo sapiens	HTR3A	5-hydroxytryptamine receptor 3A; This is one of the several different receptors for 5- hydroxytryptamine (serotonin), a biogenic hormone that functions as a neurotransmitter, a hormone, and a mitogen. This receptor is a ligand- gated ion channel, which when activated causes fast, depolarizing responses in neurons. It is a cation-specific, but otherwise relatively nonselective, ion channel.
HTR3C	113	9606.ENSP00000322617	9606	Homo sapiens	HTR3C	5-hydroxytryptamine receptor 3C; This is one of the several different receptors for 5- hydroxytryptamine (serotonin), a biogenic hormone that functions as a neurotransmitter, a hormone, and a mitogen. This receptor is a ligand- gated ion channel, which when activated causes fast, depolarizing responses. It is a cation-specific, but otherwise relatively nonselective, ion channel.
HUWE1	114	9606.ENSP00000340648	9606	Homo sapiens	HUWE1	E3 ubiquitin-protein ligase HUWE1; E3 ubiquitin-protein ligase which mediates ubiquitination and subsequent proteasomal degradation of target proteins. Regulates apoptosis by catalyzing the polyubiquitination and degradation of MCL1. Mediates monoubiquitination of DNA polymerase beta (POLB) at 'Lys-41', 'Lys-61' and 'Lys-81', thereby playing a role in base-excision repair. Also ubiquitinates the p53/TP53 tumor suppressor and core histones including H1, H2A, H2B, H3 and H4. Binds to an upstream initiator-like sequence in the preprodynorphin gene. Regulates neural differentiation and pro [...] 
HYDIN	115	9606.ENSP00000377197	9606	Homo sapiens	HYDIN	Hydrocephalus-inducing protein homolog; Required for ciliary motility.
ICA1	116	9606.ENSP00000403982	9606	Homo sapiens	ICA1	Islet cell autoantigen 1; May play a role in neurotransmitter secretion.
IGF1	117	9606.ENSP00000376637	9606	Homo sapiens	IGF1	Insulin-like growth factor I; The insulin-like growth factors, isolated from plasma, are structurally and functionally related to insulin but have a much higher growth-promoting activity. May be a physiological regulator of [1-14C]- 2-deoxy-D-glucose (2DG) transport and glycogen synthesis in osteoblasts. Stimulates glucose transport in bone-derived osteoblastic (PyMS) cells and is effective at much lower concentrations than insulin, not only regarding glycogen and DNA synthesis but also with regard to enhancing glucose uptake. May play a role in synapse maturation. Ca(2+)-dependent exo [...] 
IKZF1	118	9606.ENSP00000331614	9606	Homo sapiens	IKZF1	DNA-binding protein Ikaros; Transcription regulator of hematopoietic cell differentiation. Binds gamma-satellite DNA. Plays a role in the development of lymphocytes, B- and T-cells. Binds and activates the enhancer (delta-A element) of the CD3-delta gene. Repressor of the TDT (fikzfterminal deoxynucleotidyltransferase) gene during thymocyte differentiation. Regulates transcription through association with both HDAC-dependent and HDAC-independent complexes. Targets the 2 chromatin-remodeling complexes, NuRD and BAF (SWI/SNF), in a single complex (PYR complex), to the beta-globin locus i [...] 
IL1R2	119	9606.ENSP00000330959	9606	Homo sapiens	IL1R2	Interleukin-1 receptor type 2, membrane form; Non-signaling receptor for IL1A, IL1B and IL1RN. Reduces IL1B activities. Serves as a decoy receptor by competetive binding to IL1B and preventing its binding to IL1R1. Also modulates cellular response through non-signaling association with IL1RAP after binding to IL1B. IL1R2 (membrane and secreted forms) preferentially binds IL1B and poorly IL1A and IL1RN. The secreted IL1R2 recruits secreted IL1RAP with high affinity; this complex formation may be the dominant mechanism for neutralization of IL1B by secreted/soluble receptors.
IL1RAPL1	120	9606.ENSP00000368278	9606	Homo sapiens	IL1RAPL1	Interleukin-1 receptor accessory protein-like 1; May regulate secretion and presynaptic differentiation through inhibition of the activity of N-type voltage-gated calcium channel. May activate the MAP kinase JNK. Plays a role in neurite outgrowth (By similarity). During dendritic spine formation can bidirectionally induce pre- and post-synaptic differentiation of neurons by trans-synaptically binding to PTPRD (By similarity). ECO:0000250|UniProtKB:P59824, ; Belongs to the interleukin-1 receptor family.
IL1RAPL2	121	9606.ENSP00000361663	9606	Homo sapiens	IL1RAPL2	Interleukin 1 receptor accessory protein like 2; Belongs to the interleukin-1 receptor family.
ILF2	122	9606.ENSP00000355011	9606	Homo sapiens	ILF2	Interleukin enhancer-binding factor 2; Appears to function predominantly as a heterodimeric complex with ILF3. This complex may regulate transcription of the IL2 gene during T-cell activation. It can also promote the formation of stable DNA-dependent protein kinase holoenzyme complexes on DNA. Essential for the efficient reshuttling of ILF3 (isoform 1 and isoform 2) into the nucleus.
IMMP2L	123	9606.ENSP00000384966	9606	Homo sapiens	IMMP2L	Mitochondrial inner membrane protease subunit 2; Catalyzes the removal of transit peptides required for the targeting of proteins from the mitochondrial matrix, across the inner membrane, into the inter-membrane space. Known to process the nuclear encoded protein DIABLO; Belongs to the peptidase S26 family. IMP2 subfamily.
INPP1	124	9606.ENSP00000376142	9606	Homo sapiens	INPP1	Inositol polyphosphate-1-phosphatase.
INTS1	125	9606.ENSP00000385722	9606	Homo sapiens	INTS1	Integrator complex subunit 1; Component of the Integrator (INT) complex, a complex involved in the small nuclear RNAs (snRNA) U1 and U2 transcription and in their 3'-box-dependent processing. The Integrator complex is associated with the C-terminal domain (CTD) of RNA polymerase II largest subunit (POLR2A) and is recruited to the U1 and U2 snRNAs genes (Probable). Mediates recruitment of cytoplasmic dynein to the nuclear envelope, probably as component of the INT complex.
INTS6	126	9606.ENSP00000310260	9606	Homo sapiens	INTS6	Integrator complex subunit 6; Component of the Integrator (INT) complex, a complex involved in the small nuclear RNAs (snRNA) U1 and U2 transcription and in their 3'-box-dependent processing. The Integrator complex is associated with the C-terminal domain (CTD) of RNA polymerase II largest subunit (POLR2A) and is recruited to the U1 and U2 snRNAs genes (Probable). Mediates recruitment of cytoplasmic dynein to the nuclear envelope, probably as component of the INT complex. May have a tumor suppressor role; an ectopic expression suppressing tumor cell growth.
IQGAP3	127	9606.ENSP00000354451	9606	Homo sapiens	IQGAP3	Ras GTPase-activating-like protein IQGAP3; IQ motif containing GTPase activating protein 3.
IQSEC2	128	9606.ENSP00000495726	9606	Homo sapiens	IQSEC2	IQ motif and SEC7 domain-containing protein 2; Is a guanine nucleotide exchange factor for the ARF GTP- binding proteins.
IRF2BPL	129	9606.ENSP00000238647	9606	Homo sapiens	IRF2BPL	Probable E3 ubiquitin-protein ligase IRF2BPL; Probable E3 ubiquitin protein ligase involved in the proteasome-mediated ubiquitin-dependent degradation of target proteins. Through the degradation of CTNNB1, functions downstream of FOXF2 to negatively regulate the Wnt signaling pathway. Probably plays a role in the development of the central nervous system and in neuronal maintenance (Probable). Also acts as a transcriptional regulator of genes controlling female reproductive function. May play a role in gene transcription by transactivating GNRH1 promoter and repressing PENK promoter (B [...] 
IRX5	130	9606.ENSP00000378132	9606	Homo sapiens	IRX5	Iroquois-class homeodomain protein IRX-5; Establishes the cardiac repolarization gradient by its repressive actions on the KCND2 potassium-channel gene. Required for retinal cone bipolar cell differentiation. May regulate contrast adaptation in the retina and control specific aspects of visual function in circuits of the mammalian retina (By similarity). Could be involved in the regulation of both the cell cycle and apoptosis in prostate cancer cells. Involved in craniofacial and gonadal development. Modulates the migration of progenitor cell populations in branchial arches and gonads  [...] 
ITGA8	131	9606.ENSP00000367316	9606	Homo sapiens	ITGA8	Integrin alpha-8 heavy chain; Integrin alpha-8/beta-1 functions in the genesis of kidney and probably of other organs by regulating the recruitment of mesenchymal cells into epithelial structures. It recognizes the sequence R-G-D in a wide array of ligands including TNC, FN1, SPP1 TGFB1, TGFB3 and VTN. NPNT is probably its functional ligand in kidney genesis. Neuronal receptor for TNC it mediates cell-cell interactions and regulates neurite outgrowth of sensory and motor neurons.
ITGB3	132	9606.ENSP00000452786	9606	Homo sapiens	ITGB3	Integrin beta-3; Integrin alpha-V/beta-3 (ITGAV:ITGB3) is a receptor for cytotactin, fibronectin, laminin, matrix metalloproteinase-2, osteopontin, osteomodulin, prothrombin, thrombospondin, vitronectin and von Willebrand factor. Integrin alpha-IIb/beta-3 (ITGA2B:ITGB3) is a receptor for fibronectin, fibrinogen, plasminogen, prothrombin, thrombospondin and vitronectin. Integrins alpha-IIb/beta-3 and alpha- V/beta-3 recognize the sequence R-G-D in a wide array of ligands. Integrin alpha-IIb/beta-3 recognizes the sequence H-H-L-G-G-G-A-K-Q-A- G-D-V in fibrinogen gamma chain. Following ac [...] 
ITPR1	133	9606.ENSP00000306253	9606	Homo sapiens	ITPR1	Inositol 1,4,5-trisphosphate receptor type 1; Intracellular channel that mediates calcium release from the endoplasmic reticulum following stimulation by inositol 1,4,5- trisphosphate. Involved in the regulation of epithelial secretion of electrolytes and fluid through the interaction with AHCYL1 (By similarity). Plays a role in ER stress-induced apoptosis. Cytoplasmic calcium released from the ER triggers apoptosis by the activation of CaM kinase II, eventually leading to the activation of downstream apoptosis pathways (By similarity).
ITSN1	134	9606.ENSP00000370719	9606	Homo sapiens	ITSN1	Intersectin-1; Adapter protein that provides a link between the endocytic membrane traffic and the actin assembly machinery. Acts as guanine nucleotide exchange factor (GEF) for CDC42, and thereby stimulates actin nucleation mediated by WASL and the ARP2/3 complex. Plays a role in the assembly and maturation of clathrin-coated vesicles (By similarity). Recruits FCHSD2 to clathrin-coated pits. Involved in endocytosis of activated EGFR, and probably also other growth factor receptors (By similarity). Involved in endocytosis of integrin beta-1 (ITGB1) and transferrin receptor (TFR); inter [...] 
JARID2	135	9606.ENSP00000341280	9606	Homo sapiens	JARID2	Protein Jumonji; Regulator of histone methyltransferase complexes that plays an essential role in embryonic development, including heart and liver development, neural tube fusion process and hematopoiesis. Acts by modulating histone methyltransferase activity and promoting the recruitment of histone methyltransferase complexes to their target genes. Binds DNA and mediates the recruitment of the PRC2 complex to target genes in embryonic stem cells. Does not have histone demethylase activity but regulates activity of various histone methyltransferase complexes. In embryonic stem cells, i [...] 
JMJD1C	136	9606.ENSP00000382204	9606	Homo sapiens	JMJD1C	Probable JmjC domain-containing histone demethylation protein 2C; Probable histone demethylase that specifically demethylates 'Lys-9' of histone H3, thereby playing a central role in histone code. Demethylation of Lys residue generates formaldehyde and succinate. May be involved in hormone-dependent transcriptional activation, by participating in recruitment to androgen-receptor target genes (By similarity).
KANK1	137	9606.ENSP00000477725	9606	Homo sapiens	KANK1	KN motif and ankyrin repeat domain-containing protein 1; Involved in the control of cytoskeleton formation by regulating actin polymerization. Inhibits actin fiber formation and cell migration. Inhibits RhoA activity; the function involves phosphorylation through PI3K/Akt signaling and may depend on the competetive interaction with 14-3-3 adapter proteins to sequester them from active complexes. Inhibits the formation of lamellipodia but not of filopodia; the function may depend on the competetive interaction with BAIAP2 to block its association with activated RAC1. Inhibits fibronecti [...] 
KANSL1	138	9606.ENSP00000387393	9606	Homo sapiens	KANSL1	KAT8 regulatory NSL complex subunit 1; As part of the NSL complex it is involved in acetylation of nucleosomal histone H4 on several lysine residues and therefore may be involved in the regulation of transcription.
KAT2B	139	9606.ENSP00000263754	9606	Homo sapiens	KAT2B	Histone acetyltransferase KAT2B; Functions as a histone acetyltransferase (HAT) to promote transcriptional activation. Has significant histone acetyltransferase activity with core histones (H3 and H4), and also with nucleosome core particles. Also acetylates non- histone proteins, such as ACLY, PLK4, RRP9/U3-55K and TBX5. Inhibits cell-cycle progression and counteracts the mitogenic activity of the adenoviral oncoprotein E1A. Acts as a circadian transcriptional coactivator which enhances the activity of the circadian transcriptional activators: NPAS2-ARNTL/BMAL1 and CLOCK-ARNTL/BMAL1 h [...] 
KAT6A	140	9606.ENSP00000265713	9606	Homo sapiens	KAT6A	Histone acetyltransferase KAT6A; Histone acetyltransferase that acetylates lysine residues in histone H3 and histone H4 (in vitro). Component of the MOZ/MORF complex which has a histone H3 acetyltransferase activity. May act as a transcriptional coactivator for RUNX1 and RUNX2. Acetylates p53/TP53 at 'Lys-120' and 'Lys-382' and controls its transcriptional activity via association with PML.
KAT6B	141	9606.ENSP00000287239	9606	Homo sapiens	KAT6B	Histone acetyltransferase KAT6B; Histone acetyltransferase which may be involved in both positive and negative regulation of transcription. Required for RUNX2- dependent transcriptional activation. May be involved in cerebral cortex development. Component of the MOZ/MORF complex which has a histone H3 acetyltransferase activity.
KATNAL1	142	9606.ENSP00000369989	9606	Homo sapiens	KATNAL1	Katanin p60 ATPase-containing subunit A-like 1; Regulates microtubule dynamics in Sertoli cells, a process that is essential for spermiogenesis and male fertility. Severs microtubules in an ATP-dependent manner, promoting rapid reorganization of cellular microtubule arrays (By similarity). Has microtubule- severing activity in vitro. Belongs to the AAA ATPase family. Katanin p60 subunit A1 subfamily. A-like 1 sub-subfamily.
KATNAL2	143	9606.ENSP00000245121	9606	Homo sapiens	KATNAL2	Katanin p60 ATPase-containing subunit A-like 2; Severs microtubules in vitro in an ATP-dependent manner. This activity may promote rapid reorganization of cellular microtubule arrays.
KCNA2	144	9606.ENSP00000487785	9606	Homo sapiens	KCNA2	Potassium voltage-gated channel subfamily A member 2; Voltage-gated potassium channel that mediates transmembrane potassium transport in excitable membranes, primarily in the brain and the central nervous system, but also in the cardiovascular system. Prevents aberrant action potential firing and regulates neuronal output. Forms tetrameric potassium-selective channels through which potassium ions pass in accordance with their electrochemical gradient. The channel alternates between opened and closed conformations in response to the voltage difference across the membrane. Can form funct [...] 
KCNA3	145	9606.ENSP00000358784	9606	Homo sapiens	KCNA3	Potassium voltage-gated channel subfamily A member 3; Mediates the voltage-dependent potassium ion permeability of excitable membranes. Assuming opened or closed conformations in response to the voltage difference across the membrane, the protein forms a potassium-selective channel through which potassium ions may pass in accordance with their electrochemical gradient.
KCNB1	146	9606.ENSP00000360806	9606	Homo sapiens	KCNB1	Potassium voltage-gated channel subfamily B member 1; Voltage-gated potassium channel that mediates transmembrane potassium transport in excitable membranes, primarily in the brain, but also in the pancreas and cardiovascular system. Contributes to the regulation of the action potential (AP) repolarization, duration and frequency of repetitive AP firing in neurons, muscle cells and endocrine cells and plays a role in homeostatic attenuation of electrical excitability throughout the brain. Plays also a role in the regulation of exocytosis independently of its electrical function (By sim [...] 
KCNC1	147	9606.ENSP00000265969	9606	Homo sapiens	KCNC1	Potassium voltage-gated channel subfamily C member 1; Voltage-gated potassium channel that plays an important role in the rapid repolarization of fast-firing brain neurons. The channel opens in response to the voltage difference across the membrane, forming a potassium-selective channel through which potassium ions pass in accordance with their electrochemical gradient. Can form functional homotetrameric channels and heterotetrameric channels that contain variable proportions of KCNC2, and possibly other family members as well. Contributes to fire sustained trains of very brief action  [...] 
KCNC2	148	9606.ENSP00000449253	9606	Homo sapiens	KCNC2	Potassium voltage-gated channel subfamily C member 2; Voltage-gated potassium channel that mediates transmembrane potassium transport in excitable membranes, primarily in the brain. Contributes to the regulation of the fast action potential repolarization and in sustained high-frequency firing in neurons of the central nervous system. Homotetramer channels mediate delayed-rectifier voltage-dependent potassium currents that activate rapidly at high- threshold voltages and inactivate slowly. Forms tetrameric channels through which potassium ions pass in accordance with their electrochemi [...] 
KCND2	149	9606.ENSP00000333496	9606	Homo sapiens	KCND2	Potassium voltage-gated channel subfamily D member 2; Voltage-gated potassium channel that mediates transmembrane potassium transport in excitable membranes, primarily in the brain. Mediates the major part of the dendritic A-type current I(SA) in brain neurons (By similarity). This current is activated at membrane potentials that are below the threshold for action potentials. It regulates neuronal excitability, prolongs the latency before the first spike in a series of action potentials, regulates the frequency of repetitive action potential firing, shortens the duration of action pote [...] 
KCND3	150	9606.ENSP00000319591	9606	Homo sapiens	KCND3	Potassium voltage-gated channel subfamily D member 3; Pore-forming (alpha) subunit of voltage-gated rapidly inactivating A-type potassium channels. May contribute to I(To) current in heart and I(Sa) current in neurons. Channel properties are modulated by interactions with other alpha subunits and with regulatory subunits. Belongs to the potassium channel family. D (Shal) (TC 1.A.1.2) subfamily. Kv4.3/KCND3 sub-subfamily.
KCNH1	151	9606.ENSP00000271751	9606	Homo sapiens	KCNH1	Potassium voltage-gated channel subfamily H member 1; Pore-forming (alpha) subunit of a voltage-gated delayed rectifier potassium channel. Channel properties are modulated by subunit assembly. Mediates IK(NI) current in myoblasts. Involved in the regulation of cell proliferation and differentiation, in particular adipogenic and osteogenic differentiation in bone marrow-derived mesenchymal stem cells (MSCs). Belongs to the potassium channel family. H (Eag) (TC 1.A.1.20) subfamily. Kv10.1/KCNH1 sub-subfamily.
KCNH5	152	9606.ENSP00000321427	9606	Homo sapiens	KCNH5	Potassium voltage-gated channel subfamily H member 5; Pore-forming (alpha) subunit of voltage-gated potassium channel. Elicits a non-inactivating outward rectifying current. Channel properties may be modulated by cAMP and subunit assembly; Belongs to the potassium channel family. H (Eag) (TC 1.A.1.20) subfamily. Kv10.2/KCNH5 sub-subfamily.
KCNH7	153	9606.ENSP00000331727	9606	Homo sapiens	KCNH7	Potassium voltage-gated channel subfamily H member 7; Pore-forming (alpha) subunit of voltage-gated potassium channel. Channel properties may be modulated by cAMP and subunit assembly; Belongs to the potassium channel family. H (Eag) (TC 1.A.1.20) subfamily. Kv11.3/KCNH7 sub-subfamily.
KCNJ10	154	9606.ENSP00000495557	9606	Homo sapiens	KCNJ10	ATP-sensitive inward rectifier potassium channel 10; May be responsible for potassium buffering action of glial cells in the brain. Inward rectifier potassium channels are characterized by a greater tendency to allow potassium to flow into the cell rather than out of it. Their voltage dependence is regulated by the concentration of extracellular potassium; as external potassium is raised, the voltage range of the channel opening shifts to more positive voltages. The inward rectification is mainly due to the blockage of outward current by internal magnesium. Can be blocked by extracellu [...] 
KCNJ15	155	9606.ENSP00000381911	9606	Homo sapiens	KCNJ15	ATP-sensitive inward rectifier potassium channel 15; Inward rectifier potassium channels are characterized by a greater tendency to allow potassium to flow into the cell rather than out of it. Their voltage dependence is regulated by the concentration of extracellular potassium; as external potassium is raised, the voltage range of the channel opening shifts to more positive voltages. The inward rectification is mainly due to the blockage of outward current by internal magnesium; Belongs to the inward rectifier-type potassium channel (TC 1.A.2.1) family. KCNJ15 subfamily.
KCNK7	156	9606.ENSP00000344820	9606	Homo sapiens	KCNK7	Potassium channel subfamily K member 7; Probable potassium channel subunit. No channel activity observed in vitro as protein remains in the endoplasmic reticulum. May need to associate with an as yet unknown partner in order to reach the plasma membrane; Belongs to the two pore domain potassium channel (TC 1.A.1.8) family.
KCNMA1	157	9606.ENSP00000286628	9606	Homo sapiens	KCNMA1	Calcium-activated potassium channel subunit alpha-1; Potassium channel activated by both membrane depolarization or increase in cytosolic Ca(2+) that mediates export of K(+). It is also activated by the concentration of cytosolic Mg(2+). Its activation dampens the excitatory events that elevate the cytosolic Ca(2+) concentration and/or depolarize the cell membrane. It therefore contributes to repolarization of the membrane potential. Plays a key role in controlling excitability in a number of systems, such as regulation of the contraction of smooth muscle, the tuning of hair cells in t [...] 
KCNN2	158	9606.ENSP00000264773	9606	Homo sapiens	KCNN2	Small conductance calcium-activated potassium channel protein 2; Forms a voltage-independent potassium channel activated by intracellular calcium. Activation is followed by membrane hyperpolarization. Thought to regulate neuronal excitability by contributing to the slow component of synaptic afterhyperpolarization. The channel is blocked by apamin; Belongs to the potassium channel KCNN family. KCa2.2/KCNN2 subfamily.
KCNQ2	159	9606.ENSP00000352035	9606	Homo sapiens	KCNQ2	Potassium voltage-gated channel subfamily KQT member 2; Associates with KCNQ3 to form a potassium channel with essentially identical properties to the channel underlying the native M-current, a slowly activating and deactivating potassium conductance which plays a critical role in determining the subthreshold electrical excitability of neurons as well as the responsiveness to synaptic inputs. Therefore, it is important in the regulation of neuronal excitability. KCNQ2/KCNQ3 current is blocked by linopirdine and XE991, and activated by the anticonvulsant retigabine. As the native M-chan [...] 
KCNQ3	160	9606.ENSP00000373648	9606	Homo sapiens	KCNQ3	Potassium voltage-gated channel subfamily KQT member 3; Associates with KCNQ2 or KCNQ5 to form a potassium channel with essentially identical properties to the channel underlying the native M-current, a slowly activating and deactivating potassium conductance which plays a critical role in determining the subthreshold electrical excitability of neurons as well as the responsiveness to synaptic inputs. Therefore, it is important in the regulation of neuronal excitability.
KCNS3	161	9606.ENSP00000385968	9606	Homo sapiens	KCNS3	Potassium voltage-gated channel subfamily S member 3; Potassium channel subunit that does not form functional channels by itself. Can form functional heterotetrameric channels with KCNB1; modulates the delayed rectifier voltage-gated potassium channel activation and deactivation rates of KCNB1. Heterotetrameric channel activity formed with KCNB1 show increased current amplitude with the threshold for action potential activation shifted towards more negative values in hypoxic-treated pulmonary artery smooth muscle cells (By similarity).
KCTD13	162	9606.ENSP00000455785	9606	Homo sapiens	KCTD13	BTB/POZ domain-containing adapter for CUL3-mediated RhoA degradation protein 1; Substrate-specific adapter of a BCR (BTB-CUL3-RBX1) E3 ubiquitin-protein ligase complex required for synaptic transmission. The BCR(KCTD13) E3 ubiquitin ligase complex mediates the ubiquitination of RHOA, leading to its degradation by the proteasome  Degradation of RHOA regulates the actin cytoskeleton and promotes synaptic transmission (By similarity). Belongs to the BACURD family.
KDM1A	163	9606.ENSP00000383042	9606	Homo sapiens	KDM1A	Lysine-specific histone demethylase 1A; Histone demethylase that can demethylate both 'Lys-4' (H3K4me) and 'Lys-9' (H3K9me) of histone H3, thereby acting as a coactivator or a corepressor, depending on the context. Acts by oxidizing the substrate by FAD to generate the corresponding imine that is subsequently hydrolyzed. Acts as a corepressor by mediating demethylation of H3K4me, a specific tag for epigenetic transcriptional activation. Demethylates both mono- (H3K4me1) and di-methylated (H3K4me2) H3K4me. May play a role in the repression of neuronal genes. Alone, it is unable to demet [...] 
KDM1B	164	9606.ENSP00000297792	9606	Homo sapiens	KDM1B	Lysine demethylase 1B.
KDM2A	165	9606.ENSP00000432786	9606	Homo sapiens	KDM2A	Lysine-specific demethylase 2A; Histone demethylase that specifically demethylates 'Lys-36' of histone H3, thereby playing a central role in histone code. Preferentially demethylates dimethylated H3 'Lys-36' residue while it has weak or no activity for mono- and tri-methylated H3 'Lys-36'. May also recognize and bind to some phosphorylated proteins and promote their ubiquitination and degradation. Required to maintain the heterochromatic state. Associates with centromeres and represses transcription of small non-coding RNAs that are encoded by the clusters of satellite repeats at the c [...] 
KDM2B	166	9606.ENSP00000366271	9606	Homo sapiens	KDM2B	Lysine-specific demethylase 2B; Histone demethylase that demethylates 'Lys-4' and 'Lys-36' of histone H3, thereby playing a central role in histone code. Preferentially demethylates trimethylated H3 'Lys-4' and dimethylated H3 'Lys-36' residue while it has weak or no activity for mono- and tri-methylated H3 'Lys-36'. Preferentially binds the transcribed region of ribosomal RNA and represses the transcription of ribosomal RNA genes which inhibits cell growth and proliferation. May also serve as a substrate-recognition component of the SCF (SKP1-CUL1-F-box protein)-type E3 ubiquitin liga [...] 
KDM3A	167	9606.ENSP00000386660	9606	Homo sapiens	KDM3A	Lysine-specific demethylase 3A; Histone demethylase that specifically demethylates 'Lys-9' of histone H3, thereby playing a central role in histone code. Preferentially demethylates mono- and dimethylated H3 'Lys-9' residue, with a preference for dimethylated residue, while it has weak or no activity on trimethylated H3 'Lys-9'. Demethylation of Lys residue generates formaldehyde and succinate. Involved in hormone-dependent transcriptional activation, by participating in recruitment to androgen-receptor target genes, resulting in H3 'Lys-9' demethylation and transcriptional activation. [...] 
KDM3B	168	9606.ENSP00000326563	9606	Homo sapiens	KDM3B	Lysine-specific demethylase 3B; Histone demethylase that specifically demethylates 'Lys-9' of histone H3, thereby playing a central role in histone code. Demethylation of Lys residue generates formaldehyde and succinate. May have tumor suppressor activity.
KDM4B	169	9606.ENSP00000159111	9606	Homo sapiens	KDM4B	Lysine-specific demethylase 4B; Histone demethylase that specifically demethylates 'Lys-9' of histone H3, thereby playing a role in histone code. Does not demethylate histone H3 'Lys-4', H3 'Lys-27', H3 'Lys-36' nor H4 'Lys- 20'. Only able to demethylate trimethylated H3 'Lys-9', with a weaker activity than KDM4A, KDM4C and KDM4D. Demethylation of Lys residue generates formaldehyde and succinate.
KDM4C	170	9606.ENSP00000370710	9606	Homo sapiens	KDM4C	Lysine-specific demethylase 4C; Histone demethylase that specifically demethylates 'Lys-9' and 'Lys-36' residues of histone H3, thereby playing a central role in histone code. Does not demethylate histone H3 'Lys-4', H3 'Lys-27' nor H4 'Lys-20'. Demethylates trimethylated H3 'Lys-9' and H3 'Lys-36' residue, while it has no activity on mono- and dimethylated residues. Demethylation of Lys residue generates formaldehyde and succinate.
KDM5A	171	9606.ENSP00000382688	9606	Homo sapiens	KDM5A	Lysine-specific demethylase 5A; Histone demethylase that specifically demethylates 'Lys-4' of histone H3, thereby playing a central role in histone code. Does not demethylate histone H3 'Lys-9', H3 'Lys-27', H3 'Lys-36', H3 'Lys-79' or H4 'Lys-20'. Demethylates trimethylated and dimethylated but not monomethylated H3 'Lys-4'. Regulates specific gene transcription through DNA-binding on 5'-CCGCCC-3' motif. May stimulate transcription mediated by nuclear receptors. Involved in transcriptional regulation of Hox proteins during cell differentiation. May participate in transcriptional repre [...] 
KDM5B	172	9606.ENSP00000356233	9606	Homo sapiens	KDM5B	Lysine-specific demethylase 5B; Histone demethylase that demethylates 'Lys-4' of histone H3, thereby playing a central role in histone code. Does not demethylate histone H3 'Lys-9' or H3 'Lys-27'. Demethylates trimethylated, dimethylated and monomethylated H3 'Lys-4'. Acts as a transcriptional corepressor for FOXG1B and PAX9. Favors the proliferation of breast cancer cells by repressing tumor suppressor genes such as BRCA1 and HOXA5. In contrast, may act as a tumor suppressor for melanoma. Represses the CLOCK-ARNTL/BMAL1 heterodimer-mediated transcriptional activation of the core clock [...] 
KDM5C	173	9606.ENSP00000364550	9606	Homo sapiens	KDM5C	Lysine-specific demethylase 5C; Histone demethylase that specifically demethylates 'Lys-4' of histone H3, thereby playing a central role in histone code. Does not demethylate histone H3 'Lys-9', H3 'Lys- 27', H3 'Lys-36', H3 'Lys-79' or H4 'Lys-20'. Demethylates trimethylated and dimethylated but not monomethylated H3 'Lys-4'. Participates in transcriptional repression of neuronal genes by recruiting histone deacetylases and REST at neuron-restrictive silencer elements. Represses the CLOCK-ARNTL/BMAL1 heterodimer-mediated transcriptional activation of the core clock component PER2 (By  [...] 
KDM6A	174	9606.ENSP00000367203	9606	Homo sapiens	KDM6A	Lysine-specific demethylase 6A; Histone demethylase that specifically demethylates 'Lys-27' of histone H3, thereby playing a central role in histone code. Demethylates trimethylated and dimethylated but not monomethylated H3 'Lys-27'. Plays a central role in regulation of posterior development, by regulating HOX gene expression. Demethylation of 'Lys-27' of histone H3 is concomitant with methylation of 'Lys-4' of histone H3, and regulates the recruitment of the PRC1 complex and monoubiquitination of histone H2A. Plays a demethylase-independent role in chromatin remodeling to regulate T [...] 
KDM6B	175	9606.ENSP00000254846	9606	Homo sapiens	KDM6B	Lysine-specific demethylase 6B; Histone demethylase that specifically demethylates 'Lys-27' of histone H3, thereby playing a central role in histone code. Demethylates trimethylated and dimethylated H3 'Lys-27'. Plays a central role in regulation of posterior development, by regulating HOX gene expression. Involved in inflammatory response by participating in macrophage differentiation in case of inflammation by regulating gene expression and macrophage differentiation. Plays a demethylase-independent role in chromatin remodeling to regulate T-box family member-dependent gene expressio [...] 
KHDRBS2	176	9606.ENSP00000281156	9606	Homo sapiens	KHDRBS2	KH domain-containing, RNA-binding, signal transduction-associated protein 2; RNA-binding protein that plays a role in the regulation of alternative splicing and influences mRNA splice site selection and exon inclusion. Binds both poly(A) and poly(U) homopolymers. Phosphorylation by PTK6 inhibits its RNA-binding ability (By similarity). Induces an increased concentration-dependent incorporation of exon in CD44 pre- mRNA by direct binding to purine-rich exonic enhancer. Can regulate alternative splicing of NRXN1 in the laminin G-like domain 6 containing the evolutionary conserved neurexi [...] 
KIAA0232	177	9606.ENSP00000303928	9606	Homo sapiens	KIAA0232	Uncharacterized protein KIAA0232; KIAA0232.
KIAA1586	178	9606.ENSP00000359768	9606	Homo sapiens	KIAA1586	E3 SUMO-protein ligase KIAA1586; E3 SUMO-protein ligase; facilitates UBE2I/UBC9-mediated SUMO2 modification of target proteins.
KIF13B	179	9606.ENSP00000427900	9606	Homo sapiens	KIF13B	Kinesin-like protein KIF13B; Involved in reorganization of the cortical cytoskeleton. Regulates axon formation by promoting the formation of extra axons. May be functionally important for the intracellular trafficking of MAGUKs and associated protein complexes.
KIF14	180	9606.ENSP00000356319	9606	Homo sapiens	KIF14	Kinesin-like protein KIF14; Microtubule motor protein that binds to microtubules with high affinity through each tubulin heterodimer and has an ATPase activity (By similarity). Plays a role in many processes like cell division, cytokinesis and also in cell proliferation and apoptosis. During cytokinesis, targets to central spindle and midbody through its interaction with PRC1 and CIT respectively. Regulates cell growth through regulation of cell cycle progression and cytokinesis. During cell cycle progression acts through SCF-dependent proteasomal ubiquitin-dependent protein catabolic  [...] 
KIF1A	181	9606.ENSP00000438388	9606	Homo sapiens	KIF1A	Kinesin-like protein KIF1A; Motor for anterograde axonal transport of synaptic vesicle precursors. Also required for neuronal dense core vesicles (DCVs) transport to the dendritic spines and axons. The interaction calcium- dependent with CALM1 increases vesicle motility and interaction with the scaffolding proteins PPFIA2 and TANC2 recruits DCVs to synaptic sites; Belongs to the TRAFAC class myosin-kinesin ATPase superfamily. Kinesin family. Unc-104 subfamily.
KIF5C	182	9606.ENSP00000393379	9606	Homo sapiens	KIF5C	Kinesin heavy chain isoform 5C; Involved in synaptic transmission. Mediates dendritic trafficking of mRNAs (By similarity). Kinesin is a microtubule-associated force-producing protein that may play a role in organelle transport. Required for anterograde axonal transportation of MAPK8IP3/JIP3 which is essential for MAPK8IP3/JIP3 function in axon elongation (By similarity); Belongs to the TRAFAC class myosin-kinesin ATPase superfamily. Kinesin family. Kinesin subfamily.
KIRREL3	183	9606.ENSP00000435466	9606	Homo sapiens	KIRREL3	Processed kin of IRRE-like protein 3; Synaptic adhesion molecule required for the formation of target-specific synapses. Required for formation of target-specific synapses at hippocampal mossy fiber synapses. Required for formation of mossy fiber filopodia, the synaptic structures connecting dentate granule and GABA neurons. Probably acts as a homophilic adhesion molecule that promotes trans-cellular interactions and stabilize mossy fiber filipodia contact and subsequent synapse formation. Required for the coalescence of vomeronasal sensory neuron axons. May be involved in the hematopo [...] 
KIZ	184	9606.ENSP00000479542	9606	Homo sapiens	KIZ	Centrosomal protein kizuna; Centrosomal protein required for establishing a robust mitotic centrosome architecture that can endure the forces that converge on the centrosomes during spindle formation. Required for stabilizing the expanded pericentriolar material around the centriole. Belongs to the kizuna family.
KLF16	185	9606.ENSP00000250916	9606	Homo sapiens	KLF16	Krueppel-like factor 16; Transcription factor that binds GC and GT boxes and displaces Sp1 and Sp3 from these sequences. Modulates dopaminergic transmission in the brain (By similarity); Belongs to the Sp1 C2H2-type zinc-finger protein family.
KLF7	186	9606.ENSP00000309570	9606	Homo sapiens	KLF7	Krueppel-like factor 7; Transcriptional factor. Plays a critical role in neuronal morphogenesis and survival of sensory neurons (By similarity). Represses the corneal epithelium differentiation. Acts also as a metabolic regulator, by modulating insulin sensitivity in pancreatic beta cells and skeletal muscle cells. Inhibits transcriptional inducers of adipogenesis and has a repressive role in the expression of several adipokines, including leptin.
KLHL20	187	9606.ENSP00000209884	9606	Homo sapiens	KLHL20	Kelch-like protein 20; Substrate-specific adapter of a BCR (BTB-CUL3-RBX1) E3 ubiquitin-protein ligase complex involved in interferon response and anterograde Golgi to endosome transport. The BCR(KLHL20) E3 ubiquitin ligase complex mediates the ubiquitination of DAPK1, leading to its degradation by the proteasome, thereby acting as a negative regulator of apoptosis. The BCR(KLHL20) E3 ubiquitin ligase complex also specifically mediates 'Lys-33'-linked ubiquitination. Involved in anterograde Golgi to endosome transport by mediating 'Lys-33'-linked ubiquitination of CORO7, promoting inte [...] 
KMT2A	188	9606.ENSP00000436786	9606	Homo sapiens	KMT2A	Histone-lysine N-methyltransferase 2A; Histone methyltransferase that plays an essential role in early development and hematopoiesis. Catalytic subunit of the MLL1/MLL complex, a multiprotein complex that mediates both methylation of 'Lys- 4' of histone H3 (H3K4me) complex and acetylation of 'Lys-16' of histone H4 (H4K16ac). In the MLL1/MLL complex, it specifically mediates H3K4me, a specific tag for epigenetic transcriptional activation. Has weak methyltransferase activity by itself, and requires other component of the MLL1/MLL complex to obtain full methyltransferase activity. Has no [...] 
KMT2B	189	9606.ENSP00000398837	9606	Homo sapiens	KMT2B	Histone-lysine N-methyltransferase 2B; Histone methyltransferase that methylates 'Lys-4' of histone H3. H3 'Lys-4' methylation represents a specific tag for epigenetic transcriptional activation. Plays a central role in beta-globin locus transcription regulation by being recruited by NFE2. Plays an important role in controlling bulk H3K4me during oocyte growth and preimplantation development (By similarity). Required during the transcriptionally active period of oocyte growth for the establishment and/or maintenance of bulk H3K4 trimethylation (H3K4me3), global transcriptional silencin [...] 
KMT2C	190	9606.ENSP00000262189	9606	Homo sapiens	KMT2C	Histone-lysine N-methyltransferase 2C; Histone methyltransferase that methylates 'Lys-4' of histone H3. H3 'Lys-4' methylation represents a specific tag for epigenetic transcriptional activation. Central component of the MLL2/3 complex, a coactivator complex of nuclear receptors, involved in transcriptional coactivation. KMT2C/MLL3 may be a catalytic subunit of this complex. May be involved in leukemogenesis and developmental disorder; Belongs to the class V-like SAM-binding methyltransferase superfamily. Histone-lysine methyltransferase family. TRX/MLL subfamily.
KMT2D	191	9606.ENSP00000301067	9606	Homo sapiens	KMT2D	Histone-lysine N-methyltransferase 2D; Histone methyltransferase. Methylates 'Lys-4' of histone H3 (H3K4me). H3K4me represents a specific tag for epigenetic transcriptional activation. Acts as a coactivator for estrogen receptor by being recruited by ESR1, thereby activating transcription. Belongs to the class V-like SAM-binding methyltransferase superfamily. Histone-lysine methyltransferase family. TRX/MLL subfamily.
KMT2E	192	9606.ENSP00000312379	9606	Homo sapiens	KMT2E	Inactive histone-lysine N-methyltransferase 2E; Associates with chromatin regions downstream of transcriptional start sites of active genes and thus regulates gene transcription. Chromatin interaction is mediated via the binding to tri-methylated histone H3 at 'Lys-4' (H3K4me3). Key regulator of hematopoiesis involved in terminal myeloid differentiation and in the regulation of hematopoietic stem cell (HSCs) self-renewal by a mechanism that involves DNA methylation (By similarity). Also acts as an important cell cycle regulator, participating in cell cycle regulatory network machinery  [...] 
KMT5B	193	9606.ENSP00000305899	9606	Homo sapiens	KMT5B	Histone-lysine N-methyltransferase KMT5B; Histone methyltransferase that specifically methylates monomethylated 'Lys-20' (H4K20me1) and dimethylated 'Lys-20' (H4K20me2) of histone H4 to produce respectively dimethylated 'Lys-20' (H4K20me2) and trimethylated 'Lys-20' (H4K20me3) and thus regulates transcription and maintenance of genome integrity. In vitro also methylates unmodified 'Lys-20' (H4K20me0) of histone H4 and nucleosomes. H4 'Lys-20' trimethylation represents a specific tag for epigenetic transcriptional repression. Mainly functions in pericentric heterochromatin regions, ther [...] 
KNG1	194	9606.ENSP00000493985	9606	Homo sapiens	KNG1	Low molecular weight growth-promoting factor; (1) Kininogens are inhibitors of thiol proteases; (2) HMW- kininogen plays an important role in blood coagulation by helping to position optimally prekallikrein and factor XI next to factor XII; (3) HMW-kininogen inhibits the thrombin- and plasmin-induced aggregation of thrombocytes; (4) the active peptide bradykinin that is released from HMW-kininogen shows a variety of physiological effects: (4A) influence in smooth muscle contraction, (4B) induction of hypotension, (4C) natriuresis and diuresis, (4D) decrease in blood glucose level, (4E) [...] 
KPTN	195	9606.ENSP00000337850	9606	Homo sapiens	KPTN	KICSTOR complex protein kaptin; As part of the KICSTOR complex functions in the amino acid- sensing branch of the TORC1 signaling pathway. Recruits, in an amino acid-independent manner, the GATOR1 complex to the lysosomal membranes and allows its interaction with GATOR2 and the RAG GTPases. Functions upstream of the RAG GTPases and is required to negatively regulate mTORC1 signaling in absence of amino acids. In absence of the KICSTOR complex mTORC1 is constitutively localized to the lysosome and activated. The KICSTOR complex is also probably involved in the regulation of mTORC1 by glucose.
KRR1	196	9606.ENSP00000229214	9606	Homo sapiens	KRR1	KRR1 small subunit processome component homolog; Required for 40S ribosome biogenesis. Involved in nucleolar processing of pre-18S ribosomal RNA and ribosome assembly (By similarity).
KRT26	197	9606.ENSP00000334798	9606	Homo sapiens	KRT26	Keratin, type I cytoskeletal 26; Keratin 26.
KSR2	198	9606.ENSP00000389715	9606	Homo sapiens	KSR2	Kinase suppressor of Ras 2; Location-regulated scaffold connecting MEK to RAF. Has very low protein kinase activity and can phosphorylate MAP2K1 at several Ser and Thr residues with very low efficiency (in vitro). Acts as MAP2K1/MEK1-dependent allosteric activator of BRAF; upon binding to MAP2K1/MEK1, dimerizes with BRAF and promotes BRAF-mediated phosphorylation of MAP2K1/MEK1. Interaction with BRAF enhances KSR2-mediated phosphorylation of MAP2K1 (in vitro). Blocks MAP3K8 kinase activity and MAP3K8-mediated signaling. Acts as a negative regulator of MAP3K3-mediated activation of ERK, [...] 
LAMA1	199	9606.ENSP00000374309	9606	Homo sapiens	LAMA1	Laminin subunit alpha-1; Binding to cells via a high affinity receptor, laminin is thought to mediate the attachment, migration and organization of cells into tissues during embryonic development by interacting with other extracellular matrix components.
LAMB1	200	9606.ENSP00000222399	9606	Homo sapiens	LAMB1	Laminin subunit beta-1; Binding to cells via a high affinity receptor, laminin is thought to mediate the attachment, migration and organization of cells into tissues during embryonic development by interacting with other extracellular matrix components. Involved in the organization of the laminar architecture of cerebral cortex. It is probably required for the integrity of the basement membrane/glia limitans that serves as an anchor point for the endfeet of radial glial cells and as a physical barrier to migrating neurons. Radial glial cells play a central role in cerebral cortical dev [...] 
LARP1	201	9606.ENSP00000336721	9606	Homo sapiens	LARP1	La-related protein 1; RNA-binding protein that regulates the translation of specific target mRNA species downstream of the mTORC1 complex, in function of growth signals and nutrient availability. Interacts on the one hand with the 3' poly-A tails that are present in all mRNA molecules, and on the other hand with the 7-methylguanosine cap structure of mRNAs containing a 5' terminal oligopyrimidine (5'TOP) motif, which is present in mRNAs encoding ribosomal proteins and several components of the translation machinery. The interaction with the 5' end of mRNAs containing a 5'TOP motif lead [...] 
LAS1L	202	9606.ENSP00000363944	9606	Homo sapiens	LAS1L	Ribosomal biogenesis protein LAS1L; Involved in the biogenesis of the 60S ribosomal subunit. Required for maturation of the 28S rRNA. Functions as a component of the Five Friends of Methylated CHTOP (5FMC) complex; the 5FMC complex is recruited to ZNF148 by methylated CHTOP, leading to desumoylation of ZNF148 and subsequent transactivation of ZNF148 target genes.
LDB1	203	9606.ENSP00000501277	9606	Homo sapiens	LDB1	LIM domain-binding protein 1; Binds to the LIM domain of a wide variety of LIM domain- containing transcription factors. May regulate the transcriptional activity of LIM-containing proteins by determining specific partner interactions. Plays a role in the development of interneurons and motor neurons in cooperation with LHX3 and ISL1. Acts synergistically with LHX1/LIM1 in axis formation and activation of gene expression. Acts with LMO2 in the regulation of red blood cell development, maintaining erythroid precursors in an immature state (By similarity). Belongs to the LDB family.
LDLR	204	9606.ENSP00000454071	9606	Homo sapiens	LDLR	Low-density lipoprotein receptor; Binds LDL, the major cholesterol-carrying lipoprotein of plasma, and transports it into cells by endocytosis. In order to be internalized, the receptor-ligand complexes must first cluster into clathrin-coated pits. (Microbial infection) Acts as a receptor for Vesicular stomatitis virus; Belongs to the LDLR family.
LEMD3	205	9606.ENSP00000308369	9606	Homo sapiens	LEMD3	Inner nuclear membrane protein Man1; Can function as a specific repressor of TGF-beta, activin, and BMP signaling through its interaction with the R-SMAD proteins. Antagonizes TGF-beta-induced cell proliferation arrest.
LEO1	206	9606.ENSP00000299601	9606	Homo sapiens	LEO1	RNA polymerase-associated protein LEO1; Component of the PAF1 complex (PAF1C) which has multiple functions during transcription by RNA polymerase II and is implicated in regulation of development and maintenance of embryonic stem cell pluripotency. PAF1C associates with RNA polymerase II through interaction with POLR2A CTD non-phosphorylated and 'Ser-2'- and 'Ser- 5'-phosphorylated forms and is involved in transcriptional elongation, acting both indepentently and synergistically with TCEA1 and in cooperation with the DSIF complex and HTATSF1. PAF1C is required for transcription of Hox  [...] 
LEP	207	9606.ENSP00000312652	9606	Homo sapiens	LEP	Leptin; Key player in the regulation of energy balance and body weight control. Once released into the circulation, has central and peripheral effects by binding LEPR, found in many tissues, which results in the activation of several major signaling pathways. In the hypothalamus, acts as an appetite-regulating factor that induces a decrease in food intake and an increase in energy consumption by inducing anorexinogenic factors and suppressing orexigenic neuropeptides, also regulates bone mass and secretion of hypothalamo- pituitary-adrenal hormones. In the periphery, increases basal me [...] 
LHX2	208	9606.ENSP00000362717	9606	Homo sapiens	LHX2	LIM/homeobox protein Lhx2; Acts as a transcriptional activator. Stimulates the promoter of the alpha-glycoprotein gene. Transcriptional regulatory protein involved in the control of cell differentiation in developing lymphoid and neural cell types (By similarity).
LILRB2	209	9606.ENSP00000375629	9606	Homo sapiens	LILRB2	Leukocyte immunoglobulin-like receptor subfamily B member 2; Receptor for class I MHC antigens. Recognizes a broad spectrum of HLA-A, HLA-B, HLA-C, HLA-G and HLA-F alleles. Involved in the down-regulation of the immune response and the development of tolerance. Recognizes HLA-G in complex with B2M/beta-2 microglobulin and a nonamer self-peptide (peptide-bound HLA-G-B2M) triggering differentiation of type 1 regulatory T cells and myeloid-derived suppressor cells, both of which actively maintain maternal-fetal tolerance. Competes with CD8A for binding to class I MHC antigens. Inhibits FC [...] 
LIN7B	210	9606.ENSP00000221459	9606	Homo sapiens	LIN7B	Protein lin-7 homolog B; Plays a role in establishing and maintaining the asymmetric distribution of channels and receptors at the plasma membrane of polarized cells. Forms membrane-associated multiprotein complexes that may regulate delivery and recycling of proteins to the correct membrane domains. The tripartite complex composed of LIN7 (LIN7A, LIN7B or LIN7C), CASK and APBA1 may have the potential to couple synaptic vesicle exocytosis to cell adhesion in brain. Ensures the proper localization of GRIN2B (subunit 2B of the NMDA receptor) to neuronal postsynaptic density and may funct [...] 
LMTK3	211	9606.ENSP00000270238	9606	Homo sapiens	LMTK3	Serine/threonine-protein kinase LMTK3; Protein kinase which phosphorylates ESR1 (in vitro) and protects it against proteasomal degradation. May also regulate ESR1 levels indirectly via a PKC-AKT-FOXO3 pathway where it decreases the activity of PKC and the phosphorylation of AKT, thereby increasing binding of transcriptional activator FOXO3 to the ESR1 promoter and increasing ESR1 transcription. Involved in endocytic trafficking of N-methyl-D-aspartate receptors (NMDAR) in neurons (By similarity).
LMX1B	212	9606.ENSP00000347684	9606	Homo sapiens	LMX1B	LIM homeobox transcription factor 1-beta; Essential for the specification of dorsal limb fate at both the zeugopodal and autopodal levels.
LNPK	213	9606.ENSP00000440905	9606	Homo sapiens	LNPK	Endoplasmic reticulum junction formation protein lunapark; Endoplasmic reticulum (ER)-shaping membrane protein that plays a role in determining ER morphology. Involved in the stabilization of nascent three-way ER tubular junctions within the ER network. May also play a role as a curvature-stabilizing protein within the three-way ER tubular junction network. May be involved in limb development (By similarity). Is involved in central nervous system development.
LRBA	214	9606.ENSP00000349629	9606	Homo sapiens	LRBA	Lipopolysaccharide-responsive and beige-like anchor protein; May be involved in coupling signal transduction and vesicle trafficking to enable polarized secretion and/or membrane deposition of immune effector molecules.
LRFN2	215	9606.ENSP00000345985	9606	Homo sapiens	LRFN2	Leucine-rich repeat and fibronectin type-III domain-containing protein 2; Promotes neurite outgrowth in hippocampal neurons. Enhances the cell surface expression of 2 NMDA receptor subunits GRIN1 and GRIN2A. May play a role in redistributing DLG4 to the cell periphery (By similarity).
LRFN5	216	9606.ENSP00000298119	9606	Homo sapiens	LRFN5	Leucine-rich repeat and fibronectin type-III domain-containing protein 5; Cell adhesion molecule that mediates homophilic cell-cell adhesion in a Ca(2+)-independent manner. Promotes neurite outgrowth in hippocampal neurons; Belongs to the LRFN family.
LRP1	217	9606.ENSP00000243077	9606	Homo sapiens	LRP1	Low-density lipoprotein receptor-related protein 1 intracellular domain; Endocytic receptor involved in endocytosis and in phagocytosis of apoptotic cells. Required for early embryonic development. Involved in cellular lipid homeostasis. Involved in the plasma clearance of chylomicron remnants and activated LRPAP1 (alpha 2- macroglobulin), as well as the local metabolism of complexes between plasminogen activators and their endogenous inhibitors. May modulate cellular events, such as APP metabolism, kinase-dependent intracellular signaling, neuronal calcium signaling as well as neurotr [...] 
LRP2	218	9606.ENSP00000496870	9606	Homo sapiens	LRP2	Low-density lipoprotein receptor-related protein 2; Multiligand endocytic receptor (By similarity). Acts together with CUBN to mediate endocytosis of high-density lipoproteins (By similarity). Mediates receptor-mediated uptake of polybasic drugs such as aprotinin, aminoglycosides and polymyxin B (By similarity). In the kidney, mediates the tubular uptake and clearance of leptin (By similarity). Also mediates transport of leptin across the blood-brain barrier through endocytosis at the choroid plexus epithelium (By similarity). Endocytosis of leptin in neuronal cells is required for hyp [...] 
LRRC1	219	9606.ENSP00000359925	9606	Homo sapiens	LRRC1	Leucine-rich repeat-containing protein 1; Leucine rich repeat containing 1.
LRRC4	220	9606.ENSP00000249363	9606	Homo sapiens	LRRC4	Leucine-rich repeat-containing protein 4; Synaptic adhesion protein. Regulates the formation of exitatory synapses through the recruitment of pre-and-postsynaptic proteins. Organize the lamina/pathway-specific differentiation of dendrites. Plays an important role for auditory synaptic responses. Involved in the suppression of glioma (By similarity).
LRRC4C	221	9606.ENSP00000278198	9606	Homo sapiens	LRRC4C	Leucine-rich repeat-containing protein 4C; May promote neurite outgrowth of developing thalamic neurons.
LZTR1	222	9606.ENSP00000496779	9606	Homo sapiens	LZTR1	Leucine-zipper-like transcriptional regulator 1; Substrate-specific adapter of a BCR (BTB-CUL3-RBX1) E3 ubiquitin-protein ligase complex that mediates ubiquitination of Ras (K-Ras/KRAS, N-Ras/NRAS and H-Ras/HRAS). Is a negative regulator of RAS-MAPK signaling that acts by controlling Ras levels and decreasing Ras association with membranes ; Belongs to the LZTR1 family.
LZTS2	223	9606.ENSP00000359240	9606	Homo sapiens	LZTS2	Leucine zipper putative tumor suppressor 2; Negative regulator of katanin-mediated microtubule severing and release from the centrosome. Required for central spindle formation and the completion of cytokinesis. May negatively regulate axonal outgrowth by preventing the formation of microtubule bundles that are necessary for transport within the elongating axon. Negative regulator of the Wnt signaling pathway. Represses beta-catenin-mediated transcriptional activation by promoting the nuclear exclusion of beta- catenin. Belongs to the LZTS2 family.
MACF1	224	9606.ENSP00000354573	9606	Homo sapiens	MACF1	Microtubule-actin cross-linking factor 1, isoforms 1/2/3/5; [Isoform 2]: F-actin-binding protein which plays a role in cross-linking actin to other cytoskeletal proteins and also binds to microtubules. Plays an important role in ERBB2-dependent stabilization of microtubules at the cell cortex. Acts as a positive regulator of Wnt receptor signaling pathway and is involved in the translocation of AXIN1 and its associated complex (composed of APC, CTNNB1 and GSK3B) from the cytoplasm to the cell membrane (By similarity). Has actin-regulated ATPase activity and is essential for controlling [...] 
MACROD2	225	9606.ENSP00000217246	9606	Homo sapiens	MACROD2	ADP-ribose glycohydrolase MACROD2; Removes ADP-ribose from asparatate and glutamate residues in proteins bearing a single ADP-ribose moiety. Inactive towards proteins bearing poly-ADP-ribose. Deacetylates O-acetyl-ADP ribose, a signaling molecule generated by the deacetylation of acetylated lysine residues in histones and other proteins.
MADD	226	9606.ENSP00000310933	9606	Homo sapiens	MADD	MAP kinase-activating death domain protein; Plays a significant role in regulating cell proliferation, survival and death through alternative mRNA splicing. Isoform 5 shows increased cell proliferation and isoform 2 shows decreased. Converts GDP-bound inactive form of RAB3A, RAB3C and RAB3D to the GTP-bound active forms. Component of the TNFRSF1A signaling complex: MADD links TNFRSF1A with MAP kinase activation. Plays an important regulatory role in physiological cell death (TNF-alpha-induced, caspase-mediated apoptosis); isoform 1 is susceptible to inducing apoptosis, isoform 5 is res [...] 
MAGEC3	227	9606.ENSP00000298296	9606	Homo sapiens	MAGEC3	Melanoma-associated antigen C3; MAGE family member C3.
MAGEL2	228	9606.ENSP00000497810	9606	Homo sapiens	MAGEL2	MAGE-like protein 2; Probably enhances ubiquitin ligase activity of RING-type zinc finger-containing E3 ubiquitin-protein ligases, possibly through recruitment and/or stabilization of the Ubl-conjugating enzyme (E2) at the E3:substrate complex. Acts as a regulator of retrograde transport via its interaction with VPS35. Recruited to retromer-containing endosomes and promotes the formation of 'Lys-63'-linked polyubiquitin chains at 'Lys-220' of WASHC1 together with TRIM27, leading to promote endosomal F-actin assembly. Regulates the circadian clock by repressing the transcriptional activ [...] 
MAN1B1	229	9606.ENSP00000360645	9606	Homo sapiens	MAN1B1	Endoplasmic reticulum mannosyl-oligosaccharide 1,2-alpha-mannosidase; Involved in glycoprotein quality control targeting of misfolded glycoproteins for degradation. It primarily trims a single alpha-1,2-linked mannose residue from Man(9)GlcNAc(2) to produce Man(8)GlcNAc(2), but at high enzyme concentrations, as found in the ER quality control compartment (ERQC), it further trims the carbohydrates to Man(5-6)GlcNAc(2); Belongs to the glycosyl hydrolase 47 family.
MAOA	230	9606.ENSP00000340684	9606	Homo sapiens	MAOA	Amine oxidase [flavin-containing] A; Catalyzes the oxidative deamination of biogenic and xenobiotic amines and has important functions in the metabolism of neuroactive and vasoactive amines in the central nervous system and peripheral tissues. MAOA preferentially oxidizes biogenic amines such as 5-hydroxytryptamine (5-HT), norepinephrine and epinephrine.
MAOB	231	9606.ENSP00000367309	9606	Homo sapiens	MAOB	Amine oxidase [flavin-containing] B; Catalyzes the oxidative deamination of biogenic and xenobiotic amines and has important functions in the metabolism of neuroactive and vasoactive amines in the central nervous system and peripheral tissues. MAOB preferentially degrades benzylamine and phenylethylamine; Belongs to the flavin monoamine oxidase family.
MAP1A	232	9606.ENSP00000300231	9606	Homo sapiens	MAP1A	Microtubule-associated protein 1A; Structural protein involved in the filamentous cross-bridging between microtubules and other skeletal elements.
MAP1B	233	9606.ENSP00000296755	9606	Homo sapiens	MAP1B	Microtubule-associated protein 1B; Facilitates tyrosination of alpha-tubulin in neuronal microtubules (By similarity). Phosphorylated MAP1B may play a role in the cytoskeletal changes that accompany neurite extension. Possibly MAP1B binds to at least two tubulin subunits in the polymer, and this bridging of subunits might be involved in nucleating microtubule polymerization and in stabilizing microtubules. Acts as a positive cofactor in DAPK1-mediated autophagic vesicle formation and membrane blebbing.
MAP4K1	234	9606.ENSP00000465039	9606	Homo sapiens	MAP4K1	Mitogen-activated protein kinase kinase kinase kinase 1; Serine/threonine-protein kinase, which may play a role in the response to environmental stress. Appears to act upstream of the JUN N-terminal pathway. May play a role in hematopoietic lineage decisions and growth regulation. Able to autophosphorylate. Together with CLNK, it enhances CD3-triggered activation of T-cells and subsequent IL2 production (By similarity).
MAP4K4	235	9606.ENSP00000343658	9606	Homo sapiens	MAP4K4	Mitogen-activated protein kinase kinase kinase kinase 4; Serine/threonine kinase that may play a role in the response to environmental stress and cytokines such as TNF-alpha. Appears to act upstream of the JUN N-terminal pathway. Phosphorylates SMAD1 on Thr- 322.
MAPK3	236	9606.ENSP00000263025	9606	Homo sapiens	MAPK3	Mitogen-activated protein kinase 3; Serine/threonine kinase which acts as an essential component of the MAP kinase signal transduction pathway. MAPK1/ERK2 and MAPK3/ERK1 are the 2 MAPKs which play an important role in the MAPK/ERK cascade. They participate also in a signaling cascade initiated by activated KIT and KITLG/SCF. Depending on the cellular context, the MAPK/ERK cascade mediates diverse biological functions such as cell growth, adhesion, survival and differentiation through the regulation of transcription, translation, cytoskeletal rearrangements. The MAPK/ERK cascade plays a [...] 
MAPK8IP1	237	9606.ENSP00000241014	9606	Homo sapiens	MAPK8IP1	C-Jun-amino-terminal kinase-interacting protein 1; The JNK-interacting protein (JIP) group of scaffold proteins selectively mediates JNK signaling by aggregating specific components of the MAPK cascade to form a functional JNK signaling module. Required for JNK activation in response to excitotoxic stress. Cytoplasmic MAPK8IP1 causes inhibition of JNK-regulated activity by retaining JNK in the cytoplasm and inhibiting JNK phosphorylation of c-Jun. May also participate in ApoER2-specific reelin signaling. Directly, or indirectly, regulates GLUT2 gene expression and beta-cell function. A [...] 
MAPK8IP3	238	9606.ENSP00000481780	9606	Homo sapiens	MAPK8IP3	C-Jun-amino-terminal kinase-interacting protein 3; The JNK-interacting protein (JIP) group of scaffold proteins selectively mediates JNK signaling by aggregating specific components of the MAPK cascade to form a functional JNK signaling module. May function as a regulator of vesicle transport, through interactions with the JNK-signaling components and motor proteins (By similarity). Promotes neuronal axon elongation in a kinesin- and JNK-dependent manner. Activates cofilin at axon tips via local activation of JNK, thereby regulating filopodial dynamics and enhancing axon elongation. It [...] 
MAPT	239	9606.ENSP00000340820	9606	Homo sapiens	MAPT	Microtubule-associated protein tau; Promotes microtubule assembly and stability, and might be involved in the establishment and maintenance of neuronal polarity. The C-terminus binds axonal microtubules while the N-terminus binds neural plasma membrane components, suggesting that tau functions as a linker protein between both. Axonal polarity is predetermined by TAU/MAPT localization (in the neuronal cell) in the domain of the cell body defined by the centrosome. The short isoforms allow plasticity of the cytoskeleton whereas the longer isoforms may preferentially play a role in its st [...] 
MARK1	241	9606.ENSP00000483424	9606	Homo sapiens	MARK1	Serine/threonine-protein kinase MARK1; Serine/threonine-protein kinase. Involved in cell polarity and microtubule dynamics regulation. Phosphorylates DCX, MAP2 and MAP4. Phosphorylates the microtubule-associated protein MAPT/TAU. Involved in cell polarity by phosphorylating the microtubule-associated proteins MAP2, MAP4 and MAPT/TAU at KXGS motifs, causing detachment from microtubules, and their disassembly. Involved in the regulation of neuronal migration through its dual activities in regulating cellular polarity and microtubule dynamics, possibly by phosphorylating and regulating DC [...] 
MARK2	242	9606.ENSP00000385751	9606	Homo sapiens	MARK2	Serine/threonine-protein kinase MARK2; Serine/threonine-protein kinase. Involved in cell polarity and microtubule dynamics regulation. Phosphorylates CRTC2/TORC2, DCX, HDAC7, KIF13B, MAP2, MAP4 and RAB11FIP2. Phosphorylates the microtubule-associated protein MAPT/TAU. Plays a key role in cell polarity by phosphorylating the microtubule-associated proteins MAP2, MAP4 and MAPT/TAU at KXGS motifs, causing detachment from microtubules, and their disassembly. Regulates epithelial cell polarity by phosphorylating RAB11FIP2. Involved in the regulation of neuronal migration through its dual ac [...] 
MAST1	243	9606.ENSP00000251472	9606	Homo sapiens	MAST1	Microtubule-associated serine/threonine-protein kinase 1; Microtubule-associated protein essential for correct brain development. Appears to link the dystrophin/utrophin network with microtubule filaments via the syntrophins. Phosphorylation of DMD or UTRN may modulate their affinities for associated proteins (By similarity).
MAST3	244	9606.ENSP00000262811	9606	Homo sapiens	MAST3	Microtubule associated serine/threonine kinase 3.
MBD1	245	9606.ENSP00000468785	9606	Homo sapiens	MBD1	Methyl-CpG-binding domain protein 1; Transcriptional repressor that binds CpG islands in promoters where the DNA is methylated at position 5 of cytosine within CpG dinucleotides. Binding is abolished by the presence of 7-mG that is produced by DNA damage by methylmethanesulfonate (MMS). Acts as transcriptional repressor and plays a role in gene silencing by recruiting AFT7IP, which in turn recruits factors such as the histone methyltransferase SETDB1. Probably forms a complex with SETDB1 and ATF7IP that represses transcription and couples DNA methylation and histone 'Lys-9' trimethylat [...] 
MBD3	246	9606.ENSP00000412302	9606	Homo sapiens	MBD3	Methyl-CpG-binding domain protein 3; Acts as transcriptional repressor and plays a role in gene silencing. Does not bind to DNA by itself. Binds to DNA with a preference for sites containing methylated CpG dinucleotides (in vitro). Binds to a lesser degree DNA containing unmethylated CpG dinucleotides. Recruits histone deacetylases and DNA methyltransferases.
MBD4	247	9606.ENSP00000249910	9606	Homo sapiens	MBD4	Methyl-CpG-binding domain protein 4; Mismatch-specific DNA N-glycosylase involved in DNA repair. Has thymine glycosylase activity and is specific for G:T mismatches within methylated and unmethylated CpG sites. Can also remove uracil or 5-fluorouracil in G:U mismatches. Has no lyase activity. Was first identified as methyl-CpG-binding protein.
MBD5	248	9606.ENSP00000386049	9606	Homo sapiens	MBD5	Methyl-CpG-binding domain protein 5; Binds to heterochromatin. Does not interact with either methylated or unmethylated DNA (in vitro).
MBD6	249	9606.ENSP00000347896	9606	Homo sapiens	MBD6	Methyl-CpG-binding domain protein 6; Binds to heterochromatin. Does not interact with either methylated or unmethylated DNA (in vitro).
MBOAT7	250	9606.ENSP00000245615	9606	Homo sapiens	MBOAT7	Lysophospholipid acyltransferase 7; Acyltransferase which contributes to the regulation of free arachidonic acid (AA) in the cell through the remodeling of phospholipids. Mediates the conversion of lysophosphatidylinositol (1- acylglycerophosphatidylinositol or LPI) into phosphatidylinositol (1,2- diacyl-sn-glycero-3-phosphoinositol or PI) (LPIAT activity). Prefers arachidonoyl-CoA as the acyl donor. Lysophospholipid acyltransferases (LPLATs) catalyze the reacylation step of the phospholipid remodeling pathway also known as the Lands cycle. Required for cortical lamination during brain [...] 
MCM4	251	9606.ENSP00000262105	9606	Homo sapiens	MCM4	DNA replication licensing factor MCM4; Acts as component of the MCM2-7 complex (MCM complex) which is the putative replicative helicase essential for 'once per cell cycle' DNA replication initiation and elongation in eukaryotic cells. The active ATPase sites in the MCM2-7 ring are formed through the interaction surfaces of two neighboring subunits such that a critical structure of a conserved arginine finger motif is provided in trans relative to the ATP-binding site of the Walker A box of the adjacent subunit. The six ATPase active sites, however, are likely to contribute differential [...] 
MCM6	252	9606.ENSP00000264156	9606	Homo sapiens	MCM6	DNA replication licensing factor MCM6; Acts as component of the MCM2-7 complex (MCM complex) which is the putative replicative helicase essential for 'once per cell cycle' DNA replication initiation and elongation in eukaryotic cells. The active ATPase sites in the MCM2-7 ring are formed through the interaction surfaces of two neighboring subunits such that a critical structure of a conserved arginine finger motif is provided in trans relative to the ATP-binding site of the Walker A box of the adjacent subunit. The six ATPase active sites, however, are likely to contribute differential [...] 
MCPH1	253	9606.ENSP00000342924	9606	Homo sapiens	MCPH1	Microcephalin; Implicated in chromosome condensation and DNA damage induced cellular responses. May play a role in neurogenesis and regulation of the size of the cerebral cortex.
MDGA1	254	9606.ENSP00000402584	9606	Homo sapiens	MDGA1	MAM domain-containing glycosylphosphatidylinositol anchor protein 1; Required for radial migration of cortical neurons in the superficial layer of the neocortex (By similarity). Plays a role in the formation or maintenance of inhibitory synapses. May function by inhibiting the activity of NLGN2.
MDGA2	255	9606.ENSP00000405456	9606	Homo sapiens	MDGA2	MAM domain-containing glycosylphosphatidylinositol anchor protein 2; May be involved in cell-cell interactions.
MECP2	256	9606.ENSP00000395535	9606	Homo sapiens	MECP2	Methyl-CpG-binding protein 2; Chromosomal protein that binds to methylated DNA. It can bind specifically to a single methyl-CpG pair. It is not influenced by sequences flanking the methyl-CpGs. Mediates transcriptional repression through interaction with histone deacetylase and the corepressor SIN3A. Binds both 5-methylcytosine (5mC) and 5-hydroxymethylcytosine (5hmC)- containing DNA, with a preference for 5-methylcytosine (5mC).
MED12L	257	9606.ENSP00000417235	9606	Homo sapiens	MED12L	Mediator of RNA polymerase II transcription subunit 12-like protein; May be a component of the Mediator complex, a coactivator involved in the regulated transcription of nearly all RNA polymerase II-dependent genes. Mediator functions as a bridge to convey information from gene-specific regulatory proteins to the basal RNA polymerase II transcription machinery. Mediator is recruited to promoters by direct interactions with regulatory proteins and serves as a scaffold for the assembly of a functional preinitiation complex with RNA polymerase II and the general transcription factors (By  [...] 
MED13	258	9606.ENSP00000380888	9606	Homo sapiens	MED13	Mediator of RNA polymerase II transcription subunit 13; Component of the Mediator complex, a coactivator involved in the regulated transcription of nearly all RNA polymerase II-dependent genes. Mediator functions as a bridge to convey information from gene- specific regulatory proteins to the basal RNA polymerase II transcription machinery. Mediator is recruited to promoters by direct interactions with regulatory proteins and serves as a scaffold for the assembly of a functional preinitiation complex with RNA polymerase II and the general transcription factors.
MED13L	259	9606.ENSP00000281928	9606	Homo sapiens	MED13L	Mediator of RNA polymerase II transcription subunit 13-like; Component of the Mediator complex, a coactivator involved in the regulated transcription of nearly all RNA polymerase II-dependent genes. Mediator functions as a bridge to convey information from gene- specific regulatory proteins to the basal RNA polymerase II transcription machinery. Mediator is recruited to promoters by direct interactions with regulatory proteins and serves as a scaffold for the assembly of a functional preinitiation complex with RNA polymerase II and the general transcription factors. This subunit may sp [...] 
MED23	260	9606.ENSP00000357047	9606	Homo sapiens	MED23	Mediator of RNA polymerase II transcription subunit 23; Required for transcriptional activation subsequent to the assembly of the pre-initiation complex (By similarity). Component of the Mediator complex, a coactivator involved in the regulated transcription of nearly all RNA polymerase II-dependent genes. Mediator functions as a bridge to convey information from gene-specific regulatory proteins to the basal RNA polymerase II transcription machinery. Mediator is recruited to promoters by direct interactions with regulatory proteins and serves as a scaffold for the assembly of a functi [...] 
MEF2C	261	9606.ENSP00000340874	9606	Homo sapiens	MEF2C	Myocyte-specific enhancer factor 2C; Transcription activator which binds specifically to the MEF2 element present in the regulatory regions of many muscle-specific genes. Controls cardiac morphogenesis and myogenesis, and is also involved in vascular development. Enhances transcriptional activation mediated by SOX18. Plays an essential role in hippocampal-dependent learning and memory by suppressing the number of excitatory synapses and thus regulating basal and evoked synaptic transmission. Crucial for normal neuronal development, distribution, and electrical activity in the neocortex [...] 
MEGF10	262	9606.ENSP00000423354	9606	Homo sapiens	MEGF10	Multiple epidermal growth factor-like domains protein 10; Membrane receptor involved in phagocytosis by macrophages and astrocytes of apoptotic cells. Receptor for C1q, an eat-me signal, that binds phosphatidylserine expressed on the surface of apoptotic cells. Cooperates with ABCA1 within the process of engulfment. Promotes the formation of large intracellular vacuoles and may be responsible for the uptake of amyloid-beta peptides. Necessary for astrocyte-dependent apoptotic neuron clearance in the developing cerebellum. Plays role in muscle cell proliferation, adhesion and motility.  [...] 
MEGF11	263	9606.ENSP00000386908	9606	Homo sapiens	MEGF11	Multiple epidermal growth factor-like domains protein 11; May regulate the mosaic spacing of specific neuron subtypes in the retina through homotypic retinal neuron repulsion. Mosaics provide a mechanism to distribute each cell type evenly across the retina, ensuring that all parts of the visual field have access to a full set of processing elements (By similarity); Belongs to the MEGF family.
MEIS2	264	9606.ENSP00000453793	9606	Homo sapiens	MEIS2	Homeobox protein Meis2; Involved in transcriptional regulation. Binds to HOX or PBX proteins to form dimers, or to a DNA-bound dimer of PBX and HOX proteins and thought to have a role in stabilization of the homeoprotein-DNA complex. Isoform 3 is required for the activity of a PDX1:PBX1b:MEIS2b complex in pancreatic acinar cells involved in the transcriptional activation of the ELA1 enhancer; the complex binds to the enhancer B element and cooperates with the transcription factor 1 complex (PTF1) bound to the enhancer A element; MEIS2 is not involved in complex DNA-binding. Probably in [...] 
MEMO1	265	9606.ENSP00000295065	9606	Homo sapiens	MEMO1	Protein MEMO1; May control cell migration by relaying extracellular chemotactic signals to the microtubule cytoskeleton. Mediator of ERBB2 signaling. The MEMO1-RHOA-DIAPH1 signaling pathway plays an important role in ERBB2-dependent stabilization of microtubules at the cell cortex. It controls the localization of APC and CLASP2 to the cell membrane, via the regulation of GSK3B activity. In turn, membrane-bound APC allows the localization of the MACF1 to the cell membrane, which is required for microtubule capture and stabilization. Is required for breast carcinoma cell migration.
MET	266	9606.ENSP00000317272	9606	Homo sapiens	MET	Hepatocyte growth factor receptor; Receptor tyrosine kinase that transduces signals from the extracellular matrix into the cytoplasm by binding to hepatocyte growth factor/HGF ligand. Regulates many physiological processes including proliferation, scattering, morphogenesis and survival. Ligand binding at the cell surface induces autophosphorylation of MET on its intracellular domain that provides docking sites for downstream signaling molecules. Following activation by ligand, interacts with the PI3-kinase subunit PIK3R1, PLCG1, SRC, GRB2, STAT3 or the adapter GAB1. Recruitment of thes [...] 
METTL14	267	9606.ENSP00000373474	9606	Homo sapiens	METTL14	N6-adenosine-methyltransferase non-catalytic subunit; The METTL3-METTL14 heterodimer forms a N6-methyltransferase complex that methylates adenosine residues at the N(6) position of some mRNAs and regulates the circadian clock, differentiation of embryonic stem cells and cortical neurogenesis. In the heterodimer formed with METTL3, METTL14 constitutes the RNA-binding scaffold that recognizes the substrate rather than the catalytic core. N6-methyladenosine (m6A), which takes place at the 5'-[AG]GAC-3' consensus sites of some mRNAs, plays a role in mRNA stability and processing. M6A acts  [...] 
METTL26	268	9606.ENSP00000440765	9606	Homo sapiens	METTL26	Methyltransferase like 26.
MFRP	269	9606.ENSP00000481824	9606	Homo sapiens	MFRP	Membrane frizzled-related protein; May play a role in eye development.
MIB1	270	9606.ENSP00000261537	9606	Homo sapiens	MIB1	E3 ubiquitin-protein ligase MIB1; E3 ubiquitin-protein ligase that mediates ubiquitination of Delta receptors, which act as ligands of Notch proteins. Positively regulates the Delta-mediated Notch signaling by ubiquitinating the intracellular domain of Delta, leading to endocytosis of Delta receptors. Probably mediates ubiquitination and subsequent proteasomal degradation of DAPK1, thereby antagonizing anti-apoptotic effects of DAPK1 to promote TNF-induced apoptosis (By similarity). Involved in ubiquitination of centriolar satellite CEP131, CEP290 and PCM1 proteins and hence inhibits p [...] 
MINK1	271	9606.ENSP00000347427	9606	Homo sapiens	MINK1	Misshapen-like kinase 1; Serine/threonine kinase which acts as a negative regulator of Ras-related Rap2-mediated signal transduction to control neuronal structure and AMPA receptor trafficking. Required for normal synaptic density, dendrite complexity, as well as surface AMPA receptor expression in hippocampal neurons. Can activate the JNK and MAPK14/p38 pathways and mediates stimulation of the stress-activated protein kinase MAPK14/p38 MAPK downstream of the Raf/ERK pathway. Phosphorylates: TANC1 upon stimulation by RAP2A, MBP and SMAD1. Has an essential function in negative selection [...] 
MKRN1	273	9606.ENSP00000255977	9606	Homo sapiens	MKRN1	E3 ubiquitin-protein ligase makorin-1; E3 ubiquitin ligase catalyzing the covalent attachment of ubiquitin moieties onto substrate proteins. These substrates include FILIP1, p53/TP53, CDKN1A and TERT. Keeps cells alive by suppressing p53/TP53 under normal conditions, but stimulates apoptosis by repressing CDKN1A under stress conditions. Acts as a negative regulator of telomerase. Has negative and positive effects on RNA polymerase II- dependent transcription.
MKX	274	9606.ENSP00000364946	9606	Homo sapiens	MKX	Homeobox protein Mohawk; May act as a morphogenetic regulator of cell adhesion. Belongs to the TALE/IRO homeobox family.
MLANA	275	9606.ENSP00000370886	9606	Homo sapiens	MLANA	Melanoma antigen recognized by T-cells 1; Involved in melanosome biogenesis by ensuring the stability of GPR143. Plays a vital role in the expression, stability, trafficking, and processing of melanocyte protein PMEL, which is critical to the formation of stage II melanosomes.
MNT	276	9606.ENSP00000174618	9606	Homo sapiens	MNT	Max-binding protein MNT; Binds DNA as a heterodimer with MAX and represses transcription. Binds to the canonical E box sequence 5'-CACGTG-3' and, with higher affinity, to 5'-CACGCG-3'.
MRTFB	277	9606.ENSP00000459626	9606	Homo sapiens	MRTFB	Myocardin-related transcription factor B; Acts as a transcriptional coactivator of serum response factor (SRF). Required for skeletal myogenic differentiation.
MSANTD2	278	9606.ENSP00000364118	9606	Homo sapiens	MSANTD2	Myb/SANT-like DNA-binding domain-containing protein 2; Myb/SANT DNA binding domain containing 2.
MSL2	279	9606.ENSP00000311827	9606	Homo sapiens	MSL2	E3 ubiquitin-protein ligase MSL2; Component of histone acetyltransferase complex responsible for the majority of histone H4 acetylation at lysine 16 which is implicated in the formation of higher-order chromatin structure. Acts as an E3 ubiquitin ligase that promotes monoubiquitination of histone H2B at 'Lys-35' (H2BK34Ub), but not that of H2A. This activity is greatly enhanced by heterodimerization with MSL1. H2B ubiquitination in turn stimulates histone H3 methylation at 'Lys-4' (H3K4me) and 'Lys-79' (H3K79me) and leads to gene activation, including that of HOXA9 and MEIS1.
MSL3	280	9606.ENSP00000312244	9606	Homo sapiens	MSL3	Male-specific lethal 3 homolog; Has a role in chromatin remodeling and transcriptional regulation. Has a role in X inactivation. Component of the MSL complex which is responsible for the majority of histone H4 acetylation at 'Lys-16' which is implicated in the formation of higher-order chromatin structure. Specifically recognizes histone H4 monomethylated at 'Lys-20' (H4K20Me1) in a DNA-dependent manner and is proposed to be involved in chromosomal targeting of the MSL complex.
MSR1	282	9606.ENSP00000405453	9606	Homo sapiens	MSR1	Macrophage scavenger receptor types I and II; Membrane glycoproteins implicated in the pathologic deposition of cholesterol in arterial walls during atherogenesis. Two types of receptor subunits exist. These receptors mediate the endocytosis of a diverse group of macromolecules, including modified low density lipoproteins (LDL). Isoform III does not internalize acetylated LDL.
MSRA	283	9606.ENSP00000313921	9606	Homo sapiens	MSRA	Mitochondrial peptide methionine sulfoxide reductase; Has an important function as a repair enzyme for proteins that have been inactivated by oxidation. Catalyzes the reversible oxidation-reduction of methionine sulfoxide in proteins to methionine.
MSX2	284	9606.ENSP00000239243	9606	Homo sapiens	MSX2	Homeobox protein MSX-2; Acts as a transcriptional regulator in bone development. Represses the ALPL promoter activity and antagonizes the stimulatory effect of DLX5 on ALPL expression during osteoblast differentiation. Probable morphogenetic role. May play a role in limb-pattern formation. In osteoblasts, suppresses transcription driven by the osteocalcin FGF response element (OCFRE). Binds to the homeodomain-response element of the ALPL promoter; Belongs to the Msh homeobox family.
MTF1	285	9606.ENSP00000362127	9606	Homo sapiens	MTF1	Metal regulatory transcription factor 1; Activates the metallothionein I promoter. Binds to the metal responsive element (MRE).
MTHFR	286	9606.ENSP00000365770	9606	Homo sapiens	MTHFR	Methylenetetrahydrofolate reductase; Catalyzes the conversion of 5,10-methylenetetrahydrofolate to 5-methyltetrahydrofolate, a co-substrate for homocysteine remethylation to methionine.
MTOR	287	9606.ENSP00000354558	9606	Homo sapiens	MTOR	Serine/threonine-protein kinase mTOR; Serine/threonine protein kinase which is a central regulator of cellular metabolism, growth and survival in response to hormones, growth factors, nutrients, energy and stress signals. MTOR directly or indirectly regulates the phosphorylation of at least 800 proteins. Functions as part of 2 structurally and functionally distinct signaling complexes mTORC1 and mTORC2 (mTOR complex 1 and 2). Activated mTORC1 up-regulates protein synthesis by phosphorylating key regulators of mRNA translation and ribosome synthesis. This includes phosphorylation of EIF [...] 
MTSS2	288	9606.ENSP00000341171	9606	Homo sapiens	MTSS2	Protein MTSS 2; Involved in plasma membrane dynamics. Potentiated PDGF- mediated formation of membrane ruffles and lamellipodia in fibroblasts, acting via RAC1 activation. May function in actin bundling ; Belongs to the MTSS family.
MUC12	289	9606.ENSP00000441929	9606	Homo sapiens	MUC12	Mucin-12; Involved in epithelial cell protection, adhesion modulation, and signaling. May be involved in epithelial cell growth regulation. Stimulated by both cytokine TNF-alpha and TGF-beta in intestinal epithelium.
MUC4	290	9606.ENSP00000417498	9606	Homo sapiens	MUC4	Mucin-4 alpha chain; May play a role in tumor progression. Ability to promote tumor growth may be mainly due to repression of apoptosis as opposed to proliferation. Has anti-adhesive properties. Seems to alter cellular behavior through both anti-adhesive effects on cell-cell and cell- extracellular matrix interactions and in its ability to act as an intramembrane ligand for ERBB2. Plays an important role in cell proliferation and differentiation of epithelial cells by inducing specific phosphorylation of ERBB2. The MUC4-ERBB2 complex causes site- specific phosphorylation of the ERBB2 ' [...] 
MYCBP2	291	9606.ENSP00000444596	9606	Homo sapiens	MYCBP2	E3 ubiquitin-protein ligase MYCBP2; Atypical E3 ubiquitin-protein ligase which specifically mediates ubiquitination of threonine and serine residues on target proteins, instead of ubiquitinating lysine residues. Shows esterification activity towards both threonine and serine, with a preference for threonine, and acts via two essential catalytic cysteine residues that relay ubiquitin to its substrate via thioester intermediates. Interacts with the E2 enzymes UBE2D1, UBE2D3, UBE2E1 and UBE2L3. Plays a key role in neural development, probably by mediating ubiquitination of threonine resid [...] 
MYH10	292	9606.ENSP00000353590	9606	Homo sapiens	MYH10	Myosin-10; Cellular myosin that appears to play a role in cytokinesis, cell shape, and specialized functions such as secretion and capping. Involved with LARP6 in the stabilization of type I collagen mRNAs for CO1A1 and CO1A2. During cell spreading, plays an important role in cytoskeleton reorganization, focal contacts formation (in the central part but not the margins of spreading cells), and lamellipodial extension; this function is mechanically antagonized by MYH9. Belongs to the TRAFAC class myosin-kinesin ATPase superfamily. Myosin family.
MYH4	293	9606.ENSP00000255381	9606	Homo sapiens	MYH4	Myosin-4; Muscle contraction.
MYH9	294	9606.ENSP00000216181	9606	Homo sapiens	MYH9	Myosin-9; Cellular myosin that appears to play a role in cytokinesis, cell shape, and specialized functions such as secretion and capping. During cell spreading, plays an important role in cytoskeleton reorganization, focal contacts formation (in the margins but not the central part of spreading cells), and lamellipodial retraction; this function is mechanically antagonized by MYH10.
MYLK	295	9606.ENSP00000353452	9606	Homo sapiens	MYLK	Myosin light chain kinase, smooth muscle, deglutamylated form; Calcium/calmodulin-dependent myosin light chain kinase implicated in smooth muscle contraction via phosphorylation of myosin light chains (MLC). Also regulates actin-myosin interaction through a non-kinase activity. Phosphorylates PTK2B/PYK2 and myosin light-chains. Involved in the inflammatory response (e.g. apoptosis, vascular permeability, leukocyte diapedesis), cell motility and morphology, airway hyperreactivity and other activities relevant to asthma. Required for tonic airway smooth muscle contraction that is necessa [...] 
MYO16	296	9606.ENSP00000401633	9606	Homo sapiens	MYO16	Unconventional myosin-XVI; Myosins are actin-based motor molecules with ATPase activity. Unconventional myosins serve in intracellular movements. Their highly divergent tails are presumed to bind to membranous compartments, which would be moved relative to actin filaments. May be involved in targeting of the catalytic subunit of protein phosphatase 1 during brain development. Activates PI3K and concomitantly recruits the WAVE1 complex to the close vicinity of PI3K and regulates neuronal morphogenesis (By similarity); In the N-terminal section; belongs to the TRAFAC class myosin-kinesin [...] 
MYO1E	297	9606.ENSP00000288235	9606	Homo sapiens	MYO1E	Unconventional myosin-Ie; Myosins are actin-based motor molecules with ATPase activity. Unconventional myosins serve in intracellular movements. Their highly divergent tails bind to membranous compartments, which are then moved relative to actin filaments. Binds to membranes containing anionic phospholipids via its tail domain. Required for normal morphology of the glomerular basement membrane, normal development of foot processes by kidney podocytes and normal kidney function. In dendritic cells, may control the movement of class II-containing cytoplasmic vesicles along the actin cyto [...] 
MYO5A	298	9606.ENSP00000382177	9606	Homo sapiens	MYO5A	Unconventional myosin-Va; Processive actin-based motor that can move in large steps approximating the 36-nm pseudo-repeat of the actin filament. Involved in melanosome transport. Also mediates the transport of vesicles to the plasma membrane. May also be required for some polarization process involved in dendrite formation.
MYO5C	299	9606.ENSP00000261839	9606	Homo sapiens	MYO5C	Unconventional myosin-Vc; May be involved in transferrin trafficking. Likely to power actin-based membrane trafficking in many physiologically crucial tissues.
MYO7A	300	9606.ENSP00000386331	9606	Homo sapiens	MYO7A	Unconventional myosin-VIIa; Myosins are actin-based motor molecules with ATPase activity. Unconventional myosins serve in intracellular movements. Their highly divergent tails bind to membranous compartments, which are then moved relative to actin filaments. In the retina, plays an important role in the renewal of the outer photoreceptor disks. Plays an important role in the distribution and migration of retinal pigment epithelial (RPE) melanosomes and phagosomes, and in the regulation of opsin transport in retinal photoreceptors. In the inner ear, plays an important role in differenti [...] 
MYO9B	301	9606.ENSP00000471457	9606	Homo sapiens	MYO9B	Unconventional myosin-IXb; Myosins are actin-based motor molecules with ATPase activity. Unconventional myosins serve in intracellular movements. Binds actin with high affinity both in the absence and presence of ATP and its mechanochemical activity is inhibited by calcium ions. Also acts as a GTPase activator for RHOA. Plays a role in the regulation of cell migration via its role as RHOA GTPase activator. This is regulated by its interaction with the SLIT2 receptor ROBO1; interaction with ROBO1 impairs interaction with RHOA and subsequent activation of RHOA GTPase activity, and thereb [...] 
MYOCD	302	9606.ENSP00000401678	9606	Homo sapiens	MYOCD	Myocardin; Smooth muscle cells (SM) and cardiac muscle cells-specific transcriptional factor which uses the canonical single or multiple CArG boxes DNA sequence. Acts as a cofactor of serum response factor (SRF) with the potential to modulate SRF-target genes. Plays a crucial role in cardiogenesis and differentiation of the smooth muscle cell lineage (myogenesis) (By similarity).
MYT1L	303	9606.ENSP00000497479	9606	Homo sapiens	MYT1L	Myelin transcription factor 1-like protein; Transcription factor that plays a key role in neuronal differentiation by specifically repressing expression of non-neuronal genes during neuron differentiation. In contrast to other transcription repressors that inhibit specific lineages, mediates repression of multiple differentiation programs. Also represses expression of negative regulators of neurogenesis, such as members of the Notch signaling pathway, including HES1. The combination of three transcription factors, ASCL1, POU3F2/BRN2 and MYT1L, is sufficient to reprogram fibroblasts and [...] 
NAA10	304	9606.ENSP00000417763	9606	Homo sapiens	NAA10	N-alpha-acetyltransferase 10; Catalytic subunit of the N-terminal acetyltransferase A (NatA) complex which displays alpha (N-terminal) acetyltransferase activity. Acetylates amino termini that are devoid of initiator methionine. The alpha (N-terminal) acetyltransferase activity may be important for vascular, hematopoietic and neuronal growth and development. Without NAA15, displays epsilon (internal) acetyltransferase activity towards HIF1A, thereby promoting its degradation. Represses MYLK kinase activity by acetylation, and thus represses tumor cell migration. Acetylates, and stabili [...] 
NAA15	305	9606.ENSP00000296543	9606	Homo sapiens	NAA15	N-alpha-acetyltransferase 15, NatA auxiliary subunit; Auxillary subunit of the N-terminal acetyltransferase A (NatA) complex which displays alpha (N-terminal) acetyltransferase activity. The NAT activity may be important for vascular, hematopoietic and neuronal growth and development. Required to control retinal neovascularization in adult ocular endothelial cells. In complex with XRCC6 and XRCC5 (Ku80), up-regulates transcription from the osteocalcin promoter.
NAALADL2	306	9606.ENSP00000404705	9606	Homo sapiens	NAALADL2	Inactive N-acetylated-alpha-linked acidic dipeptidase-like protein 2; May be catalytically inactive; Belongs to the peptidase M28 family. M28B subfamily.
NACC1	307	9606.ENSP00000292431	9606	Homo sapiens	NACC1	Nucleus accumbens-associated protein 1; Functions as a transcriptional repressor. Seems to function as a transcriptional corepressor in neuronal cells through recruitment of HDAC3 and HDAC4. Contributes to tumor progression, and tumor cell proliferation and survival. This may be mediated at least in part through repressing transcriptional activity of GADD45GIP1. Required for recruiting the proteasome from the nucleus to the cytoplasm and dendritic spines.
NASP	308	9606.ENSP00000255120	9606	Homo sapiens	NASP	Nuclear autoantigenic sperm protein; Required for DNA replication, normal cell cycle progression and cell proliferation. Forms a cytoplasmic complex with HSP90 and H1 linker histones and stimulates HSP90 ATPase activity. NASP and H1 histone are subsequently released from the complex and translocate to the nucleus where the histone is released for binding to DNA.
NAV2	309	9606.ENSP00000379396	9606	Homo sapiens	NAV2	Neuron navigator 2; Possesses 3' to 5' helicase activity and exonuclease activity. Involved in neuronal development, specifically in the development of different sensory organs; Belongs to the Nav/unc-53 family.
NAV3	310	9606.ENSP00000381007	9606	Homo sapiens	NAV3	Neuron navigator 3; May regulate IL2 production by T-cells. May be involved in neuron regeneration; Belongs to the Nav/unc-53 family.
NBEA	311	9606.ENSP00000383295	9606	Homo sapiens	NBEA	Neurobeachin; Binds to type II regulatory subunits of protein kinase A and anchors/targets them to the membrane. May anchor the kinase to cytoskeletal and/or organelle-associated proteins (By similarity). Belongs to the WD repeat neurobeachin family.
NCAPH2	312	9606.ENSP00000299821	9606	Homo sapiens	NCAPH2	Condensin-2 complex subunit H2; Regulatory subunit of the condensin-2 complex, a complex that seems to provide chromosomes with an additional level of organization and rigidity and in establishing mitotic chromosome architecture. May promote the resolution of double-strand DNA catenanes (intertwines) between sister chromatids. Condensin-mediated compaction likely increases tension in catenated sister chromatids, providing directionality for type II topoisomerase-mediated strand exchanges toward chromatid decatenation. Required for decatenation of chromatin bridges at anaphase. Early in [...] 
NCKAP1	313	9606.ENSP00000354251	9606	Homo sapiens	NCKAP1	Nck-associated protein 1; Part of the WAVE complex that regulates lamellipodia formation. The WAVE complex regulates actin filament reorganization via its interaction with the Arp2/3 complex. Actin remodeling activity is regulated by RAC1. As component of the WAVE1 complex, required for BDNF-NTRK2 endocytic trafficking and signaling from early endosomes.
NCKAP5	314	9606.ENSP00000387128	9606	Homo sapiens	NCKAP5	NCK associated protein 5.
NCOA1	315	9606.ENSP00000385216	9606	Homo sapiens	NCOA1	Nuclear receptor coactivator 1; Nuclear receptor coactivator that directly binds nuclear receptors and stimulates the transcriptional activities in a hormone- dependent fashion. Involved in the coactivation of different nuclear receptors, such as for steroids (PGR, GR and ER), retinoids (RXRs), thyroid hormone (TRs) and prostanoids (PPARs). Also involved in coactivation mediated by STAT3, STAT5A, STAT5B and STAT6 transcription factors. Displays histone acetyltransferase activity toward H3 and H4; the relevance of such activity remains however unclear. Plays a central role in creating m [...] 
NCOR1	316	9606.ENSP00000268712	9606	Homo sapiens	NCOR1	Nuclear receptor corepressor 1; Mediates transcriptional repression by certain nuclear receptors. Part of a complex which promotes histone deacetylation and the formation of repressive chromatin structures which may impede the access of basal transcription factors. Participates in the transcriptional repressor activity produced by BCL6. Recruited by ZBTB7A to the androgen response elements/ARE on target genes, negatively regulates androgen receptor signaling and androgen-induced cell proliferation. Mediates the NR1D1-dependent repression and circadian regulation of TSHB expression (By  [...] 
NDUFA5	317	9606.ENSP00000417142	9606	Homo sapiens	NDUFA5	NADH dehydrogenase [ubiquinone] 1 alpha subcomplex subunit 5; Accessory subunit of the mitochondrial membrane respiratory chain NADH dehydrogenase (Complex I), that is believed not to be involved in catalysis. Complex I functions in the transfer of electrons from NADH to the respiratory chain. The immediate electron acceptor for the enzyme is believed to be ubiquinone.
NEDD4	318	9606.ENSP00000424827	9606	Homo sapiens	NEDD4	E3 ubiquitin-protein ligase NEDD4; E3 ubiquitin-protein ligase which accepts ubiquitin from an E2 ubiquitin-conjugating enzyme in the form of a thioester and then directly transfers the ubiquitin to targeted substrates. Specifically ubiquitinates 'Lys-63' in target proteins. Involved in the pathway leading to the degradation of VEGFR-2/KDFR, independently of its ubiquitin-ligase activity. Monoubiquitinates IGF1R at multiple sites, thus leading to receptor internalization and degradation in lysosomes. Ubiquitinates FGFR1, leading to receptor internalization and degradation in lysosomes. [...] 
NEGR1	319	9606.ENSP00000350364	9606	Homo sapiens	NEGR1	Neuronal growth regulator 1; May be involved in cell-adhesion. May function as a trans- neural growth-promoting factor in regenerative axon sprouting in the mammalian brain (By similarity); Belongs to the immunoglobulin superfamily. IgLON family.
NEO1	320	9606.ENSP00000341198	9606	Homo sapiens	NEO1	Neogenin; Multi-functional cell surface receptor regulating cell adhesion in many diverse developmental processes, including neural tube and mammary gland formation, myogenesis and angiogenesis. Receptor for members of the BMP, netrin, and repulsive guidance molecule (RGM) families. Netrin-Neogenin interactions result in a chemoattractive axon guidance response and cell-cell adhesion, the interaction between NEO1/Neogenin and RGMa and RGMb induces a chemorepulsive response. Belongs to the immunoglobulin superfamily. DCC family.
NEXMIF	321	9606.ENSP00000055682	9606	Homo sapiens	NEXMIF	Neurite extension and migration factor; Involved in neurite outgrowth by regulating cell-cell adhesion via the N-cadherin signaling pathway. May act by regulating expression of protein-coding genes, such as N-cadherins and integrin beta-1 (ITGB1).
NF1	322	9606.ENSP00000351015	9606	Homo sapiens	NF1	Neurofibromin truncated; Stimulates the GTPase activity of Ras. NF1 shows greater affinity for Ras GAP, but lower specific activity. May be a regulator of Ras activity.
NFE2L3	323	9606.ENSP00000056233	9606	Homo sapiens	NFE2L3	Nuclear factor erythroid 2-related factor 3; Activates erythroid-specific, globin gene expression.
NFIA	324	9606.ENSP00000360231	9606	Homo sapiens	NFIA	Nuclear factor 1 A-type; Recognizes and binds the palindromic sequence 5'- TTGGCNNNNNGCCAA-3' present in viral and cellular promoters and in the origin of replication of adenovirus type 2. These proteins are individually capable of activating transcription and replication.
NFIB	325	9606.ENSP00000370340	9606	Homo sapiens	NFIB	Nuclear factor 1 B-type; Transcriptional activator of GFAP, essential for proper brain development. Recognizes and binds the palindromic sequence 5'-TTGGCNNNNNGCCAA-3' present in viral and cellular promoters and in the origin of replication of adenovirus type 2. These proteins are individually capable of activating transcription and replication. Belongs to the CTF/NF-I family.
NFIX	326	9606.ENSP00000380781	9606	Homo sapiens	NFIX	Nuclear factor 1 X-type; Recognizes and binds the palindromic sequence 5'- TTGGCNNNNNGCCAA-3' present in viral and cellular promoters and in the origin of replication of adenovirus type 2. These proteins are individually capable of activating transcription and replication; Belongs to the CTF/NF-I family.
NINL	327	9606.ENSP00000278886	9606	Homo sapiens	NINL	Ninein-like protein; Involved in the microtubule organization in interphase cells. Overexpression induces the fragmentation of the Golgi, and causes lysosomes to disperse toward the cell periphery; it also interferes with mitotic spindle assembly. May play a role in ovarian carcinogenesis.
NIPA1	328	9606.ENSP00000337452	9606	Homo sapiens	NIPA1	Magnesium transporter NIPA1; Acts as a Mg(2+) transporter. Can also transport other divalent cations such as Fe(2+), Sr(2+), Ba(2+), Mn(2+) and Co(2+) but to a much less extent than Mg(2+) (By similarity); Belongs to the NIPA family.
NIPA2	329	9606.ENSP00000337618	9606	Homo sapiens	NIPA2	Magnesium transporter NIPA2; Acts as a selective Mg(2+) transporter; Belongs to the NIPA family.
NIPBL	330	9606.ENSP00000282516	9606	Homo sapiens	NIPBL	Nipped-B-like protein; Plays an important role in the loading of the cohesin complex on to DNA. Forms a heterodimeric complex (also known as cohesin loading complex) with MAU2/SCC4 which mediates the loading of the cohesin complex onto chromatin. Plays a role in cohesin loading at sites of DNA damage. Its recruitment to double- strand breaks (DSBs) sites occurs in a CBX3-, RNF8- and RNF168- dependent manner whereas its recruitment to UV irradiation-induced DNA damage sites occurs in a ATM-, ATR-, RNF8- and RNF168-dependent manner. Along with ZNF609, promotes cortical neuron migration d [...] 
NKX2-2	331	9606.ENSP00000366347	9606	Homo sapiens	NKX2-2	Homeobox protein Nkx-2.2; Transcriptional activator involved in the development of insulin-producting beta cells in the endocrine pancreas (By similarity). May also be involved in specifying diencephalic neuromeric boundaries, and in controlling the expression of genes that play a role in axonal guidance. Binds to elements within the NEUROD1 promoter (By similarity); Belongs to the NK-2 homeobox family.
NLGN1	332	9606.ENSP00000392500	9606	Homo sapiens	NLGN1	Neuroligin-1; Cell surface protein involved in cell-cell-interactions via its interactions with neurexin family members. Plays a role in synapse function and synaptic signal transmission, and probably mediates its effects by recruiting and clustering other synaptic proteins. May promote the initial formation of synapses, but is not essential for this. In vitro, triggers the de novo formation of presynaptic structures. May be involved in specification of excitatory synapses. Required to maintain wakefulness quality and normal synchrony of cerebral cortex activity during wakefulness and sleep.
NLGN2	333	9606.ENSP00000305288	9606	Homo sapiens	NLGN2	Neuroligin-2; Transmembrane scaffolding protein involved in cell-cell interactions via its interactions with neurexin family members. Mediates cell-cell interactions both in neurons and in other types of cells, such as Langerhans beta cells. Plays a role in synapse function and synaptic signal transmission, especially via gamma-aminobutyric acid receptors (GABA(A) receptors). Functions by recruiting and clustering synaptic proteins. Promotes clustering of postsynaptic GABRG2 and GPHN. Promotes clustering of postsynaptic LHFPL4 (By similarity). Modulates signaling by inhibitory synapses [...] 
NLGN3	334	9606.ENSP00000351591	9606	Homo sapiens	NLGN3	Neuroligin-3; Cell surface protein involved in cell-cell-interactions via its interactions with neurexin family members. Plays a role in synapse function and synaptic signal transmission, and may mediate its effects by clustering other synaptic proteins. May promote the initial formation of synapses, but is not essential for this. May also play a role in glia-glia or glia-neuron interactions in the developing peripheral nervous system (By similarity); Belongs to the type-B carboxylesterase/lipase family.
NLGN4X	335	9606.ENSP00000370483	9606	Homo sapiens	NLGN4X	Neuroligin-4, X-linked; Putative neuronal cell surface protein involved in cell-cell- interactions; Belongs to the type-B carboxylesterase/lipase family.
NLGN4Y	336	9606.ENSP00000348169	9606	Homo sapiens	NLGN4Y	Neuroligin-4, Y-linked; Putative neuronal cell surface protein involved in cell-cell- interactions.
NMT1	337	9606.ENSP00000468424	9606	Homo sapiens	NMT1	Glycylpeptide N-tetradecanoyltransferase 1; Adds a myristoyl group to the N-terminal glycine residue of certain cellular and viral proteins. Belongs to the NMT family.
NOTCH1	338	9606.ENSP00000498587	9606	Homo sapiens	NOTCH1	Neurogenic locus notch homolog protein 1; Functions as a receptor for membrane-bound ligands Jagged-1 (JAG1), Jagged-2 (JAG2) and Delta-1 (DLL1) to regulate cell-fate determination. Upon ligand activation through the released notch intracellular domain (NICD) it forms a transcriptional activator complex with RBPJ/RBPSUH and activates genes of the enhancer of split locus. Affects the implementation of differentiation, proliferation and apoptotic programs. Involved in angiogenesis; negatively regulates endothelial cell proliferation and migration and angiogenic sprouting. Involved in the [...] 
NOVA2	339	9606.ENSP00000263257	9606	Homo sapiens	NOVA2	RNA-binding protein Nova-2; May regulate RNA splicing or metabolism in a specific subset of developing neurons (By similarity). Binds single strand RNA.
NPAS2	340	9606.ENSP00000338283	9606	Homo sapiens	NPAS2	Neuronal PAS domain-containing protein 2; Transcriptional activator which forms a core component of the circadian clock. The circadian clock, an internal time-keeping system, regulates various physiological processes through the generation of approximately 24 hour circadian rhythms in gene expression, which are translated into rhythms in metabolism and behavior. It is derived from the Latin roots 'circa' (about) and 'diem' (day) and acts as an important regulator of a wide array of physiological functions including metabolism, sleep, body temperature, blood pressure, endocrine, immune, [...] 
NPAS3	341	9606.ENSP00000348460	9606	Homo sapiens	NPAS3	Neuronal PAS domain-containing protein 3; May play a broad role in neurogenesis. May control regulatory pathways relevant to schizophrenia and to psychotic illness (By similarity).
NPFFR2	342	9606.ENSP00000307822	9606	Homo sapiens	NPFFR2	Neuropeptide FF receptor 2; Receptor for NPAF (A-18-F-amide) and NPFF (F-8-F-amide) neuropeptides, also known as morphine-modulating peptides. Can also be activated by a variety of naturally occurring or synthetic FMRF-amide like ligands. This receptor mediates its action by association with G proteins that activate a phosphatidylinositol-calcium second messenger system.
NPTN	343	9606.ENSP00000290401	9606	Homo sapiens	NPTN	Neuroplastin; Probable homophilic and heterophilic cell adhesion molecule involved in long term potentiation at hippocampal excitatory synapses through activation of p38MAPK. May also regulate neurite outgrowth by activating the FGFR1 signaling pathway. May play a role in synaptic plasticity (By similarity).
NR1D1	344	9606.ENSP00000246672	9606	Homo sapiens	NR1D1	Nuclear receptor subfamily 1 group D member 1; Transcriptional repressor which coordinates circadian rhythm and metabolic pathways in a heme-dependent manner. Integral component of the complex transcription machinery that governs circadian rhythmicity and forms a critical negative limb of the circadian clock by directly repressing the expression of core clock components ARTNL/BMAL1, CLOCK and CRY1. Also regulates genes involved in metabolic functions, including lipid and bile acid metabolism, adipogenesis, gluconeogenesis and the macrophage inflammatory response. Acts as a receptor for [...] 
NR2F1	345	9606.ENSP00000325819	9606	Homo sapiens	NR2F1	COUP transcription factor 1; Coup (chicken ovalbumin upstream promoter) transcription factor binds to the ovalbumin promoter and, in conjunction with another protein (S300-II) stimulates initiation of transcription. Binds to both direct repeats and palindromes of the 5'-AGGTCA-3' motif. Represses transcriptional activity of LHCG.
NR3C2	346	9606.ENSP00000350815	9606	Homo sapiens	NR3C2	Mineralocorticoid receptor; Receptor for both mineralocorticoids (MC) such as aldosterone and glucocorticoids (GC) such as corticosterone or cortisol. Binds to mineralocorticoid response elements (MRE) and transactivates target genes. The effect of MC is to increase ion and water transport and thus raise extracellular fluid volume and blood pressure and lower potassium levels; Belongs to the nuclear hormone receptor family. NR3 subfamily.
NR4A2	347	9606.ENSP00000344479	9606	Homo sapiens	NR4A2	Nuclear receptor subfamily 4 group A member 2; Transcriptional regulator which is important for the differentiation and maintenance of meso-diencephalic dopaminergic (mdDA) neurons during development. It is crucial for expression of a set of genes such as SLC6A3, SLC18A2, TH and DRD2 which are essential for development of mdDA neurons (By similarity); Belongs to the nuclear hormone receptor family. NR4 subfamily.
NRCAM	348	9606.ENSP00000368314	9606	Homo sapiens	NRCAM	Neuronal cell adhesion molecule; Cell adhesion protein that is required for normal responses to cell-cell contacts in brain and in the peripheral nervous system. Plays a role in neurite outgrowth in response to contactin binding. Plays a role in mediating cell-cell contacts between Schwann cells and axons. Plays a role in the formation and maintenance of the nodes of Ranvier on myelinated axons. Nodes of Ranvier contain clustered sodium channels that are crucial for the saltatory propagation of action potentials along myelinated axons. During development, nodes of Ranvier are formed by [...] 
NRP2	349	9606.ENSP00000353582	9606	Homo sapiens	NRP2	Neuropilin-2; High affinity receptor for semaphorins 3C, 3F, VEGF-165 and VEGF-145 isoforms of VEGF, and the PLGF-2 isoform of PGF.
NRXN1	350	9606.ENSP00000385142	9606	Homo sapiens	NRXN1	Neurexin-1; Cell surface protein involved in cell-cell-interactions, exocytosis of secretory granules and regulation of signal transmission. Function is isoform-specific. Alpha-type isoforms have a long N- terminus with six laminin G-like domains and play an important role in synaptic signal transmission. Alpha-type isoforms play a role in the regulation of calcium channel activity and Ca(2+)-triggered neurotransmitter release at synapses and at neuromuscular junctions. They play an important role in Ca(2+)-triggered exocytosis of secretory granules in pituitary gland. They may effect  [...] 
NRXN2	351	9606.ENSP00000265459	9606	Homo sapiens	NRXN2	Neurexin-2; Neuronal cell surface protein that may be involved in cell recognition and cell adhesion. May mediate intracellular signaling.
NRXN3	352	9606.ENSP00000489551	9606	Homo sapiens	NRXN3	Neurexin-3; Neuronal cell surface protein that may be involved in cell recognition and cell adhesion. May mediate intracellular signaling.
NSD1	353	9606.ENSP00000395929	9606	Homo sapiens	NSD1	Histone-lysine N-methyltransferase, H3 lysine-36 specific; Histone methyltransferase that dimethylates Lys-36 of histone H3 (H3K36me2). Transcriptional intermediary factor capable of both negatively or positively influencing transcription, depending on the cellular context.
NSD2	354	9606.ENSP00000372351	9606	Homo sapiens	NSD2	Histone-lysine N-methyltransferase NSD2; Histone methyltransferase with histone H3 'Lys-27' (H3K27me) methyltransferase activity forming trimethylated 'Lys-27' (H3K27me3). Isoform 2 may act as a transcription regulator that binds DNA and suppresses IL5 transcription through HDAC recruitment.
NSMCE3	355	9606.ENSP00000330694	9606	Homo sapiens	NSMCE3	Non-structural maintenance of chromosomes element 3 homolog; Component of the SMC5-SMC6 complex, a complex involved in repair of DNA double-strand breaks by homologous recombination. The complex may promote sister chromatid homologous recombination by recruiting the SMC1-SMC3 cohesin complex to double-strand breaks. The complex is required for telomere maintenance via recombination in ALT (alternative lengthening of telomeres) cell lines and mediates sumoylation of shelterin complex (telosome) components which is proposed to lead to shelterin complex disassembly in ALT-associated PML b [...] 
NTNG1	356	9606.ENSP00000359085	9606	Homo sapiens	NTNG1	Netrin-G1; Involved in controlling patterning and neuronal circuit formation at the laminar, cellular, subcellular and synaptic levels. Promotes neurite outgrowth of both axons and dendrites.
NTNG2	357	9606.ENSP00000376921	9606	Homo sapiens	NTNG2	Netrin-G2; Involved in controlling patterning and neuronal circuit formation at the laminar, cellular, subcellular and synaptic levels. Promotes neurite outgrowth of both axons and dendrites.
NTRK1	358	9606.ENSP00000431418	9606	Homo sapiens	NTRK1	High affinity nerve growth factor receptor; Receptor tyrosine kinase involved in the development and the maturation of the central and peripheral nervous systems through regulation of proliferation, differentiation and survival of sympathetic and nervous neurons. High affinity receptor for NGF which is its primary ligand. Can also bind and be activated by NTF3/neurotrophin- 3. However, NTF3 only supports axonal extension through NTRK1 but has no effect on neuron survival (By similarity). Upon dimeric NGF ligand- binding, undergoes homodimerization, autophosphorylation and activation. R [...] 
NTRK2	359	9606.ENSP00000277120	9606	Homo sapiens	NTRK2	BDNF/NT-3 growth factors receptor; Receptor tyrosine kinase involved in the development and the maturation of the central and the peripheral nervous systems through regulation of neuron survival, proliferation, migration, differentiation, and synapse formation and plasticity (By similarity). Receptor for BDNF/brain-derived neurotrophic factor and NTF4/neurotrophin-4. Alternatively can also bind NTF3/neurotrophin-3 which is less efficient in activating the receptor but regulates neuron survival through NTRK2. Upon ligand- binding, undergoes homodimerization, autophosphorylation and acti [...] 
NTRK3	360	9606.ENSP00000354207	9606	Homo sapiens	NTRK3	NT-3 growth factor receptor; Receptor tyrosine kinase involved in nervous system and probably heart development. Upon binding of its ligand NTF3/neurotrophin-3, NTRK3 autophosphorylates and activates different signaling pathways, including the phosphatidylinositol 3-kinase/AKT and the MAPK pathways, that control cell survival and differentiation.
NUAK1	361	9606.ENSP00000261402	9606	Homo sapiens	NUAK1	NUAK family SNF1-like kinase 1; Serine/threonine-protein kinase involved in various processes such as cell adhesion, regulation of cell ploidy and senescence, cell proliferation and tumor progression. Phosphorylates ATM, CASP6, LATS1, PPP1R12A and p53/TP53. Acts as a regulator of cellular senescence and cellular ploidy by mediating phosphorylation of 'Ser-464' of LATS1, thereby controlling its stability. Controls cell adhesion by regulating activity of the myosin protein phosphatase 1 (PP1) complex. Acts by mediating phosphorylation of PPP1R12A subunit of myosin PP1: phosphorylated PPP [...] 
NUCLEOLIN	362	9606.ENSP00000318195	9606	Homo sapiens	NCL	Nucleolin; Nucleolin is the major nucleolar protein of growing eukaryotic cells. It is found associated with intranucleolar chromatin and pre-ribosomal particles. It induces chromatin decondensation by binding to histone H1. It is thought to play a role in pre-rRNA transcription and ribosome assembly. May play a role in the process of transcriptional elongation. Binds RNA oligonucleotides with 5'-UUAGGG- 3' repeats more tightly than the telomeric single-stranded DNA 5'- TTAGGG-3' repeats.
NUDCD2	363	9606.ENSP00000304854	9606	Homo sapiens	NUDCD2	NudC domain-containing protein 2; May regulate the LIS1/dynein pathway by stabilizing LIS1 with Hsp90 chaperone.
NUP133	364	9606.ENSP00000261396	9606	Homo sapiens	NUP133	Nuclear pore complex protein Nup133; Involved in poly(A)+ RNA transport. Involved in nephrogenesis.
NUP155	365	9606.ENSP00000231498	9606	Homo sapiens	NUP155	Nuclear pore complex protein Nup155; Essential component of nuclear pore complex. Could be essessential for embryogenesis. Nucleoporins may be involved both in binding and translocating proteins during nucleocytoplasmic transport.
NXF1	366	9606.ENSP00000436679	9606	Homo sapiens	NXF1	Nuclear RNA export factor 1; Involved in the nuclear export of mRNA species bearing retroviral constitutive transport elements (CTE) and in the export of mRNA from the nucleus to the cytoplasm (TAP/NFX1 pathway). The NXF1-NXT1 heterodimer is involved in the export of HSP70 mRNA in conjunction with ALYREF/THOC4 and THOC5 components of the TREX complex. ALYREF/THOC4-bound mRNA is thought to be transferred to the NXF1-NXT1 heterodimer for export. Also involved in nuclear export of m6A-containing mRNAs: interaction between SRSF3 and YTHDC1 facilitates m6A-containing mRNA-binding to both SR [...] 
NXPH1	367	9606.ENSP00000384551	9606	Homo sapiens	NXPH1	Neurexophilin-1; May be signaling molecules that resemble neuropeptides and that act by binding to alpha-neurexins and possibly other receptors. Belongs to the neurexophilin family.
OCRL	368	9606.ENSP00000360154	9606	Homo sapiens	OCRL	Inositol polyphosphate 5-phosphatase OCRL; Catalyzes the hydrolysis of the 4-position phosphate of phosphatidylinositol 4,5-bisphosphate (PtdIns(4,5)P2) and phosphatidylinositol-3,4,5-bisphosphate (PtdIns(3,4,5)P3), with the greatest catalytic activity towards PtdIns(4,5)P2. Able also to hydrolyzes the 4-phosphate of inositol 1,4,5-trisphosphate and of inositol 1,3,4,5-tetrakisphosphate. Regulates traffic in the endosomal pathway by regulating the specific pool of phosphatidylinositol 4,5-bisphosphate that is associated with endosomes. Involved in primary cilia assembly. Acts as a regu [...] 
OFD1	369	9606.ENSP00000344314	9606	Homo sapiens	OFD1	Oral-facial-digital syndrome 1 protein; Component of the centrioles controlling mother and daughter centrioles length. Recruits to the centriole IFT88 and centriole distal appendage-specific proteins including CEP164. Involved in the biogenesis of the cilium, a centriole-associated function. The cilium is a cell surface projection found in many vertebrate cells required to transduce signals important for development and tissue homeostasis. Plays an important role in development by regulating Wnt signaling and the specification of the left-right axis. Only OFD1 localized at the centriol [...] 
OPHN1	370	9606.ENSP00000347710	9606	Homo sapiens	OPHN1	Oligophrenin-1; Stimulates GTP hydrolysis of members of the Rho family. Its action on RHOA activity and signaling is implicated in growth and stabilization of dendritic spines, and therefore in synaptic function. Critical for the stabilization of AMPA receptors at postsynaptic sites. Critical for the regulation of synaptic vesicle endocytosis at presynaptic terminals. Required for the localization of NR1D1 to dendrites, can suppress its repressor activity and protect it from proteasomal degradation (By similarity).
OR1C1	371	9606.ENSP00000493457	9606	Homo sapiens	OR1C1	Olfactory receptor 1C1; Odorant receptor; Belongs to the G-protein coupled receptor 1 family.
OR2M4	372	9606.ENSP00000492992	9606	Homo sapiens	OR2M4	Olfactory receptor 2M4; Odorant receptor; Belongs to the G-protein coupled receptor 1 family.
OR2T10	373	9606.ENSP00000493236	9606	Homo sapiens	OR2T10	Olfactory receptor 2T10; Odorant receptor; Belongs to the G-protein coupled receptor 1 family.
OR52M1	374	9606.ENSP00000353343	9606	Homo sapiens	OR52M1	Olfactory receptor 52M1; Odorant receptor; Belongs to the G-protein coupled receptor 1 family.
OTUD7A	375	9606.ENSP00000305926	9606	Homo sapiens	OTUD7A	OTU domain-containing protein 7A; Has deubiquitinating activity towards 'Lys-11'-linked polyubiquitin chains; Belongs to the peptidase C64 family.
OTULIN	376	9606.ENSP00000284274	9606	Homo sapiens	OTULIN	Ubiquitin thioesterase otulin; Deubiquitinase that specifically removes linear ('Met-1'- linked) polyubiquitin chains to substrates and acts as a regulator of angiogenesis and innate immune response. Required during angiogenesis, craniofacial and neuronal development by regulating the canonical Wnt signaling together with the LUBAC complex. Acts as a negative regulator of NF-kappa-B by regulating the activity of the LUBAC complex. OTULIN function is mainly restricted to homeostasis of the LUBAC complex: acts by removing 'Met- 1'-linked autoubiquitination of the LUBAC complex, thereby p [...] 
OTX1	377	9606.ENSP00000355631	9606	Homo sapiens	OTX1	Homeobox protein OTX1; Probably plays a role in the development of the brain and the sense organs. Can bind to the BCD target sequence (BTS): 5'-TCTAATCCC- 3'.
OXT	378	9606.ENSP00000217386	9606	Homo sapiens	OXT	Oxytocin-neurophysin 1; Neurophysin 1 specifically binds oxytocin.
OXTR	379	9606.ENSP00000324270	9606	Homo sapiens	OXTR	Oxytocin receptor; Receptor for oxytocin. The activity of this receptor is mediated by G proteins which activate a phosphatidylinositol-calcium second messenger system; Belongs to the G-protein coupled receptor 1 family. Vasopressin/oxytocin receptor subfamily.
P2RX5	380	9606.ENSP00000225328	9606	Homo sapiens	P2RX5	P2X purinoceptor 5; Receptor for ATP that acts as a ligand-gated ion channel; Belongs to the P2X receptor family.
P4HA2	381	9606.ENSP00000384999	9606	Homo sapiens	P4HA2	Prolyl 4-hydroxylase subunit alpha-2; Catalyzes the post-translational formation of 4- hydroxyproline in -Xaa-Pro-Gly- sequences in collagens and other proteins.
PABPC1	382	9606.ENSP00000313007	9606	Homo sapiens	PABPC1	Polyadenylate-binding protein 1; Binds the poly(A) tail of mRNA, including that of its own transcript, and regulates processes of mRNA metabolism such as pre-mRNA splicing and mRNA stability. Its function in translational initiation regulation can either be enhanced by PAIP1 or repressed by PAIP2. Can probably bind to cytoplasmic RNA sequences other than poly(A) in vivo. Involved in translationally coupled mRNA turnover. Implicated with other RNA-binding proteins in the cytoplasmic deadenylation/translational and decay interplay of the FOS mRNA mediated by the major coding-region deter [...] 
PACS1	383	9606.ENSP00000316454	9606	Homo sapiens	PACS1	Phosphofurin acidic cluster sorting protein 1; Coat protein that is involved in the localization of trans- Golgi network (TGN) membrane proteins that contain acidic cluster sorting motifs. Controls the endosome-to-Golgi trafficking of furin and mannose-6-phosphate receptor by connecting the acidic-cluster- containing cytoplasmic domain of these molecules with the adapter- protein complex-1 (AP-1) of endosomal clathrin-coated membrane pits. Involved in HIV-1 nef-mediated removal of MHC-I from the cell surface to the TGN; Belongs to the PACS family.
PACS2	384	9606.ENSP00000393559	9606	Homo sapiens	PACS2	Phosphofurin acidic cluster sorting protein 2; Multifunctional sorting protein that controls the endoplasmic reticulum (ER)-mitochondria communication, including the apposition of mitochondria with the ER and ER homeostasis. In addition, in response to apoptotic inducer, translocates BIB to mitochondria, which initiates a sequence of events including the formation of mitochondrial truncated BID, the release of cytochrome c, the activation of caspase-3 thereby causing cell death. May also be involved in ion channel trafficking, directing acidic cluster-containing ion channels to distinc [...] 
PAFAH1B2	385	9606.ENSP00000435289	9606	Homo sapiens	PAFAH1B2	Platelet-activating factor acetylhydrolase IB subunit beta; Inactivates PAF by removing the acetyl group at the sn-2 position. This is a catalytic subunit.
PAH	386	9606.ENSP00000448059	9606	Homo sapiens	PAH	Phenylalanine-4-hydroxylase; Catalyzes the hydroxylation of L-phenylalanine to L-tyrosine. Belongs to the biopterin-dependent aromatic amino acid hydroxylase family.
PAK1	387	9606.ENSP00000278568	9606	Homo sapiens	PAK1	Serine/threonine-protein kinase PAK 1; Protein kinase involved in intracellular signaling pathways downstream of integrins and receptor-type kinases that plays an important role in cytoskeleton dynamics, in cell adhesion, migration, proliferation, apoptosis, mitosis, and in vesicle-mediated transport processes. Can directly phosphorylate BAD and protects cells against apoptosis. Activated by interaction with CDC42 and RAC1. Functions as GTPase effector that links the Rho-related GTPases CDC42 and RAC1 to the JNK MAP kinase pathway. Phosphorylates and activates MAP2K1, and thereby media [...] 
PAK2	388	9606.ENSP00000314067	9606	Homo sapiens	PAK2	Serine/threonine-protein kinase PAK 2; Serine/threonine protein kinase that plays a role in a variety of different signaling pathways including cytoskeleton regulation, cell motility, cell cycle progression, apoptosis or proliferation. Acts as downstream effector of the small GTPases CDC42 and RAC1. Activation by the binding of active CDC42 and RAC1 results in a conformational change and a subsequent autophosphorylation on several serine and/or threonine residues. Full-length PAK2 stimulates cell survival and cell growth. Phosphorylates MAPK4 and MAPK6 and activates the downstream targ [...] 
PAPOLG	389	9606.ENSP00000238714	9606	Homo sapiens	PAPOLG	Poly(A) polymerase gamma; Responsible for the post-transcriptional adenylation of the 3'-terminal of mRNA precursors and several small RNAs including signal recognition particle (SRP) RNA, nuclear 7SK RNA, U2 small nuclear RNA, and ribosomal 5S RNA.
PARD3B	390	9606.ENSP00000385848	9606	Homo sapiens	PARD3B	Partitioning defective 3 homolog B; Putative adapter protein involved in asymmetrical cell division and cell polarization processes. May play a role in the formation of epithelial tight junctions; Belongs to the PAR3 family.
PATJ	391	9606.ENSP00000494277	9606	Homo sapiens	PATJ	InaD-like protein; Scaffolding protein that may bring different proteins into adjacent positions at the cell membrane (Probable). May regulate protein targeting, cell polarity and integrity of tight junctions. May regulate the surface expression and/or function of ASIC3 in sensory neurons (By similarity). May recruit ARHGEF18 to apical cell-cell boundaries.
PAX5	392	9606.ENSP00000350844	9606	Homo sapiens	PAX5	Paired box protein Pax-5; May play an important role in B-cell differentiation as well as neural development and spermatogenesis. Involved in the regulation of the CD19 gene, a B-lymphoid-specific target gene.
PAX6	393	9606.ENSP00000492024	9606	Homo sapiens	PAX6	Paired box protein Pax-6; Transcription factor with important functions in the development of the eye, nose, central nervous system and pancreas. Required for the differentiation of pancreatic islet alpha cells (By similarity). Competes with PAX4 in binding to a common element in the glucagon, insulin and somatostatin promoters. Regulates specification of the ventral neuron subtypes by establishing the correct progenitor domains (By similarity). Isoform 5a appears to function as a molecular switch that specifies target genes; Belongs to the paired homeobox family.
PBX1	394	9606.ENSP00000405890	9606	Homo sapiens	PBX1	Pre-B-cell leukemia transcription factor 1; Binds the sequence 5'-ATCAATCAA-3'. Acts as a transcriptional activator of PF4 in complex with MEIS1. Converted into a potent transcriptional activator by the (1;19) translocation. May have a role in steroidogenesis and, subsequently, sexual development and differentiation. Isoform PBX1b as part of a PDX1:PBX1b:MEIS2b complex in pancreatic acinar cells is involved in the transcriptional activation of the ELA1 enhancer; the complex binds to the enhancer B element and cooperates with the transcription factor 1 complex (PTF1) bound to the enhanc [...] 
PC	395	9606.ENSP00000498994	9606	Homo sapiens	PC	Pyruvate carboxylase, mitochondrial; Pyruvate carboxylase catalyzes a 2-step reaction, involving the ATP-dependent carboxylation of the covalently attached biotin in the first step and the transfer of the carboxyl group to pyruvate in the second. Catalyzes in a tissue specific manner, the initial reactions of glucose (liver, kidney) and lipid (adipose tissue, liver, brain) synthesis from pyruvate.
PCCA	396	9606.ENSP00000365462	9606	Homo sapiens	PCCA	Propionyl-CoA carboxylase alpha chain, mitochondrial; This is one of the 2 subunits of the biotin-dependent propionyl-CoA carboxylase (PCC), a mitochondrial enzyme involved in the catabolism of odd chain fatty acids, branched-chain amino acids isoleucine, threonine, methionine, and valine and other metabolites. Propionyl-CoA carboxylase catalyzes the carboxylation of propionyl-CoA/propanoyl-CoA to D-methylmalonyl- CoA/(S)-methylmalonyl-CoA. Within the holoenzyme, the alpha subunit catalyzes the ATP-dependent carboxylation of the biotin carried by the biotin carboxyl carrier (BCC) domai [...] 
PCCB	397	9606.ENSP00000419027	9606	Homo sapiens	PCCB	Propionyl-CoA carboxylase beta chain, mitochondrial; This is one of the 2 subunits of the biotin-dependent propionyl-CoA carboxylase (PCC), a mitochondrial enzyme involved in the catabolism of odd chain fatty acids, branched-chain amino acids isoleucine, threonine, methionine, and valine and other metabolites. Propionyl-CoA carboxylase catalyzes the carboxylation of propionyl-CoA/propanoyl-CoA to D-methylmalonyl- CoA/(S)-methylmalonyl-CoA. Within the holoenzyme, the alpha subunit catalyzes the ATP-dependent carboxylation of the biotin carried by the biotin carboxyl carrier (BCC) domain [...] 
PCDH10	398	9606.ENSP00000264360	9606	Homo sapiens	PCDH10	Protocadherin-10; Potential calcium-dependent cell-adhesion protein.
PCDH11X	399	9606.ENSP00000362186	9606	Homo sapiens	PCDH11X	Protocadherin-11 X-linked; Potential calcium-dependent cell-adhesion protein.
PCDH15	0	9606.ENSP00000363068	9606	Homo sapiens	PCDH15	Protocadherin-15; Calcium-dependent cell-adhesion protein. Essential for maintenance of normal retinal and cochlear function.
PCDH19	1	9606.ENSP00000362125	9606	Homo sapiens	PCDH19	Protocadherin-19; Potential calcium-dependent cell-adhesion protein.
PCDH9	2	9606.ENSP00000367096	9606	Homo sapiens	PCDH9	Protocadherin-9; Potential calcium-dependent cell-adhesion protein.
PCDHA1	3	9606.ENSP00000420840	9606	Homo sapiens	PCDHA1	Protocadherin alpha-1; Potential calcium-dependent cell-adhesion protein. May be involved in the establishment and maintenance of specific neuronal connections in the brain.
PCDHA10	4	9606.ENSP00000304234	9606	Homo sapiens	PCDHA10	Protocadherin alpha-10; Potential calcium-dependent cell-adhesion protein. May be involved in the establishment and maintenance of specific neuronal connections in the brain.
PCDHA11	5	9606.ENSP00000381636	9606	Homo sapiens	PCDHA11	Protocadherin alpha-11; Potential calcium-dependent cell-adhesion protein. May be involved in the establishment and maintenance of specific neuronal connections in the brain.
PCDHA12	6	9606.ENSP00000381628	9606	Homo sapiens	PCDHA12	Protocadherin alpha-12; Potential calcium-dependent cell-adhesion protein. May be involved in the establishment and maintenance of specific neuronal connections in the brain.
PCDHA13	7	9606.ENSP00000289272	9606	Homo sapiens	PCDHA13	Protocadherin alpha-13; Potential calcium-dependent cell-adhesion protein. May be involved in the establishment and maintenance of specific neuronal connections in the brain.
PCDHA2	8	9606.ENSP00000431748	9606	Homo sapiens	PCDHA2	Protocadherin alpha-2; Potential calcium-dependent cell-adhesion protein. May be involved in the establishment and maintenance of specific neuronal connections in the brain.
PCDHA3	9	9606.ENSP00000429808	9606	Homo sapiens	PCDHA3	Protocadherin alpha-3; Potential calcium-dependent cell-adhesion protein. May be involved in the establishment and maintenance of specific neuronal connections in the brain.
PCDHA4	10	9606.ENSP00000435300	9606	Homo sapiens	PCDHA4	Protocadherin alpha-4; Calcium-dependent cell-adhesion protein involved in cells self-recognition and non-self discrimination. Thereby, it is involved in the establishment and maintenance of specific neuronal connections in the brain.
PCDHA5	11	9606.ENSP00000436557	9606	Homo sapiens	PCDHA5	Protocadherin alpha-5; Potential calcium-dependent cell-adhesion protein. May be involved in the establishment and maintenance of specific neuronal connections in the brain.
PCDHA6	12	9606.ENSP00000433378	9606	Homo sapiens	PCDHA6	Protocadherin alpha-6; Potential calcium-dependent cell-adhesion protein. May be involved in the establishment and maintenance of specific neuronal connections in the brain.
PCDHA7	13	9606.ENSP00000436426	9606	Homo sapiens	PCDHA7	Protocadherin alpha-7; Calcium-dependent cell-adhesion protein involved in cells self-recognition and non-self discrimination. Thereby, it is involved in the establishment and maintenance of specific neuronal connections in the brain.
PCDHA8	14	9606.ENSP00000434655	9606	Homo sapiens	PCDHA8	Protocadherin alpha-8; Potential calcium-dependent cell-adhesion protein. May be involved in the establishment and maintenance of specific neuronal connections in the brain.
PCDHA9	15	9606.ENSP00000436042	9606	Homo sapiens	PCDHA9	Protocadherin alpha-9; Potential calcium-dependent cell-adhesion protein. May be involved in the establishment and maintenance of specific neuronal connections in the brain.
PCDHAC1	16	9606.ENSP00000253807	9606	Homo sapiens	PCDHAC1	Protocadherin alpha-C1; Potential calcium-dependent cell-adhesion protein. May be involved in the establishment and maintenance of specific neuronal connections in the brain.
PCDHAC2	17	9606.ENSP00000289269	9606	Homo sapiens	PCDHAC2	Protocadherin alpha-C2; Potential calcium-dependent cell-adhesion protein. May be involved in the establishment and maintenance of specific neuronal connections in the brain.
PCLO	18	9606.ENSP00000334319	9606	Homo sapiens	PCLO	Protein piccolo; Scaffold protein of the presynaptic cytomatrix at the active zone (CAZ) which is the place in the synapse where neurotransmitter is released (By similarity). After synthesis, participates in the formation of Golgi-derived membranous organelles termed Piccolo-Bassoon transport vesicles (PTVs) that are transported along axons to sites of nascent synaptic contacts (By similarity). At the presynaptic active zone, regulates the spatial organization of synaptic vesicle cluster, the protein complexes that execute membrane fusion and compensatory endocytosis (By similarity). O [...] 
PCM1	19	9606.ENSP00000327077	9606	Homo sapiens	PCM1	Pericentriolar material 1 protein; Required for centrosome assembly and function. Essential for the correct localization of several centrosomal proteins including CEP250, CETN3, PCNT and NEK2. Required to anchor microtubules to the centrosome. Involved in the biogenesis of cilia. Belongs to the PCM1 family.
PDCD1	20	9606.ENSP00000335062	9606	Homo sapiens	PDCD1	Programmed cell death protein 1; Inhibitory receptor on antigen activated T-cells that plays a critical role in induction and maintenance of immune tolerance to self. Delivers inhibitory signals upon binding to ligands CD274/PDCD1L1 and CD273/PDCD1LG2. Following T-cell receptor (TCR) engagement, PDCD1 associates with CD3-TCR in the immunological synapse and directly inhibits T-cell activation (By similarity). Suppresses T-cell activation through the recruitment of PTPN11/SHP-2: following ligand-binding, PDCD1 is phosphorylated within the ITSM motif, leading to the recruitment of the pr [...] 
PDE1C	21	9606.ENSP00000379496	9606	Homo sapiens	PDE1C	Calcium/calmodulin-dependent 3',5'-cyclic nucleotide phosphodiesterase 1C; Calmodulin-dependent cyclic nucleotide phosphodiesterase with a dual-specificity for the second messengers cAMP and cGMP, which are key regulators of many important physiological processes. Has a high affinity for both cAMP and cGMP. Modulates the amplitude and duration of the cAMP signal in sensory cilia in response to odorant stimulation, hence contributing to the generation of action potentials. Regulates smooth muscle cell proliferation. Regulates the stability of growth factor receptors, including PDGFRB (P [...] 
PDE3B	22	9606.ENSP00000282096	9606	Homo sapiens	PDE3B	cGMP-inhibited 3',5'-cyclic phosphodiesterase B; Cyclic nucleotide phosphodiesterase with a dual-specificity for the second messengers cAMP and cGMP, which are key regulators of many important physiological processes. May play a role in fat metabolism. Regulates cAMP binding of RAPGEF3. Through simultaneous binding to RAPGEF3 and PIK3R6 assembles a signaling complex in which the PI3K gamma complex is activated by RAPGEF3 and which is involved in angiogenesis.
PDHA1	23	9606.ENSP00000369134	9606	Homo sapiens	PDHA1	Pyruvate dehydrogenase E1 component subunit alpha, somatic form, mitochondrial; The pyruvate dehydrogenase complex catalyzes the overall conversion of pyruvate to acetyl-CoA and CO(2), and thereby links the glycolytic pathway to the tricarboxylic cycle.
PDK2	24	9606.ENSP00000420927	9606	Homo sapiens	PDK2	[Pyruvate dehydrogenase (acetyl-transferring)] kinase isozyme 2, mitochondrial; Kinase that plays a key role in the regulation of glucose and fatty acid metabolism and homeostasis via phosphorylation of the pyruvate dehydrogenase subunits PDHA1 and PDHA2. This inhibits pyruvate dehydrogenase activity, and thereby regulates metabolite flux through the tricarboxylic acid cycle, down-regulates aerobic respiration and inhibits the formation of acetyl-coenzyme A from pyruvate. Inhibition of pyruvate dehydrogenase decreases glucose utilization and increases fat metabolism. Mediates cellular  [...] 
PDZD8	25	9606.ENSP00000334642	9606	Homo sapiens	PDZD8	PDZ domain-containing protein 8; Molecular tethering protein that connects endoplasmic reticulum and mitochondria membranes. PDZD8-dependent endoplasmic reticulum-mitochondria membrane tethering is essential for endoplasmic reticulum-mitochondria Ca(2+) transfer. In neurons, involved in the regulation of dendritic Ca(2+) dynamics by regulating mitochondrial Ca(2+) uptake in neurons. Plays an indirect role in the regulation of cell morphology and cytoskeletal organization. May inhibit herpes simplex virus 1 infection at an early stage.
PEBP4	26	9606.ENSP00000256404	9606	Homo sapiens	PEBP4	Phosphatidylethanolamine-binding protein 4; Seems to promote cellular resistance to TNF-induced apoptosis by inhibiting activation of the Raf-1/MEK/ERK pathway, JNK and phosphatidylethanolamine externalization. Belongs to the phosphatidylethanolamine-binding protein family.
PER1	27	9606.ENSP00000314420	9606	Homo sapiens	PER1	Period circadian protein homolog 1; Transcriptional repressor which forms a core component of the circadian clock. The circadian clock, an internal time-keeping system, regulates various physiological processes through the generation of approximately 24 hour circadian rhythms in gene expression, which are translated into rhythms in metabolism and behavior. It is derived from the Latin roots 'circa' (about) and 'diem' (day) and acts as an important regulator of a wide array of physiological functions including metabolism, sleep, body temperature, blood pressure, endocrine, immune, cardi [...] 
PER2	28	9606.ENSP00000254657	9606	Homo sapiens	PER2	Period circadian protein homolog 2; Transcriptional repressor which forms a core component of the circadian clock. The circadian clock, an internal time-keeping system, regulates various physiological processes through the generation of approximately 24 hour circadian rhythms in gene expression, which are translated into rhythms in metabolism and behavior. It is derived from the Latin roots 'circa' (about) and 'diem' (day) and acts as an important regulator of a wide array of physiological functions including metabolism, sleep, body temperature, blood pressure, endocrine, immune, cardi [...] 
PEX7	29	9606.ENSP00000315680	9606	Homo sapiens	PEX7	Peroxisomal targeting signal 2 receptor; Binds to the N-terminal PTS2-type peroxisomal targeting signal and plays an essential role in peroxisomal protein import. Belongs to the WD repeat peroxin-7 family.
PHB1	30	9606.ENSP00000479488	9606	Homo sapiens	PHB	Prohibitin; Prohibitin inhibits DNA synthesis. It has a role in regulating proliferation. As yet it is unclear if the protein or the mRNA exhibits this effect. May play a role in regulating mitochondrial respiration activity and in aging.
PHF12	31	9606.ENSP00000329933	9606	Homo sapiens	PHF12	PHD finger protein 12; Acts as a transcriptional repressor. Involved in recruitment of functional SIN3A complexes to DNA. Represses transcription at least in part through the activity of an associated histone deacetylase (HDAC). May also repress transcription in a SIN3A-independent manner through recruitment of functional TLE5 complexes to DNA.
PHF14	32	9606.ENSP00000385795	9606	Homo sapiens	PHF14	PHD finger protein 14.
PHF2	33	9606.ENSP00000352185	9606	Homo sapiens	PHF2	Lysine-specific demethylase PHF2; Lysine demethylase that demethylates both histones and non- histone proteins. Enzymatically inactive by itself, and becomes active following phosphorylation by PKA: forms a complex with ARID5B and mediates demethylation of methylated ARID5B. Demethylation of ARID5B leads to target the PHF2-ARID5B complex to target promoters, where PHF2 mediates demethylation of dimethylated 'Lys-9' of histone H3 (H3K9me2), followed by transcription activation of target genes. The PHF2-ARID5B complex acts as a coactivator of HNF4A in liver. PHF2 is recruited to trimethy [...] 
PHF21A	34	9606.ENSP00000398824	9606	Homo sapiens	PHF21A	PHD finger protein 21A; Component of the BHC complex, a corepressor complex that represses transcription of neuron-specific genes in non-neuronal cells. The BHC complex is recruited at RE1/NRSE sites by REST and acts by deacetylating and demethylating specific sites on histones, thereby acting as a chromatin modifier. In the BHC complex, it may act as a scaffold. Inhibits KDM1A-mediated demethylation of 'Lys-4' of histone H3 in vitro, suggesting a role in demethylation regulation.
PHF3	35	9606.ENSP00000262043	9606	Homo sapiens	PHF3	PHD finger protein 3.
PHF7	36	9606.ENSP00000333024	9606	Homo sapiens	PHF7	PHD finger protein 7; May play a role in spermatogenesis.
PHF8	37	9606.ENSP00000350676	9606	Homo sapiens	PHF8	Histone lysine demethylase PHF8; Histone lysine demethylase with selectivity for the di- and monomethyl states that plays a key role cell cycle progression, rDNA transcription and brain development. Demethylates mono- and dimethylated histone H3 'Lys-9' residue (H3K9Me1 and H3K9Me2), dimethylated H3 'Lys-27' (H3K27Me2) and monomethylated histone H4 'Lys- 20' residue (H4K20Me1). Acts as a transcription activator as H3K9Me1, H3K9Me2, H3K27Me2 and H4K20Me1 are epigenetic repressive marks. Involved in cell cycle progression by being required to control G1-S transition. Acts as a coactivato [...] 
PHIP	38	9606.ENSP00000275034	9606	Homo sapiens	PHIP	PH-interacting protein; Probable regulator of the insulin and insulin-like growth factor signaling pathways. Stimulates cell proliferation through regulation of cyclin transcription and has an anti-apoptotic activity through AKT1 phosphorylation and activation. Plays a role in the regulation of cell morphology and cytoskeletal organization.
PHLPP1	39	9606.ENSP00000262719	9606	Homo sapiens	PHLPP1	PH domain leucine-rich repeat-containing protein phosphatase 1; Protein phosphatase involved in regulation of Akt and PKC signaling. Mediates dephosphorylation in the C-terminal domain hydrophobic motif of members of the AGC Ser/Thr protein kinase family; specifically acts on 'Ser-473' of AKT2 and AKT3, 'Ser-660' of PRKCB and 'Ser-657' of PRKCA. Isoform 2 seems to have a major role in regulating Akt signaling in hippocampal neurons (By similarity). Akt regulates the balance between cell survival and apoptosis through a cascade that primarily alters the function of transcription factors [...] 
PHRF1	40	9606.ENSP00000264555	9606	Homo sapiens	PHRF1	PHD and ring finger domains 1.
PIK3CA	41	9606.ENSP00000263967	9606	Homo sapiens	PIK3CA	Phosphatidylinositol 4,5-bisphosphate 3-kinase catalytic subunit alpha isoform; Phosphoinositide-3-kinase (PI3K) that phosphorylates PtdIns (Phosphatidylinositol), PtdIns4P (Phosphatidylinositol 4-phosphate) and PtdIns(4,5)P2 (Phosphatidylinositol 4,5-bisphosphate) to generate phosphatidylinositol 3,4,5-trisphosphate (PIP3). PIP3 plays a key role by recruiting PH domain-containing proteins to the membrane, including AKT1 and PDPK1, activating signaling cascades involved in cell growth, survival, proliferation, motility and morphology. Participates in cellular signaling in response to v [...] 
PIK3CG	42	9606.ENSP00000419260	9606	Homo sapiens	PIK3CG	Phosphatidylinositol 4,5-bisphosphate 3-kinase catalytic subunit gamma isoform; Phosphoinositide-3-kinase (PI3K) that phosphorylates PtdIns(4,5)P2 (Phosphatidylinositol 4,5-bisphosphate) to generate phosphatidylinositol 3,4,5-trisphosphate (PIP3). PIP3 plays a key role by recruiting PH domain-containing proteins to the membrane, including AKT1 and PDPK1, activating signaling cascades involved in cell growth, survival, proliferation, motility and morphology. Links G-protein coupled receptor activation to PIP3 production. Involved in immune, inflammatory and allergic responses. Modulates [...] 
PIK3R2	43	9606.ENSP00000222254	9606	Homo sapiens	PIK3R2	Phosphatidylinositol 3-kinase regulatory subunit beta; Regulatory subunit of phosphoinositide-3-kinase (PI3K), a kinase that phosphorylates PtdIns(4,5)P2 (Phosphatidylinositol 4,5- bisphosphate) to generate phosphatidylinositol 3,4,5-trisphosphate (PIP3). PIP3 plays a key role by recruiting PH domain-containing proteins to the membrane, including AKT1 and PDPK1, activating signaling cascades involved in cell growth, survival, proliferation, motility and morphology. Binds to activated (phosphorylated) protein- tyrosine kinases, through its SH2 domain, and acts as an adapter, mediating t [...] 
PITX1	44	9606.ENSP00000265340	9606	Homo sapiens	PITX1	Pituitary homeobox 1; Sequence-specific transcription factor that binds gene promoters and activates their transcription. May play a role in the development of anterior structures, and in particular, the brain and facies and in specifying the identity or structure of hindlimb. Belongs to the paired homeobox family. Bicoid subfamily.
PJA1	45	9606.ENSP00000355014	9606	Homo sapiens	PJA1	E3 ubiquitin-protein ligase Praja-1; Has E2-dependent E3 ubiquitin-protein ligase activity. Ubiquitinates MAGED1 antigen leading to its subsequent degradation by proteasome (By similarity). May be involved in protein sorting.
PKD1	46	9606.ENSP00000262304	9606	Homo sapiens	PKD1	Polycystin-1; Component of a heteromeric calcium-permeable ion channel formed by PKD1 and PKD2 that is activated by interaction between PKD1 and a Wnt family member, such as WNT3A and WNT9B. Both PKD1 and PKD2 are required for channel activity. Involved in renal tubulogenesis. Involved in fluid- flow mechanosensation by the primary cilium in renal epithelium (By similarity). Acts as a regulator of cilium length, together with PKD2 (By similarity). The dynamic control of cilium length is essential in the regulation of mechanotransductive signaling (By similarity). The cilium length resp [...] 
PLAA	47	9606.ENSP00000380460	9606	Homo sapiens	PLAA	Phospholipase A-2-activating protein; Plays a role in protein ubiquitination, sorting and degradation through its association with VCP. Involved in ubiquitin-mediated membrane proteins trafficking to late endosomes in an ESCRT-dependent manner, and hence plays a role in synaptic vesicle recycling (By similarity). May play a role in macroautophagy, regulating for instance the clearance of damaged lysosomes. Plays a role in cerebellar Purkinje cell development (By similarity). Positively regulates cytosolic and calcium-independent phospholipase A2 activities in a tumor necrosis factor al [...] 
PLAUR	48	9606.ENSP00000339328	9606	Homo sapiens	PLAUR	Urokinase plasminogen activator surface receptor; Acts as a receptor for urokinase plasminogen activator. Plays a role in localizing and promoting plasmin formation. Mediates the proteolysis-independent signal transduction activation effects of U-PA. It is subject to negative-feedback regulation by U-PA which cleaves it into an inactive form.
PLCB1	49	9606.ENSP00000338185	9606	Homo sapiens	PLCB1	1-phosphatidylinositol 4,5-bisphosphate phosphodiesterase beta-1; The production of the second messenger molecules diacylglycerol (DAG) and inositol 1,4,5-trisphosphate (IP3) is mediated by activated phosphatidylinositol-specific phospholipase C enzymes.
PLCD4	50	9606.ENSP00000388631	9606	Homo sapiens	PLCD4	1-phosphatidylinositol 4,5-bisphosphate phosphodiesterase delta-4; Hydrolyzes the phosphatidylinositol 4,5-bisphosphate (PIP2) to generate 2 second messenger molecules diacylglycerol (DAG) and inositol 1,4,5-trisphosphate (IP3). DAG mediates the activation of protein kinase C (PKC), while IP3 releases Ca(2+) from intracellular stores. Required for acrosome reaction in sperm during fertilization, probably by acting as an important enzyme for intracellular Ca(2+) mobilization in the zona pellucida-induced acrosome reaction. May play a role in cell growth. Modulates the liver regeneration [...] 
PLEKHA8	51	9606.ENSP00000397947	9606	Homo sapiens	PLEKHA8	Pleckstrin homology domain-containing family A member 8; Cargo transport protein that is required for apical transport from the Golgi complex. Transports AQP2 from the trans-Golgi network (TGN) to sites of AQP2 phosphorylation. Mediates the non-vesicular transport of glucosylceramide (GlcCer) from the trans-Golgi network (TGN) to the plasma membrane and plays a pivotal role in the synthesis of complex glycosphingolipids. Binding of both phosphatidylinositol 4- phosphate (PIP) and ARF1 are essential for the GlcCer transfer ability. Also required for primary cilium formation, possibly by [...] 
PLN	52	9606.ENSP00000350132	9606	Homo sapiens	PLN	Cardiac phospholamban; Reversibly inhibits the activity of ATP2A2 in cardiac sarcoplasmic reticulum by decreasing the apparent affinity of the ATPase for Ca(2+). Modulates the contractility of the heart muscle in response to physiological stimuli via its effects on ATP2A2. Modulates calcium re-uptake during muscle relaxation and plays an important role in calcium homeostasis in the heart muscle. The degree of ATP2A2 inhibition depends on the oligomeric state of PLN. ATP2A2 inhibition is alleviated by PLN phosphorylation; Belongs to the phospholamban family.
PLPPR4	53	9606.ENSP00000359204	9606	Homo sapiens	PLPPR4	Phospholipid phosphatase-related protein type 4; Hydrolyzes lysophosphatidic acid (LPA). Facilitates axonal outgrowth during development and regenerative sprouting. In the outgrowing axons acts as an ecto-enzyme and attenuates phospholipid- induced axon collapse in neurons and facilitates outgrowth in the hippocampus.
PLXNA3	54	9606.ENSP00000358696	9606	Homo sapiens	PLXNA3	Plexin-A3; Coreceptor for SEMA3A and SEMA3F. Necessary for signaling by class 3 semaphorins and subsequent remodeling of the cytoskeleton. Plays a role in axon guidance in the developing nervous system. Regulates the migration of sympathetic neurons, but not of neural crest precursors. Required for normal dendrite spine morphology in pyramidal neurons. May play a role in regulating semaphorin-mediated programmed cell death in the developing nervous system. Class 3 semaphorins bind to a complex composed of a neuropilin and a plexin. The plexin modulates the affinity of the complex for s [...] 
PLXNA4	55	9606.ENSP00000352882	9606	Homo sapiens	PLXNA4	Plexin-A4; Coreceptor for SEMA3A. Necessary for signaling by class 3 semaphorins and subsequent remodeling of the cytoskeleton. Plays a role in axon guidance in the developing nervous system. Class 3 semaphorins bind to a complex composed of a neuropilin and a plexin. The plexin modulates the affinity of the complex for specific semaphorins, and its cytoplasmic domain is required for the activation of down-stream signaling events in the cytoplasm (By similarity).
PLXNB1	56	9606.ENSP00000351338	9606	Homo sapiens	PLXNB1	Plexin-B1; Receptor for SEMA4D. Plays a role in GABAergic synapse development (By similarity). Mediates SEMA4A- and SEMA4D-dependent inhibitory synapse development (By similarity). Plays a role in RHOA activation and subsequent changes of the actin cytoskeleton. Plays a role in axon guidance, invasive growth and cell migration. Belongs to the plexin family.
PNPLA7	57	9606.ENSP00000384610	9606	Homo sapiens	PNPLA7	Patatin-like phospholipase domain-containing protein 7; Serine hydrolase, whose specific chemical modification by certain organophosphorus (OP) compounds leads to distal axonopathy.
POGZ	58	9606.ENSP00000271715	9606	Homo sapiens	POGZ	Pogo transposable element with ZNF domain; Plays a role in mitotic cell cycle progression and is involved in kinetochore assembly and mitotic sister chromatid cohesion. Probably through its association with CBX5 plays a role in mitotic chromosome segregation by regulating aurora kinase B/AURKB activation and AURKB and CBX5 dissociation from chromosome arms.
POLA2	59	9606.ENSP00000265465	9606	Homo sapiens	POLA2	DNA polymerase alpha subunit B; Accessory subunit of the DNA polymerase alpha complex (also known as the alpha DNA polymerase-primase complex) which plays an essential role in the initiation of DNA synthesis. During the S phase of the cell cycle, the DNA polymerase alpha complex (composed of a catalytic subunit POLA1, an accessory subunit POLA2 and two primase subunits, the catalytic subunit PRIM1 and the regulatory subunit PRIM2) is recruited to DNA at the replicative forks via direct interactions with MCM10 and WDHD1 (By similarity). The primase subunit of the polymerase alpha comple [...] 
POLR2A	60	9606.ENSP00000461879	9606	Homo sapiens	POLR2A	DNA-directed RNA polymerase II subunit RPB1; DNA-dependent RNA polymerase catalyzes the transcription of DNA into RNA using the four ribonucleoside triphosphates as substrates. Largest and catalytic component of RNA polymerase II which synthesizes mRNA precursors and many functional non-coding RNAs. Forms the polymerase active center together with the second largest subunit. Pol II is the central component of the basal RNA polymerase II transcription machinery. It is composed of mobile elements that move relative to each other. RPB1 is part of the core element with the central large cl [...] 
POLR3A	61	9606.ENSP00000361446	9606	Homo sapiens	POLR3A	DNA-directed RNA polymerase III subunit RPC1; DNA-dependent RNA polymerase catalyzes the transcription of DNA into RNA using the four ribonucleoside triphosphates as substrates. Largest and catalytic core component of RNA polymerase III which synthesizes small RNAs, such as 5S rRNA and tRNAs. Forms the polymerase active center together with the second largest subunit. A single- stranded DNA template strand of the promoter is positioned within the central active site cleft of Pol III. A bridging helix emanates from RPC1 and crosses the cleft near the catalytic site and is thought to pro [...] 
POMGNT1	62	9606.ENSP00000361060	9606	Homo sapiens	POMGNT1	Protein O-linked-mannose beta-1,2-N-acetylglucosaminyltransferase 1; Participates in O-mannosyl glycosylation by catalyzing the addition of N-acetylglucosamine to O-linked mannose on glycoproteins. Catalyzes the synthesis of the GlcNAc(beta1-2)Man(alpha1-)O-Ser/Thr moiety on alpha- dystroglycan and other O-mannosylated proteins, providing the necessary basis for the addition of further carbohydrate moieties. Is specific for alpha linked terminal mannose and does not have MGAT3, MGAT4, MGAT5, MGAT7 or MGAT8 activity.
POMT1	63	9606.ENSP00000361302	9606	Homo sapiens	POMT1	Protein O-mannosyl-transferase 1; Transfers mannosyl residues to the hydroxyl group of serine or threonine residues. Coexpression of both POMT1 and POMT2 is necessary for enzyme activity, expression of either POMT1 or POMT2 alone is insufficient. Essentially dedicated to O-mannosylation of alpha- DAG1 and few other proteins but not of cadherins and protocaherins ; Belongs to the glycosyltransferase 39 family.
PON1	64	9606.ENSP00000222381	9606	Homo sapiens	PON1	Serum paraoxonase/arylesterase 1; Hydrolyzes the toxic metabolites of a variety of organophosphorus insecticides. Capable of hydrolyzing a broad spectrum of organophosphate substrates and lactones, and a number of aromatic carboxylic acid esters. Mediates an enzymatic protection of low density lipoproteins against oxidative modification and the consequent series of events leading to atheroma formation; Belongs to the paraoxonase family.
POT1	65	9606.ENSP00000350249	9606	Homo sapiens	POT1	Protection of telomeres protein 1; Component of the telomerase ribonucleoprotein (RNP) complex that is essential for the replication of chromosome termini. Is a component of the double-stranded telomeric DNA-binding TRF1 complex which is involved in the regulation of telomere length by cis- inhibition of telomerase. Also acts as a single-stranded telomeric DNA- binding protein and thus may act as a downstream effector of the TRF1 complex and may transduce information about telomere maintenance and/or length to the telomere terminus. Component of the shelterin complex (telosome) that is [...] 
POU3F3	66	9606.ENSP00000355001	9606	Homo sapiens	POU3F3	POU domain, class 3, transcription factor 3; Transcription factor that acts synergistically with SOX11 and SOX4. Plays a role in neuronal development. Is implicated in an enhancer activity at the embryonic met-mesencephalic junction; the enhancer element contains the octamer motif (5'-ATTTGCAT- 3') (By similarity).
PPFIA1	67	9606.ENSP00000253925	9606	Homo sapiens	PPFIA1	Liprin-alpha-1; May regulate the disassembly of focal adhesions. May localize receptor-like tyrosine phosphatases type 2A at specific sites on the plasma membrane, possibly regulating their interaction with the extracellular environment and their association with substrates. Belongs to the liprin family. Liprin-alpha subfamily.
PPFIA3	68	9606.ENSP00000335614	9606	Homo sapiens	PPFIA3	Liprin-alpha-3; May regulate the disassembly of focal adhesions. May localize receptor-like tyrosine phosphatases type 2A at specific sites on the plasma membrane, possibly regulating their interaction with the extracellular environment and their association with substrates.
PPM1D	69	9606.ENSP00000306682	9606	Homo sapiens	PPM1D	Protein phosphatase 1D; Involved in the negative regulation of p53 expression. Required for the relief of p53-dependent checkpoint mediated cell cycle arrest. Binds to and dephosphorylates 'Ser-15' of TP53 and 'Ser-345' of CHEK1 which contributes to the functional inactivation of these proteins. Mediates MAPK14 dephosphorylation and inactivation. Is also an important regulator of global heterochromatin silencing and critical in maintaining genome integrity (By similarity).
PPP1R1B	70	9606.ENSP00000254079	9606	Homo sapiens	PPP1R1B	Protein phosphatase 1 regulatory subunit 1B; Inhibitor of protein-phosphatase 1.
PPP1R9B	71	9606.ENSP00000478767	9606	Homo sapiens	PPP1R9B	Neurabin-2; Seems to act as a scaffold protein in multiple signaling pathways. Modulates excitatory synaptic transmission and dendritic spine morphology. Binds to actin filaments (F-actin) and shows cross- linking activity. Binds along the sides of the F-actin. May play an important role in linking the actin cytoskeleton to the plasma membrane at the synaptic junction. Believed to target protein phosphatase 1/PP1 to dendritic spines, which are rich in F-actin, and regulates its specificity toward ion channels and other substrates, such as AMPA-type and NMDA-type glutamate receptors. Pl [...] 
PPP2CA	72	9606.ENSP00000418447	9606	Homo sapiens	PPP2CA	Serine/threonine-protein phosphatase 2A catalytic subunit alpha isoform; PP2A is the major phosphatase for microtubule-associated proteins (MAPs). PP2A can modulate the activity of phosphorylase B kinase casein kinase 2, mitogen-stimulated S6 kinase, and MAP-2 kinase. Cooperates with SGO2 to protect centromeric cohesin from separase- mediated cleavage in oocytes specifically during meiosis I (By similarity). Can dephosphorylate SV40 large T antigen and p53/TP53. Activates RAF1 by dephosphorylating it at 'Ser-259'.
PPP2R1A	73	9606.ENSP00000324804	9606	Homo sapiens	PPP2R1A	Serine/threonine-protein phosphatase 2A 65 kDa regulatory subunit A alpha isoform; The PR65 subunit of protein phosphatase 2A serves as a scaffolding molecule to coordinate the assembly of the catalytic subunit and a variable regulatory B subunit. Upon interaction with GNA12 promotes dephosphorylation of microtubule associated protein TAU/MAPT. Required for proper chromosome segregation and for centromeric localization of SGO1 in mitosis.
PPP2R1B	74	9606.ENSP00000311344	9606	Homo sapiens	PPP2R1B	Serine/threonine-protein phosphatase 2A 65 kDa regulatory subunit A beta isoform; The PR65 subunit of protein phosphatase 2A serves as a scaffolding molecule to coordinate the assembly of the catalytic subunit and a variable regulatory B subunit.
PPP2R5C	75	9606.ENSP00000412324	9606	Homo sapiens	PPP2R5C	Serine/threonine-protein phosphatase 2A 56 kDa regulatory subunit gamma isoform; The B regulatory subunit might modulate substrate selectivity and catalytic activity, and also might direct the localization of the catalytic enzyme to a particular subcellular compartment. The PP2A- PPP2R5C holoenzyme may specifically dephosphorylate and activate TP53 and play a role in DNA damage-induced inhibition of cell proliferation. PP2A-PPP2R5C may also regulate the ERK signaling pathway through ERK dephosphorylation.
PPP2R5D	76	9606.ENSP00000417963	9606	Homo sapiens	PPP2R5D	Serine/threonine-protein phosphatase 2A 56 kDa regulatory subunit delta isoform; The B regulatory subunit might modulate substrate selectivity and catalytic activity, and also might direct the localization of the catalytic enzyme to a particular subcellular compartment; Belongs to the phosphatase 2A regulatory subunit B56 family.
PPP3CA	77	9606.ENSP00000378323	9606	Homo sapiens	PPP3CA	Serine/threonine-protein phosphatase 2B catalytic subunit alpha isoform; Calcium-dependent, calmodulin-stimulated protein phosphatase which plays an essential role in the transduction of intracellular Ca(2+)-mediated signals. Many of the substrates contain a PxIxIT motif and/or a LxVP motif. In response to increased Ca(2+) levels, dephosphorylates and activates phosphatase SSH1 which results in cofilin dephosphorylation. In response to increased Ca(2+) levels following mitochondrial depolarization, dephosphorylates DNM1L inducing DNM1L translocation to the mitochondrion. Dephosphorylat [...] 
PPP5C	78	9606.ENSP00000012443	9606	Homo sapiens	PPP5C	Serine/threonine-protein phosphatase 5; Serine/threonine-protein phosphatase that dephosphorylates a myriad of proteins involved in different signaling pathways including the kinases CSNK1E, ASK1/MAP3K5, PRKDC and RAF1, the nuclear receptors NR3C1, PPARG, ESR1 and ESR2, SMAD proteins and TAU/MAPT. Implicated in wide ranging cellular processes, including apoptosis, differentiation, DNA damage response, cell survival, regulation of ion channels or circadian rhythms, in response to steroid and thyroid hormones, calcium, fatty acids, TGF-beta as well as oxidative and genotoxic stresses. Pa [...] 
PREX1	79	9606.ENSP00000361009	9606	Homo sapiens	PREX1	Phosphatidylinositol 3,4,5-trisphosphate-dependent Rac exchanger 1 protein; Functions as a RAC guanine nucleotide exchange factor (GEF), which activates the Rac proteins by exchanging bound GDP for free GTP. Its activity is synergistically activated by phosphatidylinositol 3,4,5-trisphosphate and the beta gamma subunits of heterotrimeric G protein. May function downstream of heterotrimeric G proteins in neutrophils.
PRICKLE1	80	9606.ENSP00000345064	9606	Homo sapiens	PRICKLE1	Prickle-like protein 1; Involved in the planar cell polarity pathway that controls convergent extension during gastrulation and neural tube closure. Convergent extension is a complex morphogenetic process during which cells elongate, move mediolaterally, and intercalate between neighboring cells, leading to convergence toward the mediolateral axis and extension along the anteroposterior axis. Necessary for nuclear localization of REST. May serve as nuclear receptor.
PRICKLE2	81	9606.ENSP00000492363	9606	Homo sapiens	PRICKLE2	Prickle planar cell polarity protein 2.
PRKAR1B	82	9606.ENSP00000385749	9606	Homo sapiens	PRKAR1B	cAMP-dependent protein kinase type I-beta regulatory subunit; Regulatory subunit of the cAMP-dependent protein kinases involved in cAMP signaling in cells.
PRKCA	83	9606.ENSP00000408695	9606	Homo sapiens	PRKCA	Protein kinase C alpha type; Calcium-activated, phospholipid- and diacylglycerol (DAG)- dependent serine/threonine-protein kinase that is involved in positive and negative regulation of cell proliferation, apoptosis, differentiation, migration and adhesion, tumorigenesis, cardiac hypertrophy, angiogenesis, platelet function and inflammation, by directly phosphorylating targets such as RAF1, BCL2, CSPG4, TNNT2/CTNT, or activating signaling cascade involving MAPK1/3 (ERK1/2) and RAP1GAP. Involved in cell proliferation and cell growth arrest by positive and negative regulation of the cell [...] 
PRKCB	84	9606.ENSP00000496129	9606	Homo sapiens	PRKCB	Protein kinase C beta type; Calcium-activated, phospholipid- and diacylglycerol (DAG)- dependent serine/threonine-protein kinase involved in various cellular processes such as regulation of the B-cell receptor (BCR) signalosome, oxidative stress-induced apoptosis, androgen receptor-dependent transcription regulation, insulin signaling and endothelial cells proliferation. Plays a key role in B-cell activation by regulating BCR- induced NF-kappa-B activation. Mediates the activation of the canonical NF-kappa-B pathway (NFKB1) by direct phosphorylation of CARD11/CARMA1 at 'Ser-559', 'Ser- [...] 
PRKD1	85	9606.ENSP00000390535	9606	Homo sapiens	PRKD1	Serine/threonine-protein kinase D1; Serine/threonine-protein kinase that converts transient diacylglycerol (DAG) signals into prolonged physiological effects downstream of PKC, and is involved in the regulation of MAPK8/JNK1 and Ras signaling, Golgi membrane integrity and trafficking, cell survival through NF-kappa-B activation, cell migration, cell differentiation by mediating HDAC7 nuclear export, cell proliferation via MAPK1/3 (ERK1/2) signaling, and plays a role in cardiac hypertrophy, VEGFA-induced angiogenesis, genotoxic-induced apoptosis and flagellin-stimulated inflammatory res [...] 
PRKD2	86	9606.ENSP00000393978	9606	Homo sapiens	PRKD2	Serine/threonine-protein kinase D2; Serine/threonine-protein kinase that converts transient diacylglycerol (DAG) signals into prolonged physiological effects downstream of PKC, and is involved in the regulation of cell proliferation via MAPK1/3 (ERK1/2) signaling, oxidative stress-induced NF-kappa-B activation, inhibition of HDAC7 transcriptional repression, signaling downstream of T-cell antigen receptor (TCR) and cytokine production, and plays a role in Golgi membrane trafficking, angiogenesis, secretory granule release and cell adhesion. May potentiate mitogenesis induced by the neu [...] 
PRKDC	87	9606.ENSP00000313420	9606	Homo sapiens	PRKDC	DNA-dependent protein kinase catalytic subunit; Serine/threonine-protein kinase that acts as a molecular sensor for DNA damage. Involved in DNA non-homologous end joining (NHEJ) required for double-strand break (DSB) repair and V(D)J recombination. Must be bound to DNA to express its catalytic properties. Promotes processing of hairpin DNA structures in V(D)J recombination by activation of the hairpin endonuclease artemis (DCLRE1C). The assembly of the DNA-PK complex at DNA ends is also required for the NHEJ ligation step. Required to protect and align broken ends of DNA. May also act  [...] 
PRKN	88	9606.ENSP00000355865	9606	Homo sapiens	PRKN	E3 ubiquitin-protein ligase parkin; Functions within a multiprotein E3 ubiquitin ligase complex, catalyzing the covalent attachment of ubiquitin moieties onto substrate proteins, such as BCL2, SYT11, CCNE1, GPR37, RHOT1/MIRO1, MFN1, MFN2, STUB1, SNCAIP, SEPTIN5, TOMM20, USP30, ZNF746 and AIMP2. Mediates monoubiquitination as well as 'Lys-6', 'Lys-11', 'Lys-48'- linked and 'Lys-63'-linked polyubiquitination of substrates depending on the context. Participates in the removal and/or detoxification of abnormally folded or damaged protein by mediating 'Lys-63'-linked polyubiquitination of m [...] 
PRMT9	89	9606.ENSP00000314396	9606	Homo sapiens	PRMT9	Protein arginine N-methyltransferase 9; Arginine methyltransferase that can both catalyze the formation of omega-N monomethylarginine (MMA) and symmetrical dimethylarginine (sDMA). Specifically mediates the symmetrical dimethylation of SF3B2. Involved in the regulation of alternative splicing of pre-mRNA. Belongs to the class I-like SAM-binding methyltransferase superfamily. Protein arginine N-methyltransferase family.
PRODH	90	9606.ENSP00000349577	9606	Homo sapiens	PRODH	Proline dehydrogenase; Converts proline to delta-1-pyrroline-5-carboxylate.
PRPF19	91	9606.ENSP00000227524	9606	Homo sapiens	PRPF19	Pre-mRNA-processing factor 19; Ubiquitin-protein ligase which is a core component of several complexes mainly involved pre-mRNA splicing and DNA repair. Required for pre-mRNA splicing as component of the spliceosome. Core component of the PRP19C/Prp19 complex/NTC/Nineteen complex which is part of the spliceosome and participates in its assembly, its remodeling and is required for its activity. During assembly of the spliceosome, mediates 'Lys-63'-linked polyubiquitination of the U4 spliceosomal protein PRPF3. Ubiquitination of PRPF3 allows its recognition by the U5 component PRPF8 and  [...] 
PRPF39	92	9606.ENSP00000348010	9606	Homo sapiens	PRPF39	Pre-mRNA-processing factor 39; Involved in pre-mRNA splicing.
PRPF8	93	9606.ENSP00000460348	9606	Homo sapiens	PRPF8	Pre-mRNA-processing-splicing factor 8; Plays role in pre-mRNA splicing as core component of precatalytic, catalytic and postcatalytic spliceosomal complexes, both of the predominant U2-type spliceosome and the minor U12-type spliceosome. Functions as a scaffold that mediates the ordered assembly of spliceosomal proteins and snRNAs. Required for the assembly of the U4/U6-U5 tri-snRNP complex, a building block of the spliceosome. Functions as scaffold that positions spliceosomal U2, U5 and U6 snRNAs at splice sites on pre-mRNA substrates, so that splicing can occur. Interacts with both t [...] 
PRR12	94	9606.ENSP00000394510	9606	Homo sapiens	PRR12	Proline-rich protein 12; Proline rich 12.
PRR14L	95	9606.ENSP00000331845	9606	Homo sapiens	PRR14L	Protein PRR14L; Proline rich 14 like.
PRUNE2	97	9606.ENSP00000365908	9606	Homo sapiens	PRUNE2	Protein prune homolog 2; May play an important role in regulating differentiation, survival and aggressiveness of the tumor cells.
PSD3	98	9606.ENSP00000324127	9606	Homo sapiens	PSD3	PH and SEC7 domain-containing protein 3; Guanine nucleotide exchange factor for ARF6.
PSMC5	99	9606.ENSP00000310572	9606	Homo sapiens	PSMC5	26S proteasome regulatory subunit 8; Component of the 26S proteasome, a multiprotein complex involved in the ATP-dependent degradation of ubiquitinated proteins. This complex plays a key role in the maintenance of protein homeostasis by removing misfolded or damaged proteins, which could impair cellular functions, and by removing proteins whose functions are no longer required. Therefore, the proteasome participates in numerous cellular processes, including cell cycle progression, apoptosis, or DNA damage repair. PSMC5 belongs to the heterohexameric ring of AAA (ATPases associated with [...] 
PSMD11	100	9606.ENSP00000261712	9606	Homo sapiens	PSMD11	26S proteasome non-ATPase regulatory subunit 11; Component of the 26S proteasome, a multiprotein complex involved in the ATP-dependent degradation of ubiquitinated proteins. This complex plays a key role in the maintenance of protein homeostasis by removing misfolded or damaged proteins, which could impair cellular functions, and by removing proteins whose functions are no longer required. Therefore, the proteasome participates in numerous cellular processes, including cell cycle progression, apoptosis, or DNA damage repair. In the complex, PSMD11 is required for proteasome assembly. P [...] 
PSMD12	101	9606.ENSP00000348442	9606	Homo sapiens	PSMD12	26S proteasome non-ATPase regulatory subunit 12; Component of the 26S proteasome, a multiprotein complex involved in the ATP-dependent degradation of ubiquitinated proteins. This complex plays a key role in the maintenance of protein homeostasis by removing misfolded or damaged proteins, which could impair cellular functions, and by removing proteins whose functions are no longer required. Therefore, the proteasome participates in numerous cellular processes, including cell cycle progression, apoptosis, or DNA damage repair.
PSMD6	102	9606.ENSP00000418695	9606	Homo sapiens	PSMD6	26S proteasome non-ATPase regulatory subunit 6; Component of the 26S proteasome, a multiprotein complex involved in the ATP-dependent degradation of ubiquitinated proteins. This complex plays a key role in the maintenance of protein homeostasis by removing misfolded or damaged proteins, which could impair cellular functions, and by removing proteins whose functions are no longer required. Therefore, the proteasome participates in numerous cellular processes, including cell cycle progression, apoptosis, or DNA damage repair; Belongs to the proteasome subunit S10 family.
PTBP2	103	9606.ENSP00000359216	9606	Homo sapiens	PTBP2	Polypyrimidine tract-binding protein 2; RNA-binding protein which binds to intronic polypyrimidine tracts and mediates negative regulation of exons splicing. May antagonize in a tissue-specific manner the ability of NOVA1 to activate exon selection. In addition to its function in pre-mRNA splicing, plays also a role in the regulation of translation. Isoform 5 has a reduced affinity for RNA.
PTCH1	104	9606.ENSP00000332353	9606	Homo sapiens	PTCH1	Protein patched homolog 1; Acts as a receptor for sonic hedgehog (SHH), indian hedgehog (IHH) and desert hedgehog (DHH). Associates with the smoothened protein (SMO) to transduce the hedgehog's proteins signal. Seems to have a tumor suppressor function, as inactivation of this protein is probably a necessary, if not sufficient step for tumorigenesis. Belongs to the patched family.
PTCHD1	105	9606.ENSP00000368666	9606	Homo sapiens	PTCHD1	Patched domain-containing protein 1; Required for the development and function of the thalamic reticular nucleus (TRN), a part of the thalamus that is critical for thalamocortical transmission, generation of sleep rhythms, sensorimotor processing and attention.
PTDSS1	107	9606.ENSP00000430548	9606	Homo sapiens	PTDSS1	Phosphatidylserine synthase 1; Catalyzes a base-exchange reaction in which the polar head group of phosphatidylethanolamine (PE) or phosphatidylcholine (PC) is replaced by L-serine. In membranes, PTDSS1 catalyzes mainly the conversion of phosphatidylcholine. Also converts, in vitro and to a lesser extent, phosphatidylethanolamine.
PTEN	108	9606.ENSP00000361021	9606	Homo sapiens	PTEN	Phosphatase and tensin homolog; Tumor suppressor. Acts as a dual-specificity protein phosphatase, dephosphorylating tyrosine-, serine- and threonine- phosphorylated proteins. Also acts as a lipid phosphatase, removing the phosphate in the D3 position of the inositol ring from phosphatidylinositol 3,4,5-trisphosphate, phosphatidylinositol 3,4- diphosphate, phosphatidylinositol 3-phosphate and inositol 1,3,4,5- tetrakisphosphate with order of substrate preference in vitro PtdIns(3,4,5)P3 > PtdIns(3,4)P2 > PtdIns3P > Ins(1,3,4,5)P4. The lipid phosphatase activity is critical for its tumor [...] 
PTGS2	109	9606.ENSP00000356438	9606	Homo sapiens	PTGS2	Prostaglandin G/H synthase 2; Converts arachidonate to prostaglandin H2 (PGH2), a committed step in prostanoid synthesis. Constitutively expressed in some tissues in physiological conditions, such as the endothelium, kidney and brain, and in pathological conditions, such as in cancer. PTGS2 is responsible for production of inflammatory prostaglandins. Up-regulation of PTGS2 is also associated with increased cell adhesion, phenotypic changes, resistance to apoptosis and tumor angiogenesis. In cancer cells, PTGS2 is a key step in the production of prostaglandin E2 (PGE2), which plays imp [...] 
PTK7	110	9606.ENSP00000418754	9606	Homo sapiens	PTK7	Inactive tyrosine-protein kinase 7; Inactive tyrosine kinase involved in Wnt signaling pathway. Component of both the non-canonical (also known as the Wnt/planar cell polarity signaling) and the canonical Wnt signaling pathway. Functions in cell adhesion, cell migration, cell polarity, proliferation, actin cytoskeleton reorganization and apoptosis. Has a role in embryogenesis, epithelial tissue organization and angiogenesis. Belongs to the protein kinase superfamily. Tyr protein kinase family. Insulin receptor subfamily.
PTPN11	111	9606.ENSP00000489597	9606	Homo sapiens	PTPN11	Tyrosine-protein phosphatase non-receptor type 11; Acts downstream of various receptor and cytoplasmic protein tyrosine kinases to participate in the signal transduction from the cell surface to the nucleus. Positively regulates MAPK signal transduction pathway. Dephosphorylates GAB1, ARHGAP35 and EGFR. Dephosphorylates ROCK2 at 'Tyr-722' resulting in stimulatation of its RhoA binding activity. Dephosphorylates CDC73.
PTPN4	112	9606.ENSP00000263708	9606	Homo sapiens	PTPN4	Tyrosine-protein phosphatase non-receptor type 4; Phosphatase that plays a role in immunity, learning, synaptic plasticity or cell homeostasis. Regulates neuronal cell homeostasis by protecting neurons against apoptosis. Negatively regulates TLR4-induced interferon beta production by dephosphorylating adapter TICAM2 and inhibiting subsequent TRAM-TRIF interaction. Dephosphorylates also the immunoreceptor tyrosine-based activation motifs/ITAMs of the TCR zeta subunit and thereby negatively regulates TCR-mediated signaling pathway (By similarity). May act at junctions between the membran [...] 
PTPRB	113	9606.ENSP00000334928	9606	Homo sapiens	PTPRB	Receptor-type tyrosine-protein phosphatase beta; Plays an important role in blood vessel remodeling and angiogenesis. Not necessary for the initial formation of blood vessels, but is essential for their maintenance and remodeling. Can induce dephosphorylation of TEK/TIE2, CDH5/VE-cadherin and KDR/VEGFR-2. Regulates angiopoietin-TIE2 signaling in endothelial cells. Acts as a negative regulator of TIE2, and controls TIE2 driven endothelial cell proliferation, which in turn affects blood vessel remodeling during embryonic development and determines blood vessel size during perinatal growt [...] 
PTPRC	114	9606.ENSP00000411355	9606	Homo sapiens	PTPRC	Receptor-type tyrosine-protein phosphatase C; Protein tyrosine-protein phosphatase required for T-cell activation through the antigen receptor. Acts as a positive regulator of T-cell coactivation upon binding to DPP4. The first PTPase domain has enzymatic activity, while the second one seems to affect the substrate specificity of the first one. Upon T-cell activation, recruits and dephosphorylates SKAP1 and FYN. Dephosphorylates LYN, and thereby modulates LYN activity (By similarity); Belongs to the protein-tyrosine phosphatase family. Receptor class 1/6 subfamily.
PTPRD	115	9606.ENSP00000370593	9606	Homo sapiens	PTPRD	Receptor-type tyrosine-protein phosphatase delta; Can bidirectionally induce pre- and post-synaptic differentiation of neurons by mediating interaction with IL1RAP and IL1RAPL1 trans-synaptically. Involved in pre-synaptic differentiation through interaction with SLITRK2; Belongs to the protein-tyrosine phosphatase family. Receptor class 2A subfamily.
PTPRS	116	9606.ENSP00000467537	9606	Homo sapiens	PTPRS	Receptor-type tyrosine-protein phosphatase S; Cell surface receptor that binds to glycosaminoglycans, including chondroitin sulfate proteoglycans and heparan sulfate proteoglycan. Binding to chondroitin sulfate and heparan sulfate proteoglycans has opposite effects on PTPRS oligomerization and regulation of neurite outgrowth. Contributes to the inhibition of neurite and axonal outgrowth by chondroitin sulfate proteoglycans, also after nerve transection. Plays a role in stimulating neurite outgrowth in response to the heparan sulfate proteoglycan GPC2. Required for normal brain developm [...] 
PTPRT	117	9606.ENSP00000362294	9606	Homo sapiens	PTPRT	Receptor-type tyrosine-protein phosphatase T; May be involved in both signal transduction and cellular adhesion in the CNS; Belongs to the protein-tyrosine phosphatase family. Receptor class 2B subfamily.
PUF60	118	9606.ENSP00000434359	9606	Homo sapiens	PUF60	Poly(U)-binding-splicing factor PUF60; DNA- and RNA-binding protein, involved in several nuclear processes such as pre-mRNA splicing, apoptosis and transcription regulation. In association with FUBP1 regulates MYC transcription at the P2 promoter through the core-TFIIH basal transcription factor. Acts as a transcriptional repressor through the core-TFIIH basal transcription factor. Represses FUBP1-induced transcriptional activation but not basal transcription. Decreases ERCC3 helicase activity. Does not repress TFIIH-mediated transcription in xeroderma pigmentosum complementation group [...] 
PXDN	119	9606.ENSP00000252804	9606	Homo sapiens	PXDN	Peroxidasin homolog; Displays low peroxidase activity and is likely to participate in H(2)O(2) metabolism and peroxidative reactions in the cardiovascular system. Plays a role in extracellular matrix formation.
PYHIN1	120	9606.ENSP00000357122	9606	Homo sapiens	PYHIN1	Pyrin and HIN domain-containing protein 1; Major mediator of the tumor suppressor activity of IFN in breast cancer cells. Promotes ubiquitination and subsequent degradation of MDM2, which leads to p53/TP53 stabilization. Promotes ubiquitination and subsequent degradation of HDAC1, which in turn enhances maspin expression, and impairs invasive activity of cancer cells.
QRICH1	121	9606.ENSP00000378830	9606	Homo sapiens	QRICH1	Glutamine-rich protein 1; Glutamine rich 1.
RAB11FIP4	122	9606.ENSP00000482620	9606	Homo sapiens	RAB11FIP4	Rab11 family-interacting protein 4; Acts as a regulator of endocytic traffic by participating in membrane delivery. Required for the abcission step in cytokinesis, possibly by acting as an 'address tag' delivering recycling endosome membranes to the cleavage furrow during late cytokinesis. In case of infection by HCMV (human cytomegalovirus), may participate in egress of the virus out of nucleus; this function is independent of ARF6.
RAB11FIP5	123	9606.ENSP00000258098	9606	Homo sapiens	RAB11FIP5	Rab11 family-interacting protein 5; Rab effector involved in protein trafficking from apical recycling endosomes to the apical plasma membrane. Involved in insulin granule exocytosis. May regulate V-ATPase intracellular transport in response to extracellular acidosis.
RAB2A	124	9606.ENSP00000262646	9606	Homo sapiens	RAB2A	Ras-related protein Rab-2A; Required for protein transport from the endoplasmic reticulum to the Golgi complex.
RAB39B	125	9606.ENSP00000358466	9606	Homo sapiens	RAB39B	Ras-related protein Rab-39B; Small GTPases Rab involved in autophagy. The small GTPases Rab are key regulators of intracellular membrane trafficking, from the formation of transport vesicles to their fusion with membranes. Rabs cycle between an inactive GDP-bound form and an active GTP-bound form that is able to recruit to membranes different sets of downstream effectors directly responsible for vesicle formation, movement, tethering and fusion. May regulate the homeostasis of SNCA/alpha-synuclein. Together with PICK1 proposed to ensure selectively GRIA2 exit from the endoplasmic retic [...] 
RAB43	126	9606.ENSP00000319781	9606	Homo sapiens	RAB43	Ras-related protein Rab-43; The small GTPases Rab are key regulators of intracellular membrane trafficking, from the formation of transport vesicles to their fusion with membranes. Rabs cycle between an inactive GDP-bound form and an active GTP-bound form that is able to recruit to membranes different set of downstream effectors directly responsible for vesicle formation, movement, tethering and fusion. The low intrinsic GTPase activity of RAB43 is activated by USP6NL. Involved in retrograde transport from the endocytic pathway to the Golgi apparatus. Involved in the transport of Shiga [...] 
RAC1	127	9606.ENSP00000348461	9606	Homo sapiens	RAC1	Ras-related C3 botulinum toxin substrate 1; Plasma membrane-associated small GTPase which cycles between active GTP-bound and inactive GDP-bound states. In its active state, binds to a variety of effector proteins to regulate cellular responses such as secretory processes, phagocytosis of apoptotic cells, epithelial cell polarization, neurons adhesion, migration and differentiation, and growth-factor induced formation of membrane ruffles. Rac1 p21/rho GDI heterodimer is the active component of the cytosolic factor sigma 1, which is involved in stimulation of the NADPH oxidase activity  [...] 
RAD21	128	9606.ENSP00000297338	9606	Homo sapiens	RAD21	Double-strand-break repair protein rad21 homolog; [Double-strand-break repair protein rad21 homolog]: As a member of the cohesin complex, involved in sister chromatid cohesion from the time of DNA replication in S phase to their segregation in mitosis, a function that is essential for proper chromosome segregation, post-replicative DNA repair, and the prevention of inappropriate recombination between repetitive regions. The cohesin complex may also play a role in spindle pole assembly during mitosis. In interphase, cohesins may function in the control of gene expression by binding to n [...] 
RAD21L1	129	9606.ENSP00000386414	9606	Homo sapiens	RAD21L1	Double-strand-break repair protein rad21-like protein 1; Meiosis-specific component of some cohesin complex required during the initial steps of prophase I in male meiosis. Probably required during early meiosis in males for separation of sister chromatids and homologous chromosomes. Replaces RAD21 in premeiotic S phase (during early stages of prophase I), while RAD21 reappears in later stages of prophase I. Involved in synaptonemal complex assembly, synapsis initiation and crossover recombination between homologous chromosomes during prophase I (By similarity).
RAI1	130	9606.ENSP00000323074	9606	Homo sapiens	RAI1	Retinoic acid-induced protein 1; Transcriptional regulator of the circadian clock components: CLOCK, ARNTL/BMAL1, ARNTL2/BMAL2, PER1/3, CRY1/2, NR1D1/2 and RORA/C. Positively regulates the transcriptional activity of CLOCK a core component of the circadian clock. Regulates transcription through chromatin remodeling by interacting with other proteins in chromatin as well as proteins in the basic transcriptional machinery. May be important for embryonic and postnatal development. May be involved in neuronal differentiation.
RALA	131	9606.ENSP00000005257	9606	Homo sapiens	RALA	Ras-related protein Ral-A; Multifunctional GTPase involved in a variety of cellular processes including gene expression, cell migration, cell proliferation, oncogenic transformation and membrane trafficking. Accomplishes its multiple functions by interacting with distinct downstream effectors. Acts as a GTP sensor for GTP-dependent exocytosis of dense core vesicles. The RALA-exocyst complex regulates integrin- dependent membrane raft exocytosis and growth signaling. Key regulator of LPAR1 signaling and competes with GRK2 for binding to LPAR1 thus affecting the signaling properties of t [...] 
RALGAPA1	132	9606.ENSP00000490119	9606	Homo sapiens	RALGAPA1	Ral GTPase-activating protein subunit alpha-1; Catalytic subunit of the heterodimeric RalGAP1 complex which acts as a GTPase activator for the Ras-like small GTPases RALA and RALB.
RALGAPB	133	9606.ENSP00000262879	9606	Homo sapiens	RALGAPB	Ral GTPase-activating protein subunit beta; Non-catalytic subunit of the heterodimeric RalGAP1 and RalGAP2 complexes which act as GTPase activators for the Ras-like small GTPases RALA and RALB.
RANBP17	134	9606.ENSP00000427975	9606	Homo sapiens	RANBP17	Ran-binding protein 17; May function as a nuclear transport receptor.
RANBP9	135	9606.ENSP00000011619	9606	Homo sapiens	RANBP9	Ran-binding protein 9; May act as scaffolding protein, and as adapter protein to couple membrane receptors to intracellular signaling pathways (Probable). Acts as a mediator of cell spreading and actin cytoskeleton rearrangement. Core component of the CTLH E3 ubiquitin-protein ligase complex that selectively accepts ubiquitin from UBE2H and mediates ubiquitination and subsequent proteasomal degradation of the transcription factor HBP1. May be involved in signaling of ITGB2/LFA-1 and other integrins. Enhances HGF-MET signaling by recruiting Sos and activating the Ras pathway. Enhances d [...] 
RAP1A	136	9606.ENSP00000358723	9606	Homo sapiens	RAP1A	Ras-related protein Rap-1A; Induces morphological reversion of a cell line transformed by a Ras oncogene. Counteracts the mitogenic function of Ras, at least partly because it can interact with Ras GAPs and RAF in a competitive manner. Together with ITGB1BP1, regulates KRIT1 localization to microtubules and membranes. Plays a role in nerve growth factor (NGF)- induced neurite outgrowth. Plays a role in the regulation of embryonic blood vessel formation. Involved in the establishment of basal endothelial barrier function. May be involved in the regulation of the vascular endothelial gro [...] 
RAPGEF2	137	9606.ENSP00000264431	9606	Homo sapiens	RAPGEF2	Rap guanine nucleotide exchange factor 2; Functions as a guanine nucleotide exchange factor (GEF), which activates Rap and Ras family of small GTPases by exchanging bound GDP for free GTP in a cAMP-dependent manner. Serves as a link between cell surface receptors and Rap/Ras GTPases in intracellular signaling cascades. Acts also as an effector for Rap1 by direct association with Rap1-GTP thereby leading to the amplification of Rap1-mediated signaling. Shows weak activity on HRAS. It is controversial whether RAPGEF2 binds cAMP and cGMP  or not. Its binding to ligand-activated beta-1 adr [...] 
RAPGEF4	138	9606.ENSP00000380271	9606	Homo sapiens	RAPGEF4	Rap guanine nucleotide exchange factor 4; Guanine nucleotide exchange factor (GEF) for RAP1A, RAP1B and RAP2A small GTPases that is activated by binding cAMP. Seems not to activate RAB3A. Involved in cAMP-dependent, PKA-independent exocytosis through interaction with RIMS2 (By similarity).
RASSF5	139	9606.ENSP00000462099	9606	Homo sapiens	RASSF5	Ras association domain-containing protein 5; Potential tumor suppressor. Seems to be involved in lymphocyte adhesion by linking RAP1A activation upon T-cell receptor or chemokine stimulation to integrin activation. Isoform 2 stimulates lymphocyte polarization and the patch-like distribution of ITGAL/LFA-1, resulting in an enhanced adhesion to ICAM1. Together with RAP1A may participate in regulation of microtubule growth. The association of isoform 2 with activated RAP1A is required for directional movement of endothelial cells during wound healing. May be involved in regulation of Ras  [...] 
RBBP5	140	9606.ENSP00000264515	9606	Homo sapiens	RBBP5	Retinoblastoma-binding protein 5; In embryonic stem (ES) cells, plays a crucial role in the differentiation potential, particularly along the neural lineage, regulating gene induction and H3 'Lys-4' methylation at key developmental loci, including that mediated by retinoic acid (By similarity). As part of the MLL1/MLL complex, involved in mono-, di- and trimethylation at 'Lys-4' of histone H3. Histone H3 'Lys-4' methylation represents a specific tag for epigenetic transcriptional activation. In association with ASH2L and WDR5, stimulates the histone methyltransferase activities of KMT2 [...] 
RBFOX1	141	9606.ENSP00000391269	9606	Homo sapiens	RBFOX1	RNA binding protein fox-1 homolog 1; RNA-binding protein that regulates alternative splicing events by binding to 5'-UGCAUGU-3' elements. Regulates alternative splicing of tissue-specific exons and of differentially spliced exons during erythropoiesis.
RBM27	142	9606.ENSP00000265271	9606	Homo sapiens	RBM27	RNA binding motif protein 27.
REEP3	143	9606.ENSP00000362863	9606	Homo sapiens	REEP3	Receptor expression-enhancing protein 3; Microtubule-binding protein required to ensure proper cell division and nuclear envelope reassembly by sequestering the endoplasmic reticulum away from chromosomes during mitosis. Probably acts by clearing the endoplasmic reticulum membrane from metaphase chromosomes; Belongs to the DP1 family.
RELN	144	9606.ENSP00000392423	9606	Homo sapiens	RELN	Reelin; Extracellular matrix serine protease that plays a role in layering of neurons in the cerebral cortex and cerebellum. Regulates microtubule function in neurons and neuronal migration. Affects migration of sympathetic preganglionic neurons in the spinal cord, where it seems to act as a barrier to neuronal migration. Enzymatic activity is important for the modulation of cell adhesion. Binding to the extracellular domains of lipoprotein receptors VLDLR and LRP8/APOER2 induces tyrosine phosphorylation of DAB1 and modulation of TAU phosphorylation (By similarity); Belongs to the reel [...] 
RERE	145	9606.ENSP00000338629	9606	Homo sapiens	RERE	Arginine-glutamic acid dipeptide repeats protein; Plays a role as a transcriptional repressor during development. May play a role in the control of cell survival. Overexpression of RERE recruits BAX to the nucleus particularly to POD and triggers caspase-3 activation, leading to cell death.
RFX3	146	9606.ENSP00000371434	9606	Homo sapiens	RFX3	Transcription factor RFX3; Transcription factor required for ciliogenesis and islet cell differentiation during endocrine pancreas development. Essential for the differentiation of nodal monocilia and left-right asymmetry specification during embryogenesis. Required for the biogenesis of motile cilia by governing growth and beating efficiency of motile cells. Also required for ciliated ependymal cell differentiation. Regulates the expression of genes involved in ciliary assembly (DYNC2LI1, FOXJ1 and BBS4) and genes involved in ciliary motility (DNAH11, DNAH9 and DNAH5) (By similarity). [...] 
RFX4	147	9606.ENSP00000350552	9606	Homo sapiens	RFX4	Transcription factor RFX4; Transcription factor that plays a role in early brain development. May activate transcription by interacting directly with the X-box. May activate transcription from CX3CL1 promoter through the X-box during brain development; Belongs to the RFX family.
RFX7	148	9606.ENSP00000501317	9606	Homo sapiens	RFX7	DNA-binding protein RFX7; Regulatory factor X7; Belongs to the RFX family.
RGS7	149	9606.ENSP00000355523	9606	Homo sapiens	RGS7	Regulator of G-protein signaling 7; Regulates G protein-coupled receptor signaling cascades. Inhibits signal transduction by increasing the GTPase activity of G protein alpha subunits, thereby driving them into their inactive GDP- bound form. The RGS7/GNB5 dimer enhances GNAO1 GTPase activity. May play a role in synaptic vesicle exocytosis. Modulates the activity of potassium channels that are activated by GNAO1 in response to muscarinic acetylcholine receptor M2/CHRM2 signaling.
RHEB	150	9606.ENSP00000262187	9606	Homo sapiens	RHEB	GTP-binding protein Rheb; Activates the protein kinase activity of mTORC1, and thereby plays a role in the regulation of apoptosis. Stimulates the phosphorylation of S6K1 and EIF4EBP1 through activation of mTORC1 signaling. Has low intrinsic GTPase activity.
RHOXF1	151	9606.ENSP00000217999	9606	Homo sapiens	RHOXF1	Rhox homeobox family member 1; Transcription factor maybe involved in reproductive processes. Modulates expression of target genes encoding proteins involved in processes relevant to spermatogenesis.
RICTOR	152	9606.ENSP00000296782	9606	Homo sapiens	RICTOR	Rapamycin-insensitive companion of mTOR; Subunit of mTORC2, which regulates cell growth and survival in response to hormonal signals. mTORC2 is activated by growth factors, but, in contrast to mTORC1, seems to be nutrient-insensitive. mTORC2 seems to function upstream of Rho GTPases to regulate the actin cytoskeleton, probably by activating one or more Rho-type guanine nucleotide exchange factors. mTORC2 promotes the serum-induced formation of stress-fibers or F-actin. mTORC2 plays a critical role in AKT1 'Ser-473' phosphorylation, which may facilitate the phosphorylation of the activa [...] 
RIMS1	153	9606.ENSP00000428417	9606	Homo sapiens	RIMS1	Regulating synaptic membrane exocytosis protein 1; Rab effector involved in exocytosis (By similarity). May act as scaffold protein that regulates neurotransmitter release at the active zone. Essential for maintaining normal probability of neurotransmitter release and for regulating release during short-term synaptic plasticity (By similarity). Plays a role in dendrite formation by melanocytes.
RIMS2	154	9606.ENSP00000427018	9606	Homo sapiens	RIMS2	Regulating synaptic membrane exocytosis protein 2; Rab effector involved in exocytosis. May act as scaffold protein. Plays a role in dendrite formation by melanocytes.
RIMS3	155	9606.ENSP00000361769	9606	Homo sapiens	RIMS3	Regulating synaptic membrane exocytosis protein 3; Regulates synaptic membrane exocytosis.
RIT2	156	9606.ENSP00000321805	9606	Homo sapiens	RIT2	GTP-binding protein Rit2; Binds and exchanges GTP and GDP. Binds and modulates the activation of POU4F1 as gene expression regulator.
RLIM	157	9606.ENSP00000328059	9606	Homo sapiens	RLIM	E3 ubiquitin-protein ligase RLIM; E3 ubiquitin-protein ligase. Acts as a negative coregulator for LIM homeodomain transcription factors by mediating the ubiquitination and subsequent degradation of LIM cofactors LDB1 and LDB2 and by mediating the recruitment the SIN3a/histone deacetylase corepressor complex. Ubiquitination and degradation of LIM cofactors LDB1 and LDB2 allows DNA-bound LIM homeodomain transcription factors to interact with other protein partners such as RLIM. Plays a role in telomere length-mediated growth suppression by mediating the ubiquitination and degradation of  [...] 
RNF135	158	9606.ENSP00000328340	9606	Homo sapiens	RNF135	E3 ubiquitin-protein ligase RNF135; E2-dependent E3 ubiquitin-protein ligase that functions as a RIG-I/DDX58 coreceptor in the sensing of viral RNAs in cell cytoplasm and the activation of the antiviral innate immune response. Together with the UBE2D3, UBE2N and UB2V1 E2 ligases, catalyzes the 'Lys-63'-linked polyubiquitination of RIG-I/DDX58 oligomerized on viral RNAs, an essential step in the activation of the RIG-I signaling pathway. Through a ubiquitin-independent parallel mechanism, which consists in bridging RIG-I/DDX58 filaments forming on longer viral RNAs, further activates th [...] 
RNF25	159	9606.ENSP00000295704	9606	Homo sapiens	RNF25	E3 ubiquitin-protein ligase RNF25; E3 ubiquitin-protein ligase that mediates ubiquitination and subsequent proteasomal degradation of NKD2 (By similarity). Stimulates transcription mediated by NF-kappa-B.
RNF38	160	9606.ENSP00000259605	9606	Homo sapiens	RNF38	E3 ubiquitin-protein ligase RNF38; Acts as an E3 ubiquitin-protein ligase able to ubiquitinate p53/TP53 which promotes its relocalization to discrete foci associated with PML nuclear bodies. Exhibits preference for UBE2D2 as a E2 enzyme.
ROBO2	164	9606.ENSP00000417335	9606	Homo sapiens	ROBO2	Roundabout homolog 2; Receptor for SLIT2, and probably SLIT1, which are thought to act as molecular guidance cue in cellular migration, including axonal navigation at the ventral midline of the neural tube and projection of axons to different regions during neuronal development; Belongs to the immunoglobulin superfamily. ROBO family.
RORA	165	9606.ENSP00000261523	9606	Homo sapiens	RORA	Nuclear receptor ROR-alpha; Nuclear receptor that binds DNA as a monomer to ROR response elements (RORE) containing a single core motif half-site 5'-AGGTCA-3' preceded by a short A-T-rich sequence. Key regulator of embryonic development, cellular differentiation, immunity, circadian rhythm as well as lipid, steroid, xenobiotics and glucose metabolism. Considered to have intrinsic transcriptional activity, have some natural ligands like oxysterols that act as agonists (25-hydroxycholesterol) or inverse agonists (7-oxygenated sterols), enhancing or repressing the transcriptional activity [...] 
RORB	166	9606.ENSP00000366093	9606	Homo sapiens	RORB	Nuclear receptor ROR-beta; Nuclear receptor that binds DNA as a monomer to ROR response elements (RORE) containing a single core motif half-site 5'-AGGTCA-3' preceded by a short A-T-rich sequence. Considered to have intrinsic transcriptional activity, have some natural ligands such as all-trans retinoic acid (ATRA) and other retinoids which act as inverse agonists repressing the transcriptional activity. Required for normal postnatal development of rod and cone photoreceptor cells. Modulates rod photoreceptors differentiation at least by inducing the transcription factor NRL-mediated p [...] 
RPH3A	168	9606.ENSP00000374036	9606	Homo sapiens	RPH3A	Rabphilin-3A; Plays an essential role in docking and fusion steps of regulated exocytosis (By similarity). At the presynaptic level, RPH3A is recruited by RAB3A to the synaptic vesicle membrane in a GTP- dependent manner where it modulates synaptic vesicle trafficking and calcium-triggered neurotransmitter release (By similarity). In the post-synaptic compartment, forms a ternary complex with GRIN2A and DLG4 and regulates NMDA receptor stability. Plays also a role in the exocytosis of arginine vasopressin hormone (By similarity).
RPL10	169	9606.ENSP00000413436	9606	Homo sapiens	RPL10	60S ribosomal protein L10; Component of the large ribosomal subunit. Plays a role in the formation of actively translating ribosomes. May play a role in the embryonic brain development.
RPS6KA2	171	9606.ENSP00000422435	9606	Homo sapiens	RPS6KA2	Ribosomal protein S6 kinase alpha-2; Serine/threonine-protein kinase that acts downstream of ERK (MAPK1/ERK2 and MAPK3/ERK1) signaling and mediates mitogenic and stress-induced activation of transcription factors, regulates translation, and mediates cellular proliferation, survival, and differentiation. May function as tumor suppressor in epithelial ovarian cancer cells.
RPS6KA3	172	9606.ENSP00000368884	9606	Homo sapiens	RPS6KA3	Ribosomal protein S6 kinase alpha-3; Serine/threonine-protein kinase that acts downstream of ERK (MAPK1/ERK2 and MAPK3/ERK1) signaling and mediates mitogenic and stress-induced activation of the transcription factors CREB1, ETV1/ER81 and NR4A1/NUR77, regulates translation through RPS6 and EIF4B phosphorylation, and mediates cellular proliferation, survival, and differentiation by modulating mTOR signaling and repressing pro- apoptotic function of BAD and DAPK1. In fibroblast, is required for EGF-stimulated phosphorylation of CREB1 and histone H3 at 'Ser-10', which results in the subseq [...] 
RSF1	173	9606.ENSP00000311513	9606	Homo sapiens	RSF1	Remodeling and spacing factor 1; Required for assembly of regular nucleosome arrays by the RSF chromatin-remodeling complex. Facilitates transcription of hepatitis B virus (HBV) genes by the pX transcription activator. In case of infection by HBV, together with pX, it represses TNF-alpha induced NF-kappa-B transcription activation. Represses transcription when artificially recruited to chromatin by fusion to a heterogeneous DNA binding domain.
RSRC1	174	9606.ENSP00000481697	9606	Homo sapiens	RSRC1	Serine/Arginine-related protein 53; Has a role in alternative splicing and transcription regulation. Involved in both constitutive and alternative pre-mRNA splicing. May have a role in the recognition of the 3' splice site during the second step of splicing.
RUNX1T1	175	9606.ENSP00000402257	9606	Homo sapiens	RUNX1T1	Protein CBFA2T1; Transcriptional corepressor which facilitates transcriptional repression via its association with DNA-binding transcription factors and recruitment of other corepressors and histone-modifying enzymes. Can repress the expression of MMP7 in a ZBTB33-dependent manner. Can repress transactivation mediated by TCF12. Acts as a negative regulator of adipogenesis (By similarity). The AML1-MTG8/ETO fusion protein frequently found in leukemic cells is involved in leukemogenesis and contributes to hematopoietic stem/progenitor cell self-renewal.
SACS	176	9606.ENSP00000371729	9606	Homo sapiens	SACS	Sacsin; Co-chaperone which acts as a regulator of the Hsp70 chaperone machinery and may be involved in the processing of other ataxia-linked proteins.
SAE1	177	9606.ENSP00000270225	9606	Homo sapiens	SAE1	SUMO-activating enzyme subunit 1, N-terminally processed; The heterodimer acts as an E1 ligase for SUMO1, SUMO2, SUMO3, and probably SUMO4. It mediates ATP-dependent activation of SUMO proteins followed by formation of a thioester bond between a SUMO protein and a conserved active site cysteine residue on UBA2/SAE2.
SAMD11	178	9606.ENSP00000342313	9606	Homo sapiens	SAMD11	Sterile alpha motif domain-containing protein 11; May play a role in photoreceptor development.
SASH1	179	9606.ENSP00000356437	9606	Homo sapiens	SASH1	SAM and SH3 domain-containing protein 1; Is a positive regulator of NF-kappa-B signaling downstream of TLR4 activation. It acts as a scaffold molecule to assemble a molecular complex that includes TRAF6, MAP3K7, CHUK and IKBKB, thereby facilitating NF-kappa-B signaling activation. Regulates TRAF6 and MAP3K7 ubiquitination. Involved in the regulation of cell mobility. Regulates lipolysaccharide (LPS)-induced endothelial cell migration. Is involved in the regulation of skin pigmentation through the control of melanocyte migration in the epidermis.
SATB1	180	9606.ENSP00000399518	9606	Homo sapiens	SATB1	DNA-binding protein SATB1; Crucial silencing factor contributing to the initiation of X inactivation mediated by Xist RNA that occurs during embryogenesis and in lymphoma (By similarity). Binds to DNA at special AT-rich sequences, the consensus SATB1-binding sequence (CSBS), at nuclear matrix- or scaffold-associated regions. Thought to recognize the sugar-phosphate structure of double-stranded DNA. Transcriptional repressor controlling nuclear and viral gene expression in a phosphorylated and acetylated status-dependent manner, by binding to matrix attachment regions (MARs) of DNA and  [...] 
SATB2	181	9606.ENSP00000401112	9606	Homo sapiens	SATB2	DNA-binding protein SATB2; Binds to DNA, at nuclear matrix- or scaffold-associated regions. Thought to recognize the sugar-phosphate structure of double- stranded DNA. Transcription factor controlling nuclear gene expression, by binding to matrix attachment regions (MARs) of DNA and inducing a local chromatin-loop remodeling. Acts as a docking site for several chromatin remodeling enzymes and also by recruiting corepressors (HDACs) or coactivators (HATs) directly to promoters and enhancers. Required for the initiation of the upper-layer neurons (UL1) specific genetic program and for th [...] 
SBF1	182	9606.ENSP00000370196	9606	Homo sapiens	SBF1	Myotubularin-related protein 5; Acts as an adapter for the phosphatase MTMR2 to regulate MTMR2 catalytic activity and subcellular location. May function as a guanine nucleotide exchange factor (GEF) activating RAB28. Promotes the exchange of GDP to GTP, converting inactive GDP-bound Rab proteins into their active GTP-bound form. Inhibits myoblast differentiation in vitro and induces oncogenic transformation in fibroblasts. Belongs to the protein-tyrosine phosphatase family. Non- receptor class myotubularin subfamily.
SCAF1	183	9606.ENSP00000353769	9606	Homo sapiens	SCAF1	Splicing factor, arginine/serine-rich 19; May function in pre-mRNA splicing.
SCAF4	184	9606.ENSP00000286835	9606	Homo sapiens	SCAF4	SR-related and CTD-associated factor 4; Anti-terminator protein required to prevent early mRNA termination during transcription. Together with SCAF8, acts by suppressing the use of early, alternative poly(A) sites, thereby preventing the accumulation of non-functional truncated proteins. Mechanistically, associates with the phosphorylated C-terminal heptapeptide repeat domain (CTD) of the largest RNA polymerase II subunit (POLR2A), and subsequently binds nascent RNA upstream of early polyadenylation sites to prevent premature mRNA transcript cleavage and polyadenylation. Independently  [...] 
SCFD2	185	9606.ENSP00000384182	9606	Homo sapiens	SCFD2	Sec1 family domain-containing protein 2; May be involved in protein transport; Belongs to the STXBP/unc-18/SEC1 family.
SCGN	186	9606.ENSP00000367197	9606	Homo sapiens	SCGN	Secretagogin, EF-hand calcium binding protein.
SCN1A	187	9606.ENSP00000303540	9606	Homo sapiens	SCN1A	Sodium channel protein type 1 subunit alpha; Mediates the voltage-dependent sodium ion permeability of excitable membranes. Assuming opened or closed conformations in response to the voltage difference across the membrane, the protein forms a sodium-selective channel through which Na(+) ions may pass in accordance with their electrochemical gradient. Plays a key role in brain, probably by regulating the moment when neurotransmitters are released in neurons. Involved in sensory perception of mechanical pain: activation in somatosensory neurons induces pain without neurogenic inflammatio [...] 
SCN2A	188	9606.ENSP00000490107	9606	Homo sapiens	SCN2A	Sodium channel protein type 2 subunit alpha; Mediates the voltage-dependent sodium ion permeability of excitable membranes. Assuming opened or closed conformations in response to the voltage difference across the membrane, the protein forms a sodium-selective channel through which Na(+) ions may pass in accordance with their electrochemical gradient. Implicated in the regulation of hippocampal replay occurring within sharp wave ripples (SPW-R) important for memory (By similarity). Belongs to the sodium channel (TC 1.A.1.10) family. Nav1.2/SCN2A subfamily.
SCN3A	189	9606.ENSP00000283254	9606	Homo sapiens	SCN3A	Sodium channel protein type 3 subunit alpha; Mediates the voltage-dependent sodium ion permeability of excitable membranes. Assuming opened or closed conformations in response to the voltage difference across the membrane, forms a sodium- selective channel through which Na(+) ions may pass in accordance with their electrochemical gradient. May contribute to the regulation of serotonin/5- hydroxytryptamine release by enterochromaffin cells (By similarity). In pancreatic endocrine cells, required for both glucagon and glucose- induced insulin secretion (By similarity). Belongs to the sod [...] 
SCN4A	190	9606.ENSP00000396320	9606	Homo sapiens	SCN4A	Sodium channel protein type 4 subunit alpha; Pore-forming subunit of a voltage-gated sodium channel complex through which Na(+) ions pass in accordance with their electrochemical gradient. Alternates between resting, activated and inactivated states. Required for normal muscle fiber excitability, normal muscle contraction and relaxation cycles, and constant muscle strength in the presence of fluctuating K(+) levels. Belongs to the sodium channel (TC 1.A.1.10) family. Nav1.4/SCN4A subfamily.
SCN8A	191	9606.ENSP00000346534	9606	Homo sapiens	SCN8A	Sodium channel protein type 8 subunit alpha; Mediates the voltage-dependent sodium ion permeability of excitable membranes. Assuming opened or closed conformations in response to the voltage difference across the membrane, the protein forms a sodium-selective channel through which Na(+) ions may pass in accordance with their electrochemical gradient. Belongs to the sodium channel (TC 1.A.1.10) family. Nav1.6/SCN8A subfamily.
SCN9A	192	9606.ENSP00000386306	9606	Homo sapiens	SCN9A	Sodium channel protein type 9 subunit alpha; Mediates the voltage-dependent sodium ion permeability of excitable membranes. Assuming opened or closed conformations in response to the voltage difference across the membrane, the protein forms a sodium-selective channel through which Na(+) ions may pass in accordance with their electrochemical gradient. It is a tetrodotoxin-sensitive Na(+) channel isoform. Plays a role in pain mechanisms, especially in the development of inflammatory pain. Belongs to the sodium channel (TC 1.A.1.10) family. Nav1.7/SCN9A subfamily.
SCP2	193	9606.ENSP00000360569	9606	Homo sapiens	SCP2	Non-specific lipid-transfer protein; Mediates in vitro the transfer of all common phospholipids, cholesterol and gangliosides between membranes. May play a role in regulating steroidogenesis.
SDC2	194	9606.ENSP00000307046	9606	Homo sapiens	SDC2	Syndecan-2; Cell surface proteoglycan that bears heparan sulfate. Regulates dendritic arbor morphogenesis (By similarity).
SEMA5A	195	9606.ENSP00000371936	9606	Homo sapiens	SEMA5A	Semaphorin-5A; Bifunctional axonal guidance cue regulated by sulfated proteoglycans; attractive effects result from interactions with heparan sulfate proteoglycans (HSPGs), while the inhibitory effects depend on interactions with chondroitin sulfate proteoglycans (CSPGs) (By similarity). Ligand for receptor PLXNB3. In glioma cells, SEMA5A stimulation of PLXNB3 results in the disassembly of F-actin stress fibers, disruption of focal adhesions and cellular collapse as well as inhibition of cell migration and invasion through ARHGDIA-mediated inactivation of RAC1. May promote angiogenesis [...] 
SENP1	196	9606.ENSP00000394791	9606	Homo sapiens	SENP1	Sentrin-specific protease 1; Protease that catalyzes two essential functions in the SUMO pathway. The first is the hydrolysis of an alpha-linked peptide bond at the C-terminal end of the small ubiquitin-like modifier (SUMO) propeptides, SUMO1, SUMO2 and SUMO3 leading to the mature form of the proteins. The second is the deconjugation of SUMO1, SUMO2 and SUMO3 from targeted proteins, by cleaving an epsilon-linked peptide bond between the C-terminal glycine of the mature SUMO and the lysine epsilon-amino group of the target protein. Deconjugates SUMO1 from HIPK2. Deconjugates SUMO1 from  [...] 
SENP6	197	9606.ENSP00000402527	9606	Homo sapiens	SENP6	Sentrin-specific protease 6; Protease that deconjugates SUMO1, SUMO2 and SUMO3 from targeted proteins. Processes preferentially poly-SUMO2 and poly-SUMO3 chains, but does not efficiently process SUMO1, SUMO2 and SUMO3 precursors. Deconjugates SUMO1 from RXRA, leading to transcriptional activation. Involved in chromosome alignment and spindle assembly, by regulating the kinetochore CENPH-CENPI-CENPK complex. Desumoylates PML and CENPI, protecting them from degradation by the ubiquitin ligase RNF4, which targets polysumoylated proteins for proteasomal degradation. Desumoylates also RPA1, [...] 
SERPINE1	198	9606.ENSP00000223095	9606	Homo sapiens	SERPINE1	Plasminogen activator inhibitor 1; Serine protease inhibitor. Inhibits TMPRSS7. Is a primary inhibitor of tissue-type plasminogen activator (PLAT) and urokinase-type plasminogen activator (PLAU). As PLAT inhibitor, it is required for fibrinolysis down-regulation and is responsible for the controlled degradation of blood clots. As PLAU inhibitor, it is involved in the regulation of cell adhesion and spreading. Acts as a regulator of cell migration, independently of its role as protease inhibitor. It is required for stimulation of keratinocyte migration during cutaneous injury repair. It [...] 
SET	199	9606.ENSP00000361777	9606	Homo sapiens	SET	Protein SET; Multitasking protein, involved in apoptosis, transcription, nucleosome assembly and histone chaperoning. Isoform 2 anti-apoptotic activity is mediated by inhibition of the GZMA-activated DNase, NME1. In the course of cytotoxic T-lymphocyte (CTL)-induced apoptosis, GZMA cleaves SET, disrupting its binding to NME1 and releasing NME1 inhibition. Isoform 1 and isoform 2 are potent inhibitors of protein phosphatase 2A. Isoform 1 and isoform 2 inhibit EP300/CREBBP and PCAF- mediated acetylation of histones (HAT) and nucleosomes, most probably by masking the accessibility of lysi [...] 
SETBP1	200	9606.ENSP00000497406	9606	Homo sapiens	SETBP1	SET binding protein 1.
SETD1A	201	9606.ENSP00000262519	9606	Homo sapiens	SETD1A	Histone-lysine N-methyltransferase SETD1A; Histone methyltransferase that specifically methylates 'Lys- 4' of histone H3, when part of the SET1 histone methyltransferase (HMT) complex, but not if the neighboring 'Lys-9' residue is already methylated. H3 'Lys-4' methylation represents a specific tag for epigenetic transcriptional activation. The non-overlapping localization with SETD1B suggests that SETD1A and SETD1B make non-redundant contributions to the epigenetic control of chromatin structure and gene expression.
SETD1B	202	9606.ENSP00000474253	9606	Homo sapiens	SETD1B	Histone-lysine N-methyltransferase SETD1B; Histone methyltransferase that specifically methylates 'Lys- 4' of histone H3, when part of the SET1 histone methyltransferase (HMT) complex, but not if the neighboring 'Lys-9' residue is already methylated. H3 'Lys-4' methylation represents a specific tag for epigenetic transcriptional activation. The non-overlapping localization with SETD1A suggests that SETD1A and SETD1B make non-redundant contributions to the epigenetic control of chromatin structure and gene expression. Specifically tri-methylates 'Lys-4' of histone H3 in vitro; Belongs t [...] 
SETD2	203	9606.ENSP00000386759	9606	Homo sapiens	SETD2	Histone-lysine N-methyltransferase SETD2; Histone methyltransferase that specifically trimethylates 'Lys-36' of histone H3 (H3K36me3) using dimethylated 'Lys-36' (H3K36me2) as substrate. It is capable of trimethylating unmethylated H3K36 (H3K36me0) in vitro. Represents the main enzyme generating H3K36me3, a specific tag for epigenetic transcriptional activation (By similarity). Plays a role in chromatin structure modulation during elongation by coordinating recruitment of the FACT complex and by interacting with hyperphosphorylated POLR2A. Acts as a key regulator of DNA mismatch repair [...] 
SETD5	204	9606.ENSP00000385852	9606	Homo sapiens	SETD5	Histone-lysine N-methyltransferase SETD5; Displays histone methyltransferase activity and monomethylates 'Lys-9' of histone H3 in vitro. The physiological significance of this activity is unclear. Probable transcriptional regulator that acts via the formation of large multiprotein complexes that modify and/or remodel the chromatin. Acts as a regulator of histone acetylation during gene transcription.
SETDB1	205	9606.ENSP00000271640	9606	Homo sapiens	SETDB1	Histone-lysine N-methyltransferase SETDB1; Histone methyltransferase that specifically trimethylates 'Lys-9' of histone H3. H3 'Lys-9' trimethylation represents a specific tag for epigenetic transcriptional repression by recruiting HP1 (CBX1, CBX3 and/or CBX5) proteins to methylated histones. Mainly functions in euchromatin regions, thereby playing a central role in the silencing of euchromatic genes. H3 'Lys-9' trimethylation is coordinated with DNA methylation. Required for HUSH- mediated heterochromatin formation and gene silencing. Forms a complex with MBD1 and ATF7IP that represse [...] 
SETDB2	206	9606.ENSP00000346175	9606	Homo sapiens	SETDB2	Histone-lysine N-methyltransferase SETDB2; Histone methyltransferase involved in left-right axis specification in early development and mitosis. Specifically trimethylates 'Lys-9' of histone H3 (H3K9me3). H3K9me3 is a specific tag for epigenetic transcriptional repression that recruits HP1 (CBX1, CBX3 and/or CBX5) proteins to methylated histones. Contributes to H3K9me3 in both the interspersed repetitive elements and centromere- associated repeats. Plays a role in chromosome condensation and segregation during mitosis.
SEZ6L2	207	9606.ENSP00000481917	9606	Homo sapiens	SEZ6L2	Seizure 6-like protein 2; May contribute to specialized endoplasmic reticulum functions in neurons; Belongs to the SEZ6 family.
SF1	208	9606.ENSP00000366604	9606	Homo sapiens	SF1	Splicing factor 1; Necessary for the ATP-dependent first step of spliceosome assembly. Binds to the intron branch point sequence (BPS) 5'-UACUAAC-3' of the pre-mRNA. May act as transcription repressor.
SF3B1	209	9606.ENSP00000335321	9606	Homo sapiens	SF3B1	Splicing factor 3B subunit 1; Involved in pre-mRNA splicing as a component of the splicing factor SF3B complex. SF3B complex is required for 'A' complex assembly formed by the stable binding of U2 snRNP to the branchpoint sequence (BPS) in pre-mRNA. Sequence independent binding of SF3A/SF3B complex upstream of the branch site is essential, it may anchor U2 snRNP to the pre-mRNA. Together with other U2 snRNP complex components may also play a role in the selective processing of microRNAs (miRNAs) from the long primary miRNA transcript, pri-miR-17-92 (By similarity). May also be involved [...] 
SF3B3	210	9606.ENSP00000305790	9606	Homo sapiens	SF3B3	Splicing factor 3B subunit 3; Involved in pre-mRNA splicing as a component of the splicing factor SF3B complex, a constituent of the spliceosome. SF3B complex is required for 'A' complex assembly formed by the stable binding of U2 snRNP to the branchpoint sequence (BPS) in pre-mRNA. Sequence independent binding of SF3A/SF3B complex upstream of the branch site is essential, it may anchor U2 snRNP to the pre-mRNA. May also be involved in the assembly of the 'E' complex. Belongs also to the minor U12-dependent spliceosome, which is involved in the splicing of rare class of nuclear pre-mRN [...] 
SGSH	211	9606.ENSP00000314606	9606	Homo sapiens	SGSH	N-sulphoglucosamine sulphohydrolase; Catalyzes a step in lysosomal heparan sulfate degradation. Belongs to the sulfatase family.
SGSM3	212	9606.ENSP00000248929	9606	Homo sapiens	SGSM3	Small G protein signaling modulator 3; May play a cooperative role in NF2-mediated growth suppression of cells.
SH3RF1	213	9606.ENSP00000284637	9606	Homo sapiens	SH3RF1	E3 ubiquitin-protein ligase SH3RF1; Has E3 ubiquitin-protein ligase activity. In the absence of an external substrate, it can catalyze self-ubiquitination. Stimulates ubiquitination of potassium channel KCNJ1, enhancing it's dynamin-dependent and clathrin- independent endocytosis. Acts as a scaffold protein that coordinates with MAPK8IP1/JIP1 in organizing different components of the JNK pathway, including RAC1 or RAC2, MAP3K11/MLK3 or MAP3K7/TAK1, MAP2K7/MKK7, MAPK8/JNK1 and/or MAPK9/JNK2 into a functional multiprotein complex to ensure the effective activation of the JNK signaling pa [...] 
SH3RF3	214	9606.ENSP00000309186	9606	Homo sapiens	SH3RF3	E3 ubiquitin-protein ligase SH3RF3; Has E3 ubiquitin-protein ligase activity.
SHANK1	215	9606.ENSP00000293441	9606	Homo sapiens	SHANK1	SH3 and multiple ankyrin repeat domains protein 1; Seems to be an adapter protein in the postsynaptic density (PSD) of excitatory synapses that interconnects receptors of the postsynaptic membrane including NMDA-type and metabotropic glutamate receptors via complexes with GKAP/PSD-95 and Homer, respectively, and the actin-based cytoskeleton. Plays a role in the structural and functional organization of the dendritic spine and synaptic junction; Belongs to the SHANK family.
SHANK2	216	9606.ENSP00000345193	9606	Homo sapiens	SHANK2	SH3 and multiple ankyrin repeat domains protein 2; Seems to be an adapter protein in the postsynaptic density (PSD) of excitatory synapses that interconnects receptors of the postsynaptic membrane including NMDA-type and metabotropic glutamate receptors, and the actin-based cytoskeleton. May play a role in the structural and functional organization of the dendritic spine and synaptic junction.
SHANK3	217	9606.ENSP00000489407	9606	Homo sapiens	SHANK3	SH3 and multiple ankyrin repeat domains protein 3; Major scaffold postsynaptic density protein which interacts with multiple proteins and complexes to orchestrate the dendritic spine and synapse formation, maturation and maintenance. Interconnects receptors of the postsynaptic membrane including NMDA-type and metabotropic glutamate receptors via complexes with GKAP/PSD-95 and HOMER, respectively, and the actin-based cytoskeleton. Plays a role in the structural and functional organization of the dendritic spine and synaptic junction through the interaction with Arp2/3 and WAVE1 complex  [...] 
SHOX	218	9606.ENSP00000370990	9606	Homo sapiens	SHOX	Short stature homeobox protein; Controls fundamental aspects of growth and development; Belongs to the paired homeobox family. Bicoid subfamily.
SIK1	219	9606.ENSP00000270162	9606	Homo sapiens	SIK1	Serine/threonine-protein kinase SIK1; Serine/threonine-protein kinase involved in various processes such as cell cycle regulation, gluconeogenesis and lipogenesis regulation, muscle growth and differentiation and tumor suppression. Phosphorylates HDAC4, HDAC5, PPME1, SREBF1, CRTC1/TORC1. Inhibits CREB activity by phosphorylating and inhibiting activity of TORCs, the CREB- specific coactivators, like CRTC2/TORC2 and CRTC3/TORC3 in response to cAMP signaling. Acts as a tumor suppressor and plays a key role in p53/TP53-dependent anoikis, a type of apoptosis triggered by cell detachment: r [...] 
SIN3A	220	9606.ENSP00000378402	9606	Homo sapiens	SIN3A	Paired amphipathic helix protein Sin3a; Acts as a transcriptional repressor. Corepressor for REST. Interacts with MXI1 to repress MYC responsive genes and antagonize MYC oncogenic activities. Also interacts with MXD1-MAX heterodimers to repress transcription by tethering SIN3A to DNA. Acts cooperatively with OGT to repress transcription in parallel with histone deacetylation. Involved in the control of the circadian rhythms. Required for the transcriptional repression of circadian target genes, such as PER1, mediated by the large PER complex through histone deacetylation. Cooperates wi [...] 
SIN3B	221	9606.ENSP00000369131	9606	Homo sapiens	SIN3B	Paired amphipathic helix protein Sin3b; Acts as a transcriptional repressor. Interacts with MXI1 to repress MYC responsive genes and antagonize MYC oncogenic activities. Interacts with MAD-MAX heterodimers by binding to MAD. The heterodimer then represses transcription by tethering SIN3B to DNA. Also forms a complex with FOXK1 which represses transcription. With FOXK1, regulates cell cycle progression probably by repressing cell cycle inhibitor genes expression.
SKI	222	9606.ENSP00000367797	9606	Homo sapiens	SKI	Ski oncogene; May play a role in terminal differentiation of skeletal muscle cells but not in the determination of cells to the myogenic lineage. Functions as a repressor of TGF-beta signaling. Belongs to the SKI family.
SLC12A5	223	9606.ENSP00000387694	9606	Homo sapiens	SLC12A5	Solute carrier family 12 member 5; Mediates electroneutral potassium-chloride cotransport in mature neurons and is required for neuronal Cl(-) homeostasis. As major extruder of intracellular chloride, it establishes the low neuronal Cl(-) levels required for chloride influx after binding of GABA-A and glycine to their receptors, with subsequent hyperpolarization and neuronal inhibition (By similarity). Involved in the regulation of dendritic spine formation and maturation.
SLC1A1	224	9606.ENSP00000262352	9606	Homo sapiens	SLC1A1	Excitatory amino acid transporter 3; Sodium-dependent, high-affinity amino acid transporter that mediates the uptake of L-glutamate and also L-aspartate and D-aspartate. Can also transport L-cysteine. Functions as a symporter that transports one amino acid molecule together with two or three Na(+) ions and one proton, in parallel with the counter-transport of one K(+) ion. Mediates Cl(-) flux that is not coupled to amino acid transport; this avoids the accumulation of negative charges due to aspartate and Na(+) symport. Plays an important role in L-glutamate and L-aspartate reabsorptio [...] 
SLC1A2	225	9606.ENSP00000278379	9606	Homo sapiens	SLC1A2	Excitatory amino acid transporter 2; Sodium-dependent, high-affinity amino acid transporter that mediates the uptake of L-glutamate and also L-aspartate and D-aspartate. Functions as a symporter that transports one amino acid molecule together with two or three Na(+) ions and one proton, in parallel with the counter-transport of one K(+) ion. Mediates Cl(-) flux that is not coupled to amino acid transport; this avoids the accumulation of negative charges due to aspartate and Na(+) symport. Essential for the rapid removal of released glutamate from the synaptic cleft, and for terminatin [...] 
SLC22A15	226	9606.ENSP00000358515	9606	Homo sapiens	SLC22A15	Solute carrier family 22 member 15; Probably transports organic cations (By similarity). Appears not to be the agmatine transporter.
SLC22A9	227	9606.ENSP00000279178	9606	Homo sapiens	SLC22A9	Solute carrier family 22 member 9; Sodium-independent organic anion transporter which exhibits high specificity for sulfated conjugates of xenobiotics and steroid hormones. It is also specifically activated by 3 to 5 carbons- containing short-chain fatty acids/SCFAs, including propionate, butyrate and valerate. May operate the exchange of sulfated organic components against short-chain fatty acids/SCFAs at the sinusoidal membrane of hepatocytes; Belongs to the major facilitator (TC 2.A.1) superfamily. Organic cation transporter (TC 2.A.1.19) family.
SLC23A1	228	9606.ENSP00000302851	9606	Homo sapiens	SLC23A1	Solute carrier family 23 member 1; Sodium/ascorbate cotransporter. Mediates electrogenic uptake of vitamin C, with a stoichiometry of 2 Na(+) for each ascorbate; Belongs to the xanthine/uracil permease family. Nucleobase:cation symporter-2 (NCS2) (TC 2.A.40) subfamily.
SLC24A2	229	9606.ENSP00000344801	9606	Homo sapiens	SLC24A2	Sodium/potassium/calcium exchanger 2; Critical component of the visual transduction cascade, controlling the calcium concentration of outer segments during light and darkness. Light causes a rapid lowering of cytosolic free calcium in the outer segment of both retinal rod and cone photoreceptors and the light-induced lowering of calcium is caused by extrusion via this protein which plays a key role in the process of light adaptation. Transports 1 Ca(2+) and 1 K(+) in exchange for 4 Na(+).
SLC25A12	230	9606.ENSP00000388658	9606	Homo sapiens	SLC25A12	Calcium-binding mitochondrial carrier protein Aralar1; Mitochondrial and calcium-binding carrier that catalyzes the calcium-dependent exchange of cytoplasmic glutamate with mitochondrial aspartate across the mitochondrial inner membrane. May have a function in the urea cycle.
SLC25A27	231	9606.ENSP00000360398	9606	Homo sapiens	SLC25A27	Mitochondrial uncoupling protein 4; UCP are mitochondrial transporter proteins that create proton leaks across the inner mitochondrial membrane, thus uncoupling oxidative phosphorylation from ATP synthesis. As a result, energy is dissipated in the form of heat. May play a role in thermoregulatory heat production and metabolism in brain; Belongs to the mitochondrial carrier (TC 2.A.29) family.
SLC25A39	232	9606.ENSP00000366299	9606	Homo sapiens	SLC25A39	Solute carrier family 25 member 39; Required for normal heme biosynthesis; Belongs to the mitochondrial carrier (TC 2.A.29) family.
SLC27A4	233	9606.ENSP00000300456	9606	Homo sapiens	SLC27A4	Long-chain fatty acid transport protein 4; Involved in translocation of long-chain fatty acids (LFCA) across the plasma membrane. Appears to be the principal fatty acid transporter in small intestinal enterocytes. Plays a role in the formation of the epidermal barrier. Required for fat absorption in early embryogenesis. Has acyl-CoA ligase activity for long-chain and very-long-chain fatty acids (VLCFAs). Indirectly inhibits RPE65 via substrate competition and via production of VLCFA derivatives like lignoceroyl-CoA. Prevents light-induced degeneration of rods and cones (By similarity); [...] 
SLC29A4	234	9606.ENSP00000380081	9606	Homo sapiens	SLC29A4	Equilibrative nucleoside transporter 4; Functions as a polyspecific organic cation transporter, efficiently transporting many organic cations such as monoamine neurotransmitters 1-methyl-4-phenylpyridinium and biogenic amines including serotonin, dopamine, norepinephrine and epinephrine. May play a role in regulating central nervous system homeostasis of monoamine neurotransmitters. May be involved in luminal transport of organic cations in the kidney and seems to use luminal proton gradient to drive organic cation reabsorption. Does not seem to transport nucleoside and nucleoside anal [...] 
SLC35B1	235	9606.ENSP00000497423	9606	Homo sapiens	SLC35B1	Solute carrier family 35 member B1; Probable sugar transporter; Belongs to the nucleotide-sugar transporter family. SLC35B subfamily.
SLC35G1	236	9606.ENSP00000400932	9606	Homo sapiens	SLC35G1	Solute carrier family 35 member G1; May play a role in intracellular calcium sensing and homeostasis. May act as a negative regulator of plasma membrane calcium-transporting ATPases preventing calcium efflux from the cell.
SLC38A10	237	9606.ENSP00000363891	9606	Homo sapiens	SLC38A10	Putative sodium-coupled neutral amino acid transporter 10; Putative sodium-dependent amino acid/proton antiporter.
SLC45A1	238	9606.ENSP00000418096	9606	Homo sapiens	SLC45A1	Proton-associated sugar transporter A; Proton-associated glucose transporter in the brain. Belongs to the glycoside-pentoside-hexuronide (GPH) cation symporter transporter (TC 2.A.2) family.
SLC4A10	239	9606.ENSP00000393066	9606	Homo sapiens	SLC4A10	Sodium-driven chloride bicarbonate exchanger; Sodium/bicarbonate cotransporter which plays an important role in regulating intracellular pH. Has been shown to act as a sodium/bicarbonate cotransporter in exchange for intracellular chloride (By similarity). Has also been shown to act as a sodium/biocarbonate cotransporter which does not couple net influx of bicarbonate to net efflux of chloride, with the observed chloride efflux being due to chloride self-exchange. Controls neuronal pH and may contribute to the secretion of cerebrospinal fluid (By similarity). Reduces the excitability o [...] 
SLC6A1	240	9606.ENSP00000494136	9606	Homo sapiens	SLC6A1	Sodium- and chloride-dependent GABA transporter 1; Terminates the action of GABA by its high affinity sodium- dependent reuptake into presynaptic terminals.
SLC6A3	241	9606.ENSP00000270349	9606	Homo sapiens	SLC6A3	Sodium-dependent dopamine transporter; Amine transporter. Terminates the action of dopamine by its high affinity sodium-dependent reuptake into presynaptic terminals.
SLC6A4	242	9606.ENSP00000261707	9606	Homo sapiens	SLC6A4	Sodium-dependent serotonin transporter; Serotonin transporter whose primary function in the central nervous system involves the regulation of serotonergic signaling via transport of serotonin molecules from the synaptic cleft back into the pre-synaptic terminal for re-utilization. Plays a key role in mediating regulation of the availability of serotonin to other receptors of serotonergic systems. Terminates the action of serotonin and recycles it in a sodium-dependent manner.
SLC6A8	243	9606.ENSP00000253122	9606	Homo sapiens	SLC6A8	Sodium- and chloride-dependent creatine transporter 1; Required for the uptake of creatine in muscles and brain.
SLC7A3	244	9606.ENSP00000363417	9606	Homo sapiens	SLC7A3	Cationic amino acid transporter 3; Mediates the uptake of the cationic amino acids arginine, lysine and ornithine in a sodium-independent manner. Belongs to the amino acid-polyamine-organocation (APC) superfamily. Cationic amino acid transporter (CAT) (TC 2.A.3.3) family.
SLC7A5	245	9606.ENSP00000261622	9606	Homo sapiens	SLC7A5	Large neutral amino acids transporter small subunit 1; The heterodimer with SLC3A2 functions as sodium-independent, high-affinity transporter that mediates uptake of large neutral amino acids such as phenylalanine, tyrosine, L-DOPA, leucine, histidine, methionine and tryptophan. Functions as an amino acid exchanger. May play a role in the transport of L-DOPA across the blood-brain barrier (By similarity). May act as the major transporter of tyrosine in fibroblasts (Probable). May mediate blood-to-retina L-leucine transport across the inner blood-retinal barrier (By similarity). Can med [...] 
SLC7A7	246	9606.ENSP00000380666	9606	Homo sapiens	SLC7A7	Y+L amino acid transporter 1; Involved in the sodium-independent uptake of dibasic amino acids and sodium-dependent uptake of some neutral amino acids. Requires coexpression with SLC3A2/4F2hc to mediate the uptake of arginine, leucine and glutamine. Plays a role in nitric oxide synthesis in human umbilical vein endothelial cells (HUVECs) via transport of L-arginine. Involved in the transport of L-arginine in monocytes. Belongs to the amino acid-polyamine-organocation (APC) superfamily. L-type amino acid transporter (LAT) (TC 2.A.3.8) family.
SLC9A1	247	9606.ENSP00000263980	9606	Homo sapiens	SLC9A1	Sodium/hydrogen exchanger 1; Involved in pH regulation to eliminate acids generated by active metabolism or to counter adverse environmental conditions. Major proton extruding system driven by the inward sodium ion chemical gradient. Plays an important role in signal transduction.
SLC9A6	248	9606.ENSP00000359729	9606	Homo sapiens	SLC9A6	Sodium/hydrogen exchanger 6; Electroneutral exchange of protons for Na(+) and K(+) across the early and recycling endosome membranes. Contributes to calcium homeostasis.
SLC9A9	249	9606.ENSP00000320246	9606	Homo sapiens	SLC9A9	Sodium/hydrogen exchanger 9; May act in electroneutral exchange of protons for Na(+) across membranes. Involved in the effusion of Golgi luminal H(+) in exchange for cytosolic cations. Involved in organelle ion homeostasis by contributing to the maintenance of the unique acidic pH values of the Golgi and post-Golgi compartments in the cell. Belongs to the monovalent cation:proton antiporter 1 (CPA1) transporter (TC 2.A.36) family.
SLCO1B3	250	9606.ENSP00000261196	9606	Homo sapiens	SLCO1B3	Solute carrier organic anion transporter family member 1B3; Mediates the Na(+)-independent uptake of organic anions such as 17-beta-glucuronosyl estradiol, taurocholate, triiodothyronine (T3), leukotriene C4, dehydroepiandrosterone sulfate (DHEAS), methotrexate and sulfobromophthalein (BSP). Involved in the clearance of bile acids and organic anions from the liver; Belongs to the organo anion transporter (TC 2.A.60) family.
SLFN5	251	9606.ENSP00000299977	9606	Homo sapiens	SLFN5	Schlafen family member 5; May have a role in hematopoietic cell differentiation. Belongs to the Schlafen family. Subgroup III subfamily.
SLITRK2	252	9606.ENSP00000334374	9606	Homo sapiens	SLITRK2	SLIT and NTRK-like protein 2; It is involved in synaptogenesis and promotes excitatory synapse differentiation. Suppresses neurite outgrowth (By similarity).
SLITRK5	253	9606.ENSP00000366283	9606	Homo sapiens	SLITRK5	SLIT and NTRK-like protein 5; Suppresses neurite outgrowth; Belongs to the SLITRK family.
SMAD4	254	9606.ENSP00000341551	9606	Homo sapiens	SMAD4	Mothers against decapentaplegic homolog 4; In muscle physiology, plays a central role in the balance between atrophy and hypertrophy. When recruited by MSTN, promotes atrophy response via phosphorylated SMAD2/4. MSTN decrease causes SMAD4 release and subsequent recruitment by the BMP pathway to promote hypertrophy via phosphorylated SMAD1/5/8. Acts synergistically with SMAD1 and YY1 in bone morphogenetic protein (BMP)-mediated cardiac- specific gene expression. Binds to SMAD binding elements (SBEs) (5'- GTCT/AGAC-3') within BMP response element (BMPRE) of cardiac activating regions (By [...] 
SMAP2	255	9606.ENSP00000361803	9606	Homo sapiens	SMAP2	Stromal membrane-associated protein 2; GTPase activating protein that acts on ARF1. Can also activate ARF6 (in vitro). May play a role in clathrin-dependent retrograde transport from early endosomes to the trans-Golgi network (By similarity).
SMARCA1	256	9606.ENSP00000360162	9606	Homo sapiens	SMARCA1	Probable global transcription activator SNF2L1; Energy-transducing component of NURF (nucleosome-remodeling factor) and CERF (CECR2-containing-remodeling factor) complexes. Both complexes facilitate the perturbation of chromatin structure in an ATP- dependent manner. Potentiates neurite outgrowth. May be involved in brain development by regulating En-1 and En-2 expression. May be involved in the development of luteal cells. Belongs to the SNF2/RAD54 helicase family. ISWI subfamily.
SMARCA2	257	9606.ENSP00000371638	9606	Homo sapiens	SMARCA2	Probable global transcription activator SNF2L2; Involved in transcriptional activation and repression of select genes by chromatin remodeling (alteration of DNA-nucleosome topology). Component of SWI/SNF chromatin remodeling complexes that carry out key enzymatic activities, changing chromatin structure by altering DNA-histone contacts within a nucleosome in an ATP-dependent manner. Binds DNA non-specifically. Belongs to the neural progenitors-specific chromatin remodeling complex (npBAF complex) and the neuron-specific chromatin remodeling complex (nBAF complex). During neural develop [...] 
SMARCA4	258	9606.ENSP00000343896	9606	Homo sapiens	SMARCA4	Transcription activator BRG1; Involved in transcriptional activation and repression of select genes by chromatin remodeling (alteration of DNA-nucleosome topology). Component of SWI/SNF chromatin remodeling complexes that carry out key enzymatic activities, changing chromatin structure by altering DNA-histone contacts within a nucleosome in an ATP-dependent manner. Component of the CREST-BRG1 complex, a multiprotein complex that regulates promoter activation by orchestrating the calcium- dependent release of a repressor complex and the recruitment of an activator complex. In resting ne [...] 
SMARCC2	259	9606.ENSP00000449396	9606	Homo sapiens	SMARCC2	SWI/SNF complex subunit SMARCC2; Involved in transcriptional activation and repression of select genes by chromatin remodeling (alteration of DNA-nucleosome topology). Component of SWI/SNF chromatin remodeling complexes that carry out key enzymatic activities, changing chromatin structure by altering DNA-histone contacts within a nucleosome in an ATP-dependent manner. Can stimulate the ATPase activity of the catalytic subunit of these complexes. May be required for CoREST dependent repression of neuronal specific gene promoters in non-neuronal cells. Belongs to the neural progenitors-s [...] 
SMC1A	260	9606.ENSP00000323421	9606	Homo sapiens	SMC1A	Structural maintenance of chromosomes protein 1A; Involved in chromosome cohesion during cell cycle and in DNA repair. Central component of cohesin complex. The cohesin complex is required for the cohesion of sister chromatids after DNA replication. The cohesin complex apparently forms a large proteinaceous ring within which sister chromatids can be trapped. At anaphase, the complex is cleaved and dissociates from chromatin, allowing sister chromatids to segregate. The cohesin complex may also play a role in spindle pole assembly during mitosis. Involved in DNA repair via its interacti [...] 
SMC3	261	9606.ENSP00000354720	9606	Homo sapiens	SMC3	Structural maintenance of chromosomes protein 3; Central component of cohesin, a complex required for chromosome cohesion during the cell cycle. The cohesin complex may form a large proteinaceous ring within which sister chromatids can be trapped. At anaphase, the complex is cleaved and dissociates from chromatin, allowing sister chromatids to segregate. Cohesion is coupled to DNA replication and is involved in DNA repair. The cohesin complex plays also an important role in spindle pole assembly during mitosis and in chromosomes movement.
SMG6	262	9606.ENSP00000263073	9606	Homo sapiens	SMG6	Telomerase-binding protein EST1A; Component of the telomerase ribonucleoprotein (RNP) complex that is essential for the replication of chromosome termini. May have a general role in telomere regulation. Promotes in vitro the ability of TERT to elongate telomeres. Overexpression induces telomere uncapping, chromosomal end-to-end fusions (telomeric DNA persists at the fusion points) and did not perturb TRF2 telomeric localization. Binds to the single-stranded 5'-(GTGTGG)(4)GTGT-3' telomeric DNA, but not to a telomerase RNA template component (TER).
SMURF1	263	9606.ENSP00000354621	9606	Homo sapiens	SMURF1	E3 ubiquitin-protein ligase SMURF1; E3 ubiquitin-protein ligase that acts as a negative regulator of BMP signaling pathway. Mediates ubiquitination and degradation of SMAD1 and SMAD5, 2 receptor-regulated SMADs specific for the BMP pathway. Promotes ubiquitination and subsequent proteasomal degradation of TRAF family members and RHOA. Promotes ubiquitination and subsequent proteasomal degradation of MAVS. Plays a role in dendrite formation by melanocytes.
SNAP25	264	9606.ENSP00000254976	9606	Homo sapiens	SNAP25	Synaptosomal-associated protein 25; t-SNARE involved in the molecular regulation of neurotransmitter release. May play an important role in the synaptic function of specific neuronal systems. Associates with proteins involved in vesicle docking and membrane fusion. Regulates plasma membrane recycling through its interaction with CENPF. Modulates the gating characteristics of the delayed rectifier voltage-dependent potassium channel KCNB1 in pancreatic beta cells. Belongs to the SNAP-25 family.
SNCAIP	265	9606.ENSP00000261367	9606	Homo sapiens	SNCAIP	Synphilin-1; Isoform 2 inhibits the ubiquitin ligase activity of SIAH1 and inhibits proteasomal degradation of target proteins. Isoform 2 inhibits autoubiquitination and proteasomal degradation of SIAH1, and thereby increases cellular levels of SIAH. Isoform 2 modulates SNCA monoubiquitination by SIAH1.
SND1	266	9606.ENSP00000346762	9606	Homo sapiens	SND1	Staphylococcal nuclease domain-containing protein 1; Endonuclease that mediates miRNA decay of both protein-free and AGO2-loaded miRNAs. As part of its function in miRNA decay, regulates mRNAs involved in G1-to-S phase transition. Functions as a bridging factor between STAT6 and the basal transcription factor. Plays a role in PIM1 regulation of MYB activity. Functions as a transcriptional coactivator for STAT5 (By similarity).
SNTG2	267	9606.ENSP00000311837	9606	Homo sapiens	SNTG2	Gamma-2-syntrophin; Adapter protein that binds to and probably organizes the subcellular localization of a variety of proteins. May link various receptors to the actin cytoskeleton and the dystrophin glycoprotein complex (By similarity); Belongs to the syntrophin family.
SNX14	268	9606.ENSP00000313121	9606	Homo sapiens	SNX14	Sorting nexin-14; Plays a role in maintaining normal neuronal excitability and synaptic transmission. May be involved in several stages of intracellular trafficking (By similarity). Required for autophagosome clearance, possibly by mediating the fusion of lysosomes with autophagosomes (Probable). Binds phosphatidylinositol 3,5-bisphosphate (PtdIns(3,5)P2), a key component of late endosomes/lysosomes. Does not bind phosphatidylinositol 3-phosphate (PtdIns(3P)).
SNX5	269	9606.ENSP00000366998	9606	Homo sapiens	SNX5	Sorting nexin-5; Involved in several stages of intracellular trafficking. Interacts with membranes containing phosphatidylinositol 3-phosphate (PtdIns(3P)) or phosphatidylinositol 3,4-bisphosphate (PtdIns(3,4)P2). Acts in part as component of the retromer membrane- deforming SNX-BAR subcomplex. The SNX-BAR retromer mediates retrograde transport of cargo proteins from endosomes to the trans-Golgi network (TGN) and is involved in endosome-to-plasma membrane transport for cargo protein recycling. The SNX-BAR subcomplex functions to deform the donor membrane into a tubular profile called e [...] 
SOD1	270	9606.ENSP00000270142	9606	Homo sapiens	SOD1	Superoxide dismutase [Cu-Zn]; Destroys radicals which are normally produced within the cells and which are toxic to biological systems; Belongs to the Cu-Zn superoxide dismutase family.
SON	271	9606.ENSP00000348984	9606	Homo sapiens	SON	Protein SON; RNA-binding protein that acts as a mRNA splicing cofactor by promoting efficient splicing of transcripts that possess weak splice sites. Specifically promotes splicing of many cell-cycle and DNA-repair transcripts that possess weak splice sites, such as TUBG1, KATNB1, TUBGCP2, AURKB, PCNT, AKT1, RAD23A, and FANCG. Probably acts by facilitating the interaction between Serine/arginine-rich proteins such as SRSF2 and the RNA polymerase II. Also binds to DNA; binds to the consensus DNA sequence: 5'-GA[GT]AN[CG][AG]CC-3'. May indirectly repress hepatitis B virus (HBV) core prom [...] 
SORCS3	272	9606.ENSP00000358715	9606	Homo sapiens	SORCS3	Sortilin related VPS10 domain containing receptor 3; Belongs to the VPS10-related sortilin family. SORCS subfamily.
SOS2	273	9606.ENSP00000216373	9606	Homo sapiens	SOS2	Son of sevenless homolog 2; Promotes the exchange of Ras-bound GDP by GTP.
SOX5	274	9606.ENSP00000398273	9606	Homo sapiens	SOX5	Transcription factor SOX-5; Binds specifically to the DNA sequence 5'-AACAAT-3'. Activates transcription of COL2A1 and AGC1 in vitro.
SOX6	275	9606.ENSP00000379644	9606	Homo sapiens	SOX6	Transcription factor SOX-6; Transcriptional activator. Binds specifically to the DNA sequence 5'-AACAAT-3'. Plays a key role in several developmental processes, including neurogenesis and skeleton formation.
SPARCL1	276	9606.ENSP00000414856	9606	Homo sapiens	SPARCL1	SPARC-like protein 1; SPARC like 1.
SPAST	277	9606.ENSP00000320885	9606	Homo sapiens	SPAST	Spastin; ATP-dependent microtubule severing protein that specifically recognizes and cuts microtubules that are polyglutamylated. Preferentially recognizes and acts on microtubules decorated with short polyglutamate tails: severing activity increases as the number of glutamates per tubulin rises from one to eight, but decreases beyond this glutamylation threshold. Severing activity is not dependent on tubulin acetylation or detyrosination. Microtubule severing promotes reorganization of cellular microtubule arrays and the release of microtubules from the centrosome following nucleation [...] 
SPEN	278	9606.ENSP00000364912	9606	Homo sapiens	SPEN	Msx2-interacting protein; May serve as a nuclear matrix platform that organizes and integrates transcriptional responses. In osteoblasts, supports transcription activation: synergizes with RUNX2 to enhance FGFR2- mediated activation of the osteocalcin FGF-responsive element (OCFRE) (By similarity). Has also been shown to be an essential corepressor protein, which probably regulates different key pathways such as the Notch pathway. Negative regulator of the Notch pathway via its interaction with RBPSUH, which prevents the association between NOTCH1 and RBPSUH, and therefore suppresses t [...] 
SPP2	279	9606.ENSP00000168148	9606	Homo sapiens	SPP2	Secreted phosphoprotein 24; Could coordinate an aspect of bone turnover.
SPRY2	280	9606.ENSP00000366306	9606	Homo sapiens	SPRY2	Protein sprouty homolog 2; May function as an antagonist of fibroblast growth factor (FGF) pathways and may negatively modulate respiratory organogenesis. Belongs to the sprouty family.
SPTAN1	281	9606.ENSP00000487444	9606	Homo sapiens	SPTAN1	Spectrin alpha chain, non-erythrocytic 1; Fodrin, which seems to be involved in secretion, interacts with calmodulin in a calcium-dependent manner and is thus candidate for the calcium-dependent movement of the cytoskeleton at the membrane.
SPTBN1	282	9606.ENSP00000349259	9606	Homo sapiens	SPTBN1	Spectrin beta chain, non-erythrocytic 1; Fodrin, which seems to be involved in secretion, interacts with calmodulin in a calcium-dependent manner and is thus candidate for the calcium-dependent movement of the cytoskeleton at the membrane.
SRCAP	283	9606.ENSP00000262518	9606	Homo sapiens	SRCAP	Helicase SRCAP; Catalytic component of the SRCAP complex which mediates the ATP-dependent exchange of histone H2AZ/H2B dimers for nucleosomal H2A/H2B, leading to transcriptional regulation of selected genes by chromatin remodeling. Acts as a coactivator for CREB-mediated transcription, steroid receptor-mediated transcription, and Notch- mediated transcription. Belongs to the SNF2/RAD54 helicase family. SWR1 subfamily.
SRGAP3	284	9606.ENSP00000373347	9606	Homo sapiens	SRGAP3	SLIT-ROBO Rho GTPase-activating protein 3; GTPase-activating protein for RAC1 and perhaps Cdc42, but not for RhoA small GTPase. May attenuate RAC1 signaling in neurons.
SRPRA	285	9606.ENSP00000328023	9606	Homo sapiens	SRPRA	Signal recognition particle receptor subunit alpha; Component of the SRP (signal recognition particle) receptor. Ensures, in conjunction with the signal recognition particle, the correct targeting of the nascent secretory proteins to the endoplasmic reticulum membrane system.
SRRM2	286	9606.ENSP00000301740	9606	Homo sapiens	SRRM2	Serine/arginine repetitive matrix protein 2; Required for pre-mRNA splicing as component of the spliceosome. Belongs to the CWC21 family.
SRSF1	287	9606.ENSP00000258962	9606	Homo sapiens	SRSF1	Serine/arginine-rich splicing factor 1; Plays a role in preventing exon skipping, ensuring the accuracy of splicing and regulating alternative splicing. Interacts with other spliceosomal components, via the RS domains, to form a bridge between the 5'- and 3'-splice site binding components, U1 snRNP and U2AF. Can stimulate binding of U1 snRNP to a 5'-splice site- containing pre-mRNA. Binds to purine-rich RNA sequences, either the octamer, 5'-RGAAGAAC-3' (r=A or G) or the decamers, AGGACAGAGC/AGGACGAAGC. Binds preferentially to the 5'-CGAGGCG-3' motif in vitro. Three copies of the octame [...] 
SRSF11	288	9606.ENSP00000359988	9606	Homo sapiens	SRSF11	Serine/arginine-rich splicing factor 11; May function in pre-mRNA splicing.
SSR4	289	9606.ENSP00000317331	9606	Homo sapiens	SSR4	Translocon-associated protein subunit delta; TRAP proteins are part of a complex whose function is to bind calcium to the ER membrane and thereby regulate the retention of ER resident proteins; Belongs to the TRAP-delta family.
SSRP1	290	9606.ENSP00000278412	9606	Homo sapiens	SSRP1	FACT complex subunit SSRP1; Component of the FACT complex, a general chromatin factor that acts to reorganize nucleosomes. The FACT complex is involved in multiple processes that require DNA as a template such as mRNA elongation, DNA replication and DNA repair. During transcription elongation the FACT complex acts as a histone chaperone that both destabilizes and restores nucleosomal structure. It facilitates the passage of RNA polymerase II and transcription by promoting the dissociation of one histone H2A-H2B dimer from the nucleosome, then subsequently promotes the reestablishment o [...] 
ST7	291	9606.ENSP00000265437	9606	Homo sapiens	ST7	Suppressor of tumorigenicity 7 protein; May act as a tumor suppressor; Belongs to the ST7 family.
ST8SIA2	292	9606.ENSP00000268164	9606	Homo sapiens	ST8SIA2	Alpha-2,8-sialyltransferase 8B; May transfer sialic acid through alpha-2,8-linkages to the alpha-2,3-linked and alpha-2,6-linked sialic acid of N-linked oligosaccharides of glycoproteins and may be involved in PSA (polysialic acid) expression; Belongs to the glycosyltransferase 29 family.
STAG1	293	9606.ENSP00000372689	9606	Homo sapiens	STAG1	Cohesin subunit SA-1; Component of cohesin complex, a complex required for the cohesion of sister chromatids after DNA replication. The cohesin complex apparently forms a large proteinaceous ring within which sister chromatids can be trapped. At anaphase, the complex is cleaved and dissociates from chromatin, allowing sister chromatids to segregate. The cohesin complex may also play a role in spindle pole assembly during mitosis.
STK39	294	9606.ENSP00000348278	9606	Homo sapiens	STK39	STE20/SPS1-related proline-alanine-rich protein kinase; May act as a mediator of stress-activated signals. Mediates the inhibition of SLC4A4, SLC26A6 as well as CFTR activities by the WNK scaffolds, probably through phosphorylation. Phosphorylates RELT. Belongs to the protein kinase superfamily. STE Ser/Thr protein kinase family. STE20 subfamily.
STX1A	295	9606.ENSP00000222812	9606	Homo sapiens	STX1A	Syntaxin-1A; Plays an essential role in hormone and neurotransmitter calcium-dependent exocytosis and endocytosis. Part of the SNARE (Soluble NSF Attachment Receptor) complex composed of SNAP25, STX1A and VAMP2 which mediates the fusion of synaptic vesicles with the presynaptic plasma membrane. STX1A and SNAP25 are localized on the plasma membrane while VAMP2 resides in synaptic vesicles. The pairing of the three SNAREs from the N-terminal SNARE motifs to the C-terminal anchors leads to the formation of the SNARE complex, which brings membranes into close proximity and results in final [...] 
STXBP1	296	9606.ENSP00000362399	9606	Homo sapiens	STXBP1	Syntaxin-binding protein 1; Participates in the regulation of synaptic vesicle docking and fusion through interaction with GTP-binding proteins (By similarity). Essential for neurotransmission and binds syntaxin, a component of the synaptic vesicle fusion machinery probably in a 1:1 ratio. Can interact with syntaxins 1, 2, and 3 but not syntaxin 4. May play a role in determining the specificity of intracellular fusion reactions.
STXBP5	297	9606.ENSP00000321826	9606	Homo sapiens	STXBP5	Syntaxin-binding protein 5; Plays a regulatory role in calcium-dependent exocytosis and neurotransmitter release. Inhibits membrane fusion between transport vesicles and the plasma membrane. May modulate the assembly of trans- SNARE complexes between transport vesicles and the plasma membrane. Inhibits translocation of GLUT4 from intracellular vesicles to the plasma membrane. Competes with STXBP1 for STX1 binding (By similarity). Belongs to the WD repeat L(2)GL family.
STYK1	298	9606.ENSP00000075503	9606	Homo sapiens	STYK1	Tyrosine-protein kinase STYK1; Probable tyrosine protein-kinase, which has strong transforming capabilities on a variety of cell lines. When overexpressed, it can also induce tumor cell invasion as well as metastasis in distant organs. May act by activating both MAP kinase and phosphatidylinositol 3'-kinases (PI3K) pathways (By similarity).
SUPT16H	299	9606.ENSP00000216297	9606	Homo sapiens	SUPT16H	FACT complex subunit SPT16; Component of the FACT complex, a general chromatin factor that acts to reorganize nucleosomes. The FACT complex is involved in multiple processes that require DNA as a template such as mRNA elongation, DNA replication and DNA repair. During transcription elongation the FACT complex acts as a histone chaperone that both destabilizes and restores nucleosomal structure. It facilitates the passage of RNA polymerase II and transcription by promoting the dissociation of one histone H2A-H2B dimer from the nucleosome, then subsequently promotes the reestablishment o [...] 
SYAP1	300	9606.ENSP00000369500	9606	Homo sapiens	SYAP1	Synapse-associated protein 1; Plays a role in adipocyte differentiation by promoting mTORC2-mediated phosphorylation of AKT1 at 'Ser-473' after growth factor stimulation.
SYBU	301	9606.ENSP00000407118	9606	Homo sapiens	SYBU	Syntabulin; Part of a kinesin motor-adapter complex that is critical for the anterograde axonal transport of active zone components and contributes to activity-dependent presynaptic assembly during neuronal development.
SYCE1	302	9606.ENSP00000303978	9606	Homo sapiens	SYCE1	Synaptonemal complex central element protein 1; Major component of the transverse central element of synaptonemal complexes (SCS), formed between homologous chromosomes during meiotic prophase. Requires SYCP1 in order to be incorporated into the central element. May have a role in the synaptonemal complex assembly, stabilization and recombination.
SYN1	303	9606.ENSP00000295987	9606	Homo sapiens	SYN1	Synapsin-1; Neuronal phosphoprotein that coats synaptic vesicles, binds to the cytoskeleton, and is believed to function in the regulation of neurotransmitter release. The complex formed with NOS1 and CAPON proteins is necessary for specific nitric-oxid functions at a presynaptic level.
SYN2	304	9606.ENSP00000480050	9606	Homo sapiens	SYN2	Synapsin-2; Neuronal phosphoprotein that coats synaptic vesicles, binds to the cytoskeleton, and is believed to function in the regulation of neurotransmitter release. May play a role in noradrenaline secretion by sympathetic neurons (By similarity); Belongs to the synapsin family.
SYNCRIP	305	9606.ENSP00000358635	9606	Homo sapiens	SYNCRIP	Heterogeneous nuclear ribonucleoprotein Q; Heterogenous nuclear ribonucleoprotein (hnRNP) implicated in mRNA processing mechanisms. Component of the CRD-mediated complex that promotes MYC mRNA stability. Isoform 1, isoform 2 and isoform 3 are associated in vitro with pre-mRNA, splicing intermediates and mature mRNA protein complexes. Isoform 1 binds to apoB mRNA AU-rich sequences. Isoform 1 is part of the APOB mRNA editosome complex and may modulate the postranscriptional C to U RNA-editing of the APOB mRNA through either by binding to A1CF (APOBEC1 complementation factor), to APOBEC1  [...] 
SYNE1	306	9606.ENSP00000356224	9606	Homo sapiens	SYNE1	Nesprin-1; Multi-isomeric modular protein which forms a linking network between organelles and the actin cytoskeleton to maintain the subcellular spatial organization. As a component of the LINC (LInker of Nucleoskeleton and Cytoskeleton) complex involved in the connection between the nuclear lamina and the cytoskeleton. The nucleocytoplasmic interactions established by the LINC complex play an important role in the transmission of mechanical forces across the nuclear envelope and in nuclear movement and positioning. May be involved in nucleus- centrosome attachment and nuclear migrati [...] 
SYNGAP1	307	9606.ENSP00000496007	9606	Homo sapiens	SYNGAP1	Ras/Rap GTPase-activating protein SynGAP; Major constituent of the PSD essential for postsynaptic signaling. Inhibitory regulator of the Ras-cAMP pathway. Member of the NMDAR signaling complex in excitatory synapses, it may play a role in NMDAR-dependent control of AMPAR potentiation, AMPAR membrane trafficking and synaptic plasticity. Regulates AMPAR-mediated miniature excitatory postsynaptic currents. Exhibits dual GTPase-activating specificity for Ras and Rap. May be involved in certain forms of brain injury, leading to long-term learning and memory deficits (By similarity).
SYNJ1	308	9606.ENSP00000409667	9606	Homo sapiens	SYNJ1	Synaptojanin-1; Phosphatase that acts on various phosphoinositides, including phosphatidylinositol 4-phosphate, phosphatidylinositol (4,5)- bisphosphate and phosphatidylinositol (3,4,5)-trisphosphate. Has a role in clathrin-mediated endocytosis (By similarity). Hydrolyzes PIP2 bound to actin regulatory proteins resulting in the rearrangement of actin filaments downstream of tyrosine kinase and ASH/GRB2 (By similarity). Belongs to the synaptojanin family.
SYP	309	9606.ENSP00000263233	9606	Homo sapiens	SYP	Synaptophysin; Possibly involved in structural functions as organizing other membrane components or in targeting the vesicles to the plasma membrane. Involved in the regulation of short-term and long-term synaptic plasticity (By similarity); Belongs to the synaptophysin/synaptobrevin family.
SYT1	310	9606.ENSP00000261205	9606	Homo sapiens	SYT1	Synaptotagmin-1; Calcium sensor that participates in triggering neurotransmitter release at the synapse (By similarity). May have a regulatory role in the membrane interactions during trafficking of synaptic vesicles at the active zone of the synapse (By similarity). It binds acidic phospholipids with a specificity that requires the presence of both an acidic head group and a diacyl backbone. A Ca(2+)- dependent interaction between synaptotagmin and putative receptors for activated protein kinase C has also been reported. It can bind to at least three additional proteins in a Ca(2+)-in [...] 
SYT17	311	9606.ENSP00000347538	9606	Homo sapiens	SYT17	Synaptotagmin-17; Plays a role in dendrite formation by melanocytes ; Belongs to the synaptotagmin family.
TAF1	312	9606.ENSP00000406549	9606	Homo sapiens	TAF1	Transcription initiation factor TFIID subunit 1; Largest component and core scaffold of the TFIID basal transcription factor complex. Contains novel N- and C-terminal Ser/Thr kinase domains which can autophosphorylate or transphosphorylate other transcription factors. Phosphorylates TP53 on 'Thr-55' which leads to MDM2-mediated degradation of TP53. Phosphorylates GTF2A1 and GTF2F1 on Ser residues. Possesses DNA-binding activity. Essential for progression of the G1 phase of the cell cycle. Exhibits histone acetyltransferase activity towards histones H3 and H4. Belongs to the TAF1 family.
TAF1C	313	9606.ENSP00000455265	9606	Homo sapiens	TAF1C	TATA box-binding protein-associated factor RNA polymerase I subunit C; Component of the transcription factor SL1/TIF-IB complex, which is involved in the assembly of the PIC (preinitiation complex) during RNA polymerase I-dependent transcription. The rate of PIC formation probably is primarily dependent on the rate of association of SL1/TIF-IB with the rDNA promoter. SL1/TIF-IB is involved in stabilization of nucleolar transcription factor 1/UBTF on rDNA. Formation of SL1/TIF-IB excludes the association of TBP with TFIID subunits. Recruits RNA polymerase I to the rRNA gene promoter via [...] 
TAF4	314	9606.ENSP00000252996	9606	Homo sapiens	TAF4	Transcription initiation factor TFIID subunit 4; Part of the TFIID complex, a multimeric protein complex that plays a central role in mediating promoter responses to various activators and repressors. Potentiates transcriptional activation by the AF-2S of the retinoic acid, vitamin D3 and thyroid hormone.
TAF6	315	9606.ENSP00000399982	9606	Homo sapiens	TAF6	Transcription initiation factor TFIID subunit 6; TAFs are components of the transcription factor IID (TFIID) complex, PCAF histone acetylase complex and TBP-free TAFII complex (TFTC). TIIFD is multimeric protein complex that plays a central role in mediating promoter responses to various activators and repressors; Belongs to the TAF6 family.
TANC2	316	9606.ENSP00000387593	9606	Homo sapiens	TANC2	Protein TANC2; Scaffolding protein in the dendritic spines which acts as immobile postsynaptic posts able to recruit KIF1A-driven dense core vesicles to dendritic spines.
TAOK1	317	9606.ENSP00000261716	9606	Homo sapiens	TAOK1	Serine/threonine-protein kinase TAO1; Serine/threonine-protein kinase involved in various processes such as p38/MAPK14 stress-activated MAPK cascade, DNA damage response and regulation of cytoskeleton stability. Phosphorylates MAP2K3, MAP2K6 and MARK2. Acts as an activator of the p38/MAPK14 stress-activated MAPK cascade by mediating phosphorylation and subsequent activation of the upstream MAP2K3 and MAP2K6 kinases. Involved in G-protein coupled receptor signaling to p38/MAPK14. In response to DNA damage, involved in the G2/M transition DNA damage checkpoint by activating the p38/MAPK1 [...] 
TAOK2	318	9606.ENSP00000310094	9606	Homo sapiens	TAOK2	Serine/threonine-protein kinase TAO2; Serine/threonine-protein kinase involved in different processes such as membrane blebbing and apoptotic bodies formation DNA damage response and MAPK14/p38 MAPK stress-activated MAPK cascade. Phosphorylates itself, MBP, activated MAPK8, MAP2K3, MAP2K6 and tubulins. Activates the MAPK14/p38 MAPK signaling pathway through the specific activation and phosphorylation of the upstream MAP2K3 and MAP2K6 kinases. In response to DNA damage, involved in the G2/M transition DNA damage checkpoint by activating the p38/MAPK14 stress- activated MAPK cascade, pro [...] 
TBC1D23	319	9606.ENSP00000377700	9606	Homo sapiens	TBC1D23	TBC1 domain family member 23; Putative Rab GTPase-activating protein which plays a role in vesicular trafficking. Involved in endosome-to-Golgi trafficking. Acts as a bridging protein by binding simultaneously to golgins, including GOLGA1 and GOLGA4, located at the trans-Golgi, and to the WASH complex, located on endosome-derived vesicles. Together with WDR11 complex facilitates the golgin-mediated capture of vesicles generated using AP- 1. Plays a role in brain development, including in cortical neuron positioning (By similarity). May also be important for neurite outgrowth, possibly  [...] 
TBC1D31	320	9606.ENSP00000287380	9606	Homo sapiens	TBC1D31	TBC1 domain family member 31.
TBC1D5	321	9606.ENSP00000402935	9606	Homo sapiens	TBC1D5	TBC1 domain family member 5; May act as a GTPase-activating protein (GAP) for Rab family protein(s). May act as a GAP for RAB7A. Can displace RAB7A and retromer CSC subcomplex from the endosomal membrane to the cytosol; at least retromer displacement seems to require its catalytic activity. Required for retrograde transport of cargo proteins from endosomes to the trans-Golgi network (TGN); the function seems to require its catalytic activity. Involved in regulation of autophagy. May act as a molecular switch between endosomal and autophagosomal transport and is involved in reprogrammin [...] 
TBCB	322	9606.ENSP00000221855	9606	Homo sapiens	TBCB	Tubulin-folding cofactor B; Binds to alpha-tubulin folding intermediates after their interaction with cytosolic chaperonin in the pathway leading from newly synthesized tubulin to properly folded heterodimer. Involved in regulation of tubulin heterodimer dissociation. May function as a negative regulator of axonal growth (By similarity). Belongs to the TBCB family.
TBCEL	323	9606.ENSP00000403925	9606	Homo sapiens	TBCEL	Tubulin-specific chaperone cofactor E-like protein; Acts as a regulator of tubulin stability.
TBCK	324	9606.ENSP00000378198	9606	Homo sapiens	TBCK	TBC domain-containing protein kinase-like protein; Involved in the modulation of mTOR signaling and expression of mTOR complex components. Involved in the regulation of cell proliferation and growth. Involved in the control of actin-cytoskeleton organization.
TBL1X	325	9606.ENSP00000495556	9606	Homo sapiens	TBL1X	F-box-like/WD repeat-containing protein TBL1X; F-box-like protein involved in the recruitment of the ubiquitin/19S proteasome complex to nuclear receptor-regulated transcription units. Plays an essential role in transcription activation mediated by nuclear receptors. Probably acts as integral component of corepressor complexes that mediates the recruitment of the 19S proteasome complex, leading to the subsequent proteasomal degradation of transcription repressor complexes, thereby allowing cofactor exchange.
TBL1XR1	326	9606.ENSP00000405574	9606	Homo sapiens	TBL1XR1	F-box-like/WD repeat-containing protein TBL1XR1; F-box-like protein involved in the recruitment of the ubiquitin/19S proteasome complex to nuclear receptor-regulated transcription units. Plays an essential role in transcription activation mediated by nuclear receptors. Probably acts as integral component of the N-Cor corepressor complex that mediates the recruitment of the 19S proteasome complex, leading to the subsequent proteasomal degradation of N-Cor complex, thereby allowing cofactor exchange, and transcription activation; Belongs to the WD repeat EBI family.
TBR1	327	9606.ENSP00000374205	9606	Homo sapiens	TBR1	T-box brain protein 1; Transcriptional repressor involved in multiple aspects of cortical development, including neuronal migration, laminar and areal identity, and axonal projection. As transcriptional repressor of FEZF2, it blocks the formation of the corticospinal (CS) tract from layer 6 projection neurons, thereby restricting the origin of CS axons specifically to layer 5 neurons (By similarity).
TBX1	328	9606.ENSP00000331791	9606	Homo sapiens	TBX1	T-box transcription factor TBX1; Probable transcriptional regulator involved in developmental processes. Is required for normal development of the pharyngeal arch arteries (By similarity).
TBX22	329	9606.ENSP00000362393	9606	Homo sapiens	TBX22	T-box transcription factor TBX22; Probable transcriptional regulator involved in developmental processes. This is major determinant crucial to palatogenesis.
TCEAL1	330	9606.ENSP00000361708	9606	Homo sapiens	TCEAL1	Transcription elongation factor A protein-like 1; May be involved in transcriptional regulation. Modulates various viral and cellular promoters in a promoter context-dependent manner. For example, transcription from the FOS promoter is increased, while Rous sarcoma virus (RSV) long terminal repeat (LTR) promoter activity is repressed. Does not bind DNA directly.
TCF12	331	9606.ENSP00000388940	9606	Homo sapiens	TCF12	Transcription factor 12; Transcriptional regulator. Involved in the initiation of neuronal differentiation. Activates transcription by binding to the E box (5'-CANNTG-3').
TCF20	332	9606.ENSP00000352463	9606	Homo sapiens	TCF20	Transcription factor 20; Transcriptional activator that binds to the regulatory region of MMP3 and thereby controls stromelysin expression. It stimulates the activity of various transcriptional activators such as JUN, SP1, PAX6 and ETS1, suggesting a function as a coactivator.
TCF4	333	9606.ENSP00000381382	9606	Homo sapiens	TCF4	Transcription factor 4; Transcription factor that binds to the immunoglobulin enhancer Mu-E5/KE5-motif. Involved in the initiation of neuronal differentiation. Activates transcription by binding to the E box (5'- CANNTG-3'). Binds to the E-box present in the somatostatin receptor 2 initiator element (SSTR2-INR) to activate transcription (By similarity). Preferentially binds to either 5'-ACANNTGT-3' or 5'- CCANNTGG-3'.
TCF7L2	334	9606.ENSP00000486891	9606	Homo sapiens	TCF7L2	Transcription factor 7-like 2; Participates in the Wnt signaling pathway and modulates MYC expression by binding to its promoter in a sequence-specific manner. Acts as repressor in the absence of CTNNB1, and as activator in its presence. Activates transcription from promoters with several copies of the Tcf motif 5'-CCTTTGATC-3' in the presence of CTNNB1. TLE1, TLE2, TLE3 and TLE4 repress transactivation mediated by TCF7L2/TCF4 and CTNNB1. Expression of dominant-negative mutants results in cell-cycle arrest in G1. Necessary for the maintenance of the epithelial stem-cell compartment of  [...] 
TDO2	335	9606.ENSP00000444788	9606	Homo sapiens	TDO2	Tryptophan 2,3-dioxygenase; Heme-dependent dioxygenase that catalyzes the oxidative cleavage of the L-tryptophan (L-Trp) pyrrole ring and converts L- tryptophan to N-formyl-L-kynurenine. Catalyzes the oxidative cleavage of the indole moiety.
TECTA	336	9606.ENSP00000376543	9606	Homo sapiens	TECTA	Alpha-tectorin; One of the major non-collagenous components of the tectorial membrane (By similarity). The tectorial membrane is an extracellular matrix of the inner ear that covers the neuroepithelium of the cochlea and contacts the stereocilia bundles of specialized sensory hair cells. Sound induces movement of these hair cells relative to the tectorial membrane, deflects the stereocilia and leads to fluctuations in hair- cell membrane potential, transducing sound into electrical signals.
TEK	337	9606.ENSP00000369375	9606	Homo sapiens	TEK	Angiopoietin-1 receptor; Tyrosine-protein kinase that acts as cell-surface receptor for ANGPT1, ANGPT2 and ANGPT4 and regulates angiogenesis, endothelial cell survival, proliferation, migration, adhesion and cell spreading, reorganization of the actin cytoskeleton, but also maintenance of vascular quiescence. Has anti-inflammatory effects by preventing the leakage of proinflammatory plasma proteins and leukocytes from blood vessels. Required for normal angiogenesis and heart development during embryogenesis. Required for post-natal hematopoiesis. After birth, activates or inhibits angi [...] 
TERB2	338	9606.ENSP00000340644	9606	Homo sapiens	TERB2	Telomere repeats-binding bouquet formation protein 2; Meiosis-specific telomere-associated protein involved in meiotic telomere attachment to the nucleus inner membrane, a crucial step for homologous pairing and synapsis. Component of the MAJIN-TERB1- TERB2 complex, which promotes telomere cap exchange by mediating attachment of telomeric DNA to the inner nuclear membrane and replacement of the protective cap of telomeric chromosomes: in early meiosis, the MAJIN-TERB1-TERB2 complex associates with telomeric DNA and the shelterin/telosome complex. During prophase, the complex matures an [...] 
TERF2	339	9606.ENSP00000254942	9606	Homo sapiens	TERF2	Telomeric repeat-binding factor 2; Binds the telomeric double-stranded 5'-TTAGGG-3' repeat and plays a central role in telomere maintenance and protection against end-to-end fusion of chromosomes. In addition to its telomeric DNA- binding role, required to recruit a number of factors and enzymes required for telomere protection, including the shelterin complex, TERF2IP/RAP1 and DCLRE1B/Apollo. Component of the shelterin complex (telosome) that is involved in the regulation of telomere length and protection. Shelterin associates with arrays of double-stranded 5'- TTAGGG-3' repeats added [...] 
TET2	340	9606.ENSP00000442788	9606	Homo sapiens	TET2	Methylcytosine dioxygenase TET2; Dioxygenase that catalyzes the conversion of the modified genomic base 5-methylcytosine (5mC) into 5-hydroxymethylcytosine (5hmC) and plays a key role in active DNA demethylation. Has a preference for 5-hydroxymethylcytosine in CpG motifs. Also mediates subsequent conversion of 5hmC into 5-formylcytosine (5fC), and conversion of 5fC to 5-carboxylcytosine (5caC). Conversion of 5mC into 5hmC, 5fC and 5caC probably constitutes the first step in cytosine demethylation. Methylation at the C5 position of cytosine bases is an epigenetic modification of the mam [...] 
TET3	341	9606.ENSP00000386869	9606	Homo sapiens	TET3	Methylcytosine dioxygenase TET3; Dioxygenase that catalyzes the conversion of the modified genomic base 5-methylcytosine (5mC) into 5-hydroxymethylcytosine (5hmC) and plays a key role in epigenetic chromatin reprogramming in the zygote following fertilization. Also mediates subsequent conversion of 5hmC into 5-formylcytosine (5fC), and conversion of 5fC to 5- carboxylcytosine (5caC). Conversion of 5mC into 5hmC, 5fC and 5caC probably constitutes the first step in cytosine demethylation (By similarity). Selectively binds to the promoter region of target genes and contributes to regulate [...] 
TFB2M	342	9606.ENSP00000355471	9606	Homo sapiens	TFB2M	Dimethyladenosine transferase 2, mitochondrial; S-adenosyl-L-methionine-dependent rRNA methyltransferase which may methylate two specific adjacent adenosines in the loop of a conserved hairpin near the 3'-end of 12S mitochondrial rRNA (Probable). Component of the mitochondrial transcription initiation complex, composed at least of TFB2M, TFAM and POLRMT that is required for basal transcription of mitochondrial DNA. In this complex, TFAM recruits POLRMT to a specific promoter whereas TFB2M induces structural changes in POLRMT to enable promoter opening and trapping of the DNA non- templ [...] 
TFE3	343	9606.ENSP00000314129	9606	Homo sapiens	TFE3	Transcription factor E3; Transcription factor that specifically recognizes and binds E-box sequences (5'-CANNTG-3') (By similarity). Efficient DNA-binding requires dimerization with itself or with another MiT/TFE family member such as TFEB or MITF (By similarity). In association with TFEB, activates the expression of CD40L in T-cells, thereby playing a role in T-cell-dependent antibody responses in activated CD4(+) T-cells and thymus-dependent humoral immunity (By similarity). Specifically recognizes the MUE3 box, a subset of E-boxes, present in the immunoglobulin enhancer. It also bin [...] 
TGM1	344	9606.ENSP00000206765	9606	Homo sapiens	TGM1	Protein-glutamine gamma-glutamyltransferase K; Catalyzes the cross-linking of proteins and the conjugation of polyamines to proteins. Responsible for cross-linking epidermal proteins during formation of the stratum corneum. Involved in cell proliferation ; Belongs to the transglutaminase superfamily. Transglutaminase family.
THBS1	345	9606.ENSP00000260356	9606	Homo sapiens	THBS1	Thrombospondin-1; Adhesive glycoprotein that mediates cell-to-cell and cell-to- matrix interactions. Binds heparin. May play a role in dentinogenesis and/or maintenance of dentin and dental pulp (By similarity). Ligand for CD36 mediating antiangiogenic properties. Plays a role in ER stress response, via its interaction with the activating transcription factor 6 alpha (ATF6) which produces adaptive ER stress response factors (By similarity).
THRA	346	9606.ENSP00000264637	9606	Homo sapiens	THRA	Thyroid hormone receptor alpha; [Isoform Alpha-1]: Nuclear hormone receptor that can act as a repressor or activator of transcription. High affinity receptor for thyroid hormones, including triiodothyronine and thyroxine. Belongs to the nuclear hormone receptor family. NR1 subfamily.
TLE3	347	9606.ENSP00000452871	9606	Homo sapiens	TLE3	Transducin-like enhancer protein 3; Transcriptional corepressor that binds to a number of transcription factors. Inhibits the transcriptional activation mediated by CTNNB1 and TCF family members in Wnt signaling. The effects of full- length TLE family members may be modulated by association with dominant-negative AES (By similarity).
TLK2	348	9606.ENSP00000316512	9606	Homo sapiens	TLK2	Serine/threonine-protein kinase tousled-like 2; Serine/threonine-protein kinase involved in the process of chromatin assembly and probably also DNA replication, transcription, repair, and chromosome segregation. Phosphorylates the chromatin assembly factors ASF1A AND ASF1B. Phosphorylation of ASF1A prevents its proteasome-mediated degradation, thereby enhancing chromatin assembly. Negative regulator of amino acid starvation-induced autophagy.
TLN2	349	9606.ENSP00000453508	9606	Homo sapiens	TLN2	Talin-2; As a major component of focal adhesion plaques that links integrin to the actin cytoskeleton, may play an important role in cell adhesion. Recruits PIP5K1C to focal adhesion plaques and strongly activates its kinase activity (By similarity).
TM4SF19	350	9606.ENSP00000273695	9606	Homo sapiens	TM4SF19	Transmembrane 4 L six family member 19; Belongs to the L6 tetraspanin family.
TM4SF20	351	9606.ENSP00000303028	9606	Homo sapiens	TM4SF20	Transmembrane 4 L6 family member 20; Polytopic transmembrane protein that inhibits regulated intramembrane proteolysis (RIP) of CREB3L1, inhibiting its activation and the induction of collagen synthesis. In response to ceramide, which alters TM4SF20 membrane topology, stimulates RIP activation of CREB3L1. Ceramide reverses the direction through which transmembrane helices are translocated into the endoplasmic reticulum membrane during translation of TM4SF20, this mechanism is called 'regulated alternative translocation' (RAT) and regulates the function of the transmembrane protein. Bel [...] 
TM9SF4	352	9606.ENSP00000381104	9606	Homo sapiens	TM9SF4	Transmembrane 9 superfamily member 4; Associates with proteins harboring glycine-rich transmembrane domains and ensures their efficient localization to the cell surface. Regulates the assembly and activity of V-ATPase in colon cancer cells via its interaction with V-type proton ATPase subunit H (ATP6V1H) and contributes to V-ATPase-mediated pH alterations in cancer cells which play an important role in drug resistance and invasiveness of colon cancer cells. Plays an important role in an atypical phagocytic activity of metastatic melanoma cells called cannibalism and is involved in the  [...] 
TMEM134	353	9606.ENSP00000312615	9606	Homo sapiens	TMEM134	Transmembrane protein 134.
TMEM39B	354	9606.ENSP00000338165	9606	Homo sapiens	TMEM39B	Transmembrane protein 39B; Belongs to the TMEM39 family.
TMLHE	355	9606.ENSP00000335261	9606	Homo sapiens	TMLHE	Trimethyllysine dioxygenase, mitochondrial; Converts trimethyllysine (TML) into hydroxytrimethyllysine (HTML).
TNPO3	356	9606.ENSP00000265388	9606	Homo sapiens	TNPO3	Transportin-3; Importin, which transports target proteins into the nucleus. Specifically mediates the nuclear import of splicing factor serine/arginine (SR) proteins, such as RBM4, SFRS1 and SFRS2, by recognizing phosphorylated SR domains. Also mediates the nuclear import of serine/arginine (SR) protein CPSF6, independently of CPSF6 phosphorylation. The nuclear import process is regulated by the small GTPase Ran that partitions between cytoplasm and nucleus in the predominantly GDP- and GTP-bound form, respectively. Importin associates with target cargo proteins in the cytoplasm, and t [...] 
TNRC6B	357	9606.ENSP00000401946	9606	Homo sapiens	TNRC6B	Trinucleotide repeat-containing gene 6B protein; Plays a role in RNA-mediated gene silencing by both micro- RNAs (miRNAs) and short interfering RNAs (siRNAs). Required for miRNA- dependent translational repression and siRNA-dependent endonucleolytic cleavage of complementary mRNAs by argonaute family proteins. As scaffoldng protein associates with argonaute proteins bound to partially complementary mRNAs and simultaneously can recruit CCR4-NOT and PAN deadenylase complexes.
TNRC6C	358	9606.ENSP00000336783	9606	Homo sapiens	TNRC6C	Trinucleotide repeat-containing gene 6C protein; Plays a role in RNA-mediated gene silencing by micro-RNAs (miRNAs). Required for miRNA-dependent translational repression of complementary mRNAs by argonaute family proteins. As scaffoldng protein associates with argonaute proteins bound to partially complementary mRNAs and simultaneously can recruit CCR4-NOT and PAN deadenylase complexes.
TNS2	359	9606.ENSP00000319756	9606	Homo sapiens	TNS2	Tensin-2; Tyrosine-protein phosphatase which regulates cell motility proliferation and muscle-response to insulin. In muscles and under catabolic conditions, dephosphorylates IRS1 leading to its degradation and muscle atrophy. Negatively regulates PI3K-AKT pathway activation.
TOP2B	360	9606.ENSP00000264331	9606	Homo sapiens	TOP2B	DNA topoisomerase 2-beta; Control of topological states of DNA by transient breakage and subsequent rejoining of DNA strands. Topoisomerase II makes double- strand breaks; Belongs to the type II topoisomerase family.
TOP3B	361	9606.ENSP00000381773	9606	Homo sapiens	TOP3B	DNA topoisomerase 3-beta-1; Releases the supercoiling and torsional tension of DNA introduced during the DNA replication and transcription by transiently cleaving and rejoining one strand of the DNA duplex. Introduces a single-strand break via transesterification at a target site in duplex DNA. The scissile phosphodiester is attacked by the catalytic tyrosine of the enzyme, resulting in the formation of a DNA-(5'-phosphotyrosyl)- enzyme intermediate and the expulsion of a 3'-OH DNA strand. The free DNA strand than undergoes passage around the unbroken strand thus removing DNA supercoil [...] 
TPO	362	9606.ENSP00000329869	9606	Homo sapiens	TPO	Thyroid peroxidase; Iodination and coupling of the hormonogenic tyrosines in thyroglobulin to yield the thyroid hormones T(3) and T(4).
TRAF7	363	9606.ENSP00000318944	9606	Homo sapiens	TRAF7	E3 ubiquitin-protein ligase TRAF7; E3 ubiquitin ligase capable of auto-ubiquitination, following phosphorylation by MAP3K3. Potentiates MAP3K3-mediated activation of the NF-kappa-B, JUN/AP1 and DDIT3 transcriptional regulators. Induces apoptosis when overexpressed. Plays a role in the phosphorylation of MAPK1 and/or MAPK3, probably via its interaction with MAP3K3.
TRAP1	364	9606.ENSP00000246957	9606	Homo sapiens	TRAP1	Heat shock protein 75 kDa, mitochondrial; Chaperone that expresses an ATPase activity. Involved in maintaining mitochondrial function and polarization, downstream of PINK1 and mitochondrial complex I. Is a negative regulator of mitochondrial respiration able to modulate the balance between oxidative phosphorylation and aerobic glycolysis. The impact of TRAP1 on mitochondrial respiration is probably mediated by modulation of mitochondrial SRC and inhibition of SDHA; Belongs to the heat shock protein 90 family.
TRAPPC2L	365	9606.ENSP00000457728	9606	Homo sapiens	TRAPPC2L	Trafficking protein particle complex subunit 2-like protein; Plays a role in vesicular transport from endoplasmic reticulum to Golgi.
TRAPPC6B	366	9606.ENSP00000330289	9606	Homo sapiens	TRAPPC6B	Trafficking protein particle complex subunit 6B; Component of a transport protein particle (TRAPP) complex that may function in specific stages of inter-organelle traffic. Specifically involved in the early development of neural circuitry, likely by controlling the frequency and amplitude of intracellular calcium transients implicated in the regulation of neuron differentiation and survival (Probable).
TRAPPC9	367	9606.ENSP00000373979	9606	Homo sapiens	TRAPPC9	Trafficking protein particle complex subunit 9; Functions as an activator of NF-kappa-B through increased phosphorylation of the IKK complex. May function in neuronal cells differentiation. May play a role in vesicular transport from endoplasmic reticulum to Golgi.
TRIM23	368	9606.ENSP00000231524	9606	Homo sapiens	TRIM23	E3 ubiquitin-protein ligase TRIM23; Acts as an E3 ubiquitin-protein ligase. Plays an essential role in autophagy activation during viral infection. Mechanistically, activates TANK-binding kinase 1/TBK1 by facilitating its dimerization and ability to phosphorylate the selective autophagy receptor SQSTM1. In order to achieve this function, TRIM23 mediates 'Lys-27'-linked auto-ubiquitination of its ADP-ribosylation factor (ARF) domain to induce its GTPase activity and its recruitment to autophagosomes.
TRIM32	369	9606.ENSP00000408292	9606	Homo sapiens	TRIM32	E3 ubiquitin-protein ligase TRIM32; Has an E3 ubiquitin ligase activity. Ubiquitinates DTNBP1 (dysbindin) and promotes its degradation. May ubiquitinate BBS2. May play a significant role in mediating the biological activity of the HIV-1 Tat protein in vivo. Binds specifically to the activation domain of HIV-1 Tat and can also interact with the HIV-2 and EIAV Tat proteins in vivo; Belongs to the TRIM/RBCC family.
TRIM33	370	9606.ENSP00000351250	9606	Homo sapiens	TRIM33	E3 ubiquitin-protein ligase TRIM33; Acts as an E3 ubiquitin-protein ligase. Promotes SMAD4 ubiquitination, nuclear exclusion and degradation via the ubiquitin proteasome pathway. According to does not promote a decrease in the level of endogenous SMAD4. May act as a transcriptional repressor. Inhibits the transcriptional response to TGF-beta/BMP signaling cascade. Plays a role in the control of cell proliferation. Its association with SMAD2 and SMAD3 stimulates erythroid differentiation of hematopoietic stem/progenitor (By similarity). Monoubiquitinates SMAD4 and acts as an inhibitor o [...] 
TRIM8	371	9606.ENSP00000496301	9606	Homo sapiens	TRIM8	E3 ubiquitin-protein ligase TRIM8; E3 ubiquitin-protein ligase which plays different roles in immune pathways. Participates in the activation of interferon-gamma signaling by promoting proteasomal degradation of the repressor SOCS1. Plays a positive role in the TNFalpha and IL-1beta signaling pathways. Mechanistically, induces the 'lys-63' polyubiquitination of MAP3K7/TAK1 component leading to the activation of NF-kappa-B. Modulates also STAT3 activity through negative regulation of PIAS3, either by degradation of PIAS3 through the ubiquitin-proteasome pathway or exclusion of PIAS3 fro [...] 
TRIO	372	9606.ENSP00000339299	9606	Homo sapiens	TRIO	Triple functional domain protein; Guanine nucleotide exchange factor (GEF) for RHOA and RAC1 GTPases. Involved in coordinating actin remodeling, which is necessary for cell migration and growth. In developing hippocampal neurons, limits dendrite formation, without affecting the establishment of axon polarity. Once dendrites are formed, involved in the control of synaptic function by regulating the endocytosis of AMPA- selective glutamate receptors (AMPARs) at CA1 excitatory synapses (By similarity). May act as a regulator of adipogenesis (By similarity).
TRIP12	373	9606.ENSP00000373696	9606	Homo sapiens	TRIP12	E3 ubiquitin-protein ligase TRIP12; E3 ubiquitin-protein ligase involved in ubiquitin fusion degradation (UFD) pathway and regulation of DNA repair. Part of the ubiquitin fusion degradation (UFD) pathway, a process that mediates ubiquitination of protein at their N-terminus, regardless of the presence of lysine residues in target proteins. Acts as a key regulator of DNA damage response by acting as a suppressor of RNF168, an E3 ubiquitin-protein ligase that promotes accumulation of 'Lys-63'-linked histone H2A and H2AX at DNA damage sites, thereby acting as a guard against excessive spr [...] 
TRPC4	374	9606.ENSP00000486109	9606	Homo sapiens	TRPC4	Short transient receptor potential channel 4; Forms a receptor-activated non-selective calcium permeant cation channel. Acts as a cell-cell contact-dependent endothelial calcium entry channel. Probably operated by a phosphatidylinositol second messenger system activated by receptor tyrosine kinases or G- protein coupled receptors. Mediates cation entry, with an enhanced permeability to barium over calcium. May also be activated by intracellular calcium store depletion; Belongs to the transient receptor (TC 1.A.4) family. STrpC subfamily. TRPC4 sub-subfamily.
TRPC5	375	9606.ENSP00000262839	9606	Homo sapiens	TRPC5	Short transient receptor potential channel 5; Thought to form a receptor-activated non-selective calcium permeant cation channel. Probably is operated by a phosphatidylinositol second messenger system activated by receptor tyrosine kinases or G- protein coupled receptors. Has also been shown to be calcium-selective (By similarity). May also be activated by intracellular calcium store depletion.
TRPC6	376	9606.ENSP00000340913	9606	Homo sapiens	TRPC6	Short transient receptor potential channel 6; Thought to form a receptor-activated non-selective calcium permeant cation channel. Probably is operated by a phosphatidylinositol second messenger system activated by receptor tyrosine kinases or G-protein coupled receptors. Activated by diacylglycerol (DAG) in a membrane-delimited fashion, independently of protein kinase C. Seems not to be activated by intracellular calcium store depletion; Belongs to the transient receptor (TC 1.A.4) family. STrpC subfamily. TRPC6 sub-subfamily.
TRPM1	377	9606.ENSP00000437849	9606	Homo sapiens	TRPM1	Transient receptor potential cation channel subfamily M member 1; Cation channel essential for the depolarizing photoresponse of retinal ON bipolar cells. It is part of the GRM6 signaling cascade. May play a role in metastasis suppression (By similarity). May act as a spontaneously active, calcium-permeable plasma membrane channel.
TRPM3	378	9606.ENSP00000366314	9606	Homo sapiens	TRPM3	Transient receptor potential cation channel subfamily M member 3; Calcium channel mediating constitutive calcium ion entry. Its activity is increased by reduction in extracellular osmolarity, by store depletion and muscarinic receptor activation. Belongs to the transient receptor (TC 1.A.4) family. LTrpC subfamily. TRPM3 sub-subfamily.
TRPM6	379	9606.ENSP00000354006	9606	Homo sapiens	TRPM6	Transient receptor potential cation channel subfamily M member 6; Essential ion channel and serine/threonine-protein kinase. Crucial for magnesium homeostasis. Has an important role in epithelial magnesium transport and in the active magnesium absorption in the gut and kidney. Isoforms of the type M6-kinase lack the ion channel region; In the N-terminal section; belongs to the transient receptor (TC 1.A.4) family. LTrpC subfamily. TRPM6 sub-subfamily.
TRPM7	380	9606.ENSP00000495860	9606	Homo sapiens	TRPM7	Transient receptor potential cation channel subfamily M member 7; Essential ion channel and serine/threonine-protein kinase. Divalent cation channel permeable to calcium and magnesium. Has a central role in magnesium ion homeostasis and in the regulation of anoxic neuronal cell death. Involved in TNF-induced necroptosis downstream of MLKL by mediating calcium influx. The kinase activity is essential for the channel function. May be involved in a fundamental process that adjusts plasma membrane divalent cation fluxes according to the metabolic state of the cell. Phosphorylates annexin A [...] 
TRRAP	381	9606.ENSP00000352925	9606	Homo sapiens	TRRAP	Transformation/transcription domain-associated protein; Adapter protein, which is found in various multiprotein chromatin complexes with histone acetyltransferase activity (HAT), which gives a specific tag for epigenetic transcription activation. Component of the NuA4 histone acetyltransferase complex which is responsible for acetylation of nucleosomal histones H4 and H2A. Plays a central role in MYC transcription activation, and also participates in cell transformation by MYC. Required for p53/TP53-, E2F1- and E2F4- mediated transcription activation. Also involved in transcription act [...] 
TSC1	382	9606.ENSP00000298552	9606	Homo sapiens	TSC1	Hamartin; In complex with TSC2, inhibits the nutrient-mediated or growth factor-stimulated phosphorylation of S6K1 and EIF4EBP1 by negatively regulating mTORC1 signaling. Seems not to be required for TSC2 GAP activity towards RHEB. Implicated as a tumor suppressor. Involved in microtubule-mediated protein transport, but this seems to be due to unregulated mTOR signaling (By similarity). Acts as a co- chaperone for HSP90AA1 facilitating HSP90AA1 chaperoning of protein clients such as kinases, TSC2 and glucocorticoid receptor NR3C1. Increases ATP binding to HSP90AA1 and inhibits HSP90AA1 [...] 
TSC2	383	9606.ENSP00000219476	9606	Homo sapiens	TSC2	Tuberin; In complex with TSC1, this tumor suppressor inhibits the nutrient-mediated or growth factor-stimulated phosphorylation of S6K1 and EIF4EBP1 by negatively regulating mTORC1 signaling. Acts as a GTPase-activating protein (GAP) for the small GTPase RHEB, a direct activator of the protein kinase activity of mTORC1. May also play a role in microtubule-mediated protein transport (By similarity). Also stimulates the intrinsic GTPase activity of the Ras-related proteins RAP1A and RAB5 (By similarity).
TSHZ1	384	9606.ENSP00000464391	9606	Homo sapiens	TSHZ1	Teashirt homolog 1; Probable transcriptional regulator involved in developmental processes. May act as a transcriptional repressor (Potential). Belongs to the teashirt C2H2-type zinc-finger protein family.
TSHZ3	385	9606.ENSP00000240587	9606	Homo sapiens	TSHZ3	Teashirt homolog 3; Transcriptional regulator involved in developmental processes. Functions in association with APBB1, SET and HDAC factors as a transcriptional repressor, that inhibits the expression of CASP4. TSHZ3-mediated transcription repression involves the recruitment of histone deacetylases HDAC1 and HDAC2. Associates with chromatin in a region surrounding the CASP4 transcriptional start site(s). Regulates the development of neurons involved in both respiratory rhythm and airflow control. Promotes maintenance of nucleus ambiguus (nA) motoneurons, which govern upper airway func [...] 
TSPAN17	386	9606.ENSP00000309036	9606	Homo sapiens	TSPAN17	Tetraspanin-17; Regulates ADAM10 maturation; Belongs to the tetraspanin (TM4SF) family.
TSPAN4	387	9606.ENSP00000380553	9606	Homo sapiens	TSPAN4	Tetraspanin-4; Tetraspanin 4; Belongs to the tetraspanin (TM4SF) family.
TSPAN7	388	9606.ENSP00000367743	9606	Homo sapiens	TSPAN7	Tetraspanin-7; May be involved in cell proliferation and cell motility.
TSPOAP1	389	9606.ENSP00000345824	9606	Homo sapiens	TSPOAP1	Peripheral-type benzodiazepine receptor-associated protein 1; TSPO associated protein 1; Belongs to the RIMBP family.
TSPYL2	390	9606.ENSP00000364591	9606	Homo sapiens	TSPYL2	Testis-specific Y-encoded-like protein 2; Part of the CASK/TBR1/TSPYL2 transcriptional complex which modulates gene expression in response to neuronal synaptic activity, probably by facilitating nucleosome assembly. May inhibit cell proliferation by inducing p53-dependent CDKN1A expression.
TTI2	391	9606.ENSP00000478396	9606	Homo sapiens	TTI2	TELO2-interacting protein 2; Regulator of the DNA damage response (DDR). Part of the TTT complex that is required to stabilize protein levels of the phosphatidylinositol 3-kinase-related protein kinase (PIKK) family proteins. The TTT complex is involved in the cellular resistance to DNA damage stresses, like ionizing radiation (IR), ultraviolet (UV) and mitomycin C (MMC). Together with the TTT complex and HSP90 may participate in the proper folding of newly synthesized PIKKs.
TTN	392	9606.ENSP00000467141	9606	Homo sapiens	TTN	Titin; Key component in the assembly and functioning of vertebrate striated muscles. By providing connections at the level of individual microfilaments, it contributes to the fine balance of forces between the two halves of the sarcomere. The size and extensibility of the cross-links are the main determinants of sarcomere extensibility properties of muscle. In non-muscle cells, seems to play a role in chromosome condensation and chromosome segregation during mitosis. Might link the lamina network to chromatin or nuclear actin, or both during interphase; Belongs to the protein kinase su [...] 
TUBGCP5	393	9606.ENSP00000480316	9606	Homo sapiens	TUBGCP5	Gamma-tubulin complex component 5; Gamma-tubulin complex is necessary for microtubule nucleation at the centrosome.
U2AF2	394	9606.ENSP00000307863	9606	Homo sapiens	U2AF2	Splicing factor U2AF 65 kDa subunit; Plays a role in pre-mRNA splicing and 3'-end processing. By recruiting PRPF19 and the PRP19C/Prp19 complex/NTC/Nineteen complex to the RNA polymerase II C-terminal domain (CTD), and thereby pre-mRNA, may couple transcription to splicing. Induces cardiac troponin-T (TNNT2) pre-mRNA exon inclusion in muscle. Regulates the TNNT2 exon 5 inclusion through competition with MBNL1. Binds preferentially to a single-stranded structure within the polypyrimidine tract of TNNT2 intron 4 during spliceosome assembly. Required for the export of mRNA out of the nucl [...] 
UBA7	395	9606.ENSP00000333266	9606	Homo sapiens	UBA7	Ubiquitin-like modifier-activating enzyme 7; Activates ubiquitin by first adenylating with ATP its C- terminal glycine residue and thereafter linking this residue to the side chain of a cysteine residue in E1, yielding a ubiquitin-E1 thioester and free AMP. Catalyzes the ISGylation of influenza A virus NS1 protein.
UBAP2L	396	9606.ENSP00000389445	9606	Homo sapiens	UBAP2L	Ubiquitin-associated protein 2-like; Plays an important role in the activity of long-term repopulating hematopoietic stem cells (LT-HSCs).
UBE2H	397	9606.ENSP00000347836	9606	Homo sapiens	UBE2H	Ubiquitin-conjugating enzyme E2 H; Accepts ubiquitin from the E1 complex and catalyzes its covalent attachment to other proteins. E2 ubiquitin conjugating enzyme that transfers ubiquitin to MAEA, a core component of the CTLH E3 ubiquitin-protein ligase complex. In vitro catalyzes 'Lys-11'- and 'Lys-48'-linked polyubiquitination. Capable, in vitro, to ubiquitinate histone H2A.
UBE3A	398	9606.ENSP00000497594	9606	Homo sapiens	UBE3A	Ubiquitin-protein ligase E3A; E3 ubiquitin-protein ligase which accepts ubiquitin from an E2 ubiquitin-conjugating enzyme in the form of a thioester and transfers it to its substrates. Several substrates have been identified including the ARNTL/BMAL1, ARC, RAD23A and RAD23B, MCM7 (which is involved in DNA replication), annexin A1, the PML tumor suppressor, and the cell cycle regulator CDKN1B. Additionally, may function as a cellular quality control ubiquitin ligase by helping the degradation of the cytoplasmic misfolded proteins. Finally, UBE3A also promotes its own degradation in vivo [...] 
UBE3C	399	9606.ENSP00000309198	9606	Homo sapiens	UBE3C	Ubiquitin-protein ligase E3C; E3 ubiquitin-protein ligase that accepts ubiquitin from the E2 ubiquitin-conjugating enzyme UBE2D1 in the form of a thioester and then directly transfers the ubiquitin to targeted substrates. Can assemble unanchored poly-ubiquitin chains in either 'Lys-29'- or 'Lys- 48'-linked polyubiquitin chains. Has preference for 'Lys-48' linkages. It can target itself for ubiquitination in vitro and may promote its own degradation in vivo.
UBN2	0	9606.ENSP00000418648	9606	Homo sapiens	UBN2	Ubinuclein-2; Ubinuclein 2; Belongs to the ubinuclein family.
UBR1	1	9606.ENSP00000290650	9606	Homo sapiens	UBR1	E3 ubiquitin-protein ligase UBR1; E3 ubiquitin-protein ligase which is a component of the N-end rule pathway. Recognizes and binds to proteins bearing specific N- terminal residues that are destabilizing according to the N-end rule, leading to their ubiquitination and subsequent degradation. May be involved in pancreatic homeostasis. Binds leucine and is a negative regulator of the leucine-mTOR signaling pathway, thereby controlling cell growth; Belongs to the UBR1 family.
UBR3	2	9606.ENSP00000396068	9606	Homo sapiens	UBR3	E3 ubiquitin-protein ligase UBR3; E3 ubiquitin-protein ligase which is a component of the N-end rule pathway (By similarity). Does not bind to proteins bearing specific N-terminal residues that are destabilizing according to the N- end rule, leading to their ubiquitination and subsequent degradation (By similarity). May play a role in Shh signaling by mediating the ubiquitination of Kif7 (By similarity). May be important for MYH9 function in certain tissues, possibly by regulating the ubiquitination of MYH9 and consequently affecting its interaction with MYO7A ; Belongs to the UBR1 family.
UBR5	3	9606.ENSP00000429084	9606	Homo sapiens	UBR5	E3 ubiquitin-protein ligase UBR5; E3 ubiquitin-protein ligase which is a component of the N-end rule pathway. Recognizes and binds to proteins bearing specific N- terminal residues that are destabilizing according to the N-end rule, leading to their ubiquitination and subsequent degradation (By similarity). Involved in maturation and/or transcriptional regulation of mRNA by activating CDK9 by polyubiquitination. May play a role in control of cell cycle progression. May have tumor suppressor function. Regulates DNA topoisomerase II binding protein (TopBP1) in the DNA damage response. Pl [...] 
UGGT1	4	9606.ENSP00000259253	9606	Homo sapiens	UGGT1	UDP-glucose:glycoprotein glucosyltransferase 1; Recognizes glycoproteins with minor folding defects. Reglucosylates single N-glycans near the misfolded part of the protein, thus providing quality control for protein folding in the endoplasmic reticulum. Reglucosylated proteins are recognized by calreticulin for recycling to the endoplasmic reticulum and refolding or degradation.
UIMC1	5	9606.ENSP00000421926	9606	Homo sapiens	UIMC1	BRCA1-A complex subunit RAP80; Ubiquitin-binding protein. Specifically recognizes and binds 'Lys-63'-linked ubiquitin (Ref.37). Plays a central role in the BRCA1-A complex by specifically binding 'Lys-63'-linked ubiquitinated histones H2A and H2AX at DNA lesions sites, leading to target the BRCA1-BARD1 heterodimer to sites of DNA damage at double-strand breaks (DSBs). The BRCA1-A complex also possesses deubiquitinase activity that specifically removes 'Lys-63'- linked ubiquitin on histones H2A and H2AX. Also weakly binds monoubiquitin but with much less affinity than 'Lys-63'-linked ub [...] 
UNC13A	6	9606.ENSP00000429562	9606	Homo sapiens	UNC13A	Protein unc-13 homolog A; Plays a role in vesicle maturation during exocytosis as a target of the diacylglycerol second messenger pathway. Involved in neurotransmitter release by acting in synaptic vesicle priming prior to vesicle fusion and participates in the activity-dependent refilling of readily releasable vesicle pool (RRP). Essential for synaptic vesicle maturation in most excitatory/glutamatergic but not inhibitory/GABA- mediated synapses. Facilitates neuronal dense core vesicles fusion as well as controls the location and efficiency of their synaptic release (By similarity). A [...] 
UNC5D	7	9606.ENSP00000385143	9606	Homo sapiens	UNC5D	Netrin receptor UNC5D; Receptor for the netrin NTN4 that promotes neuronal cell survival (By similarity). Plays a role in cell-cell adhesion and cell guidance. Receptor for netrin involved in cell migration. Plays a role in axon guidance by mediating axon repulsion of neuronal growth cones in the developing nervous system upon ligand binding (By similarity). May play a role in apoptosis in response to DNA damage. It also acts as a dependence receptor required for apoptosis induction when not associated with netrin ligand. Mediates cell-cell adhesion via its interaction with FLRT3 on an [...] 
UNC79	8	9606.ENSP00000256339	9606	Homo sapiens	UNC79	Protein unc-79 homolog; Component of the NALCN sodium channel complex, a cation channel activated either by neuropeptides substance P or neurotensin that controls neuronal excitability; Belongs to the unc-79 family.
UNC80	9	9606.ENSP00000391088	9606	Homo sapiens	UNC80	Protein unc-80 homolog; Component of the NALCN sodium channel complex, required for channel regulation. This complex is a cation channel activated by neuropeptides substance P, neurotensin, and extracellular calcium that regulates neuronal excitability by controlling the sizes of NALCN- dependent sodium-leak current. UNC80 is essential for NALCN sensitivity to extracellular calcium.
UPF2	10	9606.ENSP00000348708	9606	Homo sapiens	UPF2	Regulator of nonsense transcripts 2; Involved in nonsense-mediated decay (NMD) of mRNAs containing premature stop codons by associating with the nuclear exon junction complex (EJC). Recruited by UPF3B associated with the EJC core at the cytoplasmic side of the nuclear envelope and the subsequent formation of an UPF1-UPF2-UPF3 surveillance complex (including UPF1 bound to release factors at the stalled ribosome) is believed to activate NMD. In cooperation with UPF3B stimulates both ATPase and RNA helicase activities of UPF1. Binds spliced mRNA.
UPF3B	11	9606.ENSP00000276201	9606	Homo sapiens	UPF3B	Regulator of nonsense transcripts 3B; Involved in nonsense-mediated decay (NMD) of mRNAs containing premature stop codons by associating with the nuclear exon junction complex (EJC) and serving as link between the EJC core and NMD machinery. Recruits UPF2 at the cytoplasmic side of the nuclear envelope and the subsequent formation of an UPF1-UPF2-UPF3 surveillance complex (including UPF1 bound to release factors at the stalled ribosome) is believed to activate NMD. In cooperation with UPF2 stimulates both ATPase and RNA helicase activities of UPF1. Binds spliced mRNA upstream of exon-e [...] 
USH2A	12	9606.ENSP00000305941	9606	Homo sapiens	USH2A	Usherin; Involved in hearing and vision as member of the USH2 complex. In the inner ear, required for the maintenance of the hair bundle ankle formation, which connects growing stereocilia in developing cochlear hair cells. In retina photoreceptors, the USH2 complex is required for the maintenance of periciliary membrane complex that seems to play a role in regulating intracellular protein transport.
USP15	13	9606.ENSP00000280377	9606	Homo sapiens	USP15	Ubiquitin carboxyl-terminal hydrolase 15; Hydrolase that removes conjugated ubiquitin from target proteins and regulates various pathways such as the TGF-beta receptor signaling, NF-kappa-B and RNF41/NRDP1-PRKN pathways. Acts as a key regulator of TGF-beta receptor signaling pathway, but the precise mechanism is still unclear: according to a report, acts by promoting deubiquitination of monoubiquitinated R-SMADs (SMAD1, SMAD2 and/or SMAD3), thereby alleviating inhibition of R-SMADs and promoting activation of TGF-beta target genes. According to another reports, regulates the TGF-beta r [...] 
USP24	14	9606.ENSP00000294383	9606	Homo sapiens	USP24	Ubiquitin carboxyl-terminal hydrolase 24; Ubiquitin-specific protease that regulates cell survival in various contexts through modulating the protein stability of some of its substrates including DDB2, MCL1 or TP53. Plays a positive role on ferritinophagy where ferritin is degraded in lysosomes and releases free iron.
USP27X	15	9606.ENSP00000483631	9606	Homo sapiens	USP27X	Ubiquitin carboxyl-terminal hydrolase 27; Deubiquitinase that can reduce the levels of BCL2L11/BIM ubiquitination and stabilize BCL2L11 in response to the RAF-MAPK- degradation signal. By acting on BCL2L11 levels, may counteract the anti-apoptotic effects of MAPK activity.
USP30	16	9606.ENSP00000257548	9606	Homo sapiens	USP30	Ubiquitin carboxyl-terminal hydrolase 30; Deubiquitinating enzyme tethered to the mitochondrial outer membrane that acts as a key inhibitor of mitophagy by counteracting the action of parkin (PRKN): hydrolyzes ubiquitin attached by parkin on target proteins, such as RHOT1/MIRO1 and TOMM20, thereby blocking parkin's ability to drive mitophagy. Preferentially cleaves 'Lys-6'- and 'Lys-11'-linked polyubiquitin chains, 2 types of linkage that participate to mitophagic signaling. Does not cleave efficiently polyubiquitin phosphorylated at 'Ser-65'. Acts as negative regulator of mitochondria [...] 
USP45	17	9606.ENSP00000333376	9606	Homo sapiens	USP45	Ubiquitin carboxyl-terminal hydrolase 45; May be involved in the maintenance of photoreceptor function.
USP7	18	9606.ENSP00000343535	9606	Homo sapiens	USP7	Ubiquitin carboxyl-terminal hydrolase 7; Hydrolase that deubiquitinates target proteins such as FOXO4, p53/TP53, MDM2, ERCC6, DNMT1, UHRF1, PTEN, KMT2E/MLL5 and DAXX. Together with DAXX, prevents MDM2 self-ubiquitination and enhances the E3 ligase activity of MDM2 towards p53/TP53, thereby promoting p53/TP53 ubiquitination and proteasomal degradation. Deubiquitinates p53/TP53, preventing degradation of p53/TP53, and enhances p53/TP53-dependent transcription regulation, cell growth repression and apoptosis. Deubiquitinates p53/TP53 and MDM2 and strongly stabilizes p53/TP53 even in the p [...] 
USP9X	19	9606.ENSP00000316357	9606	Homo sapiens	USP9X	Probable ubiquitin carboxyl-terminal hydrolase FAF-X; Deubiquitinase involved both in the processing of ubiquitin precursors and of ubiquitinated proteins. May therefore play an important regulatory role at the level of protein turnover by preventing degradation of proteins through the removal of conjugated ubiquitin. Specifically hydrolyzes 'Lys-48'-, 'Lys-29'- and 'Lys-33'- linked polyubiquitins chains. Essential component of TGF-beta/BMP signaling cascade. Specifically deubiquitinates monoubiquitinated SMAD4, opposing the activity of E3 ubiquitin-protein ligase TRIM33. Deubiquitinat [...] 
USP9Y	20	9606.ENSP00000342812	9606	Homo sapiens	USP9Y	Probable ubiquitin carboxyl-terminal hydrolase FAF-Y; May function as a ubiquitin-protein or polyubiquitin hydrolase involved both in the processing of ubiquitin precursors and of ubiquitinated proteins. May therefore play an important regulatory role at the level of protein turnover by preventing degradation of proteins through the removal of conjugated ubiquitin. Essential component of TGF-beta/BMP signaling cascade. Deubiquitinates monoubiquitinated SMAD4, opposing the activity of E3 ubiquitin-protein ligase TRIM33. Monoubiquitination of SMAD4 hampers its ability to form a stable co [...] 
VAMP2	21	9606.ENSP00000418572	9606	Homo sapiens	VAMP2	Vesicle-associated membrane protein 2; Involved in the targeting and/or fusion of transport vesicles to their target membrane. Modulates the gating characteristics of the delayed rectifier voltage-dependent potassium channel KCNB1. Belongs to the synaptobrevin family.
VASH1	22	9606.ENSP00000167106	9606	Homo sapiens	VASH1	Tubulinyl-Tyr carboxypeptidase 1; Tyrosine carboxypeptidase that removes the C-terminal tyrosine residue of alpha-tubulin, thereby regulating microtubule dynamics and function. Critical for spindle function and accurate chromosome segregation during mitosis since microtuble detyronisation regulates mitotic spindle length and postioning. Acts as an angiogenesis inhibitor: inhibits migration, proliferation and network formation by endothelial cells as well as angiogenesis. This inhibitory effect is selective to endothelial cells as it does not affect the migration of smooth muscle cells  [...] 
VCP	23	9606.ENSP00000351777	9606	Homo sapiens	VCP	Transitional endoplasmic reticulum ATPase; Necessary for the fragmentation of Golgi stacks during mitosis and for their reassembly after mitosis. Involved in the formation of the transitional endoplasmic reticulum (tER). The transfer of membranes from the endoplasmic reticulum to the Golgi apparatus occurs via 50-70 nm transition vesicles which derive from part-rough, part-smooth transitional elements of the endoplasmic reticulum (tER). Vesicle budding from the tER is an ATP-dependent process. The ternary complex containing UFD1, VCP and NPLOC4 binds ubiquitinated proteins and is neces [...] 
VDR	24	9606.ENSP00000228606	9606	Homo sapiens	CYP27B1	25-hydroxyvitamin D-1 alpha hydroxylase, mitochondrial; A cytochrome P450 monooxygenase involved in vitamin D metabolism and in calcium and phosphorus homeostasis. Catalyzes the rate-limiting step in the activation of vitamin D in the kidney, namely the hydroxylation of 25-hydroxyvitamin D3/calcidiol at the C1alpha- position to form the hormonally active form of vitamin D3, 1alpha,25- dihydroxyvitamin D3/calcitriol that acts via the vitamin D receptor (VDR). Has 1alpha-hydroxylase activity on vitamin D intermediates of the CYP24A1-mediated inactivation pathway. Converts 24R,25-dihydrox [...] 
VEZF1	25	9606.ENSP00000462337	9606	Homo sapiens	VEZF1	Vascular endothelial zinc finger 1; Possible transcription factor. Specifically binds to the CT/GC-rich region of the interleukin-3 promoter and mediates tax transactivation of IL-3; Belongs to the krueppel C2H2-type zinc-finger protein family.
VIL1	26	9606.ENSP00000248444	9606	Homo sapiens	VIL1	Villin-1; Epithelial cell-specific Ca(2+)-regulated actin-modifying protein that modulates the reorganization of microvillar actin filaments. Plays a role in the actin nucleation, actin filament bundle assembly, actin filament capping and severing. Binds phosphatidylinositol 4,5-bisphosphate (PIP2) and lysophosphatidic acid (LPA); binds LPA with higher affinity than PIP2. Binding to LPA increases its phosphorylation by SRC and inhibits all actin-modifying activities. Binding to PIP2 inhibits actin-capping and -severing activities but enhances actin-bundling activity. Regulates the inte [...] 
VPS13B	27	9606.ENSP00000351346	9606	Homo sapiens	VPS13B	Vacuolar protein sorting-associated protein 13B; May be involved in protein sorting in post Golgi membrane traffic; Belongs to the VPS13 family.
VPS54	28	9606.ENSP00000272322	9606	Homo sapiens	VPS54	Vacuolar protein sorting-associated protein 54; Acts as component of the GARP complex that is involved in retrograde transport from early and late endosomes to the trans-Golgi network (TGN). The GARP complex is required for the maintenance of the cycling of mannose 6-phosphate receptors between the TGN and endosomes, this cycling is necessary for proper lysosomal sorting of acid hydrolases such as CTSD. Within the GARP complex, required to tether the complex to the TGN. Not involved in endocytic recycling ; Belongs to the VPS54 family.
VSIG4	29	9606.ENSP00000363869	9606	Homo sapiens	VSIG4	V-set and immunoglobulin domain-containing protein 4; Phagocytic receptor, strong negative regulator of T-cell proliferation and IL2 production. Potent inhibitor of the alternative complement pathway convertases.
VWA7	30	9606.ENSP00000364840	9606	Homo sapiens	VWA7	Von Willebrand factor A domain containing 7.
WAC	31	9606.ENSP00000346986	9606	Homo sapiens	WAC	WW domain-containing adapter protein with coiled-coil; Acts as a linker between gene transcription and histone H2B monoubiquitination at 'Lys-120' (H2BK120ub1). Interacts with the RNA polymerase II transcriptional machinery via its WW domain and with RNF20-RNF40 via its coiled coil region, thereby linking and regulating H2BK120ub1 and gene transcription. Regulates the cell-cycle checkpoint activation in response to DNA damage. Positive regulator of amino acid starvation-induced autophagy. Also acts as a negative regulator of basal autophagy. Positively regulates MTOR activity by promot [...] 
WASF1	32	9606.ENSP00000376367	9606	Homo sapiens	WASF1	Wiskott-Aldrich syndrome protein family member 1; Downstream effector molecule involved in the transmission of signals from tyrosine kinase receptors and small GTPases to the actin cytoskeleton. Promotes formation of actin filaments. Part of the WAVE complex that regulates lamellipodia formation. The WAVE complex regulates actin filament reorganization via its interaction with the Arp2/3 complex (By similarity). As component of the WAVE1 complex, required for BDNF-NTRK2 endocytic trafficking and signaling from early endosomes (By similarity).
WDFY3	33	9606.ENSP00000295888	9606	Homo sapiens	WDFY3	WD repeat and FYVE domain-containing protein 3; Required for selective macroautophagy (aggrephagy). Acts as an adapter protein by linking specific proteins destined for degradation to the core autophagic machinery members, such as the ATG5- ATG12-ATG16L E3-like ligase, SQSTM1 and LC3. Along with p62/SQSTM1, involved in the formation and autophagic degradation of cytoplasmic ubiquitin-containing inclusions (p62 bodies, ALIS/aggresome-like induced structures). Along with SQSTM1, required to recruit ubiquitinated proteins to PML bodies in the nucleus. Important for normal brain developmen [...] 
WDFY4	34	9606.ENSP00000320563	9606	Homo sapiens	WDFY4	WD repeat- and FYVE domain-containing protein 4; Plays a critical role in the regulation of cDC1-mediated cross-presentation of viral and tumor antigens in dendritic cells. Mechanistically, acts near the plasma membrane and interacts with endosomal membranes to promote endosomal-to-cytosol antigen trafficking. Plays also a role in B-cell survival through regulation of autophagy.
WDR26	35	9606.ENSP00000498603	9606	Homo sapiens	WDR26	WD repeat-containing protein 26; G-beta-like protein involved in cell signal transduction. Acts as a negative regulator in MAPK signaling pathway. Functions as a scaffolding protein to promote G beta:gamma-mediated PLCB2 plasma membrane translocation and subsequent activation in leukocytes. Core component of the CTLH E3 ubiquitin-protein ligase complex that selectively accepts ubiquitin from UBE2H and mediates ubiquitination and subsequent proteasomal degradation of the transcription factor HBP1. Acts as a negative regulator of the canonical Wnt signaling pathway through preventing ubi [...] 
WDR37	36	9606.ENSP00000263150	9606	Homo sapiens	WDR37	WD repeat domain 37.
WDR5	37	9606.ENSP00000351446	9606	Homo sapiens	WDR5	WD repeat-containing protein 5; Contributes to histone modification. May position the N- terminus of histone H3 for efficient trimethylation at 'Lys-4'. As part of the MLL1/MLL complex it is involved in methylation and dimethylation at 'Lys-4' of histone H3. H3 'Lys-4' methylation represents a specific tag for epigenetic transcriptional activation. As part of the NSL complex it may be involved in acetylation of nucleosomal histone H4 on several lysine residues. May regulate osteoblasts differentiation (By similarity). In association with RBBP5 and ASH2L, stimulates the histone methyltr [...] 
WNK3	38	9606.ENSP00000346667	9606	Homo sapiens	WNK3	Serine/threonine-protein kinase WNK3; Serine/threonine kinase which plays an important role in the regulation of electrolyte homeostasis, cell signaling, survival and proliferation. Acts as an activator and inhibitor of sodium-coupled chloride cotransporters and potassium-coupled chloride cotransporters respectively. Phosphorylates WNK4. Regulates the phosphorylation of SLC12A1 and SLC12A2. Increases Ca(2+) influx mediated by TRPV5 and TRPV6 by enhancing their membrane expression level via a kinase-dependent pathway. Inhibits the activity of KCNJ1 by decreasing its expression at the ce [...] 
WNT1	39	9606.ENSP00000293549	9606	Homo sapiens	WNT1	Proto-oncogene Wnt-1; Ligand for members of the frizzled family of seven transmembrane receptors (Probable). Acts in the canonical Wnt signaling pathway by promoting beta-catenin-dependent transcriptional activation. In some developmental processes, is also a ligand for the coreceptor RYK, thus triggering Wnt signaling (By similarity). Plays an essential role in the development of the embryonic brain and central nervous system (CNS) (By similarity). Has a role in osteoblast function, bone development and bone homeostasis.
WWOX	40	9606.ENSP00000457230	9606	Homo sapiens	WWOX	WW domain-containing oxidoreductase; Putative oxidoreductase. Acts as a tumor suppressor and plays a role in apoptosis. Required for normal bone development (By similarity). May function synergistically with p53/TP53 to control genotoxic stress-induced cell death. Plays a role in TGFB1 signaling and TGFB1-mediated cell death. May also play a role in tumor necrosis factor (TNF)-mediated cell death. Inhibits Wnt signaling, probably by sequestering DVL2 in the cytoplasm.
WWP1	41	9606.ENSP00000427793	9606	Homo sapiens	WWP1	NEDD4-like E3 ubiquitin-protein ligase WWP1; E3 ubiquitin-protein ligase which accepts ubiquitin from an E2 ubiquitin-conjugating enzyme in the form of a thioester and then directly transfers the ubiquitin to targeted substrates. Ubiquitinates ERBB4 isoforms JM-A CYT-1 and JM-B CYT-1, KLF2, KLF5 and TP63 and promotes their proteasomal degradation. Ubiquitinates RNF11 without targeting it for degradation. Ubiquitinates and promotes degradation of TGFBR1; the ubiquitination is enhanced by SMAD7. Ubiquitinates SMAD6 and SMAD7. Ubiquitinates and promotes degradation of SMAD2 in response to [...] 
XPC	42	9606.ENSP00000285021	9606	Homo sapiens	XPC	DNA repair protein complementing XP-C cells; Involved in global genome nucleotide excision repair (GG-NER) by acting as damage sensing and DNA-binding factor component of the XPC complex. Has only a low DNA repair activity by itself which is stimulated by RAD23B and RAD23A. Has a preference to bind DNA containing a short single-stranded segment but not to damaged oligonucleotides. This feature is proposed to be related to a dynamic sensor function: XPC can rapidly screen duplex DNA for non-hydrogen- bonded bases by forming a transient nucleoprotein intermediate complex which matures in [...] 
XPO1	43	9606.ENSP00000384863	9606	Homo sapiens	XPO1	Exportin-1; Mediates the nuclear export of cellular proteins (cargos) bearing a leucine-rich nuclear export signal (NES) and of RNAs. In the nucleus, in association with RANBP3, binds cooperatively to the NES on its target protein and to the GTPase RAN in its active GTP-bound form (Ran-GTP). Docking of this complex to the nuclear pore complex (NPC) is mediated through binding to nucleoporins. Upon transit of a nuclear export complex into the cytoplasm, disassembling of the complex and hydrolysis of Ran-GTP to Ran-GDP (induced by RANBP1 and RANGAP1, respectively) cause release of the ca [...] 
XRCC6	44	9606.ENSP00000352257	9606	Homo sapiens	XRCC6	X-ray repair cross-complementing protein 6; Single-stranded DNA-dependent ATP-dependent helicase. Has a role in chromosome translocation. The DNA helicase II complex binds preferentially to fork-like ends of double-stranded DNA in a cell cycle-dependent manner. It works in the 3'-5' direction. Binding to DNA may be mediated by XRCC6. Involved in DNA non-homologous end joining (NHEJ) required for double-strand break repair and V(D)J recombination. The XRCC5/6 dimer acts as regulatory subunit of the DNA-dependent protein kinase complex DNA-PK by increasing the affinity of the catalytic s [...] 
YEATS2	45	9606.ENSP00000306983	9606	Homo sapiens	YEATS2	YEATS domain-containing protein 2; Chromatin reader component of the ATAC complex, a complex with histone acetyltransferase activity on histones H3 and H4. YEATS2 specifically recognizes and binds histone H3 crotonylated at 'Lys-27' (H3K27cr). Crotonylation marks active promoters and enhancers and confers resistance to transcriptional repressors.
YTHDC2	46	9606.ENSP00000161863	9606	Homo sapiens	YTHDC2	3'-5' RNA helicase YTHDC2; 3'-5' RNA helicase that plays a key role in the male and female germline by promoting transition from mitotic to meiotic divisions in stem cells. Specifically recognizes and binds N6-methyladenosine (m6A)-containing RNAs, a modification present at internal sites of mRNAs and some non- coding RNAs that plays a role in the efficiency of RNA processing and stability. Essential for ensuring a successful progression of the meiotic program in the germline by regulating the level of m6A-containing RNAs (By similarity). Acts by binding and promoting degradation of m6 [...] 
YWHAE	47	9606.ENSP00000264335	9606	Homo sapiens	YWHAE	14-3-3 protein epsilon; Adapter protein implicated in the regulation of a large spectrum of both general and specialized signaling pathways. Binds to a large number of partners, usually by recognition of a phosphoserine or phosphothreonine motif. Binding generally results in the modulation of the activity of the binding partner (By similarity). Positively regulates phosphorylated protein HSF1 nuclear export to the cytoplasm.
YWHAG	48	9606.ENSP00000306330	9606	Homo sapiens	YWHAG	14-3-3 protein gamma, N-terminally processed; Adapter protein implicated in the regulation of a large spectrum of both general and specialized signaling pathways. Binds to a large number of partners, usually by recognition of a phosphoserine or phosphothreonine motif. Binding generally results in the modulation of the activity of the binding partner.
YWHAZ	49	9606.ENSP00000379287	9606	Homo sapiens	YWHAZ	14-3-3 protein zeta/delta; Adapter protein implicated in the regulation of a large spectrum of both general and specialized signaling pathways. Binds to a large number of partners, usually by recognition of a phosphoserine or phosphothreonine motif. Binding generally results in the modulation of the activity of the binding partner. Induces ARHGEF7 activity on RAC1 as well as lamellipodia and membrane ruffle formation. In neurons, regulates spine maturation through the modulation of ARHGEF7 activity (By similarity). Belongs to the 14-3-3 family.
YY1	50	9606.ENSP00000262238	9606	Homo sapiens	YY1	Transcriptional repressor protein YY1; Multifunctional transcription factor that exhibits positive and negative control on a large number of cellular and viral genes by binding to sites overlapping the transcription start site. Binds to the consensus sequence 5'-CCGCCATNTT-3'; some genes have been shown to contain a longer binding motif allowing enhanced binding; the initial CG dinucleotide can be methylated greatly reducing the binding affinity. The effect on transcription regulation is depending upon the context in which it binds and diverse mechanisms of action include direct activa [...] 
ZBTB16	51	9606.ENSP00000338157	9606	Homo sapiens	ZBTB16	Zinc finger and BTB domain-containing protein 16; Acts as a transcriptional repressor. May play a role in myeloid maturation and in the development and/or maintenance of other differentiated tissues. Probable substrate- recognition component of an E3 ubiquitin-protein ligase complex which mediates the ubiquitination and subsequent proteasomal degradation of target proteins ; Belongs to the krueppel C2H2-type zinc-finger protein family.
ZBTB18	52	9606.ENSP00000351539	9606	Homo sapiens	ZBTB18	Zinc finger and BTB domain-containing protein 18; Transcriptional repressor that plays a role in various developmental processes such as myogenesis and brain development. Plays a key role in myogenesis by directly repressing the expression of ID2 and ID3, 2 inhibitors of skeletal myogenesis. Also involved in controlling cell division of progenitor cells and regulating the survival of postmitotic cortical neurons. Specifically binds the consensus DNA sequence 5'-[AC]ACATCTG[GT][AC]-3' which contains the E box core, and acts by recruiting chromatin remodeling multiprotein complexes. May  [...] 
ZBTB20	53	9606.ENSP00000419153	9606	Homo sapiens	ZBTB20	Zinc finger and BTB domain-containing protein 20; May be a transcription factor that may be involved in hematopoiesis, oncogenesis, and immune responses. Plays a role in postnatal myogenesis, may be involved in the regulation of satellite cells self-renewal (By similarity).
ZBTB21	54	9606.ENSP00000308759	9606	Homo sapiens	ZBTB21	Zinc finger and BTB domain-containing protein 21; Acts as a transcription repressor.
ZBTB47	55	9606.ENSP00000232974	9606	Homo sapiens	ZBTB47	Zinc finger and BTB domain-containing protein 47; May be involved in transcriptional regulation.
ZBTB7A	56	9606.ENSP00000323670	9606	Homo sapiens	ZBTB7A	Zinc finger and BTB domain-containing protein 7A; Transcription factor that represses the transcription of a wide range of genes involved in cell proliferation and differentiation. Directly and specifically binds to the consensus sequence 5'-[GA][CA]GACCCCCCCCC-3' and represses transcription both by regulating the organization of chromatin and through the direct recruitment of transcription factors to gene regulatory regions. Negatively regulates SMAD4 transcriptional activity in the TGF-beta signaling pathway through these two mechanisms. That is, recruits the chromatin regulator HDAC [...] 
ZC3H11A	57	9606.ENSP00000491830	9606	Homo sapiens	ZC3H11A	Zinc finger CCCH domain-containing protein 11A; Involved in nuclear mRNA export; probably mediated by association with the TREX complex.
ZC3H4	58	9606.ENSP00000253048	9606	Homo sapiens	ZC3H4	Zinc finger CCCH-type containing 4.
ZEB2	59	9606.ENSP00000487174	9606	Homo sapiens	ZEB2	Zinc finger E-box-binding homeobox 2; Transcriptional inhibitor that binds to DNA sequence 5'- CACCT-3' in different promoters. Represses transcription of E-cadherin.
ZFHX3	60	9606.ENSP00000493252	9606	Homo sapiens	ZFHX3	Zinc finger homeobox protein 3; Transcriptional regulator which can act as an activator or a repressor. Inhibits the enhancer element of the AFP gene by binding to its AT-rich core sequence. In concert with SMAD-dependent TGF-beta signaling can repress the transcription of AFP via its interaction with SMAD2/3. Regulates the circadian locomotor rhythms via transcriptional activation of neuropeptidergic genes which are essential for intercellular synchrony and rhythm amplitude in the suprachiasmatic nucleus (SCN) of the brain (By similarity). Regulator of myoblasts differentiation throug [...] 
ZFHX4	61	9606.ENSP00000498627	9606	Homo sapiens	ZFHX4	Zinc finger homeobox protein 4; May play a role in neural and muscle differentiation (By similarity). May be involved in transcriptional regulation.
ZFX	62	9606.ENSP00000368486	9606	Homo sapiens	ZFX	Zinc finger X-chromosomal protein; Probable transcriptional activator.
ZFYVE26	63	9606.ENSP00000251119	9606	Homo sapiens	ZFYVE26	Zinc finger FYVE domain-containing protein 26; Phosphatidylinositol 3-phosphate-binding protein required for the abcission step in cytokinesis: recruited to the midbody during cytokinesis and acts as a regulator of abcission. May also be required for efficient homologous recombination DNA double-strand break repair.
ZFYVE9	64	9606.ENSP00000287727	9606	Homo sapiens	ZFYVE9	Zinc finger FYVE domain-containing protein 9; Early endosomal protein that functions to recruit SMAD2/SMAD3 to intracellular membranes and to the TGF-beta receptor. Plays a significant role in TGF-mediated signaling by regulating the subcellular location of SMAD2 and SMAD3 and modulating the transcriptional activity of the SMAD3/SMAD4 complex. Possibly associated with TGF-beta receptor internalization.
ZMIZ1	65	9606.ENSP00000334474	9606	Homo sapiens	ZMIZ1	Zinc finger MIZ domain-containing protein 1; Acts as transcriptional coactivator. Increases ligand- dependent transcriptional activity of AR and promotes AR sumoylation. The stimulation of AR activity is dependent upon sumoylation. Also functions as a transcriptional coactivator in the TGF-beta signaling pathway by increasing the activity of the SMAD3/SMAD4 transcriptional complex. Involved in transcriptional activation of a subset of NOTCH1 target genes including MYC. Involved in thymocyte and T cell development (By similarity).
ZMYM2	66	9606.ENSP00000479904	9606	Homo sapiens	ZMYM2	Zinc finger MYM-type protein 2; May function as a transcription factor.
ZMYM3	67	9606.ENSP00000322845	9606	Homo sapiens	ZMYM3	Zinc finger MYM-type protein 3; Plays a role in the regulation of cell morphology and cytoskeletal organization.
ZMYND11	68	9606.ENSP00000371003	9606	Homo sapiens	ZMYND11	Zinc finger MYND domain-containing protein 11; Chromatin reader that specifically recognizes and binds histone H3.3 trimethylated at 'Lys-36' (H3.3K36me3) and regulates RNA polymerase II elongation. Does not bind other histone H3 subtypes (H3.1 or H3.2) (By similarity). Colocalizes with highly expressed genes and functions as a transcription corepressor by modulating RNA polymerase II at the elongation stage. Binds non-specifically to dsDNA. Acts as a tumor-suppressor by repressing a transcriptional program essential for tumor cell growth.
ZMYND8	69	9606.ENSP00000439800	9606	Homo sapiens	ZMYND8	Protein kinase C-binding protein 1; May act as a transcriptional corepressor for KDM5D. Required for KDM5D-mediated down-regulation of diverse metastasis-associated genes; the function seems to involve the recognition of the dual histone signature H3K4me1-H3K14ac. Suppresses prostate cancer cell invasion.
ZNF18	70	9606.ENSP00000315664	9606	Homo sapiens	ZNF18	Zinc finger protein 18; May be involved in transcriptional regulation; Belongs to the krueppel C2H2-type zinc-finger protein family.
ZNF292	71	9606.ENSP00000358590	9606	Homo sapiens	ZNF292	Zinc finger protein 292; May be involved in transcriptional regulation.
ZNF385B	72	9606.ENSP00000386845	9606	Homo sapiens	ZNF385B	Zinc finger protein 385B; May play a role in p53/TP53-mediated apoptosis.
ZNF462	73	9606.ENSP00000277225	9606	Homo sapiens	ZNF462	Zinc finger protein 462; Zinc finger nuclear factor involved in transcription by regulating chromatin structure and organization. Involved in the pluripotency and differentiation of embryonic stem cells by regulating SOX2, POU5F1/OCT4, and NANOG. By binding PBX1, prevents the heterodimerization of PBX1 and HOXA9 and their binding to DNA (By similarity). Regulates neuronal development and neural cell differentiation.
ZNF517	74	9606.ENSP00000353058	9606	Homo sapiens	ZNF517	Zinc finger protein 517; May be involved in transcriptional regulation; Belongs to the krueppel C2H2-type zinc-finger protein family.
ZNF532	75	9606.ENSP00000338217	9606	Homo sapiens	ZNF532	Zinc finger protein 532; May be involved in transcriptional regulation; Belongs to the krueppel C2H2-type zinc-finger protein family.
ZNF536	76	9606.ENSP00000347730	9606	Homo sapiens	ZNF536	Zinc finger protein 536; May be involved in transcriptional regulation. Recognizes and binds 2 copies of the core DNA sequence 5'-CCCCCA-3'; Belongs to the krueppel C2H2-type zinc-finger protein family.
ZNF548	77	9606.ENSP00000337555	9606	Homo sapiens	ZNF548	Zinc finger protein 548; May be involved in transcriptional regulation.
ZNF559	78	9606.ENSP00000468153	9606	Homo sapiens	ZNF559	Zinc finger protein 559; May be involved in transcriptional regulation; Belongs to the krueppel C2H2-type zinc-finger protein family.
ZNF626	79	9606.ENSP00000469958	9606	Homo sapiens	ZNF626	Zinc finger protein 626; May be involved in transcriptional regulation.
ZNF644	80	9606.ENSP00000359469	9606	Homo sapiens	ZNF644	Zinc finger protein 644; May be involved in transcriptional regulation.
ZNF711	81	9606.ENSP00000353922	9606	Homo sapiens	ZNF711	Zinc finger protein 711; Transcription regulator required for brain development. Probably acts as a transcription factor that binds to the promoter of target genes and recruits PHF8 histone demethylase, leading to activate expression of genes involved in neuron development, such as KDM5C. Belongs to the krueppel C2H2-type zinc-finger protein family.
ZNF713	82	9606.ENSP00000416662	9606	Homo sapiens	ZNF713	Zinc finger protein 713; May be involved in transcriptional regulation.
ZNF774	83	9606.ENSP00000346348	9606	Homo sapiens	ZNF774	Zinc finger protein 774; May be involved in transcriptional regulation.
ZNF804A	84	9606.ENSP00000303252	9606	Homo sapiens	ZNF804A	Zinc finger protein 804A.
ZNF827	85	9606.ENSP00000421863	9606	Homo sapiens	ZNF827	Zinc finger protein 827; May be involved in transcriptional regulation; Belongs to the krueppel C2H2-type zinc-finger protein family.
ZNF865	86	9606.ENSP00000457715	9606	Homo sapiens	ZNF865	Zinc finger protein 865; May be involved in transcriptional regulation; Belongs to the krueppel C2H2-type zinc-finger protein family.
ZSWIM6	87	9606.ENSP00000252744	9606	Homo sapiens	ZSWIM6	Zinc finger SWIM domain-containing protein 6; involved in nervous system development, important for striatal morphology and motor regulation.
ZWILCH	88	9606.ENSP00000311429	9606	Homo sapiens	ZWILCH	Protein zwilch homolog; Essential component of the mitotic checkpoint, which prevents cells from prematurely exiting mitosis. Required for the assembly of the dynein-dynactin and MAD1-MAD2 complexes onto kinetochores. Its function related to the spindle assembly machinery is proposed to depend on its association in the mitotic RZZ complex. Belongs to the ZWILCH family.
