gene,ic,label,degree,score_LogReg,score_RandomForest,score_GradBoost,score_MLP,score_GCN,score_GraphSAGE,score_GAT-LR,sfari_score,eagle,syndromic
BRAF,0.1572449799196787,1,102,0.9999999999653486,1.0,0.9996230262535133,0.9999999519744509,0.9312679320573807,1.0000000149011612,0.9945657402276993,1.0,13.05,1.0
H2BC11,0.1288192771084337,1,90,0.999999999739301,0.9989999999999999,0.9995242744081698,0.9999999234442152,0.945732370018959,1.0000000149011612,0.9944330006837845,2.0,,0.0
TAF1,0.1146746987951807,1,79,0.9999999482104074,1.0,0.9996095203290158,0.999995913969308,0.8791862726211548,0.9916274845600128,0.9915060698986053,,,1.0
NRXN2,0.1107791164658634,1,83,0.9999993456009244,1.0,0.999526319358601,0.9999944269762389,0.9241635352373123,0.9904942512512207,0.9910617023706436,1.0,7.0,0.0
SMARCA4,0.1787550200803213,1,127,0.9999999999999994,1.0,0.9994576657552868,0.9999999999765049,0.9589359611272812,1.0000000149011612,0.9900664389133453,1.0,,0.0
YWHAG,0.079285140562249,1,46,0.99561943064041,0.9984999999999999,0.999606259550867,0.9988704487559563,0.8675453811883926,0.9856230318546295,0.9869332909584045,3.0,,1.0
NLGN2,0.1072369477911646,1,62,0.999983165916474,1.0,0.9995710583647683,0.9999544439458011,0.9702736735343933,0.9890902191400528,0.9842171519994736,1.0,3.0,0.0
KAT2B,0.1257429718875502,1,84,0.9999999978555987,1.0,0.9995157133353326,0.9999997033890995,0.9077816903591156,0.9930313527584076,0.9827267080545425,2.0,,0.0
GRIN1,0.1176787148594377,1,83,0.999999668947921,1.0,0.9996224582892165,0.9999907421613513,0.9168847650289536,0.9981992989778519,0.9824799001216888,1.0,,0.0
IKZF1,0.0880562248995984,1,47,0.9988863013967517,1.0,0.9993741099875553,0.9995275008347422,0.8064051568508148,0.9999957531690598,0.9824508875608444,3.0,,0.0
KDM2A,0.0829718875502008,1,47,0.9996387891683549,0.9655,0.9993719259936824,0.9982326223016829,0.9576143026351929,0.9882271885871887,0.9799741059541702,3.0,,0.0
KDM4B,0.0759759036144578,1,40,0.9977512286859602,0.9704999999999999,0.9995422812514854,0.9977330583456783,0.868793785572052,0.9997929781675339,0.978872686624527,2.0,,0.0
GRIA2,0.1434618473895582,1,111,0.9999999999291173,1.0,0.9995310687270084,0.9999999671869617,0.8757813274860382,1.0000000149011612,0.978630781173706,1.0,12.0,0.0
BCL11B,0.0841285140562249,1,50,0.998716078106533,1.0,0.9995512273773496,0.9992904249435958,0.8265811204910278,0.9863249063491821,0.9778950959444046,3.0,,0.0
SMC1A,0.0866024096385542,1,53,0.9997843466379857,0.9989999999999999,0.9995495762229272,0.9997781533766213,0.8033886253833771,0.9875576198101044,0.977263942360878,,,1.0
AGO1,0.0907630522088353,1,56,0.9999528848781254,1.0,0.9995934719937137,0.9999089291543695,0.8785423636436462,0.9963304102420807,0.9770400077104568,2.0,,0.0
GRIA3,0.0802650602409638,1,52,0.9917961715359703,0.9970000000000001,0.9994225343011782,0.9968349671605437,0.9173117727041245,0.9999472796916962,0.9754178822040558,,,1.0
MAP1B,0.081293172690763,1,40,0.9724397487984446,0.9989999999999999,0.9994706242259552,0.9970300555232285,0.7879384756088257,0.9688924849033356,0.9739628583192825,2.0,,0.0
AR,0.142867469879518,1,82,0.9999999983983564,1.0,0.9994942544139224,0.9999999392609091,0.917198657989502,1.0000000149011612,0.9736645519733429,2.0,,0.0
SHANK1,0.0906827309236947,1,53,0.999140388505685,0.9935,0.9996358112566308,0.9992681881733743,0.9513738602399826,0.9999944716691971,0.9732416570186615,2.0,14.65,0.0
KDM3B,0.0764016064257028,1,41,0.9979996065591799,0.994,0.9992369055016925,0.9981795695568139,0.8701593726873398,0.9998850524425507,0.970867246389389,1.0,1.5,1.0
DLG1,0.1041044176706827,1,62,0.9999659923877486,1.0,0.9994904946051457,0.9999095154364106,0.9526408463716507,0.9889339953660965,0.9701443910598755,2.0,,0.0
ARID1A,0.1362248995983935,1,79,0.9999999983089618,1.0,0.9994350448939311,0.9999996761504757,0.992438405752182,0.9931490123271942,0.9694427251815796,3.0,,1.0
TBL1XR1,0.0795180722891566,1,42,0.9978819419520562,1.0,0.9995704884229611,0.9990226319089176,0.8870604038238525,0.9815928190946579,0.9693031758069992,1.0,9.15,0.0
PTPN11,0.1033734939759036,1,63,0.9999884352132187,1.0,0.9995359553660108,0.9999769670786813,0.8737895488739014,0.9892493039369583,0.9691282957792282,1.0,,1.0
NF1,0.1382811244979919,1,81,0.9999999913878075,1.0,0.9994837280068836,0.999999324598577,0.9556370228528976,1.0000000149011612,0.969057023525238,1.0,9.3,1.0
SUPT16H,0.0992208835341365,1,68,0.9999945573854592,0.991,0.9993739827037573,0.9999607367996707,0.9206284433603287,0.9999942779541016,0.9686320573091507,2.0,,1.0
TSC2,0.109718875502008,1,61,0.9999878707116403,0.9995,0.9995712888269683,0.9999733020789029,0.9525409191846848,0.9999996572732925,0.9683563560247421,1.0,,1.0
DOT1L,0.093156626506024,1,51,0.9999679174124433,0.9930000000000001,0.9996002471738821,0.9997666571278402,0.9507269710302353,0.9891262948513031,0.9683361947536469,2.0,,1.0
NRXN3,0.0778473895582329,1,49,0.9900707531914021,0.9990000000000001,0.9993724699084443,0.9968406741286273,0.8848238289356232,0.9853932857513428,0.9679273515939713,1.0,11.1,0.0
ACTL6B,0.0653975903614457,1,37,0.9730774053430304,0.9855,0.9993674135352849,0.9937544242676044,0.9056037813425064,0.9886090159416199,0.9677708446979523,,,1.0
SLC1A2,0.0815983935742971,1,46,0.9876742071944552,0.9989999999999999,0.9996401164672499,0.9976225047746408,0.7189541012048721,0.9999813139438629,0.9676650613546371,3.0,,0.0
TBL1X,0.0955261044176706,1,50,0.9998033137199918,1.0,0.9995364261096219,0.9998825862706835,0.7703497111797333,0.9962088614702225,0.9676394909620285,2.0,,0.0
SNAP25,0.1330281124497992,1,100,0.9999999870103066,1.0,0.9995134054232644,0.9999997367799647,0.9303544759750366,0.9989658892154694,0.9674358367919922,2.0,,0.0
ATRX,0.1537108433734939,1,98,0.9999999999878215,1.0,0.9995447452519055,0.9999999967375333,0.9043289124965668,0.9945910573005676,0.9670898914337158,1.0,9.25,0.0
MAPK3,0.1541847389558233,1,112,0.9999999999730641,0.9990000000000001,0.9994340138696565,0.9999999949449683,0.9492111653089523,0.994102269411087,0.9666391164064407,2.0,,0.0
SCN2A,0.1311004016064257,1,101,0.99999999612572,1.0,0.9995586063280829,0.9999998643805261,0.8636041134595871,0.9909221529960632,0.9665080904960632,1.0,109.3,0.0
ADNP,0.1051004016064257,1,54,0.9999661531526235,0.9990000000000001,0.9995783935023708,0.9999207615185504,0.8862165212631226,0.9969835579395294,0.9652349203824997,1.0,41.5,1.0
TAF4,0.0599357429718875,1,32,0.8141814851602805,0.612,0.16262717372550411,0.8240021856881332,0.7724044919013977,0.864429384469986,0.9647984355688095,2.0,,1.0
RELN,0.0774457831325301,1,44,0.9811727927766467,1.0,0.9994449568508208,0.9968812075217928,0.7555354982614517,0.9847200214862823,0.9646740108728409,1.0,7.2,0.0
SIN3A,0.1273734939759036,1,94,0.9999999999363096,0.9995,0.9995250182039309,0.9999999527567258,0.9135003238916397,0.999727338552475,0.9641349017620087,1.0,,1.0
SYNCRIP,0.0664899598393574,1,44,0.9697229590061077,0.996,0.9995175782409488,0.9947227093498958,0.7790062427520752,0.968576043844223,0.9638136625289917,2.0,,0.0
DISC1,0.0867309236947791,1,58,0.9994054765850925,0.9955,0.9995777389524105,0.9995515126518094,0.6802284270524979,0.9999821186065674,0.9629841595888138,2.0,4.6,0.0
SYN2,0.1010682730923694,1,59,0.9999198781144418,1.0,0.9994924755916268,0.9998530536422566,0.934650719165802,0.9836882054805756,0.9624056220054626,2.0,,0.0
MECP2,0.2039116465863454,1,130,0.9999999999999939,1.0,0.9995048799643808,0.9999999999769477,0.9589681476354599,1.0000000149011612,0.9621636718511581,1.0,106.65,1.0
NCL,0.1074136546184739,1,63,0.9999881891911225,1.0,0.9995477560031465,0.9999806499337989,0.8968046605587006,0.9999998509883881,0.961306020617485,,,
POLR2A,0.1371004016064257,1,93,0.9999999994105778,0.9990000000000001,0.9995160018852911,0.9999998879731514,0.9826921075582504,0.9953958094120026,0.960691824555397,3.0,,1.0
STX1A,0.0757510040160642,1,52,0.9778160836644866,0.9855,0.9986013994573201,0.9941329676494515,0.7897964864969254,0.9996041059494019,0.9596888870000839,2.0,,0.0
SYT1,0.0996546184738955,1,75,0.9999907039574782,1.0,0.9994952570690707,0.9999724149327825,0.9082328528165817,0.9999953061342239,0.9596535265445709,,,1.0
BCL11A,0.0600321285140562,1,34,0.90704849749408,0.9335,0.9965377762517719,0.9786039859398245,0.8389534652233124,0.9622214436531067,0.9596162289381027,1.0,9.15,1.0
USP7,0.1142329317269076,1,74,0.9999995061642482,1.0,0.9995721879294008,0.9999981259033026,0.7398342490196228,0.9999997764825821,0.9594379365444183,2.0,,1.0
GRM5,0.1201204819277108,1,87,0.9999997970107086,1.0,0.9996355857675315,0.9999921090895663,0.9146759957075119,0.998250737786293,0.9587592482566833,2.0,,0.0
RBFOX1,0.0747871485943775,1,44,0.9668925209952429,0.998,0.9995863292087448,0.9909814313471212,0.6772968247532845,0.9996405243873596,0.9587391763925552,2.0,,0.0
MET,0.0873092369477911,1,54,0.9995618898814822,0.9990000000000001,0.9994815579397496,0.9998284172887022,0.871675044298172,0.9999838769435883,0.9587115943431854,2.0,,0.0
KMT2E,0.087012048192771,1,56,0.9999465047821874,0.9955,0.9994564549074738,0.9998085460748725,0.9262403398752213,0.9887565076351166,0.9585340768098831,1.0,38.65,1.0
GPHN,0.0877751004016064,1,49,0.9971346508802033,0.9995,0.9993183898281757,0.9990562699472596,0.9201159179210663,0.992499366402626,0.9581164568662643,2.0,,0.0
SMAD4,0.1337429718875502,1,87,0.9999999955632286,0.9989999999999999,0.9994632748714138,0.9999999200033689,0.9426650553941727,1.0000000149011612,0.9579415321350098,2.0,,0.0
ARID1B,0.1161767068273092,1,57,0.9999979831317677,0.9990000000000001,0.9994703467849037,0.999986921961323,0.9844257682561874,0.9999999850988388,0.9577538222074509,1.0,34.75,1.0
NRCAM,0.0577108433734939,1,37,0.5534274902610143,0.6335000000000001,0.42866438395595874,0.3480892181402043,0.7151266485452652,0.8063464239239693,0.9576846361160278,2.0,,0.0
GABRB2,0.0646746987951807,1,43,0.8651309724996608,0.9665,0.9979751218783266,0.948512642947442,0.8049573600292206,0.9945990592241287,0.9573695063591003,1.0,0.3,0.0
SYNGAP1,0.1275983935742972,1,71,0.9999989576130932,1.0,0.99950604619401,0.9999963689617484,0.9458775520324707,0.9825524836778641,0.9565407931804657,1.0,40.75,1.0
BPTF,0.0884257028112449,1,54,0.9999430262631179,0.9984999999999999,0.9994581883967072,0.9997839232482261,0.910154864192009,0.9965443760156631,0.9563156813383102,3.0,,0.0
BRD4,0.1936706827309237,1,149,1.0,1.0,0.9994589442804066,0.999999999997218,0.9584364593029022,1.0000000149011612,0.9562668055295944,2.0,,0.0
STXBP1,0.1027791164658634,1,73,0.9999795864022127,0.9990000000000001,0.9995109334589785,0.9999218146457636,0.8987936079502106,0.9999970346689224,0.9562645554542542,1.0,19.1,1.0
HDAC4,0.1273815261044176,1,71,0.9999999249518862,1.0,0.9995259808592295,0.9999992600476731,0.9274533838033676,0.9924185872077942,0.9555129110813141,2.0,,1.0
H4C5,0.0715903614457831,1,33,0.9714241778730396,0.877,0.9832445389063331,0.9179283110500276,0.8764688521623611,0.9732628017663956,0.9551149606704712,,,1.0
CBX1,0.0730522088353413,1,42,0.9913017832700027,0.9984999999999999,0.9991907004863968,0.9969680211279112,0.8348136246204376,0.9841376543045044,0.9550006836652756,3.0,,1.0
DRD1,0.0669718875502008,1,41,0.8613242880357853,0.971,0.9961619950709253,0.9684107726579678,0.8745055347681046,0.9979212582111359,0.9545884281396866,2.0,,0.0
DNMT3A,0.134722891566265,1,84,0.9999999992125734,1.0,0.9995682908237253,0.99999994105306,0.9476021975278854,0.9933792650699615,0.9543947875499725,1.0,15.9,1.0
USP9X,0.0755502008032128,1,51,0.9976079346848703,0.9995,0.9994845545029565,0.9994665100230633,0.5780102536082268,0.999823123216629,0.9542398899793625,1.0,,1.0
NLGN3,0.1192610441767068,1,79,0.9999996342328754,0.9995,0.9994893371230106,0.9999919923870968,0.9474494755268097,1.0000000149011612,0.9540573805570602,1.0,6.5,0.0
DLG4,0.1883293172690763,1,157,0.9999999999999991,1.0,0.9995841268805015,0.9999999998704566,0.9692447781562805,1.0000000149011612,0.9540187418460846,1.0,2.45,0.0
NRXN1,0.1567550200803212,1,152,0.999999999999967,1.0,0.9995573076892189,0.9999999999449067,0.9807652831077576,0.9933353513479233,0.9537722766399384,1.0,143.75,0.0
DLG3,0.0930843373493976,1,62,0.999901622265901,1.0,0.9995623889674801,0.999885844748759,0.9363846629858017,0.9828202873468399,0.9537244588136673,2.0,,0.0
GRIP1,0.0738795180722891,1,45,0.9845974009372522,1.0,0.9994388682613691,0.9975268268193133,0.8391232937574387,0.9849534779787064,0.9536323845386505,2.0,,0.0
SLC6A3,0.0920883534136546,1,55,0.9993356328073444,1.0,0.9995991680020684,0.9997651423882241,0.8804728090763092,0.9931700229644775,0.9535894840955734,2.0,,0.0
KMT2B,0.0814859437751004,1,45,0.9992173739746323,0.9995,0.9994733749587665,0.9981761247446994,0.9502401798963547,0.9999509453773499,0.9532336443662643,3.0,,0.0
HUWE1,0.091582329317269,1,59,0.9998807194571446,1.0,0.9996232494342677,0.999932106688621,0.604005716741085,0.9880832433700562,0.9528614282608032,,,1.0
CREBBP,0.1827791164658634,1,141,1.0,1.0,0.9995587165292878,0.9999999999981308,0.9604894518852234,0.9957186579704285,0.9521006941795349,1.0,31.35,1.0
NLGN4X,0.1251325301204819,1,80,0.9999998495770914,1.0,0.9994971356516413,0.9999985475467266,0.8638767451047897,0.9991105794906616,0.9519580155611038,1.0,12.0,0.0
TRIM33,0.0634216867469879,1,32,0.8411943424164442,0.9079999999999999,0.9775994387127532,0.9069807298090912,0.6947065591812134,0.9673124700784683,0.9516895860433578,2.0,,0.0
KDM6B,0.1296546184738956,1,83,0.9999999988292922,1.0,0.9995494931880831,0.9999998813837814,0.8708449006080627,0.9992075562477112,0.9516043365001678,1.0,13.75,0.0
SHANK2,0.1096706827309236,1,67,0.9999888058895932,1.0,0.9994985035073184,0.9999399752571934,0.9463288635015488,0.9987288862466812,0.9514871835708618,1.0,18.55,0.0
NIPBL,0.1006104417670682,1,65,0.9999902606501246,1.0,0.9994781344205157,0.9999582752970484,0.830105185508728,0.9801640063524246,0.9513442516326904,1.0,15.8,1.0
PRKCB,0.0839919678714859,1,53,0.9987025732889627,0.9995,0.9994760468731806,0.9994233095015008,0.8812521547079086,0.9999573677778244,0.9511622935533524,2.0,,0.0
KDM1A,0.1407550200803212,1,98,0.9999999999938811,1.0,0.9995588325371658,0.9999999932765118,0.9222255796194077,0.9909127205610275,0.9511594474315643,3.0,,0.0
PPP2R1A,0.1024257028112449,1,64,0.9999753034362528,1.0,0.9995588035930679,0.9999682668182464,0.8986642956733704,0.9780084043741226,0.9510288834571838,3.0,,0.0
PRKDC,0.1125220883534136,1,59,0.9999918921406731,1.0,0.9995853078769609,0.9999855830802952,0.8811273723840714,0.9877454489469528,0.95085409283638,2.0,,0.0
GRID2,0.0738955823293172,1,46,0.9513122157519154,0.9970000000000001,0.9992757315695886,0.9909285825286771,0.8423397243022919,0.9993860870599747,0.9505498707294464,2.0,,0.0
PXDN,0.1199518072289156,1,66,0.9999982673877076,1.0,0.9994825272884786,0.9999956286894438,0.9244859218597412,0.9999998360872269,0.9502081871032715,2.0,,0.0
MAPT,0.1428192771084337,1,83,0.9999999771355988,1.0,0.9995783245782115,0.9999998338706149,0.9287037402391434,0.9936890751123428,0.9500584751367569,3.0,,0.0
SHANK3,0.1306987951807229,1,88,0.9999999727962887,1.0,0.9995300689939123,0.9999990554620142,0.946429044008255,0.9918528944253922,0.9499230086803436,1.0,74.85,1.0
KDM5B,0.0991084337349397,1,59,0.9999956662790075,1.0,0.999560657445783,0.9999658617739939,0.8813177645206451,0.9999991655349731,0.9496942162513733,1.0,3.05,0.0
NLGN1,0.1191244979919678,1,81,0.9999997869275905,0.9985,0.9996064274671969,0.9999975103710731,0.980175644159317,0.992427721619606,0.94962577521801,2.0,,0.0
PTGS2,0.0900481927710843,1,47,0.9985606922735188,0.996,0.9995374566550993,0.9995799890175167,0.86785688996315,0.9999944865703583,0.9491688162088394,2.0,,0.0
UBR5,0.0729156626506024,1,43,0.9718376644888506,0.9955,0.999244276967555,0.9953433674502556,0.43620525673031807,0.9863406270742416,0.9489912390708923,2.0,18.45,0.0
SPTAN1,0.1029959839357429,1,57,0.9997153317520561,1.0,0.9996158528998312,0.9998932880209717,0.8698856830596924,0.9878161400556564,0.9488950073719025,3.0,,0.0
KDM6A,0.1552449799196787,1,115,0.9999999999999426,1.0,0.9996261950244142,0.9999999997889722,0.9934776276350021,0.9935091584920883,0.9484751373529434,2.0,,0.0
EHMT1,0.0902811244979919,1,50,0.9998563638650313,0.998,0.9994173206812572,0.9998564255502307,0.8602976351976395,0.9999879449605942,0.9474449306726456,1.0,13.5,1.0
KANSL1,0.0543052208835341,0,31,0.8754536004598181,0.7985,0.9797751024422932,0.9163296559456677,0.7307227551937103,0.8735900372266769,0.947392612695694,1.0,1.1,1.0
IGF1,0.1064658634538152,1,60,0.9999775696547839,1.0,0.9995905972493674,0.9999706389385523,0.9506092518568039,0.9967181086540222,0.9472364783287048,3.0,,0.0
XRCC6,0.1054056224899598,1,60,0.9999856112657486,1.0,0.9994829798710451,0.9999491153375554,0.9096978455781937,0.9971083551645279,0.9468660056591034,3.0,,0.0
UBE3A,0.1385060240963855,1,84,0.9999999797530174,1.0,0.999545263661475,0.999999662291784,0.8031365126371384,0.9989523887634277,0.9467448741197586,1.0,,1.0
RAD21,0.0816305220883534,1,50,0.9990107257545869,0.9950000000000001,0.9991454966961505,0.9995179059429287,0.8345464766025543,0.966876208782196,0.9462236911058426,,,1.0
PHB,0.0753654618473895,1,41,0.974421892451013,0.9964999999999999,0.9996351908947616,0.9966752571748703,0.8078210055828094,0.9998882561922073,0.9460359960794449,,,
PRKN,0.0959277108433735,1,57,0.9997900885728939,1.0,0.9995355923503323,0.9998942438279569,0.9075565487146378,0.9876722693443298,0.9456374049186707,2.0,,0.0
TBR1,0.0820963855421686,1,52,0.9967248498405852,1.0,0.9994553420899838,0.9992012348749673,0.7708197236061096,0.9701998680830002,0.9453261941671371,1.0,10.85,0.0
BACE1,0.0697831325301204,1,33,0.9005030760683006,0.8984999999999999,0.994189415053792,0.9781875550279899,0.7898246943950653,0.9997146874666214,0.9453239142894745,3.0,,0.0
PABPC1,0.0775180722891566,1,62,0.9994559209549633,0.9990000000000001,0.9996332318456854,0.9994726530513404,0.8051120638847351,0.9862738251686096,0.9453164339065552,3.0,,1.0
LEP,0.0761365461847389,1,45,0.9925334667237281,1.0,0.9995127069250516,0.9985942638582024,0.8176198303699493,0.9999464601278305,0.9453044235706329,2.0,,0.0
DLG2,0.1117269076305221,1,76,0.9999984184011824,1.0,0.9995687808008269,0.9999854675159172,0.9085423648357391,0.9999995976686478,0.9452450126409531,2.0,,0.0
SLC6A1,0.0934618473895582,1,58,0.99844047210473,0.9964999999999999,0.9992925498143772,0.9993859493267632,0.8623834997415543,0.9999493360519409,0.9449834525585175,1.0,31.15,1.0
CUL4B,0.0708915662650602,1,36,0.9744796808150517,0.9864999999999999,0.9993703437760303,0.996012984613498,0.7476068288087845,0.9999322593212128,0.9439899176359177,3.0,,1.0
SYN1,0.1331084337349397,1,88,0.9999999782018739,1.0,0.9996141899296811,0.9999993785340062,0.9428310394287109,1.0000000149011612,0.9438837170600891,1.0,2.35,0.0
KCNB1,0.0621285140562249,1,42,0.7143140799625546,0.8539999999999999,0.9260130072706013,0.8442714206463239,0.4546426124870777,0.9374534487724304,0.9428399801254272,1.0,,1.0
CAMK2A,0.148570281124498,1,100,0.9999999994247266,1.0,0.9996179849681399,0.9999999170382902,0.9525278210639954,0.9990828633308411,0.9428215324878693,1.0,,1.0
FOXG1,0.0845140562248996,1,48,0.9976300693995208,1.0,0.999588473270207,0.9993943612459857,0.7586636692285538,0.9979681521654129,0.9428016692399979,1.0,5.7,1.0
ASH1L,0.1047550200803212,1,67,0.9999988976269617,1.0,0.999482826198061,0.9999865811987012,0.9365779161453247,0.990472674369812,0.9427870362997055,1.0,14.15,0.0
ESR2,0.077012048192771,1,38,0.9740390710017002,0.9910000000000001,0.999330182305816,0.9974880161766119,0.8382440805435181,0.9912476390600204,0.9427755028009415,2.0,,0.0
PHF8,0.0790441767068273,1,51,0.9997018623688216,1.0,0.9992523764576373,0.999464544612372,0.8791788667440414,0.9828869253396988,0.941786989569664,,,1.0
CUX1,0.0602329317269076,1,37,0.8963916896063279,0.9890000000000001,0.9995918735422379,0.9716031174186353,0.6753730624914169,0.9605425298213959,0.9413330405950546,2.0,,0.0
PTEN,0.2232771084337349,1,162,1.0,0.9995,0.999503294627243,0.9999999999999348,0.9961811900138855,0.9999831765890121,0.9408029019832611,1.0,63.15,1.0
HOMER1,0.0979277108433735,1,55,0.9997644879771598,0.9984999999999999,0.9995070644232563,0.9997988767021306,0.9159405082464218,0.9873995333909988,0.9407034665346146,2.0,,0.0
SIN3B,0.0859116465863453,1,52,0.9999062270681224,0.9950000000000001,0.9995813857976289,0.9997462711527304,0.9278503060340881,0.9999982267618179,0.9406348615884781,2.0,,1.0
CYFIP1,0.0914859437751004,1,56,0.9996704068996385,1.0,0.9994835438326812,0.9998128985319032,0.7906187921762466,0.999994084239006,0.9404140412807465,2.0,,0.0
BRCA2,0.1041606425702811,1,57,0.9999835195034058,1.0,0.999554546664398,0.9999621978406124,0.8834180384874344,0.9999990314245224,0.9402809292078018,2.0,,0.0
BTRC,0.0935582329317269,1,57,0.9998571340385796,1.0,0.9995154743526072,0.9999065005435054,0.8258685618638992,0.9999967217445374,0.9399940371513367,2.0,,0.0
DLGAP2,0.0738072289156626,1,47,0.9875425085121701,0.9930000000000001,0.9993951011040048,0.9963467432281702,0.8705359548330307,0.9890295416116714,0.9389037489891052,2.0,2.8,0.0
NEDD4,0.0830281124497992,1,42,0.9946548820778434,0.9985000000000002,0.9994943646151272,0.9993615850864218,0.8694704174995422,0.9848274439573288,0.9387176483869553,3.0,,0.0
NLGN4Y,0.0794457831325301,1,40,0.9892146168697593,0.9675,0.9996354358493971,0.9962578271592895,0.9135899841785431,0.999908059835434,0.9384871274232864,2.0,,0.0
SETD1A,0.1086265060240963,1,76,0.9999999780567388,1.0,0.9996200837595441,0.9999990211014143,0.906489685177803,0.9940557777881622,0.9380103796720505,1.0,4.35,1.0
DLGAP3,0.0679036144578313,1,34,0.7855604002799353,0.818,0.9562477958201927,0.12342562652770088,0.896136075258255,0.9728145450353622,0.9373662918806076,2.0,,0.0
SYP,0.132714859437751,1,78,0.999999876465119,0.9995,0.9994660555904804,0.9999992839309371,0.9324270933866501,0.9929467290639877,0.9372214674949646,3.0,,0.0
GABRG2,0.0777670682730923,1,51,0.9848733189917425,0.9975,0.9981853558254612,0.9960359834657689,0.8499722629785538,0.9836309105157852,0.9370178878307343,3.0,,0.0
SRCAP,0.0786104417670682,1,35,0.9900285822741137,0.9655,0.9962776680622272,0.9833745110644816,0.8825831711292267,0.9998124688863754,0.9369062930345535,1.0,,0.0
FGFR1,0.1012369477911646,1,57,0.9999423193246706,1.0,0.999561567195855,0.9999347740095753,0.9613015800714493,0.9888670742511749,0.9368588775396347,2.0,,0.0
NTRK2,0.1326586345381526,1,77,0.9999996183412918,1.0,0.9995680400138567,0.9999974433913847,0.9674727916717529,0.9966353923082352,0.9367993026971817,,,1.0
GRIN2B,0.1912530120481927,1,154,0.9999999999999996,0.9989999999999999,0.9994809282999071,0.9999999999967379,0.921814039349556,0.9999774098396301,0.9366160780191422,1.0,29.65,0.0
KDM3A,0.0689156626506024,1,37,0.9887961327414083,0.9930000000000001,0.9987043087021371,0.9908250579449365,0.8296402841806412,0.9988730698823929,0.9366136640310287,3.0,,0.0
RPS6KA3,0.0655341365461847,1,30,0.8596606557556302,0.897,0.9938279130267231,0.936062679356142,0.7703743129968643,0.9974224418401718,0.9365619122982025,2.0,,1.0
HTR2C,0.0640722891566265,1,37,0.6661444453438359,0.8749999999999999,0.9658809196002751,0.6747387104024105,0.6933910101652145,0.9464013874530792,0.9360525906085968,3.0,0.1,0.0
FMR1,0.1864578313253012,1,128,0.9999999999999116,1.0,0.9995412014664593,0.9999999998591756,0.9923136085271835,0.9975544512271881,0.9359814375638962,1.0,,1.0
CLTC,0.0847951807228915,1,55,0.9990751379233864,1.0,0.9995516607537671,0.9997039271557328,0.7555139511823654,0.9929986745119095,0.9359472692012787,3.0,,0.0
ITPR1,0.0973092369477911,1,64,0.9997753735213387,0.9925,0.999425866012758,0.9999037295937869,0.7832897901535034,0.9935890436172485,0.9336560517549515,2.0,,0.0
ADRB2,0.0738554216867469,1,47,0.9844746511341423,0.9995,0.9995690392948725,0.997324666712446,0.788164883852005,0.9697849154472351,0.9335431158542633,2.0,,0.0
TSC1,0.0693493975903614,1,35,0.9237849204082558,0.9804999999999999,0.9990961724418344,0.988381254463665,0.8455986827611923,0.9994936436414719,0.9332984536886215,1.0,17.1,1.0
PRKCA,0.1339919678714859,1,84,0.9999999349576916,1.0,0.9995569169022654,0.9999995299184608,0.9558903276920319,0.9916483759880066,0.9332910031080246,2.0,,0.0
PAX6,0.1007710843373494,1,66,0.999989857561645,1.0,0.9995150115283183,0.9999809502709209,0.8102295100688934,0.987433061003685,0.933150514960289,,,1.0
MTOR,0.1489477911646586,1,90,0.9999999988251451,1.0,0.9994946854180646,0.9999999419505285,0.9363706409931183,1.0000000149011612,0.9326222240924835,1.0,,1.0
CTCF,0.1479839357429719,1,91,0.9999999999479945,1.0,0.999635991519244,0.9999999037877466,0.9575535506010056,0.9994284510612488,0.9324437826871872,1.0,10.45,1.0
NTRK1,0.1000562248995984,1,67,0.999973390839434,1.0,0.9995331735687085,0.9999646025676903,0.8825238794088364,0.9999962002038956,0.9323589205741882,2.0,,0.0
RBBP5,0.108433734939759,1,69,0.9999998086937814,0.9984999999999999,0.9994771476880766,0.9999939944436506,0.9788433015346527,0.9999999403953552,0.9317558109760284,2.0,,0.0
VCP,0.0957108433734939,1,65,0.9999732450218126,1.0,0.9994737666178438,0.9999580635668726,0.8057030737400055,0.9999932199716568,0.9316294193267822,3.0,,0.0
PHF21A,0.0557831325301204,0,31,0.7423916158416579,0.589,0.09271120511523014,0.8147780286878035,0.840258464217186,0.7154962420463562,0.931459054350853,1.0,5.35,1.0
HNRNPK,0.1163212851405622,1,78,0.9999995942711871,1.0,0.999420546941045,0.9999965383117226,0.874031201004982,0.9975916743278503,0.931204080581665,2.0,,1.0
SCN1A,0.1058795180722891,1,76,0.9999931046722631,1.0,0.9995972342039121,0.9999806304776804,0.9649925082921982,0.9810278713703156,0.9309411197900772,1.0,,1.0
ANK2,0.107718875502008,1,69,0.9999823001389995,1.0,0.9995828541574069,0.9999838063702546,0.9025543332099915,0.989446297287941,0.930910125374794,1.0,10.8,0.0
NTRK3,0.0599277108433734,1,31,0.7131123444691148,0.712,0.9749369730501518,0.6498979759275955,0.8321111649274826,0.9456879198551178,0.9309011995792389,2.0,,0.0
GABRB3,0.0944899598393574,1,63,0.9997496175941636,1.0,0.9995900014636633,0.9998068035482578,0.830901563167572,0.9806269854307175,0.9308883100748062,1.0,,0.0
KDM1B,0.0543052208835341,0,38,0.9524254143986174,0.615,0.9752445239824522,0.9672298321709908,0.8532022088766098,0.9407069832086563,0.9307610541582108,2.0,,0.0
KMT2A,0.1441686746987951,1,100,0.9999999999949847,1.0,0.9994950627087604,0.9999999956052535,0.9943419545888901,0.9969521313905716,0.930690586566925,1.0,18.55,1.0
SETD2,0.1349477911646586,1,102,0.9999999999914488,1.0,0.9995167288988154,0.9999999738984051,0.953721210360527,0.9945345669984818,0.9304593056440353,1.0,,0.0
KCNQ3,0.0642248995983935,1,47,0.9289603851443436,0.9144999999999999,0.9918781320069499,0.9843330468138898,0.7947920709848404,0.9550383239984512,0.929987221956253,1.0,11.1,0.0
MEF2C,0.0964658634538152,1,48,0.999301022049736,1.0,0.9995998825675974,0.9997682188587945,0.8485928028821945,0.9950281232595444,0.9297038018703461,1.0,9.85,1.0
KCNA2,0.079004016064257,1,54,0.9916150289722414,0.9964999999999999,0.998947068447012,0.9978128629282916,0.8069928735494614,0.9997828900814056,0.9293614625930786,3.0,,0.0
SYNE1,0.0586907630522088,1,34,0.738530802885295,0.8600000000000001,0.9920900701149333,0.35826941978216875,0.5433371067047119,0.7327108532190323,0.9290535300970078,2.0,,0.0
DSCAM,0.0616144578313253,1,38,0.7848271421662119,0.9255,0.870853189689844,0.8396227936030942,0.5394838154315948,0.9822127819061279,0.9287973493337631,1.0,13.5,0.0
TRRAP,0.1084497991967871,1,68,0.9999992675003766,1.0,0.9995516607537671,0.9999921963313427,0.8670636117458344,0.998577356338501,0.9282994270324707,1.0,,1.0
H4C3,0.0720562248995984,1,35,0.9831495110734879,0.9935,0.9961818582931965,0.9798591804607508,0.9138067066669464,0.9834618270397186,0.9282224327325821,,,1.0
EIF4E,0.0961686746987951,1,65,0.9999567411307804,1.0,0.9995822707241884,0.9999565017407619,0.8810681700706482,0.9999869167804718,0.9280308336019516,2.0,3.6,0.0
GRIN2A,0.1551646586345381,1,119,0.999999999981086,1.0,0.9995941370038148,0.9999999772257762,0.9865060746669769,0.9994455873966217,0.9280303716659546,1.0,3.6,0.0
HNRNPD,0.0827309236947791,1,55,0.9988487703127192,1.0,0.9995681550015373,0.9995373298565668,0.8265895992517471,0.9810165464878082,0.9278929531574249,2.0,,1.0
GNAS,0.0744096385542168,1,47,0.994565707636651,1.0,0.9994490773140244,0.9987714831006076,0.8267752826213837,0.984375536441803,0.9277077615261078,2.0,,0.0
MAOA,0.0649558232931726,1,44,0.9600808206439894,0.998,0.999181666880291,0.9912327581186338,0.32570986822247505,0.9960854202508926,0.9270788729190826,2.0,,0.0
AGO2,0.1303855421686747,1,73,0.9999998623853198,1.0,0.9995610253840709,0.9999983444176899,0.9448783546686172,0.9975316375494003,0.9270466268062592,2.0,,1.0
AGO4,0.0888032128514056,1,41,0.9993748341777435,0.9964999999999999,0.9995248220525839,0.9992933858733648,0.9122745543718338,0.9957223236560822,0.926968514919281,2.0,,0.0
SLC12A5,0.0696546184738955,1,39,0.866780043903356,0.9764999999999999,0.9973464439601438,0.9387136626305559,0.8664731830358505,0.9780692607164383,0.9268414527177811,2.0,,0.0
CACNA1B,0.0836465863453815,1,53,0.9899019796441134,0.9995,0.9990319135119807,0.9977564555855588,0.8445990979671478,0.9997427016496658,0.9264499247074127,2.0,,0.0
CNTN4,0.0617670682730923,1,46,0.9159982834744085,0.8999999999999999,0.9891000221603248,0.9519849298016818,0.24443706311285496,0.9578598141670227,0.9259930104017258,2.0,,0.0
LEO1,0.0656144578313253,1,34,0.923651314477481,0.9319999999999999,0.9868278256612075,0.9651169963595579,0.6900652125477791,0.9393458068370819,0.925610214471817,2.0,,0.0
GFAP,0.1336546184738956,1,74,0.9999998544817197,1.0,0.9995118182798483,0.9999984364901933,0.9260861724615097,0.9994615018367767,0.9253374189138412,1.0,0.3,0.0
CHD8,0.1762168674698795,1,113,0.9999999999998732,1.0,0.9996268225199931,0.9999999995478486,0.9129493683576584,0.9998373538255692,0.9253367632627487,1.0,97.65,1.0
CACNG2,0.0817831325301204,1,53,0.9918830985685161,0.9775,0.9987224590511861,0.9982333989957815,0.9086087942123413,0.9848398715257645,0.9252012372016907,2.0,,0.0
PCDH19,0.0566104417670682,0,34,0.6668613434655527,0.728,0.5595349482802996,0.6711021121949174,0.7938942462205887,0.9460812509059906,0.9243450611829758,1.0,,1.0
CDKL5,0.0983935742971887,1,58,0.9997970715936446,1.0,0.9994406951607718,0.999903475689747,0.8585263341665268,0.9981601387262344,0.9238297045230865,1.0,,1.0
HNRNPU,0.1009558232931727,1,62,0.9999831684570596,1.0,0.9995445311363008,0.9999482666100489,0.8921100199222565,0.9964779168367386,0.9232818186283112,1.0,38.8,1.0
VAMP2,0.0939116465863453,1,63,0.9997925939999743,1.0,0.999523037478835,0.9998787694508702,0.7713086307048798,0.9999874234199524,0.923274502158165,,,1.0
GRIA1,0.1426666666666666,1,114,0.9999999999608178,1.0,0.9995708320052041,0.9999999580316633,0.9846074730157852,0.9994533210992813,0.9230075031518936,2.0,,0.0
KCND2,0.0808192771084337,1,53,0.991200916446996,0.991,0.9990473595734632,0.9979665280508496,0.8090960085391998,0.9718988835811615,0.9229131937026978,2.0,,0.0
CAMK4,0.0685140562248996,1,32,0.7773237307511147,0.894,0.8275054681826053,0.8683158430953632,0.7659256011247635,0.9780714511871338,0.9226834028959274,2.0,,0.0
CAMK2B,0.105004016064257,1,59,0.9998917642793331,1.0,0.9995739993332299,0.9999404109973967,0.9174700230360031,0.9887631088495255,0.9225613474845886,,,1.0
ANK3,0.10914859437751,1,72,0.9999891249645166,1.0,0.999621542964645,0.9999826108860251,0.9184767007827759,0.9999994337558746,0.9224996864795685,1.0,7.3,0.0
H3-3B,0.2126024096385542,1,176,1.0,1.0,0.9995184242791041,0.9999999999999987,0.9605665504932404,0.9999990314245224,0.9223732948303223,3.0,,1.0
SMARCA2,0.1114698795180722,1,64,0.9999996532590547,1.0,0.9995123418674817,0.9999890804760112,0.9757370352745056,0.9995024055242538,0.9218081682920456,1.0,,1.0
SETDB1,0.1000562248995984,1,63,0.9999976197677748,1.0,0.9996116393043086,0.9999765987061056,0.9704402983188629,0.9896170496940613,0.9217295348644257,2.0,,0.0
PTPRD,0.065012048192771,1,42,0.902769806825685,0.9955,0.9994429951575698,0.972305215585658,0.7663705348968506,0.980541005730629,0.9217012077569962,2.0,,0.0
SATB2,0.0677670682730923,1,40,0.9590696635655781,1.0,0.9992918825284922,0.996275716415731,0.6257863566279411,0.9971771687269211,0.9215980917215347,1.0,24.95,1.0
NSD1,0.1036064257028112,1,59,0.9999982647207047,1.0,0.9996218011117519,0.9999841349340757,0.9391611814498901,0.9902704358100891,0.9212184697389603,1.0,23.4,1.0
KMT2D,0.1329156626506024,1,84,0.9999999994878154,1.0,0.9996796744700733,0.9999998466942803,0.9918099343776703,0.999647244811058,0.9209500551223755,3.0,,0.0
DNM1,0.0898875502008032,1,45,0.9863464327360805,0.9965,0.9995460321461408,0.9978939790317014,0.834740936756134,0.9898001402616501,0.9208187311887741,3.0,,0.0
DHX9,0.1106024096385542,1,69,0.9999928655546456,1.0,0.9994576904840177,0.9999857475630767,0.8613363355398178,0.9904196113348007,0.9205427169799805,3.0,,1.0
AUTS2,0.0675341365461847,1,40,0.9498609657561582,1.0,0.9993269911376751,0.9942317384411377,0.7983483821153641,0.9967439025640488,0.9200647920370102,1.0,35.5,0.0
CACNA1A,0.0930923694779116,1,65,0.9997143845094711,1.0,0.9995607597135394,0.9997132683302581,0.8490260392427444,0.9875898659229279,0.9199535995721817,1.0,,1.0
TNRC6B,0.0869156626506024,1,44,0.9988108310469815,1.0,0.9994742816191157,0.9994942203882535,0.8915550708770752,0.987047865986824,0.9199401438236237,2.0,,0.0
MED13L,0.0791004016064257,1,52,0.9983531932774377,1.0,0.9995259493117672,0.9993391399451763,0.8062473982572556,0.9854396283626556,0.9197644591331482,1.0,35.0,1.0
SCN8A,0.0812449799196787,1,65,0.9992724954641421,1.0,0.9992109671995946,0.999651115800248,0.8637450784444809,0.9885642677545547,0.9187519401311874,1.0,,0.0
CASK,0.0829799196787148,1,55,0.9983267146300108,1.0,0.9996161193063069,0.9993881228973098,0.8695177882909775,0.9973900765180588,0.9186508059501648,1.0,,0.0
TET2,0.1058473895582329,1,55,0.9999913112504015,0.9944999999999999,0.9995926641179476,0.9999788586389884,0.8860954940319061,0.9979880154132843,0.9183080345392227,2.0,,0.0
SMARCC2,0.1030281124497992,1,54,0.9999908660949757,0.998,0.9995902016379845,0.9999779857332932,0.9382152408361435,0.9887597560882568,0.9176084995269775,1.0,10.0,1.0
CSNK2A1,0.1015903614457831,1,58,0.999972634278871,1.0,0.9995371138521781,0.9999751927428422,0.8705138862133026,0.9999976456165314,0.9171264320611954,1.0,6.2,1.0
TOP2B,0.074859437751004,1,35,0.9716529051964231,0.929,0.9979448393039299,0.9925844986196115,0.8686975836753845,0.967522919178009,0.9166448265314102,2.0,,0.0
CHD4,0.1440321285140562,1,114,0.9999999999964815,1.0,0.999608321730455,0.9999999881620514,0.9462694376707077,0.9946551322937012,0.91647669672966,3.0,,1.0
DLGAP1,0.0883694779116465,1,54,0.9986145988555521,0.9975,0.9995720743378678,0.9992499957757466,0.9316263645887375,0.9999858438968658,0.9156854748725891,2.0,,0.0
CACNA1D,0.0840803212851405,1,58,0.9964909530614509,0.9975,0.9989290683221941,0.9986356965853116,0.8780992925167084,0.9859504401683807,0.9149135202169418,2.0,12.7,0.0
SF3B1,0.0689799196787148,1,41,0.9733558508205187,0.9945000000000002,0.9992048061381242,0.9952809895300312,0.7224958837032318,0.9841484576463699,0.9146263748407364,2.0,,0.0
KCNQ2,0.1032771084337349,1,75,0.999986197976511,1.0,0.9995936923190916,0.999959075589509,0.8758957833051682,0.9977405667304993,0.9143738299608231,1.0,,0.0
CACNA1C,0.1229558232931726,1,89,0.9999997940481726,1.0,0.9995542752983938,0.9999992849110175,0.8796596229076385,0.9922379404306412,0.9137720018625259,1.0,,1.0
CHD7,0.0774859437751004,1,37,0.9929735347208788,0.9909999999999999,0.9981562450062048,0.9969216086502055,0.8547957837581635,0.9990497678518295,0.9129442870616913,1.0,8.1,1.0
YY1,0.1315261044176706,1,76,0.9999999940684343,1.0,0.9995708025989082,0.9999994008839248,0.9839484691619873,0.9986256659030914,0.9128858745098114,1.0,,1.0
DDX3X,0.1197831325301204,1,75,0.9999996102062584,0.9995,0.9996427648406736,0.9999979646683216,0.911331295967102,0.9921858459711075,0.9118752628564835,1.0,78.6,1.0
AP2M1,0.0569076305220883,0,36,0.6145331941995031,0.2125,0.003841983112102668,0.1085196014425002,0.5802222192287445,0.378999182023108,0.9117067605257034,2.0,,0.0
DYRK1A,0.1063293172690763,1,66,0.9999911094955761,1.0,0.9994828735748601,0.9999900277597085,0.8247614651918411,0.9999997168779373,0.91169673204422,1.0,20.2,1.0
ARID2,0.091863453815261,1,45,0.9997264860686155,0.9995,0.999478691567163,0.9995628452681266,0.9647908359766006,0.9993651360273361,0.9116865396499634,2.0,,1.0
CUL3,0.0997590361445783,1,59,0.999910649230549,1.0,0.9995662287484854,0.9999459047739775,0.6988094300031662,0.9970156997442245,0.9111394584178925,1.0,18.4,0.0
PIK3CA,0.1427710843373494,1,97,0.9999999996976574,1.0,0.9995726276165257,0.9999999662324695,0.9913762807846069,0.9949542135000229,0.9100484699010849,3.0,,0.0
GRIK3,0.0683694779116465,1,39,0.8239029761625364,0.917,0.9953186701418586,0.8846507955406901,0.8195128440856934,0.9951349943876266,0.9095128029584885,2.0,,0.0
FLNA,0.0884257028112449,1,55,0.9991028406789215,0.9975,0.9995686417048412,0.9997627696560814,0.6622967347502708,0.9866402596235275,0.9093580543994904,3.0,,0.0
GRIK5,0.0803212851405622,1,53,0.9907276047801469,0.99,0.9992784514004591,0.9961090699197381,0.9335514605045319,0.999757245182991,0.9087961167097092,2.0,,0.0
MSL3,0.0489638554216867,0,30,0.6074668230165845,0.5405,0.18338378493059113,0.4106665006913219,0.8262199461460114,0.2462640111334622,0.9082350134849548,1.0,13.9,1.0
SSRP1,0.084722891566265,1,53,0.999696786338018,0.9975,0.9994632462846565,0.9997292466431245,0.9125938564538956,0.9999721795320511,0.9080352336168289,2.0,,0.0
GABBR2,0.0678554216867469,1,41,0.7887729522574145,0.914,0.9969695319291882,0.9026931815408894,0.8278931230306625,0.9688860476016998,0.9074232280254364,2.0,,1.0
SF3B3,0.0578152610441767,1,41,0.8848714230414017,0.9915,0.9987232722631685,0.9813221918995229,0.640499085187912,0.9664676040410995,0.9067555963993073,2.0,,0.0
PLCB1,0.072570281124498,1,49,0.965671847215238,0.9470000000000001,0.9982131428016368,0.9945818795034498,0.858713373541832,0.9821192920207977,0.9060880243778229,2.0,,0.0
DRD2,0.1129236947791164,1,80,0.9999977215283119,1.0,0.9996373785467944,0.9999907660260638,0.9162915796041489,0.9962348937988281,0.9053704589605331,2.0,,0.0
EP300,0.2233815261044176,1,196,1.0,1.0,0.9996357363254904,0.9999999999999933,0.911993145942688,0.9999791532754898,0.9044165462255478,1.0,23.6,1.0
ATP2B2,0.064441767068273,1,37,0.7830495878967487,0.9890000000000001,0.9986718940458703,0.8924610043206708,0.7216595262289047,0.9970015734434128,0.9043895155191422,2.0,,0.0
CAMK2D,0.0621124497991967,1,30,0.5956818797699446,0.5165000000000001,0.1511039482862452,0.4311858249835759,0.799093946814537,0.9271475225687027,0.9041613191366196,3.0,,1.0
MAOB,0.0684176706827309,1,45,0.9730472572247165,0.9984999999999999,0.9995751140378388,0.994804191346806,0.715873159468174,0.9959555566310883,0.9030160009860992,2.0,,0.0
NCOR1,0.1424658634538152,1,101,0.9999999999901745,1.0,0.9995110473725207,0.9999999764949444,0.9548067897558212,0.9992993026971817,0.9008890837430954,2.0,,0.0
GRIK2,0.0893895582329317,1,60,0.9996094255321926,0.9970000000000001,0.9996467389982038,0.9997370933275908,0.9006306380033493,0.9999709278345108,0.9005878269672394,2.0,,0.0
HRAS,0.144867469879518,1,91,0.9999999969443749,1.0,0.9995502285435697,0.99999982929589,0.9834227114915848,0.9995005875825882,0.899059921503067,1.0,,0.0
YWHAZ,0.1221044176706827,1,73,0.9999992962431432,0.9995,0.9994906519875437,0.9999960718354053,0.9598193764686584,0.9991654008626938,0.8984891176223755,3.0,,0.0
RICTOR,0.0785943775100401,1,42,0.9894757324942083,0.998,0.9996479705364681,0.9984255824509887,0.868248388171196,0.9747276306152344,0.8980967402458191,3.0,,0.0
FOXP2,0.0680883534136546,1,41,0.9538338312994442,0.9914999999999999,0.9988261163939977,0.9835834061701334,0.2681994028389454,0.9825104922056198,0.897661104798317,1.0,,0.0
KCNC1,0.0747951807228915,1,46,0.9527511013952048,0.9910000000000001,0.9978728555870304,0.991202054706769,0.7998936325311661,0.9783687144517899,0.8964294493198395,2.0,,0.0
NOTCH1,0.1585301204819277,1,102,0.9999999999911744,1.0,0.9995977772530307,0.9999999926172201,0.9558152705430984,0.9997890889644623,0.8963403850793839,2.0,,0.0
RIMS1,0.0814216867469879,1,48,0.9779241361966233,0.9690000000000001,0.9989259570699274,0.9932317290013989,0.8748244643211365,0.9807906299829483,0.8956021070480347,1.0,11.35,0.0
KMT2C,0.130578313253012,1,87,0.9999999995956952,1.0,0.9995973773469706,0.9999995891949072,0.9629540741443634,0.9996431022882462,0.8951195925474167,1.0,14.1,1.0
CDH2,0.1162409638554216,1,65,0.9999930389925371,0.9995,0.9995757361664871,0.9999874865429311,0.9548443108797073,0.9999998658895493,0.8933590352535248,3.0,,1.0
ACTB,0.2681526104417671,1,218,1.0,0.9630000000000001,0.9994949691593842,1.0,0.9995566159486771,0.9986503422260284,0.8920283913612366,1.0,1.0,1.0
PPP2CA,0.1189236947791164,1,73,0.9999990542677071,1.0,0.9993934523649205,0.9999973876818727,0.9059993773698807,0.9991416335105896,0.8892603665590286,,,1.0
PTPRC,0.0916787148594377,1,61,0.9999115224050763,1.0,0.9996329876258362,0.9999560165595944,0.7499063909053802,0.9880317896604538,0.8892563134431839,2.0,,0.0
CACNA1F,0.0570843373493975,1,41,0.6234231905969035,0.42900000000000005,0.10492691643607988,0.48629280872230085,0.7480767369270325,0.6965814903378487,0.8891245871782303,2.0,,0.0
KDM2B,0.0775100401606425,1,44,0.9984111932761934,0.9945000000000002,0.9991168400123025,0.9969713320126654,0.8836143314838409,0.9927742034196854,0.8888310119509697,1.0,,0.0
YWHAE,0.0799116465863453,1,55,0.9992592940257248,0.998,0.9995648021125293,0.9996131622305285,0.8254552185535431,0.9980921596288681,0.8870087265968323,2.0,,0.0
PCDH10,0.0649236947791164,1,34,0.7050838354379849,0.708,0.7971612842303399,0.7236997696904234,0.8076079189777374,0.9649313688278198,0.8854666650295258,2.0,,0.0
CACNA1H,0.0573333333333333,1,45,0.7448544662977434,0.5495,0.8384271607530919,0.8548612618707343,0.7339329272508621,0.9587038904428482,0.8853222578763962,2.0,,0.0
CHD3,0.1009638554216867,1,61,0.9999922631496989,1.0,0.9996477876070033,0.9999734534440378,0.914641484618187,0.9975992739200592,0.8846070319414139,1.0,,1.0
KMT5B,0.0668112449799196,1,38,0.9819101346545513,0.9930000000000001,0.9985969697211914,0.9939921893922012,0.8601000010967255,0.9720247834920883,0.8834738582372665,1.0,14.05,0.0
CACNB2,0.063726907630522,1,44,0.8181867324770808,0.8644999999999999,0.9938480997895915,0.9298336500479754,0.813160628080368,0.947004646062851,0.8828883767127991,2.0,,0.0
PPP1R1B,0.0698232931726907,1,34,0.8198368319801455,0.9035,0.9793643537618205,0.923682270726547,0.8875190168619156,0.9856390655040741,0.8822547942399979,2.0,,0.0
PSMC5,0.0624819277108433,1,40,0.8954523676772509,0.9950000000000001,0.9992906358731595,0.9559787771793221,0.22498390916734934,0.9774154871702194,0.8814044743776321,3.0,,0.0
NCOA1,0.0692851405622489,1,44,0.9891287113087531,0.983,0.999542680765246,0.9968808472433746,0.8993207365274429,0.9872097671031952,0.8810573220252991,1.0,3.0,0.0
CACNA2D1,0.0569718875502008,1,42,0.7516491189042798,0.9565000000000001,0.9810535883818972,0.8990707528653347,0.7901466935873032,0.9847573488950729,0.8799433261156082,2.0,,0.0
THBS1,0.0901847389558233,1,54,0.9998538356205524,1.0,0.9995026313252982,0.9998966395933111,0.7611055970191956,0.9988448023796082,0.8795733973383904,2.0,,0.0
TRIP12,0.0843935742971887,1,67,0.9999325336851146,1.0,0.9994374537733487,0.9999426995499962,0.501211266964674,0.9941314607858658,0.878050372004509,1.0,27.0,1.0
KDM5A,0.0821767068273092,1,54,0.9998527701622242,0.9850000000000001,0.9992878460938482,0.9996238284504337,0.9047158360481262,0.9999870955944061,0.8767091780900955,2.0,,0.0
SETD1B,0.0797590361445783,1,52,0.9997292679348218,0.97,0.999203899281465,0.9990480521777724,0.9076340049505234,0.9931680709123611,0.8758090808987617,2.0,,1.0
KDM5C,0.1301365461847389,1,82,0.9999999965176082,1.0,0.9995797850231611,0.9999993879619036,0.9396332949399948,0.9991883933544159,0.875715047121048,1.0,,0.0
EP400,0.1032208835341365,1,55,0.9999931988163893,0.9964999999999999,0.9996220854706996,0.9999398466108274,0.8952905237674713,0.9905979037284851,0.8752523884177208,2.0,,0.0
EIF4G1,0.0787630522088353,1,51,0.9967726796913409,1.0,0.9996227306749269,0.9986394354385515,0.7580389976501465,0.9875948429107666,0.8748358935117722,3.0,,0.0
HCFC1,0.0927550200803212,1,54,0.9999343526999169,0.9965000000000002,0.9995298684755042,0.9998316374342568,0.8608886450529099,0.9989552199840546,0.8736676424741745,,,1.0
AGO3,0.0841285140562249,1,37,0.9964343038393337,0.9755,0.9994541561947816,0.9962740816453937,0.8605205565690994,0.9935135543346405,0.8723772838711739,2.0,,0.0
JARID2,0.0710441767068273,1,44,0.9956013385998416,1.0,0.9988945890669931,0.9966453578840996,0.8846166729927063,0.9829998761415482,0.8718425557017326,2.0,,0.0
HDAC8,0.0973975903614457,1,49,0.9999589585689255,0.9895,0.9995779043133199,0.9998143434916253,0.9410826563835144,0.9994363039731979,0.8712577819824219,,3.7,1.0
SMARCA1,0.0890923694779116,1,51,0.9998284155037656,0.99,0.9991478896958854,0.99945427289506,0.9189623594284058,0.9946154356002808,0.8704451769590378,1.0,,0.0
TCF7L2,0.0744016064257028,1,41,0.9916691756353817,0.9925,0.9996259882339761,0.9986755636663647,0.8099626004695892,0.9769959449768066,0.8698550760746002,1.0,2.1,0.0
WDR5,0.1276947791164658,1,87,0.99999999963276,0.9990000000000001,0.9995225501615568,0.9999997236455158,0.9538037329912186,0.999622717499733,0.8669344857335091,,,1.0
CTNNB1,0.2669638554216867,1,218,1.0,0.9745000000000001,0.9995212600225641,0.9999999999999944,0.9600189924240112,1.0000000149011612,0.8653456047177315,1.0,32.75,0.0
TNRC6C,0.0721847389558233,1,40,0.9927715873512444,0.9935000000000002,0.9993222935441792,0.9949573214216563,0.831036850810051,0.9901013076305389,0.8621679693460464,2.0,,0.0
GNB2,0.0619277108433734,1,48,0.9014323835279828,0.723,0.8835730442239211,0.9438884897580696,0.6621711701154709,0.9473110884428024,0.8615393191576004,,,1.0
ITSN1,0.0540803212851405,0,41,0.8135382760976984,0.7435,0.9502584359015682,0.6094301062749022,0.2818626742810011,0.8491030633449554,0.8614983856678009,2.0,,0.0
H4C11,0.074433734939759,1,34,0.98191914934302,0.9825000000000002,0.9966021034576467,0.9573128131068902,0.9034211337566376,0.9930385202169418,0.8586118072271347,,,1.0
XPO1,0.0973815261044176,1,54,0.9998202121968015,1.0,0.9996760299895735,0.9998721036831215,0.859113335609436,0.9987411051988602,0.8582634702324867,2.0,,0.0
SLC6A4,0.0599036144578313,1,47,0.9032932740586684,0.9119999999999999,0.9956620430420775,0.9792726467201309,0.8169721066951752,0.9770909249782562,0.8538215160369873,2.0,,0.0
ILF2,0.0741686746987951,1,44,0.9840404672647337,0.9995,0.9995952341363105,0.995847983550279,0.7261431664228439,0.9832765758037567,0.8537478074431419,2.0,,0.0
NSD2,0.0832369477911646,1,40,0.9988528415037645,0.9905,0.9993760500604119,0.9978345176083564,0.9105055183172226,0.9947104007005692,0.852272629737854,2.0,,1.0
CBX4,0.0638072289156626,1,35,0.8793367322942851,0.9004999999999999,0.994411909123521,0.9324734151193914,0.9108557254076004,0.9530339986085892,0.8451214358210564,3.0,,0.0
SRSF1,0.1246184738955823,1,96,0.9999999945062135,1.0,0.9995469377008972,0.9999998176181581,0.7736479714512825,0.9992156475782394,0.8421166986227036,3.0,,1.0
HNRNPL,0.0659437751004016,1,45,0.9829291069745718,0.9995,0.9993094674166347,0.9972452247251984,0.6120181679725647,0.9956010580062866,0.8407870009541512,3.0,,0.0
MYH9,0.069863453815261,1,46,0.9787906666503483,0.995,0.999350865860521,0.9963938476180598,0.34676090255379677,0.9659798443317413,0.8370715528726578,2.0,,0.0
ANKRD11,0.0587550200803212,1,36,0.8212472133576817,0.8885000000000001,0.9939536255468303,0.9001739697166825,0.817722886800766,0.9020631462335587,0.8252532668411732,1.0,22.6,1.0
GNAI1,0.0588032128514056,1,41,0.6918383432872315,0.8725,0.7435579777300529,0.6937840399329283,0.7722719758749008,0.9435385912656784,0.821425773203373,1.0,2.1,1.0
CHD1,0.1128353413654618,1,68,0.9999997113800787,1.0,0.9996242409928647,0.9999915497140013,0.9810219705104828,0.9999999850988388,0.8180562164634466,2.0,,1.0
SMC3,0.0811244979919678,1,48,0.9991082997592624,1.0,0.9996466171704523,0.9995274689065134,0.7442273199558258,0.9999581873416901,0.8141516521573067,2.0,,1.0
TTN,0.0547951807228915,0,39,0.7886233757836614,0.498,0.7296005764395859,0.3765324674336331,0.20673641236498952,0.3904966339468956,0.808308333158493,2.0,,1.0
PRPF8,0.0625220883534136,1,49,0.9739173615869026,0.9884999999999999,0.9988744475506823,0.9952337237227248,0.631839394569397,0.9901319295167923,0.8065447732806206,3.0,,1.0
SETD5,0.05914859437751,1,35,0.7589607818777602,0.6775,0.9878288935618688,0.7084249822730753,0.7459597438573837,0.7599933445453644,0.7965566143393517,1.0,28.05,1.0
SCN9A,0.0512690763052208,0,42,0.5648233248221433,0.4655,0.9917495657055799,0.5195431131741405,0.7334007024765015,0.49984636902809143,0.7880493625998497,2.0,,0.0
CNTNAP2,0.1251566265060241,1,91,0.9999999110177262,1.0,0.9994317143422726,0.9999940703605601,0.9317476451396942,1.0000000149011612,0.7796288803219795,2.0,,1.0
U2AF2,0.068289156626506,1,50,0.9864913751856732,0.9985,0.999165601375422,0.9971595352608906,0.10234946641139686,0.9820677787065506,0.7764744311571121,3.0,,0.0
FGF13,0.0680401606425702,1,30,0.7126538889583411,0.755,0.8146711474984867,0.6933018505995994,0.7498541325330734,0.9907360523939133,0.774222232401371,3.0,,1.0
SOD1,0.0777429718875502,1,51,0.9965124359935034,0.9955,0.9993924244435936,0.9433826116515164,0.641749881207943,0.9998976439237595,0.7653337030205876,2.0,,0.0
CTR9,0.0612610441767068,1,34,0.8474322993426628,0.928,0.9956248441370916,0.8599580723270613,0.7539746314287186,0.9301448315382004,0.7621801681816578,3.0,,1.0
ASXL3,0.0480883534136546,0,26,0.27409713537514635,0.1845,0.01095303112096696,0.02290664506819596,0.7323083430528641,0.024461768617309643,0.7439107112586498,1.0,28.85,1.0
GRM7,0.0513654618473895,0,31,0.1958496110073798,0.0625,0.00015191168390888367,0.0294510792813882,0.7621152400970459,0.04594829957932234,0.7435918599367142,2.0,,0.0
PAK2,0.0615582329317269,1,46,0.9316537432362528,0.7075,0.9164583343535241,0.9383458254287087,0.11787798476871103,0.9598657488822937,0.7282119765877724,2.0,,0.0
PPP2R1B,0.0554136546184739,0,34,0.6892288285718913,0.6635,0.4016922748536802,0.7379686067067692,0.819357693195343,0.7984872907400131,0.7243958599865437,2.0,,0.0
SETBP1,0.0556867469879518,0,28,0.662790140556109,0.5705,0.21279012572321357,0.5079865075839689,0.8770043700933456,0.5574439540505409,0.7161736283451319,1.0,,0.0
KDM4C,0.0548032128514056,0,29,0.6790550572384713,0.383,0.7237741288511909,0.16496040392483405,0.8367733359336853,0.20875022560358047,0.713336493819952,2.0,,0.0
PIK3CG,0.0592449799196787,1,30,0.5880335531073616,0.4570000000000001,0.06549840047967238,0.3879115471044342,0.8268241286277771,0.7637663632631302,0.7095332629978657,2.0,,0.0
ITGB3,0.057004016064257,1,36,0.7494625643041944,0.9315,0.9970844762241965,0.7465639991579511,0.675189696252346,0.8380039930343628,0.7052253559231758,2.0,,0.0
CUL7,0.067574297188755,1,55,0.9927388777620829,0.935,0.9991750846654324,0.9952724476502258,0.16688259970396757,0.9841049760580063,0.7040136656723917,2.0,,0.0
FOXP1,0.0555100401606425,0,32,0.6983965691019305,0.8714999999999999,0.9342899490849439,0.7603438731259551,0.700729712843895,0.7652352750301361,0.6893215402960777,1.0,60.45,1.0
PIK3R2,0.0579518072289156,1,35,0.7441549748027374,0.8474999999999999,0.9428044121001113,0.8260903839165894,0.7776609510183334,0.9399539232254028,0.6872375477105379,,,1.0
RAC1,0.0953413654618473,1,75,0.9999839586675039,0.9990000000000001,0.9995179795292961,0.9999327242912023,0.602915033698082,0.9999484121799469,0.6648889854550362,,,1.0
KAT6A,0.0857670682730923,1,47,0.9992596143478257,0.9930000000000001,0.9994752062376586,0.9985719377923186,0.9274024963378906,0.993320420384407,0.6607018206268549,2.0,,1.0
SCN3A,0.0421365461847389,0,34,0.20497178353320294,0.142,0.000949720531183175,0.013645530460945585,0.7089603543281555,0.009292805226323253,0.6366538304428104,3.0,,0.0
CACNB1,0.046,0,30,0.11186728133068952,0.033999999999999996,0.00023820996531861941,0.0038952095919675884,0.813911497592926,0.02670073718763888,0.6072969511151314,3.0,,0.0
CACNA1G,0.0572048192771084,1,43,0.675675051171686,0.48700000000000004,0.5142045297018225,0.7478892714972674,0.7412962168455124,0.8641370981931686,0.6067791022360325,2.0,,0.0
ERBIN,0.0646987951807229,1,34,0.680236387709126,0.5885,0.9143542746552147,0.34257734820266494,0.5656807348132133,0.7099231109023094,0.5808833864866756,2.0,,0.0
RHEB,0.0664096385542168,1,33,0.7863366129661319,0.8995,0.8150339917732258,0.8911849468063351,0.7747165560722351,0.9869355410337448,0.5540137514472008,,,1.0
CCT4,0.0519277108433734,0,35,0.6393232818959844,0.615,0.10255302111599732,0.4338000838131064,0.48908089101314545,0.33602586574852467,0.5474034566432238,2.0,,0.0
HNRNPF,0.0457028112449799,0,32,0.34579915399416083,0.2455,0.0011377524398237253,0.07377952521977274,0.5998849272727966,0.004212552325952856,0.5288489405065775,2.0,,0.0
PTCH1,0.0508835341365461,0,29,0.5009517639339861,0.34850000000000003,0.3136724458503489,0.2650203378327953,0.6985776275396347,0.13364772126078606,0.5198692990816198,3.0,,0.0
UNC13A,0.0520803212851405,0,35,0.44463017680310735,0.1355,0.0006357614116209304,0.1783285907439089,0.6524802818894386,0.07170720980502665,0.5123477154411376,2.0,,1.0
SCN4A,0.0447068273092369,0,33,0.10801331357579665,0.05,0.0001762324820119532,0.003233913081414087,0.722271591424942,0.006306561204837635,0.48187301973666763,2.0,,0.0
CNR1,0.0624096385542168,1,32,0.6016995305892853,0.4445,0.12357716372649533,0.4946208875633832,0.7579658925533295,0.9553783535957336,0.4791637994349003,2.0,,0.0
KAT6B,0.058008032128514,1,31,0.7957274170304669,0.2915,0.09723069219516366,0.5044946727407393,0.8094937354326248,0.5798161178827286,0.47403440345078707,3.0,,0.0
BCORL1,0.0396626506024096,0,21,0.14677138568673798,0.0815,0.006015550912524528,0.0026775251174623125,0.8471192121505737,0.008633998717414215,0.4623916260898113,,,1.0
PPP2R5D,0.0530763052208835,0,31,0.5426922360895204,0.24300000000000002,0.005035625381664442,0.31151138809209417,0.8060685247182846,0.5961429998278618,0.43569254968315363,1.0,8.5,1.0
GRIK4,0.0600642570281124,1,34,0.3819066744894032,0.22000000000000003,0.02117824227086969,0.07007107682314792,0.825287938117981,0.40709469467401505,0.43232307862490416,2.0,,0.0
SYNJ1,0.0552208835341365,0,32,0.41612919122560454,0.09699999999999999,0.0003146455010431652,0.11490239709108205,0.717144563794136,0.1704086121171713,0.39968543336726725,2.0,,0.0
CHD9,0.0552048192771084,0,27,0.3151560741579925,0.199,0.007550743237730344,0.036121390411100865,0.7601326555013657,0.049296691140625626,0.39832217613002285,3.0,,0.0
ARX,0.0292369477911646,0,13,0.00411034451927072,0.0005,0.00015207074142971236,1.7158224780982267e-05,0.6887721344828606,0.0026737218258858775,0.37540198233909905,1.0,13.8,1.0
BIRC6,0.0531004016064257,0,33,0.500958634674049,0.6380000000000001,0.4595296343924424,0.22479224188282917,0.5187917798757553,0.054695230931884,0.33391868325998075,2.0,,0.0
PRPF19,0.0480481927710843,0,39,0.4798142416386771,0.571,0.6810286641096108,0.28281593103064706,0.10848180763423443,0.015881979276315406,0.3324165952508338,3.0,,0.0
ZEB2,0.0497028112449799,0,16,0.14396671901845814,0.121,0.008633937318946539,0.0017222958558590798,0.7741790115833282,0.01875714206835255,0.3304765425855294,3.0,,0.0
PAX5,0.0515341365461847,0,28,0.365936723099569,0.28049999999999997,0.023052033377680418,0.10365239569170354,0.7268068492412567,0.014610105258602957,0.32621632656810107,1.0,5.75,0.0
EEF1A2,0.0491646586345381,0,20,0.0965425433049262,0.036000000000000004,0.0005141631711815576,0.0006516819094892492,0.6580752730369568,0.02425783235594281,0.3159925111103803,,,1.0
CDK8,0.0591887550200803,1,27,0.6634602595845736,0.0865,0.004671285042792224,0.35844379287831973,0.6984282732009888,0.40674259793013334,0.3133379267528653,,,1.0
H1-4,0.0361124497991967,0,12,0.0063025186504124045,0.0,0.0001517114267076554,3.839782175843678e-05,0.6825916469097137,0.0007001262939105857,0.3037578216399197,,,1.0
HTR3C,0.0389558232931726,0,16,0.006778353874252861,0.0,0.0001424771537362958,3.0784873988884176e-05,0.697332352399826,0.003028291197296862,0.2946270059328526,3.0,,0.0
ARHGEF9,0.0546746987951807,0,35,0.5219441537620304,0.4565,0.12144958729205652,0.3767354939142009,0.829217255115509,0.5932791847735643,0.2905991611769423,1.0,14.2,1.0
GABRA4,0.0548032128514056,0,34,0.3696334101543614,0.43849999999999995,0.019793325961019403,0.12309631839211516,0.8305600583553314,0.23191445507109165,0.2902833870612085,2.0,,0.0
CACNA1E,0.0423855421686747,0,28,0.039855281864312295,0.011,0.0001842043123885601,0.0008008882059137011,0.6726591512560844,0.016281939460895956,0.2759468201547861,1.0,7.5,0.0
PHF2,0.0371646586345381,0,19,0.04416147869295226,0.011,0.0006560775562251201,0.00015468950745333322,0.7327912300825119,0.018066909862682223,0.261464832816273,1.0,4.25,0.0
TAF6,0.0506586345381526,0,33,0.6108361090519829,0.504,0.052755901837951265,0.5332589030214151,0.6865831092000008,0.0564587670378387,0.2533246317325393,2.0,,0.0
FAT1,0.0553333333333333,0,24,0.31485284929297724,0.2435,0.025174037843083426,0.05246418006285083,0.6991979628801346,0.022258246317505836,0.24415657129429746,2.0,,0.0
RSF1,0.048859437751004,0,22,0.15164295436111375,0.030999999999999996,0.0018598548903862278,0.005634560517013859,0.6781181916594505,0.005895477497941268,0.23672388994600624,3.0,,0.0
OXTR,0.0422650602409638,0,30,0.13745118898537298,0.022000000000000002,0.00016736044581354718,0.0023327418326147065,0.7070410698652267,0.010158710952964611,0.23622704716399312,2.0,,0.0
CADM1,0.0459357429718875,0,25,0.08510027466645043,0.006,0.00016678604356849342,0.0012981358777833028,0.7629459947347641,0.026532289091846906,0.2326269700861303,2.0,,0.0
HMGN1,0.0522489959839357,0,31,0.32624620754807027,0.1245,0.00024421825341353623,0.04070998207421042,0.09936284925788641,0.021204994816798717,0.22690915130078793,2.0,,0.0
PPP2R5C,0.0527068273092369,0,28,0.46802684144417095,0.168,0.004469276196425698,0.14794872286386482,0.78188855946064,0.16535693034529686,0.21164820133708417,3.0,,1.0
DPYSL2,0.0521927710843373,0,36,0.4026050244553079,0.0825,0.004284222920796667,0.0363478540195569,0.20197130180895329,0.08212183968862519,0.20933982415590435,1.0,1.0,0.0
MBD3,0.0488032128514056,0,21,0.1271325770309641,0.024500000000000004,0.0017460398089663388,0.002604459157134916,0.7984707951545715,0.002438355793856317,0.20861568810141762,2.0,,0.0
ACTN4,0.0468755020080321,0,29,0.22406732185921285,0.028999999999999998,0.00027721104179218253,0.004083479174469881,0.6520792841911316,0.007512463872899389,0.20611637271940708,2.0,,0.0
NFE2L3,0.0040160642570281,0,2,2.2900491603274127e-06,0.0,0.00014309916072417067,1.1237875598518664e-09,0.12149019353091717,0.0033835926509283537,0.20163676729373492,2.0,,0.0
MYCBP2,0.0132530120481927,0,12,0.0001985036354477117,0.0,0.00014971694744962205,4.5584382983411014e-07,0.03276357263973173,0.01172384508822688,0.20135874434708967,1.0,,0.0
SOX5,0.0347309236947791,0,25,0.06323389451812277,0.013500000000000002,0.00014021614113389827,0.0008353557619852646,0.13360657170414925,0.014597196495742537,0.20104874670505524,1.0,17.6,1.0
CDK13,0.038152610441767,0,20,0.029570993132539206,0.005,0.00013954663926325845,0.00024722079959619496,0.10692343860864639,0.02806544690974988,0.19990078621776775,,,1.0
XPC,0.0337911646586345,0,14,0.011715091293960016,0.008,0.0001470267826796174,8.350237717850216e-05,0.7705231159925461,0.014144274158063297,0.1972451134788571,,,1.0
MAST1,0.008289156626506,0,2,1.1260713606019245e-05,0.0,0.00011799405435167435,6.741409715391691e-09,0.444219134747982,0.0047366923813330075,0.19663251959718764,3.0,,0.0
WWOX,0.0496064257028112,0,28,0.36317294509526576,0.226,0.05841222791308706,0.01300909234835267,0.3171837292611599,0.0397260207682848,0.19631249079247937,2.0,,0.0
CPSF7,0.0295261044176706,0,21,0.0030670421736266108,0.0,0.00015370812640023917,4.3524189388835295e-05,0.11473206151276827,0.016800886060337916,0.19405149613157846,1.0,,0.0
SND1,0.0423935742971887,0,22,0.04243625531000295,0.002,0.000151511174378228,0.00048564568397925425,0.7540472596883774,0.017641720051415177,0.19262585090473294,2.0,,0.0
AHDC1,0.0038875502008032,0,2,1.491845521747294e-06,0.0,0.00012837887463759971,1.4667881715466108e-09,0.06129972590133548,0.0009944308610783487,0.1900519002811052,1.0,14.25,1.0
DNER,0.0205943775100401,0,13,0.0010852343143021672,0.0,0.00015014564948424757,5.3650730565938135e-06,0.3760695494711399,0.013487028512145116,0.18970746488776058,2.0,,0.0
FRRS1L,0.0129638554216867,0,6,6.505141848897612e-05,0.0,0.00011728862078042638,3.9079739101304896e-07,0.07581632118672132,0.002196324789690945,0.18970608552488014,3.0,,0.0
WDFY4,0.0059678714859437,0,4,1.0270361159491397e-05,0.0,0.00013799228376162615,7.666585753720119e-08,0.0424846502719447,0.00642727028352752,0.18968720724296873,2.0,,0.0
BTAF1,0.0361767068273092,0,21,0.010618437976505383,0.002,0.00013199272827230194,0.0003403578249696344,0.4809788390994072,0.014955202956285163,0.18927540848380886,2.0,,0.0
TLE3,0.0539036144578313,0,24,0.3335341129161298,0.19499999999999998,0.011534574913325253,0.05123248239667404,0.7508460879325867,0.030487116114066737,0.18847630370555635,1.0,,0.0
NCKAP1,0.0482168674698795,0,34,0.381962674230783,0.055,0.000603816457446762,0.02898722243582526,0.59147097915411,0.010854443185962737,0.18844307818856976,1.0,24.75,0.0
CACNA2D3,0.0411726907630522,0,26,0.04434143487441726,0.0,0.0001407331848821888,0.0006968102984604943,0.742841437458992,0.029119049897417426,0.18774103373289108,1.0,3.75,0.0
UNC79,0.0284176706827309,0,20,0.0015270057906834654,0.0,0.00012161993357190095,6.410756963042868e-06,0.13473710406105965,0.012769873361200834,0.1844332303738916,2.0,,0.0
CDH10,0.0539919678714859,0,35,0.6216142834562803,0.238,0.016197652113479878,0.6325897598124698,0.5611801296472549,0.1758712399750948,0.18395689093197476,2.0,,0.0
KCNJ10,0.0433734939759036,0,29,0.0466172791291053,0.0045000000000000005,0.00015552113908498034,0.0007781229183640534,0.5189522877335548,0.02125525171993797,0.1827879642478365,2.0,,0.0
IRF2BPL,0.0069477911646586,0,1,1.1282829975019259e-05,0.0,0.0001471973566672946,1.4261183321052556e-09,0.4202529899775982,0.31740006199106574,0.18253593496716838,1.0,9.0,1.0
MBD4,0.0233012048192771,0,14,0.0015331539870015289,0.0,0.0001487187751639663,3.917998043656148e-06,0.5109798982739449,8.586116067388978e-06,0.18161135082118562,2.0,,0.0
RANBP17,0.0043855421686746,0,2,2.2530227983063233e-06,0.0,0.00014046046958561133,1.3760989875738462e-08,0.13309847749769688,1.989101553968866e-06,0.17828686860941698,2.0,,0.0
PAK1,0.0512369477911646,0,39,0.5862504872435749,0.20550000000000002,0.016756374346849283,0.20785008345526712,0.43482761085033417,0.07709342298039701,0.17798789496009704,,,1.0
ZBTB18,0.0075020080321285,0,4,1.8205528020775994e-05,0.0,0.00015269668187190339,2.4436486639716e-07,0.507381584495306,0.0030213648438219645,0.17614865840823768,,,1.0
NAA15,0.0232208835341365,0,12,0.0013516394953372386,0.001,0.00014346902334966182,1.0703773823220566e-06,0.20843245089054108,0.006040835364274244,0.17582687253889162,1.0,31.7,1.0
GABRG3,0.0390522088353413,0,26,0.05414233479283373,0.0015,0.00013677598052559486,0.0007061214103606412,0.573596827685833,0.0003530956357785005,0.17546331501216628,2.0,,0.0
GLRA2,0.0137590361445783,0,8,0.00018307157588656888,0.0,0.00014248534567253427,2.034477815234442e-06,0.1154950000345707,0.004711201036365697,0.17421346534683835,2.0,,0.0
CXXC5,0.0057028112449799,0,4,4.3379201839058234e-06,0.0,0.00014867006102371071,3.338359740166464e-08,0.4877920188009739,0.0019164107301229034,0.17352586473452902,3.0,,0.0
NR4A2,0.0452690763052208,0,26,0.07298117501171655,0.0025,0.00015737381369511203,0.00043296413604254456,0.6652402952313423,0.0037229682461727975,0.17286986874241245,1.0,11.5,0.0
SCGN,0.0156546184738955,0,8,9.061258453492538e-05,0.0,0.00014981528978061983,3.210381531209354e-07,0.2089486736804247,0.0017942227127720756,0.17062796397975788,3.0,,0.0
ZMYM2,0.0342489959839357,0,25,0.04417661887565723,0.0,0.00012802999186678726,0.00024546128015858604,0.6040702015161514,0.00030550232986570336,0.16970986538444777,2.0,,1.0
HNRNPR,0.0505622489959839,0,30,0.4555715414049771,0.1015,0.0002216251635422361,0.15435395746583613,0.4908393993973732,0.049091290682554245,0.1681401147507131,2.0,4.6,1.0
ARHGAP32,0.0490763052208835,0,19,0.08989016846559557,0.049999999999999996,0.0009567704498767057,0.0007226437430121485,0.7351596802473068,0.006219466697075404,0.16739010356832296,2.0,,0.0
MED12L,0.0151967871485943,0,10,0.00024197953014238878,0.0,0.00014378448349008563,3.7101590906728268e-06,0.15501785278320312,0.014713599400082954,0.16518148826617107,2.0,,1.0
OXT,0.0456224899598393,0,32,0.23181156805472758,0.013,0.0005111462457557472,0.006160568609378037,0.71097132563591,0.02591760893119499,0.16068555795936845,2.0,,0.0
ECPAS,0.0141767068273092,0,12,0.00025441357209967107,0.0,0.00012380018705997138,3.321994816021785e-06,0.1860809102654457,0.0073751371078287775,0.16031804843560152,2.0,,0.0
SENP6,0.0152690763052208,0,11,0.00011845270851259204,0.0,0.00015831751726866144,8.835623434555288e-08,0.08368613198399544,0.015756913902464476,0.15789421885135013,3.0,,0.0
BAZ2B,0.0199196787148594,0,9,0.00041946490172799054,0.0,0.00015815481107536912,4.1776847946780324e-06,0.45891254395246506,0.0021899979341384324,0.1533500231744256,1.0,7.35,0.0
CDK19,0.0319839357429718,0,16,0.008114933130530202,0.0,0.00012929662537277683,5.7714334415513026e-05,0.5472993776202202,0.0022475837322951664,0.15182612009767366,3.0,,1.0
AGAP2,0.0369076305220883,0,17,0.009925269102403803,0.0,0.00015964042155910182,3.9138871782870614e-05,0.8302244693040848,0.027254472914137295,0.15109883242985234,2.0,3.25,0.0
SETDB2,0.0288353413654618,0,15,0.003421187130821371,0.0,0.0001610392897004352,4.7071491396818036e-05,0.6279665157198906,0.008623896388966212,0.15082703742564263,2.0,,0.0
NFIX,0.0161767068273092,0,11,0.0004367452960251933,0.0,0.0001300108391753987,6.006100835886559e-06,0.3029147498309612,0.00857548309249978,0.15014414091092476,,,1.0
CNKSR2,0.0466666666666666,0,23,0.1196588338351913,0.0115,0.000146354331480742,0.0026509188949701626,0.6877315491437912,0.02313017945882899,0.1500552528505068,2.0,,1.0
DHX30,0.0257831325301204,0,17,0.0024925066673789696,0.0005,0.0001365007545081774,2.055323571442278e-05,0.3504669964313507,0.01105405715043162,0.14820200853137067,,,1.0
CNOT1,0.0535903614457831,0,33,0.45871534118723983,0.5375,0.04976519730533013,0.1866906455701961,0.5187832936644554,0.04465863946825266,0.14634854381438345,2.0,,1.0
CTTNBP2,0.0312690763052208,0,17,0.006351836974888175,0.0005,0.00013642700833714434,2.686089309189375e-05,0.6130364686250687,0.012033645339201371,0.1448109816701617,2.0,26.8,0.0
MED13,0.0511887550200803,0,30,0.4022354581695443,0.23600000000000002,0.01417399504806392,0.16716451505540636,0.43356718122959137,0.005566469859331846,0.1447731689477223,1.0,9.3,1.0
USP15,0.0361044176706827,0,19,0.01669373922237127,0.0055,0.000123589062362733,7.140638695870214e-05,0.17135528288781643,0.003752540764982548,0.14447448177105315,2.0,,0.0
HTR3A,0.0479116465863453,0,24,0.0456424621153315,0.0,0.00012060884827844554,0.0005824510831077882,0.7890089750289917,0.02646071190693533,0.14240757701918483,2.0,,0.0
AVPR1A,0.020144578313253,0,13,0.0006433705349244953,0.0,0.00011506308325826352,5.19810594564727e-06,0.4554932974278927,0.007823982165973575,0.1420360961341487,2.0,,0.0
HNRNPH2,0.0378232931726907,0,25,0.05719316370685587,0.0,0.00013372874515823677,0.0008018805752123231,0.47068024426698685,0.0005207303763654636,0.14170747465820788,1.0,,0.0
RORB,0.0297911646586345,0,21,0.006426082026888035,0.0,0.0001532357390245576,3.6065328395268255e-05,0.011466688112705015,0.02326652070612062,0.1416926255915314,1.0,8.25,1.0
PER1,0.0105863453815261,0,10,0.00010966903180713715,0.0,0.0001501843810034104,1.4817566290810056e-06,0.035386839881539345,9.805320808876719e-06,0.14089575485371597,2.0,,0.0
MINK1,0.0220963855421686,0,14,0.000647209576377221,0.0,0.0001253560201566037,4.60072496492104e-06,0.4727286845445633,0.006755290253504027,0.13869464678282384,3.0,,0.0
KIF5C,0.0309718875502008,0,20,0.006521618093680158,0.0,0.00014876491740592815,1.6725737944003684e-05,0.39302268624305725,0.022232079521188552,0.1350584624451585,2.0,,1.0
RUNX1T1,0.0360722891566265,0,21,0.03039265171802695,0.01,0.00012552911242130304,0.00018237255373256743,0.6593943685293198,0.013380594030204918,0.13381618783760585,1.0,,0.0
CD99L2,0.0109558232931726,0,6,5.508489814339789e-05,0.0,0.00015835316389053628,4.96534908440581e-07,0.4326227754354477,0.011640945981658258,0.1331776986753539,2.0,,0.0
BICRA,0.0312369477911646,0,12,0.027409818355056566,0.0,0.00016299711133024633,9.104284082353219e-05,0.8108399957418442,7.365725991803629e-05,0.13069898672931907,2.0,,1.0
ZC3H4,0.0164979919678714,0,12,0.00034940862035021445,0.0,0.00014433807377077536,3.6528736503494258e-06,0.12333785183727741,0.014372729437942499,0.1303102044039406,2.0,,0.0
MAP4K4,0.0130522088353413,0,6,6.711840259143881e-05,0.0,0.000152196795584643,1.6144730789965588e-07,0.37170285359025,0.007189530908616966,0.12723392358325014,2.0,,0.0
TLN2,0.0443534136546184,0,26,0.11638765045638373,0.0045000000000000005,0.00014782887533916047,0.001242855980749362,0.598905898630619,0.03755908896710025,0.12014628241502123,3.0,,0.0
NPAS3,0.0149076305220883,0,13,0.00024788117621629083,0.0,0.0001411255608832622,2.294427586169402e-07,0.39438391476869583,4.3218630530510106e-05,0.11962767061049817,3.0,,0.0
FABP4,0.0526987951807228,0,25,0.3079865536528783,0.1215,0.0032912528424481943,0.036456314108599036,0.41799475625157356,0.021840379068502003,0.116359930310864,3.0,,0.0
DLX2,0.024,0,21,0.0032068481002440062,0.0,0.00014981481335881103,2.805300619557025e-05,0.07107528671622276,0.018197322419223783,0.11560719762928784,2.0,,0.0
MAP1A,0.0296064257028112,0,10,0.004003273433963922,0.008,0.00015261118761476813,2.2826185324777247e-05,0.8054141998291016,0.001381672621960206,0.11493277041288152,1.0,0.0,0.0
CSDE1,0.0456626506024096,0,26,0.21044252308309885,0.0375,0.0001067161678539356,0.011350546402888007,0.6426664739847183,0.013546835980378091,0.11248117539798841,1.0,15.55,1.0
CTNND2,0.0441204819277108,0,26,0.11774155038484226,0.0075,0.00012589979368178732,0.0019775957845392625,0.6028767079114914,0.010781928158394294,0.11193084163824096,2.0,,0.0
ZNF532,0.0092851405622489,0,3,8.974594293205621e-05,0.0,0.00013163557382962743,6.419862174003281e-07,0.03507377440109849,0.010208267873847987,0.11129568814430968,3.0,,0.0
UPF2,0.0130522088353413,0,11,0.00015636162038929022,0.0,0.0001547817359682222,3.6764538254921956e-06,0.014653353488029097,0.01099392923708483,0.11105549766944023,2.0,,0.0
LMX1B,0.0227068273092369,0,21,0.002202461779053257,0.0005,0.00015099533690469648,6.432901067293024e-06,0.036590261035598814,0.014237700283305007,0.10681083902272803,2.0,,0.0
SON,0.0257911646586345,0,13,0.0009908580312432288,0.0,0.00015888557197111104,1.243532176684172e-05,0.44220680743455887,0.005644621972250907,0.1066281923558563,1.0,11.0,1.0
RALGAPA1,0.0126746987951807,0,11,0.00014136008796617695,0.0,0.00012443858281298306,2.803860613104906e-07,0.21010776050388813,0.005454424785729096,0.1064512541925069,3.0,,0.0
PTPRB,0.0347389558232931,0,12,0.004843139054063182,0.0025,0.00014076624616120523,8.44656239545235e-06,0.6251060962677002,2.4424306634074355e-05,0.10622828558121,2.0,,0.0
SERPINE1,0.0503373493975903,0,27,0.3680874171446177,0.25,0.006930219569932261,0.06825113315988987,0.6114902794361115,0.0278337841612597,0.10583903746373835,2.0,,0.0
GLI3,0.0518875502008032,0,30,0.3710096991946181,0.22599999999999998,0.012990740658311793,0.023466726508766658,0.6255064755678177,0.06407815567217767,0.10528085066471249,3.0,,0.0
CTNNA3,0.0663855421686747,1,28,0.4873174538961848,0.188,0.5133521548525091,0.11534563538285197,0.7500187903642654,0.8116618692874908,0.104983183555305,2.0,,0.0
DEPDC5,0.0294538152610441,0,17,0.004600399711962676,0.0015,0.0001731979609009734,6.54371101727929e-05,0.6431537121534348,0.003282097539198503,0.1008241461125331,,,1.0
CASKIN1,0.032,0,14,0.0030982573186902574,0.0,0.00016525675306003305,1.4914754342088724e-05,0.5445315837860107,0.015254612662562944,0.10012218565680087,2.0,,0.0
SET,0.0552208835341365,0,27,0.4051447945745923,0.2475,0.035979973214822776,0.12257188285950661,0.7449288070201874,0.15294490777887404,0.0938212382607162,2.0,4.0,0.0
PLAA,0.0187389558232931,0,15,0.00047617285272507184,0.0005,0.00014316190083932546,8.811629391708674e-07,0.07454535784199834,0.010517789993502419,0.08809600809763651,3.0,,0.0
PTPN4,0.0118152610441767,0,4,6.258194832446716e-05,0.0,0.00016823011602844183,4.275255099520441e-07,0.40232134610414505,0.007684120109982151,0.08790571483041276,,,1.0
ZFYVE9,0.0054216867469879,0,3,2.5072826269092748e-05,0.0,0.00013997304480404128,3.75718366476708e-07,0.1164743322879076,3.6996682963889106e-06,0.08457673897282802,3.0,,0.0
RAP1A,0.0518393574297188,0,36,0.5549059233470782,0.556,0.5255628305653459,0.17425884235823572,0.6715927496552467,0.11914694751612842,0.08365403750171385,3.0,,0.0
SMURF1,0.043574297188755,0,20,0.05789270144937955,0.0055,0.00018242342947076594,0.0005328663529545911,0.6457332521677017,0.0019957907306888956,0.08343394188557929,2.0,,0.0
FRYL,0.0193815261044176,0,12,0.0009827626834687,0.0,0.000135056499495374,1.332663934291113e-06,0.10235237050801516,0.011551594080401628,0.08295471479505068,3.0,,1.0
TAOK1,0.0089879518072289,0,8,3.337523422428846e-05,0.0,0.0001430214845943599,2.532213873263496e-08,0.10076385457068682,1.1219668789617469e-05,0.08236364100822563,1.0,8.25,1.0
ZBTB21,0.0029397590361445,0,1,1.2645337549277693e-06,0.0,0.00014259891831184062,3.947076663018818e-10,0.03007652421365492,4.5140965395882923e-07,0.08218070238919,1.0,2.25,0.0
TEK,0.0499196787148594,0,21,0.1297357297743537,0.0335,0.00020002543646415054,0.0023641014935636157,0.7161878347396851,0.0401721102243755,0.08162240812089294,1.0,2.0,0.0
TRAP1,0.036722891566265,0,16,0.010334768386249265,0.0,0.00013808882350348307,2.3916474910481505e-05,0.5112983658909798,0.0019957876248106743,0.08144242221615848,3.0,,0.0
FGF14,0.0201365461847389,0,9,0.0003167280883246202,0.0,0.00016332143787801918,2.19345328501695e-06,0.5598684400320053,0.02485604706706201,0.0803514627768891,3.0,,0.0
MYO9B,0.0125060240963855,0,9,9.574644888529954e-05,0.0,0.00016235123663382612,1.7270842736748003e-07,0.18021087162196636,0.010640523914845837,0.08018670189630939,2.0,,0.0
CSNK1G1,0.0119759036144578,0,3,2.4215007492143547e-05,0.0,0.00014130760192297953,8.46502273252423e-09,0.07876157794817118,6.994830533776142e-05,0.0797189606532811,3.0,,1.0
PTK7,0.0183453815261044,0,10,0.0003578425469606361,0.0,0.00014869064432487328,1.3191221400485609e-06,0.35845624655485153,0.009294171878834405,0.07947100462878431,1.0,,0.0
CAMTA2,0.0085220883534136,0,4,0.0001524644453814748,0.0,0.00011852741417045042,7.667313704772492e-07,0.23439596965909004,0.008607143871359399,0.07936502821030544,1.0,2.1,0.0
GRID1,0.0346265060240963,0,17,0.007164503880189571,0.0,0.00014550153113126275,3.570716538795691e-05,0.6273397952318192,0.03215331584215164,0.07824823306873441,2.0,,0.0
ESRRB,0.0264096385542168,0,13,0.0015985613500294961,0.0,0.00015963079077090756,4.0727444311227985e-06,0.5986470207571983,0.006777153942084002,0.07803207818449209,2.0,,0.0
ANXA1,0.0376144578313253,0,23,0.04621326289489595,0.0,0.00015841233357207358,0.0001640381274208868,0.27097081020474434,0.002900486603324616,0.07537706084985984,2.0,,0.0
CDH9,0.0483935742971887,0,34,0.5270620906316189,0.1955,0.0020829466090779496,0.29999184485081204,0.6314597874879837,0.05957652861252427,0.0735597179736942,2.0,,0.0
BSN,0.0495261044176706,0,26,0.081579570497678,0.0065000000000000014,0.00014914543350734864,0.0018817421984808794,0.723000556230545,0.04331940217637964,0.06985671212896705,3.0,,0.0
BICDL1,0.0085381526104417,0,3,0.00010686551642793992,0.0,0.0001549370839917645,6.549224721322961e-07,0.005404174808063544,0.005309938206647638,0.06322048468427965,2.0,,0.0
DVL3,0.0518072289156626,0,29,0.4451490109164129,0.2725,0.020235906011581366,0.07662945638874932,0.61489088088274,0.047765460796654224,0.0629364893247839,2.0,,0.0
EMSY,0.024722891566265,0,13,0.0015151448582488899,0.0,0.00018198724807925158,9.672894050184566e-06,0.7200626581907272,0.00978443973100215,0.06249360413494287,2.0,,0.0
PHLPP1,0.038859437751004,0,15,0.027925432916285832,0.011,0.00016489573271549825,0.00017111185840040961,0.6786331832408905,0.0008908586075244279,0.06161899396212642,3.0,,0.0
CTNNA2,0.0473574297188755,0,30,0.3496756195833236,0.06000000000000001,0.0008164769189274866,0.04437161661624652,0.5720859467983246,0.007693813357036561,0.05970119449881611,,,1.0
PCLO,0.0334939759036144,0,27,0.03372419585210775,0.0,0.00014748386763787006,0.0002445620538988399,0.15973833482712507,0.006639677264804078,0.057158962790708756,2.0,,0.0
TRPC5,0.0224497991967871,0,16,0.000743919241943042,0.0,0.00015065167504387867,1.2988930810904648e-05,0.4072086997330189,0.020774281632770897,0.056143814930692315,3.0,,0.0
CACNA1I,0.0433654618473895,0,32,0.08756150020500272,0.037,0.00024224950774455332,0.0034830097993349563,0.7032109797000885,0.03786960060512712,0.0555895259603858,2.0,,0.0
KCNH1,0.0328192771084337,0,19,0.0036968870504154616,0.0,0.00014809222459291943,9.444522736447349e-05,0.6017234176397324,0.016123120685961112,0.05500457482428582,3.0,,1.0
PHF3,0.0437028112449799,0,33,0.2625635329878496,0.376,0.1651254221961426,0.03315806033959098,0.1905538272112608,0.0310693428177089,0.05344188021263108,1.0,9.75,0.0
ARHGAP30,0.0126586345381526,0,7,5.128104883254852e-05,0.0,0.00013912280035552858,2.2504716009961413e-07,0.05584688775707036,0.002329323154933793,0.05343164220557432,3.0,,0.0
KCNN2,0.0268995983935743,0,17,0.0015358338200960734,0.0,0.00016587984277479406,1.9047313190769233e-05,0.5314907729625702,0.018903413439602446,0.05312394513748586,3.0,,0.0
PPP5C,0.0271807228915662,0,16,0.0048537490860596985,0.0,0.0001519831988748405,2.8983669613543786e-05,0.7375825643539429,0.008117369903869432,0.052678318141261116,1.0,1.0,0.0
EXOC3,0.029429718875502,0,23,0.009285047779047189,0.004,0.00012316031333558294,0.00010065034975053545,0.003475198080485324,0.010380566961695425,0.05059079816592771,2.0,,0.0
EIF5A,0.0466746987951807,0,32,0.22929521718576037,0.033,0.00021898271623994317,0.00948217860637295,0.498122900724411,0.021980888244797825,0.05002052316683603,3.0,,0.0
CTNND1,0.0542489959839357,0,31,0.4704474906053782,0.20099999999999998,0.005177079977054566,0.07005109552734283,0.365677360445261,0.04798559844493866,0.04978346230580305,2.0,,0.0
SATB1,0.044867469879518,0,23,0.11568966168040189,0.05349999999999999,0.00046907501538941495,0.00304120777729655,0.6606739908456802,0.010569504280738329,0.048566363999270834,1.0,2.5,1.0
TFE3,0.0210602409638554,0,9,0.00038378294913637214,0.0,0.00014634670597114222,6.961748301660456e-06,0.6833896040916443,0.010244305916728536,0.047707344639947635,,,1.0
LIN7B,0.0483293172690763,0,25,0.08133018317772782,0.01,0.00015089523122339138,0.0015102295228530804,0.7520897090435028,0.03447539475746453,0.047692121705040336,2.0,,0.0
ZBTB7A,0.0486506024096385,0,19,0.11085240044234508,0.1635,0.007243653259030407,0.0018740348493703493,0.7320617884397507,0.051584679109510034,0.047066216633538716,,,1.0
ZNF804A,0.0350200803212851,0,19,0.011826221964493719,0.003,0.0001383336755623955,9.110881986779916e-05,0.20536081492900848,0.016561619439265485,0.04703509585021567,2.0,,0.0
SPTBN1,0.0503052208835341,0,29,0.15459382473218866,0.005000000000000001,0.00016180076954413605,0.0030199961819303784,0.6701324284076691,0.056686075986362994,0.04682484391378239,2.0,,1.0
ACE,0.039437751004016,0,27,0.0733618719666256,0.004,0.0001439307125472205,0.0011937598644947926,0.467267207801342,0.018639421831721847,0.045832349456418675,2.0,,0.0
IL1RAPL1,0.0546345381526104,0,35,0.5045346939797307,0.5605,0.08784375991424538,0.29318676971806334,0.7891413569450378,0.24592778086662292,0.04550849978113547,2.0,,0.0
MKRN1,0.0177510040160642,0,6,0.00010556347740496294,0.0,0.000163305938915123,6.405045248665905e-07,0.49336452037096024,0.013647542402911661,0.04518241056258754,3.0,,0.0
SOS2,0.0415662650602409,0,20,0.03778783136338376,0.02,0.0001714125567903206,0.00014622213951233896,0.7423248291015625,0.04185774653160479,0.04511714668478817,1.0,0.85,0.0
CRMP1,0.0168433734939759,0,17,0.0004928816611353856,0.0,0.0001385208304075609,3.166698708139094e-06,0.020473907217822163,0.02104211686855706,0.044019462541314426,3.0,,0.0
PDK2,0.0289156626506024,0,14,0.004458986309494815,0.0005,0.00015542500524074252,1.3924789226911632e-05,0.5788545459508896,0.0314469903241843,0.043482274835696444,2.0,,0.0
PRKD2,0.0249718875502008,0,14,0.002345269623991771,0.0015,0.00016362810322418086,1.2553305880631172e-05,0.4228636212646961,0.020241250509877462,0.04311707024324363,2.0,,0.0
CASZ1,0.0065542168674698,0,5,9.12457725142227e-06,0.0,0.00012976618958289313,1.559949077600861e-08,0.2717886343598366,0.007543551029876231,0.04289360278926324,1.0,9.55,0.0
RPH3A,0.0447710843373493,0,21,0.028647423818713654,0.0,0.00015743234836085272,0.0002638104250837216,0.7235462218523026,0.01740747256189934,0.042857231601374224,3.0,,0.0
FAM53C,0.0121044176706827,0,5,6.690392548017414e-05,0.0,0.0001436620625634733,7.569393353600476e-07,0.418049830943346,0.0016833256013030324,0.04276745030183132,3.0,,0.0
SLC9A6,0.0327309236947791,0,22,0.017160369144788277,0.0005,0.00015412285106825558,0.0001396496936104566,0.11111075570806861,0.027335928192515624,0.04169635551849874,1.0,,1.0
MARK2,0.0311887550200803,0,19,0.013766269541835668,0.0015,0.00014767399398176736,2.821098475828216e-05,0.4616234600543976,0.01695850836858881,0.04167313198558986,2.0,20.05,0.0
PRICKLE2,0.0187389558232931,0,8,0.0004254976763344938,0.0,0.0001366286897215073,1.2869143404080605e-06,0.13416333962231874,0.007054135096552727,0.04154920964315984,2.0,,0.0
GABRA3,0.0506265060240963,0,27,0.15593364359535491,0.037000000000000005,0.00014464603820441742,0.005566849471745126,0.813505545258522,0.026586497289827093,0.041374587416797226,,,1.0
WNK3,0.0086586345381526,0,6,3.022709494934407e-05,0.0,0.00014239590962417486,6.095196549990498e-08,0.08178232051432133,0.011550585375722733,0.04133921067113988,2.0,,0.0
FBRSL1,0.0070281124497991,0,3,8.127532464910364e-06,0.0,0.0001614890826808408,6.589189228616604e-08,0.1955486759543419,0.007962993145634206,0.041229365961044095,,,1.0
CSMD2,0.0012449799196787,0,1,5.018066169163749e-08,0.0,0.00013503896247241408,9.551444237633712e-11,1.7444000093291834e-05,0.0034350905632435924,0.040952357466363,3.0,,0.0
AP1S2,0.0162811244979919,0,18,0.0004121807110915495,0.0,0.00013087465756231147,6.3300112417523296e-06,0.027410570248321164,0.00903447934661017,0.04092799546197057,,,1.0
UIMC1,0.0292610441767068,0,17,0.003958012379720431,0.0,0.00015793510624587798,1.799927190638851e-05,0.5647636130452156,0.006734995509775147,0.04092061160827143,2.0,,0.0
TAF1C,0.0357429718875502,0,12,0.01827976066016469,0.010499999999999999,0.00016636908224028102,8.940440697612043e-05,0.690800167620182,0.027496323997056038,0.040722211900515504,2.0,,0.0
GRB10,0.0243855421686747,0,17,0.002954552107490402,0.0015,0.00015370307769453065,1.83656553128551e-05,0.5871438831090927,0.014232330009775751,0.040500407672454775,3.0,,0.0
CECR2,0.0358072289156626,0,20,0.011583048323853358,0.0085,0.00013065702801663977,0.00043241021479212597,0.5794647037982941,0.01657899313985922,0.04020818091346002,2.0,,0.0
SMG6,0.0323293172690763,0,18,0.005244604813683238,0.0,0.00015222708359224272,4.157551572812903e-05,0.5106755271553993,0.01705347607705046,0.04005983517799905,2.0,,0.0
MNT,0.0139919678714859,0,4,0.0002667766937440165,0.0,0.00013649603376929075,2.5492325072590082e-06,0.5345102250576019,0.011107376462602719,0.04000086546147941,2.0,,0.0
HIVEP3,0.0082811244979919,0,9,3.368815002658133e-05,0.0,0.000125527647654718,8.601397867546205e-07,0.05921215955277148,0.006390724324106978,0.039705339935608285,2.0,,0.0
TANC2,0.0058152610441767,0,6,3.102395149813283e-06,0.0,0.00014269491686827291,1.772609601556048e-08,0.00031540770739183887,0.007878291767918814,0.03967419174568931,1.0,24.95,1.0
CYFIP2,0.0429959839357429,0,18,0.025006300025997415,0.0085,0.00016125443213187667,8.633184424703851e-05,0.6046291664242744,0.04222352026772569,0.039586484686878975,3.0,,0.0
ACHE,0.0491325301204819,0,25,0.05509662311624464,0.006,0.00014929560484943605,0.0004571133951639278,0.6806963682174683,0.05203878696192987,0.039538965094834566,2.0,,0.0
DAPP1,0.0039919678714859,0,2,1.3429338885876151e-06,0.0,0.00015411601318885565,9.668489647633536e-09,0.03500931873854562,0.000988314872496281,0.03952727143194398,2.0,,0.0
MED23,0.0426586345381526,0,25,0.12963397822371275,0.055499999999999994,0.0039783485276172065,0.0019665627310512784,0.7198172956705093,0.049664454038975236,0.0394214530242607,2.0,,0.0
PAH,0.0059437751004016,0,8,1.4169534479047357e-05,0.0,0.0001477621328120828,1.960568819980432e-06,0.048165891008937936,0.009268711518114925,0.039165390196228944,1.0,,0.0
MYT1L,0.0453493975903614,0,26,0.08556209568690167,0.004,0.00015238095839445402,0.001118483218265649,0.6709345728158951,0.005756344524343149,0.03883783253980794,1.0,20.35,0.0
TET3,0.0327550200803212,0,14,0.023025527288415854,0.0075,0.00016548680684740525,0.00012334959126409565,0.6767584905028343,0.0010278435250001827,0.038664666661126106,,,1.0
NEO1,0.0171004016064257,0,16,0.0005809739323145045,0.0,0.0001238846180774314,2.0216016538150975e-06,0.013643921247447281,0.014379924786226184,0.038447793801720934,2.0,,0.0
MYH4,0.0124658634538152,0,7,0.00019903935490526756,0.0,0.00015061357852766714,7.776507109717724e-07,0.005883797564237625,0.011163854494015813,0.03838334409010713,2.0,,0.0
CCDC91,0.0016064257028112,0,1,3.000217315905837e-07,0.0,0.00012278548885919128,4.3831980297888096e-10,0.0005914378971391423,0.003991782700417775,0.03795736982105417,2.0,,0.0
LRRC4C,0.03114859437751,0,16,0.0027782395330959806,0.0,0.00016753943729532159,3.0090790384636424e-05,0.26544804126024246,0.02467511839259373,0.03774959525617305,1.0,1.25,0.0
RIMS3,0.0182650602409638,0,8,0.00019558831417743484,0.0,0.00013068394031807024,1.3592279544674563e-06,0.4902058467268944,0.016326554666358073,0.03771284885147841,2.0,,0.0
PDE3B,0.0203534136546184,0,17,0.0006551391600663596,0.0,0.00014037387016013184,4.882757865669287e-06,0.041885277042979396,0.01148372239219314,0.0376474554050219,3.0,,0.0
PPFIA1,0.0503212851405622,0,34,0.2448095787133705,0.08,0.0008810500269311902,0.02260520861959337,0.7633292973041534,0.02865692002524156,0.03753399624838494,2.0,,0.0
EIF3G,0.0363935742971887,0,24,0.028982290249516283,0.0,0.00014741565687916735,0.0004209095336332215,0.3499138504266739,0.004913546752263964,0.03749777204535576,1.0,1.5,0.0
APBA2,0.0342730923694779,0,19,0.008617241264203327,0.0,0.00014426761971784419,2.812230642587753e-05,0.5509152561426163,0.025571467595263186,0.03747124376241118,2.0,,0.0
NEXMIF,0.0037028112449799,0,5,1.6232045950853875e-06,0.0,0.0001365443783912516,5.036955541983185e-09,0.028603702725385254,0.004952135497986676,0.0373747175533552,1.0,,0.0
DCC,0.0186586345381526,0,12,0.0003568531593921895,0.0,0.0001395923794876173,1.7747394776088779e-06,0.03560059579649533,0.009848538296532757,0.037321552954145965,2.0,,0.0
PHRF1,0.0203373493975903,0,9,0.0002573532494124153,0.0,0.00014709982901149935,2.655299426356096e-06,0.1929937768727541,0.018204865162260872,0.037045339313863224,2.0,,0.0
SLC1A1,0.0385461847389558,0,18,0.009735151008215804,0.0035,0.00014790290367158924,5.662075087028526e-05,0.484832763671875,0.02778035979258675,0.03694296873231906,2.0,,0.0
PTBP2,0.0203373493975903,0,17,0.0014002193250146947,0.0005,0.00015847727992098897,1.9191867499761983e-05,0.04502319052699022,0.0210873678270926,0.03693981927352041,2.0,,0.0
SAE1,0.0231807228915662,0,11,0.0005494174385689538,0.0,0.0001367094278959367,3.5275655497695957e-06,0.49351926147937775,0.003928809795478881,0.03680027195986213,2.0,,0.0
CDH22,0.0160401606425702,0,10,0.0012009856960612205,0.0,0.00012916646026883417,4.5133607224424946e-06,0.23348570242524147,0.008334351463711087,0.0366903827067655,2.0,,0.0
CEP135,0.0084979919678714,0,13,4.385875869436975e-05,0.0,0.00014623507951447523,1.4923145727893617e-07,3.720946146219817e-05,0.007319728121483925,0.03666848515747567,2.0,,0.0
MSX2,0.0260722891566265,0,18,0.003917669669378841,0.0005,0.0001575547534206007,3.795380901553066e-05,0.37556084245443344,0.016063823674208777,0.03656830537940314,3.0,,1.0
DMD,0.0396787148594377,0,31,0.1652618321470268,0.0095,0.00018917583822173842,0.001235350085455532,0.07605269085615873,0.022496609644826693,0.036364620274567994,,40.95,1.0
WAC,0.0287389558232931,0,19,0.00485982158941223,0.0,0.00013883428537624884,3.637654414341941e-05,0.16376184299588203,0.023883268521455392,0.036205660609994084,1.0,15.0,1.0
ZMIZ1,0.0165542168674698,0,6,0.0002609194670842077,0.0,0.0001475234889873571,1.4836443250972388e-06,0.5911877006292343,0.005618742276912614,0.03609728229275788,2.0,,1.0
CNTN6,0.0208995983935742,0,12,0.0007419566916520808,0.0,0.00013648156796998323,9.518985260678481e-06,0.17285743355751038,0.009602411883625353,0.03608416663240843,2.0,13.8,0.0
WNT1,0.0529638554216867,0,29,0.35982775496678954,0.0795,0.0004873369008759934,0.061450519338072274,0.7211524993181229,0.013275128179827789,0.03571148453283968,2.0,,0.0
PRUNE2,0.0037429718875502,0,1,8.085113032948484e-07,0.0,0.00015426454018414832,1.5025572548594716e-09,0.03489532070630719,0.00045760186283025036,0.035624742255278535,2.0,,0.0
SACS,0.0044979919678714,0,1,2.051736183504877e-06,0.0,0.000159163806799855,1.113086980299308e-09,0.0747487635771904,0.002232147018132038,0.03559670739196008,2.0,,0.0
DDX23,0.0320803212851405,0,19,0.005854789377853114,0.0,0.00016059170195953742,7.13758466099665e-05,0.170206967741251,0.01964048116633421,0.0354877351783216,,,1.0
IQSEC2,0.0542248995983935,0,26,0.20066285221676577,0.071,0.0005722658743421421,0.013735461704308716,0.7816240936517715,0.01636477163992822,0.03510982065258424,1.0,,1.0
IL1RAPL2,0.004441767068273,0,3,2.2988439526314877e-06,0.0,0.00014764726468137636,5.143481016131986e-09,0.07152049502201407,0.006533964629468869,0.03503188808099367,2.0,,0.0
PHF14,0.0074457831325301,0,5,9.829476600382109e-06,0.0,0.00016686099370977734,5.3285391609807076e-08,0.03616051794961095,0.0062779676427881966,0.03489229034312302,3.0,,0.0
MBD5,0.0418795180722891,0,23,0.08899576074330345,0.013999999999999999,0.00013683280778707725,0.0011435563370180758,0.5931639522314072,0.011529129408355886,0.03479494317298304,1.0,46.6,1.0
SLC23A1,0.0046024096385542,0,5,2.2073940581477054e-05,0.0,0.0001450201927492587,1.6359223529048567e-07,5.876443381644254e-06,0.015214025974276107,0.03425954610455051,3.0,,0.0
ABCE1,0.0426746987951807,0,32,0.1323397036571833,0.019,0.00034665987091454375,0.0028698853590537485,0.2942254804074764,0.015721004700891772,0.034205156850795504,1.0,1.4,0.0
ZFHX4,0.0167068273092369,0,11,0.0005614255758560482,0.0,0.00015199909562720604,5.929269143636438e-06,0.02643032912357235,0.02754512568935752,0.03407135431552888,3.0,,1.0
METTL26,0.0010682730923694,0,1,2.281961347221196e-09,0.0,0.00014880773754489691,1.2207023707475492e-10,0.033040763118286964,0.002120984896195291,0.03400231891531291,2.0,,0.0
LZTS2,0.0299196787148594,0,7,0.002454461332884176,0.01,0.0001527040695761672,1.772803632087152e-05,0.664276048541069,0.014092383275624343,0.03387486992440554,2.0,,0.0
MCM6,0.0364497991967871,0,22,0.0482481063121578,0.015000000000000001,0.00015214420754559608,0.000721987469047173,0.26422685757279396,0.01689958962424498,0.03375607942871284,2.0,,0.0
SPAST,0.0237831325301204,0,20,0.002312490878623904,0.0,0.00015078692033967123,1.3728615840307786e-05,7.672793258040045e-05,0.02597814007119365,0.03362062834094104,1.0,8.1,0.0
RNF135,0.0062650602409638,0,4,1.0507488877839218e-05,0.0,0.00013960409222990027,4.2258719997288235e-08,0.006734428781783208,0.0019045879316546294,0.033594380774636855,2.0,,1.0
RALA,0.0480481927710843,0,30,0.2406287575216036,0.046,0.0001879044301121233,0.014953856469548825,0.5269459635019302,0.03460657703362813,0.03357951231467657,,,1.0
CMIP,0.0128835341365461,0,9,7.322763884888882e-05,0.0,0.00013971192433809006,7.374927247284855e-08,0.09224888123571873,0.009044113346954319,0.03354642973317823,2.0,,0.0
EGR3,0.0237590361445783,0,8,0.0003255591195566464,0.0,0.0001543806843312537,2.643994888592602e-07,0.5848116874694824,0.012259865345869446,0.0334696196721338,2.0,,0.0
GABRA2,0.050578313253012,0,29,0.1768545389212396,0.0145,0.00018438849792833253,0.006656644793301627,0.7826610505580902,0.04298869566991925,0.03345399032975971,3.0,,0.0
HNRNPUL2,0.017004016064257,0,12,0.0004073767070825096,0.0,0.00014598187067452445,4.1230496790202895e-06,0.39061038196086884,0.0099962537748155,0.03339721623342484,2.0,,1.0
PSMD6,0.0365622489959839,0,25,0.04192138655228886,0.0,0.00015122589459041114,0.0004035339404696105,0.5552092418074608,0.027357624073474085,0.03330039753092251,1.0,8.3,0.0
BRSK2,0.0109317269076305,0,7,0.0001049271327465011,0.0,0.00015402880105638554,1.935001053426928e-06,0.5268922261893749,0.0071242921696163695,0.0331907715772104,1.0,7.7,1.0
KCNH5,0.022433734939759,0,15,0.0004626032584634215,0.0,0.0001592788868543983,5.79631114559705e-06,0.5426864773035049,0.0048956337169436814,0.03295989544130862,3.0,,0.0
PCM1,0.0157429718875502,0,15,0.0005491738268522228,0.0,0.00013503508166305456,1.9381753028663414e-06,0.023472648276411018,0.010981957827425504,0.03293275196092571,2.0,,0.0
CSMD3,0.0249558232931726,0,22,0.01200787514085068,0.0025,0.00014005447493258368,0.00012068797720089426,0.07135175525809245,0.017838686082029653,0.03278481942759395,3.0,,0.0
EPHB2,0.0545060240963855,0,28,0.21331160082416578,0.011,0.0001926864385759097,0.008839109465526757,0.6641446501016617,0.03414428819087334,0.032701297121093376,2.0,,0.0
ZMYM3,0.0416787148594377,0,21,0.04720294332434176,0.012000000000000002,0.001080725352812147,0.0013764051392984175,0.6088607162237167,0.015889408119376114,0.03250563204892387,,,1.0
SLITRK5,0.0382168674698795,0,25,0.02775367664460276,0.001,0.00014549190034306847,0.000260723584528114,0.6393788158893585,0.025183162470966636,0.03247063469461864,2.0,,0.0
KIF14,0.0214457831325301,0,20,0.002806281860536485,0.0,0.00015267383720804986,1.0066594759206032e-05,0.030261539126513526,0.012645382379880863,0.03234627016672614,2.0,,0.0
PLCD4,0.0219116465863453,0,12,0.0015379989119415616,0.0,0.00014376299907594464,2.3758274169893293e-05,0.46179182082414627,0.011023170331436072,0.03234135192613699,2.0,,0.0
ADCY1,0.035012048192771,0,26,0.0170767792562406,0.0005,0.00012818594865346945,9.975039390041557e-05,0.15502302208915353,0.01873710938525619,0.03228855507196471,3.0,,0.0
MIB1,0.0099839357429718,0,8,3.819031865823761e-05,0.0,0.0001354752088613831,2.1920841965281253e-07,0.004265357687015831,0.004454848210514567,0.03226085533970171,2.0,3.6,0.0
PON1,0.0111967871485943,0,13,9.819376127823183e-05,0.0,0.00015804293835406774,2.4678023999200445e-07,0.0419629926327616,0.014726762469454258,0.03205481429305479,2.0,,0.0
SPARCL1,0.0300722891566265,0,15,0.0015882404087294612,0.0,0.00013936791387619837,1.0084096460335281e-05,0.5459807142615318,0.011486492571748386,0.032048614710220136,2.0,,0.0
NTNG2,0.0259357429718875,0,24,0.006891770007068716,0.0005,0.00016515964874257047,2.387870601228493e-05,0.039209561073221266,0.027138293897140037,0.0317986791947078,,,1.0
SF1,0.0319357429718875,0,26,0.012870174425606538,0.0,0.0001580042501598443,0.0001557393270094126,0.09819771512411535,0.028459244806560147,0.03179130119316764,1.0,,0.0
TSPAN4,0.0017108433734939,0,1,3.774305866062293e-07,0.0,0.00012230590795843783,1.0454707558404225e-08,0.026598000754152196,0.0027644134756141803,0.03176957679005443,2.0,,0.0
OTX1,0.0130843373493975,0,10,0.0002514997287477172,0.0,0.00015393765247118351,8.392385094893106e-06,0.07700287038460374,0.010852576435868152,0.0316093184004812,2.0,,0.0
RERE,0.0305461847389558,0,17,0.006243141543425176,0.0,0.00014607071528634948,7.993130777655221e-05,0.3768293932080269,0.006425614874332963,0.031525577321315286,1.0,6.5,1.0
LAS1L,0.0307309236947791,0,17,0.004671548311452493,0.004,0.00014218507177706595,6.418344000650662e-05,0.36021195724606514,0.03203618702264066,0.031491201185417594,3.0,,0.0
MAGEL2,0.0208112449799196,0,15,0.0011082860425910828,0.0,0.0001467152190506293,2.266105142548083e-05,0.05040239669415314,0.014115214611242871,0.03146955394052271,1.0,,1.0
EIF3F,0.0430522088353413,0,25,0.05806598946404924,0.003,0.00013070589202533674,0.000581136399296242,0.5284536704421043,0.0071408823096135166,0.03134316770700707,3.0,,0.0
FXN,0.0137510040160642,0,7,8.961069139488015e-05,0.0,0.00015237257977770443,1.5291286691602066e-06,0.29911044612526894,0.006611189752199209,0.03131299152128529,3.0,,0.0
QRICH1,0.0134779116465863,0,12,3.998879834367904e-05,0.0,0.00016937001635522125,6.076265314688974e-07,0.03313363008134397,0.008359748536053513,0.03130808218318226,2.0,,0.0
ZSWIM6,0.0025622489959839,0,2,2.9923893081088106e-07,0.0,0.000164795289094475,4.772826253393195e-10,0.01680598803796024,0.0013105477577962342,0.03130168339384909,,,1.0
MAPK8IP3,0.0218714859437751,0,13,0.0006555607708297005,0.0,0.00012885935353179116,2.0694813926964403e-06,0.37501394748687744,0.009422681599126292,0.0312700080285051,2.0,,1.0
AGTR2,0.0271084337349397,0,22,0.00763550670609953,0.0,0.00013989363691796274,1.5965746634323365e-05,0.3272055350244045,0.01488432471770207,0.031237746452338455,2.0,,0.0
ARNT2,0.0097108433734939,0,4,4.8902663627733075e-05,0.0,0.00013449083582641112,3.7718075045615177e-07,0.25878470204770565,0.0005433731393023611,0.031001592885833817,2.0,,0.0
GALNT10,0.0051807228915662,0,4,9.150122439874836e-06,0.0,0.0001498098294110211,1.1949561170974547e-07,2.7435181500867074e-05,0.012670337919019043,0.030978186998254387,2.0,,0.0
HLA-A,0.0376867469879518,0,23,0.03265733755528399,0.001,0.00015449292387279795,7.746916588086516e-05,0.01565476745429706,0.010892309234275421,0.030966480842835153,2.0,,0.0
MYO16,0.001437751004016,0,1,9.422646706638506e-08,0.0,0.00014511421106868793,6.264465522988306e-10,0.03870781246405386,0.005118047314821399,0.030839964750421507,2.0,,0.0
USP45,0.0065060240963855,0,5,1.0867653967551596e-05,0.0,0.00013480094498010035,7.015523940643516e-08,0.04576613640399785,0.0073585254321173466,0.030693385203582023,2.0,,0.0
BAIAP2L1,0.0302088353413654,0,15,0.007690448510517723,0.009500000000000001,0.00014046356964824103,6.839567691457284e-05,0.34839047491550446,0.002083366864638947,0.030628628161152638,3.0,,0.0
MAP4K1,0.0047309236947791,0,6,3.861853202156335e-06,0.0,0.00014475409483767857,1.5910675463853332e-09,0.017480822098150384,0.0017817138683131827,0.030529989921431223,3.0,,0.0
STAG1,0.0297831325301204,0,15,0.006828193064041914,0.0,0.000180978913525294,8.874150445407771e-05,0.09277182910591364,0.024249586699509676,0.03051142621825697,,,1.0
PPP3CA,0.0447068273092369,0,25,0.08464127764511667,0.013500000000000002,0.00016342320063430387,0.000936653220804707,0.8437906056642532,0.021232167284324532,0.030429005972109735,3.0,,1.0
P2RX5,0.0065381526104417,0,2,2.0312744459144448e-05,0.0,0.00015194605959257144,5.374671416568856e-08,0.02496946614701301,0.012600053072855999,0.030415880530838157,2.0,,0.0
TRPM6,0.024008032128514,0,11,0.0007366068719923042,0.0,0.00016180058382200913,2.01787954169024e-06,0.17666958272457123,0.004262215306198414,0.03041011701861862,3.0,,0.0
SMAP2,0.0018955823293172,0,1,3.5437660007017803e-07,0.0,0.00014773195063003109,8.597697911136807e-09,0.017209836866912312,0.007853300077840691,0.030370035027374342,2.0,,0.0
ST8SIA2,0.008867469879518,0,4,1.1497840288021858e-05,0.0,0.00012637879033761828,3.912224431236384e-07,0.055504163887235336,0.004677435480476483,0.030302264965799353,2.0,,0.0
RASSF5,0.0139839357429718,0,9,0.00012942251890571017,0.0,0.00017929349046470104,1.5051138992775796e-06,0.5025675296783447,0.009824277329004837,0.030255048978663268,2.0,,0.0
SCAF4,0.0109076305220883,0,9,4.076127120523421e-05,0.0,0.00014694336105386348,4.853809698434883e-08,0.03891058586305007,0.008240378200854232,0.030054193695829925,2.0,,1.0
LRRC4,0.0267791164658634,0,12,0.0011983800753700119,0.0,0.00016529025450565528,5.285422656680686e-06,0.3363506868481636,0.00425363203953566,0.029883663708460517,2.0,,0.0
PLXNB1,0.0214538152610441,0,14,0.0006284996864294584,0.0,0.00014835793390166065,5.635572484430683e-06,0.04121473096007239,0.003081981744356352,0.029881476858117706,2.0,,0.0
PEX7,0.0045702811244979,0,4,2.9457527191398967e-06,0.0,0.00015542500524074252,1.8503432019287385e-09,0.020497509194836283,0.01006096217315644,0.029722021042857705,2.0,,0.0
TCF20,0.0227791164658634,0,15,0.0010224176557107787,0.0,0.00014460699425422873,1.2327858719525428e-05,0.10324794985353947,0.011487519175067308,0.029689909468288533,1.0,38.0,1.0
EPC2,0.0268835341365461,0,16,0.009044671982355323,0.0,0.00015844362408851473,5.179349143435256e-05,0.6451455503702164,0.03140679404697799,0.029573949985206127,2.0,,0.0
DPYSL5,0.0151646586345381,0,15,0.0003140831426512829,0.0,0.00015013761761523738,3.895590434748371e-06,0.0016062849926923382,0.020874024394883093,0.029486086508313747,3.0,,0.0
CARD11,0.0306746987951807,0,13,0.002390302355239411,0.0,0.00014805256351891857,3.1795878705518446e-05,0.3829796016216278,0.016380348361649033,0.029464402970916126,2.0,,0.0
NAV2,0.0018152610441767,0,3,2.8419088597023303e-07,0.0,0.00014967381974622025,1.2662145329415627e-09,0.01999231230092846,0.00970598229837824,0.02944980362743919,2.0,,0.0
KIAA0232,0.0040883534136546,0,2,3.742803660184868e-05,0.0,0.00015538539078074543,1.7719078614891539e-07,0.029598702529028742,0.0011282508821842767,0.029444889718433842,1.0,,0.0
SBF1,0.0101124497991967,0,7,3.7348452229293125e-05,0.0,0.00012790291372516996,6.442463880114355e-08,0.0013129617082186568,0.004305992344876787,0.029269967827080252,2.0,,0.0
TRPC4,0.0269477911646586,0,15,0.003750839465940135,0.0,0.00016518879930985187,3.775774927202811e-05,0.24759134277701378,0.013390228813979554,0.029245505080246398,3.0,,0.0
NTNG1,0.0371244979919678,0,31,0.06247161907759134,0.012,0.00014137209099476507,0.0006248466897071292,0.17490052618086338,0.018385219634061388,0.02924293238038715,2.0,,1.0
DDX53,0.031726907630522,0,10,0.002813772538017889,0.0,0.0001412235033105799,8.073264113421585e-06,0.5803409293293953,1.1952190748232283e-06,0.029238812558669,2.0,10.2,0.0
SNTG2,0.0140963855421686,0,9,7.59878012262998e-05,0.0,0.0001313457866515453,3.716874310929019e-07,0.16705148480832577,0.0023958359137668827,0.02921796224617812,2.0,,0.0
PREX1,0.0172690763052208,0,9,0.00027935014067521094,0.0,0.00014089416084386193,3.1948276925571846e-06,0.5250476077198982,0.016221292687887932,0.029196666058851406,2.0,,0.0
ARHGEF2,0.0298152610441767,0,17,0.0068102979499141,0.001,0.00014505500777961056,3.692228130066185e-05,0.23478558287024498,0.013686539204172732,0.029131575638906615,3.0,,0.0
FGA,0.0200562248995983,0,15,0.0009722000074844177,0.005,0.000142396032324303,2.312516858177377e-05,0.06195872975513339,0.003559301827925021,0.029125471311063997,2.0,,0.0
LEMD3,0.0269638554216867,0,12,0.002000615606329757,0.0,0.00014059263372736178,6.965922766709086e-06,0.6072493940591812,0.003659573361641053,0.02912237006239593,2.0,,0.0
ZBTB20,0.0144257028112449,0,11,0.00014578074636680848,0.0,0.00015482429472824395,1.3242506214894346e-06,0.06465283134139099,0.006514387928860069,0.028905398684352226,1.0,,1.0
USH2A,0.0185542168674698,0,21,0.0012939627009800748,0.0,0.00014028780752790246,2.250227004976478e-06,0.015847986189328367,0.004974118568376429,0.028856805495706794,2.0,,0.0
DENND2B,0.0032369477911646,0,3,4.40400020466911e-06,0.0,0.00015450838195713896,1.7491784161179796e-07,0.0006778988219764415,0.005836763225886491,0.028806230008698572,3.0,,1.0
EXT1,0.0081204819277108,0,10,3.912421312080025e-05,0.0,0.00013736092837407865,5.08453039618281e-07,0.01737797873301794,0.005815252955873293,0.028796894910556148,2.0,,0.0
GGNBP2,0.0054618473895582,0,4,8.19841949677325e-06,0.0,0.0001367402872061716,7.252372184160087e-07,0.04171713053501529,0.0017200480196372138,0.028778436429128855,2.0,,0.0
LRFN5,0.0428915662650602,0,26,0.03304018669960825,0.0,0.0001642833861338096,0.00024743334738939647,0.17315908521413803,0.017038800402758625,0.028718500077957287,2.0,,0.0
SEZ6L2,0.0052690763052208,0,4,8.703812439890136e-06,0.0,0.00016051332615344357,6.621248265694048e-08,0.03693523191032,0.003006652190689795,0.028676331668783916,2.0,,0.0
BCKDK,0.0183855421686747,0,11,0.00028938822847247576,0.0,0.00013463206240977104,3.0875037700462925e-07,0.03872096021859761,0.0021438986001749427,0.02867416625648822,1.0,3.1,0.0
GLS,0.0063775100401606,0,7,1.531145660784682e-05,0.0,0.00015679053013472295,2.5062517008451568e-08,0.00021368260149848836,0.01457395870238543,0.028657950528305776,3.0,,0.0
SHOX,0.0109477911646586,0,7,3.349470703430319e-05,0.0,0.00013765217196298206,4.521292898439375e-08,0.03506913280580193,0.0059325340398914345,0.028654619878011545,2.0,,0.0
PAFAH1B2,0.0103132530120481,0,8,5.079876477886442e-05,0.0,0.00012411434993577189,1.7872913466452521e-07,0.03428425430320203,0.0026903396968817593,0.028596725753039218,2.0,,0.0
LHX2,0.0222811244979919,0,26,0.003546730007555781,0.0,0.00016659201832952607,2.7560430931539934e-05,0.035681442172062816,0.005919733857102698,0.02859027008321391,2.0,,0.0
ABCA13,0.0071164658634538,0,8,2.179658314619989e-05,0.0,0.00015204145638209745,1.5275015948304805e-06,0.04439093816136752,0.0069819822964903595,0.028501339357897337,2.0,,0.0
SRGAP3,0.0176144578313253,0,13,0.00030727252610865803,0.0,0.00015620249600255932,8.910996163296532e-07,0.3328513614833355,0.002983679362438468,0.028397810555190084,2.0,,0.0
ELAVL2,0.0440160642570281,0,24,0.08173686323670096,0.0025,0.00016369012073726627,0.0006467102418248813,0.2140944954007864,0.014704909618558304,0.028380785472108983,2.0,,0.0
SDC2,0.0231807228915662,0,17,0.0013896575561566137,0.0,0.00017063578301364815,2.5623587141500775e-06,0.048963233617541846,0.01847346473007827,0.028379671961374697,2.0,,0.0
PCDH9,0.0175582329317269,0,9,8.82178961557605e-05,0.0,0.00015461529766099574,5.813556348316338e-06,0.08921771333552897,0.004318864924685251,0.02833687638107174,2.0,,0.0
ATP1A1,0.0285381526104417,0,15,0.003381258886625298,0.003,0.00014024255627171473,9.49344939316375e-06,0.008275627946034092,0.007417490312226123,0.028292660946286734,2.0,,1.0
G3BP2,0.0321686746987951,0,24,0.04001234753639285,0.002,0.00016290335001447633,0.0003344763352963869,0.45126234740018845,0.01768383852640909,0.02823449611589457,2.0,,0.0
SLC35G1,0.0040240963855421,0,2,1.4888344881372958e-06,0.0,0.00015542500524074252,1.0122199231776597e-09,0.030378763971384615,0.010442945756949484,0.028172525763380918,2.0,,0.0
GLO1,0.0102248995983935,0,12,4.8696030979068224e-05,0.0,0.0001480423697184817,6.813586766052737e-08,0.01982194996344333,0.006246680353043132,0.02816735956041029,2.0,,0.0
PBX1,0.0423212851405622,0,23,0.05254373393097325,0.03799999999999999,0.00021065753377712523,0.0012153956060876523,0.629831463098526,0.00436750025654882,0.028082249934300307,2.0,,0.0
PDCD1,0.0375903614457831,0,21,0.021652397414326514,0.002,0.00014799079204586273,0.00019931878736743758,0.15519950166344643,0.006031993429473914,0.028074878290798373,2.0,,0.0
SRSF11,0.0281204819277108,0,26,0.007148945049259284,0.0,0.00013718133884980946,0.00021211645748142816,0.05460488271023678,0.024088183592883443,0.028067257495844933,2.0,,0.0
LNPK,0.0030281124497991,0,2,1.2183941547049152e-06,0.0,0.00013244707302985013,4.400534294452704e-10,0.03009026048675878,0.002932693806382281,0.02805412228813373,,,1.0
PTPRS,0.0538795180722891,0,33,0.4506943325274806,0.245,0.0006752474345584567,0.18017033892872106,0.7644200176000595,0.0739291375502944,0.028034627803208423,3.0,,0.0
IL1R2,0.0077028112449799,0,8,1.8859014334768883e-05,0.0,0.00016599969652967352,6.947357905944951e-08,0.053059620564454235,0.01237164472665242,0.02800354371245728,2.0,,0.0
CUX2,0.0250602409638554,0,25,0.005574396251284652,0.0005,0.0001539083223291534,0.00010297996168888894,0.05127099875244312,0.01242686341144772,0.027997583812510805,2.0,,1.0
ATP2B1,0.029293172690763,0,17,0.003072128925737559,0.0,0.0001552057205201508,1.0324188313940767e-05,0.0616830712006049,0.014591545177620846,0.027945498062763363,3.0,,1.0
HERC2,0.0270441767068273,0,17,0.0074607894902333615,0.0,0.00013877101725991357,2.5730062225496294e-05,0.5508565083146095,0.013558322153983227,0.027839647882501595,,,1.0
ELOVL2,0.0033895582329317,0,2,7.912985629142376e-07,0.0,0.00015209350496647945,4.589603582502588e-10,0.13883249275386333,0.0023529345048077916,0.027752787417235525,2.0,,0.0
SLC9A1,0.0298795180722891,0,22,0.008201296194695831,0.0035,0.00015402811219473444,2.186120219085462e-05,0.4364152103662491,0.013724510720273031,0.027716471877965887,3.0,,1.0
PLPPR4,0.0022489959839357,0,1,3.9615043266661015e-07,0.0,0.00015576909990985734,5.305477694629733e-10,0.022787011995475403,0.00613189182621863,0.027697277104493878,3.0,,0.0
ANKRD17,0.0175662650602409,0,13,0.00018959394267835391,0.0,0.0001539013868807133,2.566229994790559e-06,0.13050268031656742,0.012857795114996472,0.027673300999857986,2.0,,1.0
DOP1A,0.0021204819277108,0,3,6.779580231590425e-07,0.0,0.00016275783250256938,9.059767356414489e-09,0.033307680481353255,0.004992216393730965,0.0276444588139384,3.0,,0.0
UPF3B,0.0215421686746987,0,19,0.0007510633037647398,0.0,0.00015103159347747456,3.414386157607944e-05,0.023249928713131,0.015054159267740804,0.02751590662735018,1.0,,1.0
LAMA1,0.0223694779116465,0,15,0.0006783432820152165,0.0,0.00014572728763793277,3.8469699794142874e-06,0.0301811125341942,0.009319538380742488,0.02744475242070621,2.0,,0.0
FBN1,0.0248915662650602,0,17,0.0018693747598311243,0.0,0.00015753572153960854,1.1006705267908543e-05,0.04553408855872476,0.01286095459978446,0.027386352434405126,2.0,,0.0
TCF12,0.0306024096385542,0,17,0.00767336591658141,0.0,0.00014367011711454559,0.00012310430826436482,0.611725702881813,0.0019631214255753093,0.027324551061932212,3.0,,0.0
GSTM1,0.0082248995983935,0,6,1.9360396880735027e-05,0.0,0.0001723454865388227,1.1743435334277436e-08,0.08936254866421223,0.01445168928638347,0.027323384420014918,2.0,,0.0
SEMA5A,0.0305140562248995,0,25,0.009707765859278988,0.0,0.00016660650754681948,6.760481819941006e-05,0.12870540795847774,0.026143217868863644,0.027281104055873584,2.0,,0.0
SOX6,0.0409477911646586,0,20,0.023538891248253056,0.0005,0.00015757073879085615,0.00012815039612597276,0.38597482070326805,0.01849670350793535,0.02727132929430809,,,1.0
MYO5A,0.0479437751004016,0,30,0.16832741701124998,0.002,0.00021961354519275467,0.002171761310838756,0.06572592683733092,0.02052211348382116,0.027209772844798863,2.0,,0.0
PLXNA4,0.019437751004016,0,19,0.0009199296019835184,0.0,0.00013663517738904567,8.078675098004852e-06,0.006571123706297522,0.011855545002619098,0.027070522562903664,2.0,,0.0
GSPT2,0.0097670682730923,0,10,5.3440484813853116e-05,0.0,0.00014367011711454559,6.785224316553751e-06,0.05857267853571102,0.003911375252648064,0.0268348998380612,3.0,,0.0
KIF1A,0.0421606425702811,0,33,0.10137659809420907,0.027000000000000003,0.00018712865274133085,0.0009518271839920784,0.053021483596901314,0.022951258630200755,0.02676459066375126,2.0,2.95,1.0
MSL2,0.0338795180722891,0,20,0.029050039326225918,0.0,0.0001484536492627846,0.00039747784299187675,0.6881828531622887,0.0031741925062416243,0.026712125960330013,3.0,,0.0
RAB11FIP5,0.0026265060240963,0,2,7.719662938414873e-07,0.0,0.0001432455577413905,4.870490192600118e-10,0.01862436718036741,0.0012845294269568281,0.026501961311346633,2.0,,0.0
EN2,0.0112851405622489,0,7,4.293436532450986e-05,0.0,0.00016210685991005418,6.304957101633416e-08,0.28819428756833076,0.003906729877279247,0.02643405898760065,2.0,,0.0
KCNH7,0.012152610441767,0,9,3.282334888393698e-05,0.0,0.0001513239299462026,7.608514548421029e-06,0.047510490453051446,0.007418769211850404,0.02641961387417496,3.0,,0.0
NPAS2,0.0279196787148594,0,19,0.008337753340396319,0.0,0.00014549658085698787,0.0001256106335647346,0.43438415601849556,0.01414257412834781,0.026382154292903193,2.0,,0.0
APBB1,0.0424578313253012,0,22,0.07017428086066044,0.0,0.00015088986461526895,0.000483675652931707,0.6447160243988037,0.017445322816755038,0.02637772069021673,2.0,4.95,0.0
WASF1,0.0339036144578313,0,18,0.01693312141076237,0.004,0.00016845929159001397,0.00010650404933260102,0.4621908888220787,0.015338598185632213,0.026291796738007633,,,1.0
RPS6KA2,0.040714859437751,0,21,0.08163828154287459,0.016,0.000182795967334272,0.0009837032893758495,0.7722326219081879,0.037321597348636715,0.02625615254510194,2.0,,0.0
ANP32A,0.0239518072289156,0,11,0.0020536771754687422,0.0,0.00015180099428818518,2.519697288361865e-05,0.5982060953974724,0.002379432678441429,0.026216074599162198,1.0,3.1,0.0
AHNAK,0.0256064257028112,0,18,0.004167736917568973,0.0005,0.00015213337948781887,4.395722925599898e-06,0.09459046061965637,0.013458741712885747,0.026116905517483247,2.0,,0.0
HOXA1,0.0372530120481927,0,11,0.018130683264141658,0.0045000000000000005,0.00016280041217133954,5.8470725764678466e-05,0.6687031239271164,4.053024404271355e-05,0.026090044149292127,,,1.0
MUC12,0.0026024096385542,0,6,1.8755917285133417e-06,0.0,0.0001420157823867564,3.935606988175395e-08,0.019171294771787584,0.009029900771565735,0.02607088483602596,2.0,,0.0
KCNC2,0.0313172690763052,0,24,0.007926056102031002,0.0005,0.00015353817780795187,0.00022274009869935834,0.04487958540932235,0.007547464352512634,0.025857196960715777,3.0,,0.0
PHIP,0.0394457831325301,0,28,0.08862539112514829,0.0435,0.0004202231463682146,0.002419996946114227,0.697547122836113,0.01225877179918566,0.025845839154499117,1.0,,1.0
PLN,0.0087389558232931,0,9,2.5363609894530178e-05,0.0,0.00015344382402887157,1.7878860323042225e-07,0.017502555043718178,0.0055658971521288835,0.025840559066182323,2.0,,0.0
POMGNT1,0.0134698795180722,0,9,8.749925111791845e-05,0.0005,0.00015975165417243437,7.157249193929397e-07,0.018393001478756332,0.01482085982945577,0.025818434906398124,1.0,1.0,1.0
RALGAPB,0.03029718875502,0,19,0.007892550875839137,0.0,0.00018589579108275854,5.980462832206477e-05,0.5558551698923111,0.025837116526574277,0.025771853543119505,1.0,,0.0
HIVEP2,0.0071325301204819,0,4,9.703768808587336e-06,0.0,0.00017216216534021413,2.165061758691702e-07,0.12488814210519195,0.0011230424258441693,0.025770869253343334,1.0,,1.0
DIP2A,0.0052208835341365,0,4,3.924708978987402e-06,0.0,0.00014176929995461353,2.3850488707428665e-08,0.041858126045553945,0.011130212743854173,0.02575180065468885,1.0,18.2,0.0
DPP4,0.0226746987951807,0,17,0.0026792789182669054,0.0,0.00014607970394274282,1.3388185100443009e-05,0.24261320009827614,0.006697369493508631,0.025608000928736212,2.0,,0.0
TDO2,0.0073493975903614,0,9,2.3444527751680727e-05,0.0,0.00014825190535544747,1.6595453761701497e-06,0.0652927983283007,0.010572161805055288,0.025587175705926023,2.0,,0.0
TSPYL2,0.0137590361445783,0,7,0.00018527037044245231,0.0,0.00012937238885414555,1.3909945491810625e-06,0.5069261565804482,0.008869314236562786,0.025585547702121403,3.0,,0.0
DYDC1,0.0183534136546184,0,9,0.0004826782651849727,0.0,0.00013663261611157715,1.4824986120084123e-05,0.1814663354307413,0.001797519832634805,0.0255642008239099,2.0,,0.0
MDGA1,0.023429718875502,0,13,0.000533298070838338,0.0,0.00015482683012015412,7.17242663673124e-06,0.4850830063223839,2.5816515505546966e-05,0.02546779299245827,3.0,,0.0
GRK4,0.0055341365461847,0,4,3.2472541335697645e-06,0.0,0.0001487110468401367,1.037346415635936e-08,0.15554297342896461,0.0023955529696427697,0.025459093325617688,2.0,,0.0
YEATS2,0.0390200803212851,0,21,0.07445830628186753,0.016,0.0003199054208224586,0.0008995142582113062,0.597434863448143,0.01986849777036115,0.025443027722582195,2.0,,0.0
VSIG4,0.0028915662650602,0,3,8.816890528839183e-07,0.0,0.00015412106189456416,5.418227801285592e-10,0.021722150908317417,0.002131178250343036,0.025391017413760163,2.0,,0.0
VEZF1,0.0012610441767068,0,1,6.663840352269164e-08,0.0,0.00012901361655147858,7.596056885842101e-09,0.015103226667633862,0.0020124780038515066,0.02538826811676971,1.0,0.5,0.0
SLC25A27,0.0036064257028112,0,1,1.3814135063345195e-06,0.0,0.00015468341250400914,2.241622992954401e-09,0.05296169449002264,0.007215082393375002,0.02536628535148866,2.0,,0.0
JMJD1C,0.0426586345381526,0,26,0.21931485754599264,0.109,0.003629273951658722,0.014976931653489251,0.7511026412248611,0.03514520325529702,0.025346823355525405,2.0,,0.0
TRIM32,0.0192610441767068,0,14,0.0009712916214518644,0.0,0.00014917170070628366,1.3467522138248353e-06,0.01384667667664043,0.02342615502152512,0.025185357676052254,3.0,,0.0
LZTR1,0.0358875502008032,0,16,0.013821376814980609,0.003,0.00013870209043293373,0.00013825851860551735,0.544763557612896,0.001165630000251383,0.02513278669655694,1.0,,0.0
ASTN1,0.0101204819277108,0,7,1.597496553870022e-05,0.0,0.000163647135105173,9.885661681933899e-08,0.1696168277412653,0.01377780198567869,0.025129308629255366,1.0,,0.0
EXOC5,0.0280963855421686,0,19,0.0075898328904163,0.0025,0.00015654841913475444,2.018564632807053e-05,0.041227080568205565,0.003467732565241022,0.025122147453657817,2.0,,0.0
IQGAP3,0.0187389558232931,0,12,0.0006181123548727099,0.0,0.00015895768151715604,3.8055909995742118e-06,0.014568864575267071,0.016459809578595965,0.02511750160192605,2.0,,0.0
TNS2,0.0069477911646586,0,4,2.0647440470244267e-05,0.0,0.00013745854649225664,4.545631724013817e-07,0.4453631192445755,0.007013779582250474,0.02508869481914111,3.0,,0.0
GPC6,0.0114779116465863,0,12,8.935314611611707e-05,0.0,0.00017598693170926293,1.3510619775390574e-06,0.05346691636077594,0.020535770162723566,0.02507444283270388,2.0,,0.0
RAB39B,0.0143373493975903,0,8,0.00019744424656861488,0.0,0.00014028327321904914,4.6028395405716497e-07,0.05139296711422503,0.0019187193884085286,0.025062529441456205,2.0,,0.0
BCAS1,0.0067951807228915,0,3,2.1989396913393017e-05,0.0,0.00015092507966883546,1.3357424687722453e-07,0.058807089109905064,0.001676575113206659,0.025022522060226038,2.0,,0.0
USP9Y,0.0157510040160642,0,7,0.000274890759121008,0.0,0.0001375278930708554,1.6317163029314165e-06,0.36671527847647667,0.007469113681480621,0.024923483082943676,2.0,,0.0
NXPH1,0.0228273092369477,0,11,0.0004793277010718603,0.0005,0.00012357307449042574,6.643286857009425e-06,0.5636024624109268,0.01767308127864453,0.024828337402595935,2.0,,0.0
WDFY3,0.0476305220883534,0,29,0.3441560029821559,0.061,0.0025907351881858938,0.04127726182541549,0.6589047089219093,0.032254880759865046,0.024819111305987462,1.0,17.2,0.0
DNAJC5,0.032008032128514,0,21,0.010649200090787552,0.0005,0.00013364427601324303,9.948414154194156e-05,0.05316683556884527,0.004602232343131618,0.02478153705151165,3.0,,0.0
RIT2,0.0204257028112449,0,12,0.0004526531471822569,0.0,0.00015948946174751028,9.85540713021687e-07,0.16218161396682262,0.015009885536138245,0.024689508269517546,2.0,,0.0
ZNF711,0.0089236947791164,0,4,4.948378986069444e-05,0.0,0.00015411256850569484,4.971356183399467e-06,0.12491255160421133,0.009117040456063508,0.02467375832216297,2.0,4.25,0.0
KHDRBS2,0.0149718875502008,0,9,0.00013625238496997534,0.0,0.00015202251495505676,2.5940215071956314e-06,0.14878383837640285,0.002796284749230531,0.02454639989006535,2.0,,0.0
DST,0.0111967871485943,0,8,3.579550240599057e-05,0.0,0.00015250352226765305,2.566404655007398e-07,0.018616413658619768,0.010605864021903992,0.02453990135109052,2.0,,0.0
DGKI,0.0161044176706827,0,8,0.00012112206450491783,0.0,0.00015705471422701225,1.7681382518133378e-06,0.10558682773262262,0.002162656778935016,0.02443388524959665,3.0,,0.0
CHAMP1,0.0097991967871485,0,6,6.172234309725456e-05,0.0,0.0001643623115591467,7.687445385713403e-07,0.04649767931550741,0.0037367817250795075,0.024389237063587643,1.0,,1.0
DAGLA,0.0081927710843373,0,3,1.3471375509033682e-05,0.0,0.00014415067309756464,2.737966019214429e-06,0.19734054431319237,0.0022349995202717416,0.02429737904465424,2.0,,0.0
PUF60,0.0221927710843373,0,17,0.002078382656533783,0.0,0.00014162762638307517,2.404743555430147e-05,0.10831822827458382,0.023054980162310723,0.024263769446406513,3.0,,1.0
ATXN2,0.0445943775100401,0,31,0.23828362015787155,0.003,0.0001722175488056532,0.009836636560559414,0.6147064119577408,0.06457946007139981,0.02421729073194001,3.0,,0.0
CYP27B1,0.0274457831325301,0,15,0.004865138636789846,0.0,0.00015628612193829188,3.6549783897485774e-05,0.03211463183833985,0.017371959424004726,0.024102008643152206,,,
ASB11,0.0042489959839357,0,4,2.8881336061651313e-06,0.0,0.00016203469236676814,8.326044053610921e-09,0.03173428292788594,0.008562434514024275,0.0240890488314221,3.0,0.0,0.0
ZNF292,0.0373092369477911,0,30,0.07239334408366696,0.005,0.00014590332300019928,0.0008410887349941361,0.051602577144223005,0.017650939019404177,0.02407128733684111,1.0,,1.0
EPHB1,0.0225702811244979,0,16,0.0014692724685195066,0.0,0.0001637709603905446,3.418943793682704e-06,0.3892330750823021,0.003146401596338194,0.024033643856123277,3.0,,0.0
UBA7,0.0064257028112449,0,6,1.9083034502700613e-05,0.0,0.00014464536100393534,2.2265346277428394e-07,0.07225072756409645,0.009797950723017673,0.024031539912917323,2.0,,0.0
CDON,0.0161365461847389,0,8,0.0003759900878051772,0.0,0.00013536995446406194,2.42829554084297e-06,0.36531614139676094,0.01473311629918869,0.024015527131268755,3.0,,0.0
MACF1,0.0202329317269076,0,13,0.0008816209700976906,0.0,0.0001504395306348707,1.0800771943665979e-06,0.04246430587954819,0.0025847635746863037,0.023993330812329502,3.0,,1.0
EBF3,0.016,0,5,9.13058383793419e-05,0.0,0.00018268025849250087,4.809362217754192e-06,0.30647651851177216,0.009453816024430725,0.023992586892628676,1.0,9.75,1.0
MAPK8IP1,0.0204738955823293,0,14,0.0006554801289225432,0.0,0.0001370430772211517,2.243104083032489e-06,0.16657215543091297,0.003488469368762221,0.02389956310901087,3.0,,0.0
CELF6,0.0019437751004016,0,1,4.359706560460862e-07,0.0,0.0001655363584138913,1.2711831794471768e-08,0.046101427362373215,0.006045940292580432,0.02388188690363715,2.0,,0.0
PITX1,0.0059437751004016,0,6,8.959525798423949e-06,0.0,0.00015170352517539974,6.025313189191644e-08,0.029355535535163232,0.0022960125317473897,0.02381527702897961,2.0,,0.0
SNCAIP,0.0150200803212851,0,8,0.00033161022545969825,0.0,0.00012681950039387287,3.852230250602129e-06,0.5431861281394958,0.010440246784151548,0.023807298608517158,3.0,,0.0
ZNF462,0.0104016064257028,0,6,2.5591425037011066e-05,0.0,0.00016049932465213318,6.567338335310055e-07,0.03815364639740437,0.006940017801955446,0.023733933837995453,1.0,10.6,1.0
SPRY2,0.0270281124497991,0,12,0.0026041381681306233,0.0,0.00014022380796746691,2.930936708544828e-05,0.6246296241879463,0.02053187208510998,0.023716250003043296,2.0,,0.0
NR1D1,0.0236224899598393,0,12,0.000823298489040821,0.0005,0.00014623391277438007,5.842333051484625e-06,0.11923057772219181,0.015780758172843422,0.023710579698078035,2.0,,0.0
PCCA,0.0052449799196787,0,7,4.910308518532171e-06,0.0,0.00016021643974825945,1.7568037352172395e-08,4.172438726510186e-05,0.008944431901909413,0.023669960034927273,,,1.0
HACE1,0.0065140562248995,0,4,7.163669746409962e-06,0.0,0.00013819120175443235,2.909849731807079e-08,0.04917801308467684,0.006012893795810749,0.023584246973756058,3.0,,0.0
CCNK,0.0318072289156626,0,20,0.004625916593724538,0.001,0.00015578371464584152,6.524792203211974e-05,0.03417568469862997,0.029599815419089737,0.02345527513534762,,,1.0
DLX3,0.0058473895582329,0,4,1.1776501034849047e-05,0.0,0.00013579582175027058,2.104711402037815e-07,0.0073344875927492115,0.0021358041967116524,0.023382532293908305,2.0,,0.0
CLN8,0.0039437751004016,0,4,3.0872877760419906e-06,0.0,0.0001372717178319425,6.517408592836222e-08,0.015012187072215966,0.002136289152380455,0.023159317854151595,2.0,,0.0
LILRB2,0.0116787148594377,0,9,9.589392382456581e-05,0.0005,0.00016329637288484727,2.7012912656687585e-07,0.0204797729056736,0.00975736458291156,0.023129605732266308,2.0,,0.0
GRID2IP,0.0049317269076305,0,3,3.997856680573828e-06,0.0,0.00015563899743839042,2.014426858534898e-06,0.06799982348456979,0.002866461287782767,0.022933294241410208,2.0,,0.0
ALDH1A3,0.0098795180722891,0,4,4.6715947798842464e-05,0.001,0.00017226966203759742,4.278205062324991e-07,0.036118288393481635,0.011871052876413376,0.022857294009772516,,,1.0
PTCHD1,0.0454618473895582,0,27,0.18329330850583128,0.0175,0.00018510365371440844,0.007243470568186883,0.7737771272659302,0.030093802124611102,0.022684400534672022,1.0,5.2,0.0
ASAP2,0.0030441767068273,0,2,9.844642835310503e-07,0.0,0.0001607615697293103,9.144577388918908e-10,0.028642100500292193,0.003630081799449014,0.022524224845710705,2.0,,0.0
PHF12,0.0370441767068273,0,21,0.02812149884172179,0.0445,0.0004586330406985112,0.0004027702970664342,0.6599375978112221,0.0029973982218507444,0.022513392148539424,1.0,9.5,0.0
TGM1,0.0065461847389558,0,5,5.343950635862023e-06,0.0,0.00015768689074488788,2.4127553432322564e-09,0.031287569966174544,3.5865043737131085e-09,0.022393294881900574,3.0,,0.0
ZNF559,0.0044096385542168,0,7,3.7408457067015515e-06,0.0005,0.00015644560813080126,2.3436601422168745e-06,0.026704270394084503,0.006022019351899667,0.022380700916984013,2.0,,0.0
METTL14,0.0493092369477911,0,20,0.10289476001454384,0.06,0.0007661826141349864,0.001596748676714146,0.6819738894701004,0.002112505080731353,0.02237886813241019,3.0,,0.0
DIXDC1,0.0032851405622489,0,2,2.186740322874573e-06,0.0,0.00014610165672584356,2.1808540699451663e-09,0.06268672365695238,0.006509450529591547,0.022316623544774428,2.0,,0.0
WDR26,0.0206666666666666,0,14,0.0007056251377014633,0.0,0.0001519392564962362,3.0036616887732255e-06,0.3443540744483471,0.017191726015880704,0.022284461112576537,,,1.0
HTR1B,0.0401124497991967,0,21,0.010803928109911053,0.0,0.0001455188098242233,0.00015175938206908623,0.6602418050169945,0.004574934676344782,0.022138858686957974,2.0,,0.0
EPHA1,0.0424979919678714,0,23,0.04136834773429735,0.009000000000000001,0.00023506124544321095,0.0001440090187483319,0.650819219648838,0.01638237516681329,0.022067549020903243,2.0,,0.0
CHRM3,0.010867469879518,0,7,5.620931419816725e-05,0.0,0.00012253835361309624,1.1599404681588343e-06,0.13686672504991293,0.005430694423802318,0.021895605449971475,2.0,,0.0
MEGF11,0.0055983935742971,0,4,1.4177164521451863e-05,0.0,0.00014395132596698045,3.7694449088726603e-07,0.0043195689188579856,2.0931333889213594e-08,0.021801986200444507,2.0,,0.0
SLC7A3,0.0016706827309236,0,2,1.3795715978219617e-06,0.0,0.0001655836837755685,8.207217233188841e-07,0.044202155985175705,0.009234567234349018,0.021798435261301877,2.0,,0.0
FRK,0.0073092369477911,0,2,7.167860592657831e-06,0.0,0.0001710359194248526,2.3687646568602586e-08,0.34843381866812706,0.00014482970700757043,0.021761157254382484,2.0,,0.0
ROBO2,0.0277349397590361,0,26,0.012259107985897705,0.0005,0.00016710083196659435,8.4904593916674e-06,0.06393436633516103,0.019153332126279565,0.021757466802682757,2.0,,0.0
DEAF1,0.0024176706827309,0,3,4.4291106832771657e-07,0.0,0.00014700761483926852,5.391092003763091e-09,0.04510174621513535,1.9571422526244201e-10,0.021741941418277413,1.0,30.9,1.0
NUP133,0.0259598393574297,0,20,0.003660319931101189,0.0,0.00015836355124295521,1.5780255092801227e-05,0.06569580288487487,0.01492187640620557,0.021741253105574287,2.0,,0.0
LARP1,0.0502811244979919,0,24,0.10692051409369407,0.027500000000000004,0.00016806562267492655,0.0025098165484847765,0.6514389291405678,0.023743638366795494,0.021712114100685298,3.0,,0.0
PPM1D,0.0344658634538152,0,13,0.016674076072481347,0.0005,0.00013837271718195436,0.00013307430103168141,0.7941659539937973,0.014915641411334946,0.021711789309756882,2.0,,1.0
MTHFR,0.02714859437751,0,25,0.010280000183540354,0.0,0.00013827624668818326,4.4791826744591405e-05,0.060668457617669036,0.010738801307184076,0.021579587436957523,2.0,,0.0
TBC1D31,0.0021124497991967,0,2,1.716832200526365e-06,0.0,0.00014346956980603142,5.1900574856090223e-08,0.033453223866624526,0.0032750341415367368,0.021575795310125656,2.0,,0.0
MFRP,0.0032851405622489,0,1,1.0664384116286341e-06,0.0,0.00013844361936637972,2.2414232312072792e-09,0.02016185922548175,0.0009218025518605319,0.021572471093821488,2.0,,0.0
CTPS1,0.0173493975903614,0,16,0.0004864913054225433,0.001,0.00015277016546454678,9.98094660461773e-07,0.03861355634030703,0.018213717833852172,0.02154154456241031,3.0,,0.0
SKI,0.0171807228915662,0,5,0.0002769537887412944,0.0,0.0001391598914594635,2.3441481362132908e-06,0.472582682967186,0.0007298722366294384,0.021417749843578804,1.0,4.25,0.0
TMLHE,0.0026024096385542,0,2,2.064660689451051e-05,0.0,0.00014282626711155445,2.1640869633047297e-07,0.03172854955573712,0.002151830732231093,0.02138731160172269,2.0,,0.0
KCND3,0.0449718875502008,0,36,0.21738913375736704,0.162,0.023025850021969958,0.017935592662141397,0.6496285051107407,0.019964973697824462,0.021370797324335555,2.0,,0.0
TBCEL,0.0012369477911646,0,2,1.446934955683958e-08,0.0,0.00014790554493799784,1.258797035282521e-10,0.013534855701266224,0.0008718406219169015,0.021293803389438815,1.0,5.6,0.0
CMPK2,0.0035100401606425,0,4,1.8883566973031678e-06,0.0,0.00014549190034306847,2.91274983671535e-08,0.0006184106612399098,0.006282853675961179,0.02126117661758021,2.0,,0.0
CYP27A1,0.0019357429718875,0,3,1.6437226902031583e-07,0.0,0.00015061357852766714,2.210815663509667e-10,1.9727305317669054e-06,0.004407590837274766,0.02107767904702687,,,1.0
MACROD2,0.0169156626506024,0,14,0.0004759748982083009,0.0,0.00015228335116535102,2.417290338105671e-06,0.19136028550565243,0.009390568612670458,0.02100840899947798,2.0,,0.0
HECTD1,0.0144176706827309,0,9,0.00014867610266495947,0.0,0.00013047068784835525,2.8319016039938355e-06,0.03684574691578746,0.009009714471447024,0.020936884238011544,3.0,,0.0
PRKAR1B,0.0136385542168674,0,13,0.00015106200337443844,0.0,0.0001549876092373428,5.779931139311486e-07,0.044381098878147895,0.014125290559902595,0.020925068036741108,2.0,,0.0
STXBP5,0.026714859437751,0,20,0.003660232561595846,0.0005,0.00014917653826525162,5.392929828623349e-05,0.12653548724483699,0.014052319275962736,0.020785951937393188,2.0,,0.0
MYOCD,0.0334618473895582,0,12,0.009313436213615809,0.006,0.000142806965006633,3.991898020881187e-05,0.47605469077825546,0.01999887674572509,0.020753370349057044,3.0,,0.0
MARK1,0.0201606425702811,0,10,0.0003365481993575687,0.0,0.00013536995446406194,1.1058003898894652e-06,0.3977774530649185,0.014985741389054468,0.020716486556921154,2.0,,0.0
CHD2,0.0175261044176706,0,7,0.00030396144079267515,0.0,0.00016307844539145686,1.3475078864209263e-06,0.5286836288869381,0.007601175617621081,0.020705996012907235,1.0,25.0,1.0
HSD11B1,0.0083694779116465,0,8,2.525304249694649e-05,0.0,0.0001378273476165489,6.195190484819965e-08,0.017667991029156838,0.0023167452275177076,0.020672605467969188,2.0,,0.0
GPD2,0.0044979919678714,0,8,7.656922181669585e-06,0.005,0.00016747822753008048,5.378167963637342e-08,0.04862497984265479,0.010509302632399558,0.0205846508895983,2.0,,0.0
WWP1,0.0303212851405622,0,20,0.009872792629617466,0.0,0.00015814018142778051,9.850897680533453e-05,0.4462377429008484,0.009866563402322726,0.02057768181528119,3.0,,0.0
ABAT,0.0094779116465863,0,12,3.394157263308261e-05,0.0,0.0001511587773722228,9.856277761153397e-08,0.037586518035823246,0.003060892261974245,0.02057142298140926,2.0,,0.0
RLIM,0.0208995983935742,0,13,0.0006965567156933794,0.0,0.00016454050285001103,1.921732552184078e-06,0.10313523421064019,0.01869350356142263,0.020489707314482075,,,1.0
RSRC1,0.0208192771084337,0,16,0.000596112178837556,0.0,0.0001447590651787379,4.624453806819574e-06,0.03683201838975947,0.005582421811368655,0.02044178911899972,,,1.0
CNTN5,0.0149156626506024,0,12,0.00018334877749667653,0.0,0.00015681928036881957,1.1348837499526981e-05,0.04577405014230962,0.005749485902117473,0.02038693148806621,2.0,,0.0
FRMPD4,0.0171726907630522,0,7,8.363014815319977e-05,0.0,0.00014653165392683877,1.0780610970892084e-06,0.44977427646517754,0.006224066201895089,0.02023665222870029,,,1.0
TRPM7,0.0269397590361445,0,18,0.003053143343932453,0.0,0.00015370096848003962,1.0783679634311142e-05,0.20199959352612495,0.022410469142870038,0.020186329551506788,3.0,,0.0
SGSM3,0.0053012048192771,0,4,6.218395911368213e-06,0.0,0.00014726397394275095,8.387521179700606e-09,0.038167035984912445,0.004720869677067655,0.02009102689793474,2.0,,0.0
CAPRIN1,0.0341927710843373,0,22,0.016206273796260103,0.0,0.0001372688539700019,0.00011916057735561605,0.6882464364171028,0.014873227321317017,0.020062741823494434,1.0,5.5,0.0
KNG1,0.0402489959839357,0,33,0.10927997084084845,0.024,0.00030508545998904964,0.0012997393883636887,0.10835968935862184,0.013336558993615265,0.01992033215137133,3.0,,0.0
TPO,0.0098714859437751,0,8,3.755132712604611e-05,0.0,0.00011676014293825577,1.1687310942512958e-07,0.015391733995193696,0.0031682432972327383,0.01981423149845796,2.0,,0.0
MBD1,0.0143855421686746,0,8,0.00036722021986278414,0.0,0.0001400685070101798,2.128259266914691e-06,0.46795161068439484,0.004738212176587698,0.019802403480753128,2.0,,0.0
LAMB1,0.016,0,15,0.00034619964418596444,0.0,0.0001470399898805295,1.6701526753521475e-06,0.04440029714896809,0.012104640714824201,0.01979844945738079,2.0,,0.0
PDZD8,0.0035582329317269,0,3,3.257149236885521e-06,0.0,0.00012703307355696925,1.2824805531334315e-08,0.029774137335835584,0.003892144609748628,0.01974254048020945,,,1.0
ARHGAP5,0.0093734939759036,0,7,2.574299919199271e-05,0.0,0.00014486835577464483,9.478634061433246e-07,0.053598221216816455,0.00723776406280293,0.019726548430028856,2.0,,0.0
CDH8,0.029863453815261,0,20,0.01187861423266877,0.006999999999999999,0.0001397274654856767,7.470551374197745e-05,0.12448926828801632,0.011973646802742394,0.019719437126068426,2.0,,0.0
MEIS2,0.0207630522088353,0,19,0.0012539942675239852,0.0,0.00015266373739239436,1.4401201523538647e-05,0.048847479829696366,0.017306760053028114,0.019688330736457236,1.0,7.5,1.0
RBM27,0.0059116465863453,0,6,4.082736809032381e-06,0.0,0.00013665659522136512,9.892834761766157e-09,0.011992042838755879,0.0049777776372319504,0.019664943866796326,2.0,,0.0
AKAP9,0.0400481927710843,0,26,0.11576432557529819,0.0005,0.00016186569858380901,0.0013722324159551197,0.6393451541662216,0.030564752591089928,0.019653304922704545,2.0,,0.0
FHIT,0.0299357429718875,0,21,0.012099793669981259,0.007,0.00014226681532345743,5.495517398785495e-05,0.17969828844070435,0.010597797685291982,0.01965258410811943,2.0,,0.0
RAPGEF4,0.0352449799196787,0,26,0.022936209495057765,0.0,0.00015061856247545707,6.497397337403777e-05,0.2984377406537533,0.023096491096268323,0.019535534534952603,2.0,,0.0
NPTN,0.0163132530120481,0,11,0.00021486851138469718,0.0,0.00014590053661331392,1.3875634729705002e-05,0.484970785677433,5.544751282642903e-05,0.019502605333774792,3.0,,0.0
NPFFR2,0.0031004016064257,0,2,5.817437597753838e-07,0.0,0.00014726397394275095,9.150721098691319e-10,0.03891804891139827,0.004060687238670294,0.0194860053930338,3.0,,0.0
DRD3,0.0475903614457831,0,29,0.113110472845586,0.011000000000000001,0.00015343457848223201,0.001953312509574818,0.6209714710712433,0.0032705387347959913,0.019441565265879035,2.0,,0.0
PJA1,0.0084819277108433,0,6,1.637808070457417e-05,0.0,0.00014889898606908856,5.3460215846053396e-08,0.042882243636995554,0.01273216903969434,0.01935640096780844,3.0,,1.0
DOLK,0.0074698795180722,0,7,1.4685173029758167e-05,0.0,0.0001514990564336176,1.080833489854814e-07,0.03190874239362529,0.00916988309472801,0.019306753995639095,,,1.0
AMT,0.006144578313253,0,7,8.69197181811604e-06,0.0,0.00014495855577253435,2.0289233834981887e-08,0.020093391379119196,0.0067702892830538985,0.019283413679092358,2.0,,0.0
TRIM8,0.0037590361445783,0,3,5.2554979886634e-06,0.0,0.0001403192430022514,7.428916623946989e-08,0.03532905010797549,1.8347584971493608e-06,0.019265227568481817,3.0,,1.0
CADPS2,0.0136144578313253,0,8,8.553970672724645e-05,0.0,0.00015912126638530747,8.683053109902673e-08,0.3931063041090965,0.011913931392471433,0.019261064999454902,2.0,,0.0
KCNA3,0.044144578313253,0,27,0.05396118133763286,0.0145,0.00015923355383217925,0.0006469328719901995,0.5273954793810844,0.008808888121166092,0.019250224600482924,3.0,,0.0
PPFIA3,0.0604658634538152,1,36,0.5648394537959522,0.5305,0.019878957282929165,0.4710719889538635,0.7818768620491028,0.5777384117245674,0.01924262914690189,3.0,,1.0
GALNT13,0.0141606425702811,0,13,9.332095386850158e-05,0.0,0.00014948141771554697,6.671675468327063e-07,0.018004379131298338,0.004920070803803124,0.01915926336536662,2.0,,0.0
DNAH10,0.0022409638554216,0,1,7.051408670029292e-07,0.0,0.00015348405325320857,7.413655641700637e-10,0.04756230837665498,0.003918338067482249,0.019149563043444506,2.0,,0.0
POMT1,0.0120481927710843,0,11,0.00010671626738769226,0.0,0.00013845462156560054,7.370247796971885e-07,0.013046116795142372,0.011154368717200214,0.01908326254306303,2.0,,0.0
ADA,0.0318473895582329,0,21,0.010485583945805711,0.0,0.0001362089201984473,3.116533739721871e-05,0.026720292633399367,0.01153717076366334,0.01905846180719095,2.0,,0.0
DOCK4,0.044,0,26,0.08720337172896137,0.0,0.00021013480612069838,0.0004512474934210577,0.055967943044379354,0.03267570759408045,0.01903971450519748,2.0,,0.0
PCDHAC1,0.0018875502008032,0,3,2.3733475110559922e-08,0.0,0.0001631168900046035,3.7044584966479186e-09,0.029008501633867905,0.0010316075596271377,0.019034069752635795,2.0,,0.0
CDC42BPB,0.0177590361445783,0,9,0.00013826493528335345,0.0,0.00014867987663340918,7.555873258391191e-07,0.04887854587286711,0.00933635220594516,0.019019642538296466,2.0,,0.0
SLC38A10,0.0012128514056224,0,1,1.4449992315488976e-08,0.0,0.0001329141938526345,4.316923627171681e-09,0.015424760515846406,0.002172439655549474,0.018990951377231724,2.0,,0.0
PCDHA4,0.0089799196787148,0,8,8.60527579048191e-05,0.004,0.00014249036822670152,3.282041647140746e-07,0.03232192621486445,0.002606488227665533,0.018977234880367178,2.0,,0.0
PCDHA1,0.0021767068273092,0,4,3.5689196272770875e-07,0.0005,0.00016079224926805155,4.952130136185607e-07,0.06129195007736113,0.009834644637421036,0.018957745052201793,2.0,,0.0
FAM47A,0.0041767068273092,0,5,1.1099965019936788e-06,0.0,0.0001477033399725553,3.552787401437157e-08,0.0475322296761227,0.004014810523181422,0.018950668493262768,2.0,0.45,0.0
CPEB4,0.0177670682730923,0,8,0.00034852988558763793,0.0,0.00013886303561034546,7.365837413514113e-06,0.41449223831295967,1.0793274942064168e-06,0.018889219168033766,2.0,,0.0
SLITRK2,0.0307791164658634,0,19,0.006333104212001281,0.0,0.00017054469481254041,3.755891480030808e-05,0.5898295864462852,0.012627093830815284,0.018856543603760656,,,1.0
IRX5,0.0066827309236947,0,4,1.5874236998820197e-05,0.0,0.00013464330567104963,6.190801664498707e-07,0.06998335057869554,0.0025190675791690225,0.018855950688175582,3.0,,1.0
CHM,0.0114538152610441,0,17,0.0003685613090850776,0.0,0.00014292164514881575,1.0529563821086433e-06,2.0862047370024065e-07,0.011122054879593033,0.018826132808715812,3.0,,0.0
GIGYF1,0.0150763052208835,0,10,0.00026520764200970847,0.0,0.00012429373624129944,4.930583487867301e-06,0.5024648159742355,2.1112912003021827e-06,0.01877605898971524,1.0,17.25,0.0
KCNMA1,0.0465622489959839,0,35,0.22520028625161784,0.072,0.0006804713661357502,0.016526701331961456,0.5370106995105743,0.04042302776360884,0.018743825930869207,2.0,,0.0
APH1A,0.0161285140562249,0,10,0.00029364518858550576,0.0,0.0001735559944786686,5.063882395311917e-06,0.6069380715489388,0.015750458236965845,0.018724220103363276,2.0,,0.0
RAPGEF2,0.0281847389558232,0,11,0.0010675883708171005,0.0,0.00015043843170703077,3.3173672939816117e-06,0.6790760233998299,1.160709431577184e-05,0.018658130944404716,3.0,,0.0
C12orf57,0.0051646586345381,0,5,5.503891745625943e-06,0.0,0.00014875775948572863,9.289615584067368e-08,0.015301082920711195,0.010365549057466339,0.01863941496473842,,,
CSNK2B,0.0559678714859437,0,31,0.46546630350115403,0.29650000000000004,0.026376000301531415,0.07617153090909587,0.6827242225408554,0.044168338645249605,0.018634246953297406,,,1.0
ATP9A,0.0020160642570281,0,3,3.6751753614474264e-07,0.0,0.00014910132857475872,4.9869597793756815e-09,0.016394028041399115,6.035274851064106e-08,0.018623084949042502,3.0,,1.0
CELF4,0.0069397590361445,0,6,1.4892554791192002e-05,0.0,0.0001434753650545507,3.2885720936781255e-07,0.052078416920267045,0.003663852970061065,0.018567417462251663,1.0,8.5,0.0
SLC9A9,0.0273975903614457,0,15,0.003007286812084098,0.0,0.00013991694137466715,2.5190239644519944e-05,0.609749361872673,0.011638599322876066,0.018481282456377812,2.0,,0.0
CC2D1A,0.0017991967871485,0,4,1.3626268282123602e-07,0.0,0.0001346898874406407,1.3118846125905676e-09,0.036110550080685755,0.002512364921383588,0.018405106134277524,2.0,,0.0
ADORA2A,0.0341686746987951,0,23,0.009468222427348348,0.0,0.00014777131732815067,7.95845270084501e-05,0.4791259840130806,0.015935805714822334,0.018384833853041016,2.0,,0.0
ZNF644,0.011004016064257,0,11,6.357390590179371e-05,0.0,0.00015182969658530915,2.662877014288966e-07,0.04495539895287948,0.007467547591659259,0.018350251502547932,3.0,,0.0
DPYSL3,0.0144096385542168,0,14,0.0003550869465799877,0.0,0.00014246620245329312,2.2250581574393478e-06,0.03168396995278073,0.009436292668837165,0.018348142544265304,2.0,,0.0
MTSS2,0.003293172690763,0,3,7.761091257932563e-07,0.0,0.00014653165392683877,7.709866297120339e-09,0.05100400091099644,0.0017455985587760744,0.01832061587040752,,,1.0
RAB43,0.0029397590361445,0,5,1.7387787030298733e-06,0.0,0.00016507609365814803,1.1137379267706135e-07,0.0370151560577483,0.012539448779795237,0.018315154439869516,2.0,,0.0
SLC27A4,0.0035261044176706,0,6,3.3657990332567787e-06,0.0,0.0001552411585808806,7.54434778005622e-09,0.018422873798103756,0.00583378793259115,0.018248408368566893,2.0,,0.0
GALNT2,0.0048112449799196,0,5,7.618440611592246e-06,0.0,0.00013100438724275365,6.738521573308114e-08,0.02160630834854693,0.004766349534516885,0.018192500399891287,,,1.0
UNC5D,0.0152289156626506,0,17,0.00036801261339279497,0.0015,0.0001552024567477111,1.1701867266742964e-06,0.022553131324539732,0.009655797321914902,0.018143793367642047,3.0,,0.0
HLA-G,0.0105702811244979,0,12,7.975801482872836e-05,0.0,0.00012605030528350952,1.288840244727013e-06,0.03179412195780302,2.1198533836916738e-06,0.01813718108773965,2.0,,0.0
ST7,0.0045542168674698,0,3,6.9546735145873715e-06,0.0,0.00012673810505967525,9.558283405754225e-08,0.07124561490491033,0.00354883844224867,0.018116463897235535,2.0,,0.0
HS3ST5,0.0147951807228915,0,12,9.207689922641824e-05,0.0,0.0001541072172184771,4.913833455932993e-06,0.059979619985751256,0.009191880424883657,0.018113613242331225,2.0,,0.0
ENPP1,0.0121606425702811,0,19,0.00024310836513618931,0.0,0.0001627732474100415,6.721639235321317e-07,0.031136312203983607,0.009222009813474399,0.018087290797965727,3.0,,0.0
NSMCE3,0.0096787148594377,0,7,3.733449661987758e-05,0.0,0.00014960907096930266,2.2516826075318576e-07,0.05994418682530522,0.009663403013562702,0.01808355188313726,2.0,,0.0
PTPRT,0.0110361445783132,0,3,2.091045760809218e-05,0.0,0.00014835057315482273,4.393943135736411e-08,0.1160240639001131,0.005191128345396173,0.018045975251935527,2.0,,0.0
STK39,0.0089718875502008,0,10,3.831197471554685e-05,0.0,0.00015167815932810912,1.2803720242728706e-07,0.030279780277851387,0.010031705689136848,0.018028134794803998,2.0,,0.0
STYK1,0.0011967871485943,0,1,1.3475256310145328e-07,0.0,0.0001518409711286533,6.711562379327194e-10,0.03418688388046576,0.00553963432308134,0.017990091407682485,2.0,,0.0
MDGA2,0.0328353413654618,0,21,0.004230142515234398,0.0,0.00015226804642461022,1.282478102495916e-05,0.07615027324209223,0.03211164121967158,0.017888686100675844,2.0,,0.0
CYP11B1,0.0090843373493975,0,8,2.2231778839549106e-05,0.0,0.0001477010761962157,6.395447597090712e-08,0.032684699282981455,0.009978961182980693,0.017879086984640448,2.0,,0.0
ADCY3,0.0267068273092369,0,20,0.00402022789652488,0.0005,0.00012392444738646536,2.990613889794341e-05,0.11346970572776627,4.465667881406454e-05,0.017829316968695164,2.0,,0.0
UBE2H,0.0087469879518072,0,7,3.508756152233965e-05,0.0,0.0001671521172327468,6.030459923226199e-08,0.12265215627849102,0.009012206564049864,0.0178225270119583,2.0,,0.0
POGZ,0.0202650602409638,0,13,0.000461764629594156,0.0,0.00013945290790104049,1.4836566853760935e-05,0.0624757157638669,0.009084417553895996,0.017787117176925785,1.0,35.4,1.0
SYCE1,0.0112449799196787,0,9,0.0002010102392628932,0.0,0.00015458978908886273,8.625625097324602e-06,0.04886191368859727,0.013723931194751807,0.017776274597411997,3.0,,0.0
AP2S1,0.0341606425702811,0,25,0.017811709636687746,0.0005,0.00013449503158286395,0.00014225699177168344,0.5844223126769066,0.01174588376943575,0.017737469554276686,1.0,0.2,0.0
TAOK2,0.0123935742971887,0,8,7.561694476352576e-05,0.0,0.0001420432356507578,4.3409740188755396e-08,0.028291919466028048,3.2011300223899752e-06,0.01769648202707694,2.0,,0.0
CDK16,0.013156626506024,0,9,8.567277504076071e-05,0.0,0.00013375145363675163,2.3789664534226562e-07,0.33097393065690994,0.004812813904616122,0.017680694920401675,2.0,,0.0
SLC6A8,0.0173815261044176,0,7,0.00017874866882683788,0.0,0.00017163071504059258,6.293513883615212e-07,0.03346532191790175,0.01149240955428316,0.017630123782518825,2.0,,0.0
KCTD13,0.0135100401606425,0,8,0.00012661261283931,0.0,0.00016046475397691042,7.774910935977976e-08,0.04688536818139255,0.010220679195983852,0.01762093328776107,2.0,,0.0
SRPRA,0.0089477911646586,0,8,1.7136911018051047e-05,0.0,0.00014714924761548027,3.757562480912697e-08,0.00012673598170925837,0.006699248499286456,0.01754919246479858,1.0,4.75,0.0
NUDCD2,0.0141365461847389,0,8,0.00038697734669600507,0.0,0.00013866248830183132,2.3600730397458364e-06,0.3396157994866371,4.964740853118099e-07,0.017548791861962884,2.0,,0.0
DIPK2A,0.00629718875502,0,7,1.344508436142796e-05,0.002,0.00014990176476684536,5.1957571434419455e-08,0.04012991295894608,0.008550434742801372,0.017523861599303636,2.0,,0.0
HCN1,0.003574297188755,0,1,2.882205253520393e-07,0.0,0.0001641722299041374,8.893641711722575e-09,0.05418470298172906,0.0013820233530850033,0.017498519092214337,3.0,,0.0
NAALADL2,0.0085863453815261,0,7,2.4870715303818968e-05,0.0,0.00013531046697783303,2.45594104511736e-07,0.03314229007810354,5.211055371497197e-06,0.01749335744948187,2.0,,0.0
CGNL1,0.0037429718875502,0,5,3.1986275243645677e-06,0.0,0.00013337461082482674,1.0713970510883548e-08,0.03896546738315454,0.003968268274421316,0.017481308823182884,2.0,,0.0
NFIB,0.0243212851405622,0,14,0.0013491720929553373,0.0,0.00013882677001987524,1.0706962880895394e-05,0.3162533901631832,0.002503043541754269,0.01746797963359814,2.0,,1.0
KATNAL2,0.0417349397590361,0,22,0.06233629477880463,0.0005,0.00020591869205092435,0.00037747056717205653,0.2746023125946522,0.02885224625970295,0.017358610406517982,1.0,4.1,0.0
TRAF7,0.0192449799196787,0,8,0.00030642408182255873,0.0,0.00014571929585975037,1.0778352467069646e-06,0.5323252454400063,0.005684972688135562,0.017355185962514952,1.0,3.5,1.0
ERMN,0.0078152610441767,0,5,2.710696643139606e-05,0.0,0.0001504823248542158,5.808468140256643e-07,0.07286950666457415,0.007773374928609846,0.017334613324425558,2.0,,0.0
PKD1,0.0321606425702811,0,25,0.02462396130369459,0.0015,0.00014412642382824985,0.00010098926813055631,0.07596287224441767,0.00016382154681399141,0.01728780579435034,3.0,,0.0
GALNT8,0.0016787148594377,0,2,2.3122913111195725e-06,0.0,0.00016327899269997102,9.04947917741263e-07,0.04612710337399175,0.0040247201348905665,0.017277100589126373,2.0,,0.0
TOP3B,0.0109879518072289,0,6,4.180152054862687e-05,0.0,0.00013151248674043116,4.229172801628969e-08,0.21867942810058594,4.0245892911628325e-06,0.017250093507438002,2.0,,0.0
LRP2,0.0325301204819277,0,28,0.030656844670080355,0.0015,0.00013374424206014175,0.00013260648896540878,0.2847085930407047,0.02548034256084173,0.017215572605266904,2.0,,0.0
HLA-DPB1,0.0181285140562248,0,15,0.000645295323169872,0.0,0.00013267796677099913,1.951128059608989e-05,0.049297527675349784,0.01025719237912881,0.01716016281025115,2.0,,0.0
ICA1,0.0027630522088353,0,3,8.74469923448155e-07,0.0,0.00014895817788640228,1.1662017133035773e-09,0.01884220634661915,0.004910248039415421,0.01715598499231419,2.0,,0.0
MSRA,0.0119036144578313,0,6,4.9201241187789364e-05,0.0,0.0001756282528331011,1.1253585969627458e-07,0.06796113355085254,0.006517202763873797,0.016990465797445786,3.0,,0.0
KLF7,0.0059598393574297,0,4,5.844836460552557e-06,0.0,0.00013437418963603833,2.0995392820238545e-08,0.027432326902053356,0.004588416148365582,0.016980583721313218,3.0,,0.0
MYO1E,0.0163373493975903,0,10,0.0002762021931154971,0.0,0.00016128224404203252,1.0252229614419165e-06,0.08477772632613778,0.004693486138922847,0.01694233298508152,2.0,,0.0
DYDC2,0.0193253012048192,0,9,0.00045118335380359495,0.0,0.0001341778327806887,4.1665171103292615e-06,0.2399103231728077,0.01224249931276944,0.016935697691678797,2.0,,0.0
GTF2I,0.0237670682730923,0,14,0.001168843420474949,0.0,0.00016117869428517806,5.695560185446741e-06,0.2108873352408409,0.0025122373484664584,0.01689764343079503,2.0,,0.0
PCDHA9,0.0029799196787148,0,5,1.408212505332218e-06,0.0,0.00015396628072424147,5.9270500409448634e-08,0.016195450373199263,0.005601795201375742,0.0168838286828636,2.0,,0.0
CDH11,0.0238152610441767,0,17,0.002571920595174005,0.0,0.00015464105980502233,2.2632170612638884e-05,0.06304995331447572,0.0034291041094723276,0.016863140318946535,2.0,,0.0
CPT2,0.0153975903614457,0,13,0.000254874793266796,0.002,0.00012802999186678726,7.325561230128085e-07,0.01643177162623033,1.618439873141142e-05,0.01685954927166193,2.0,,0.0
CSNK1E,0.0320722891566265,0,18,0.014100097379875217,0.0,0.00014206793736067888,7.390196983166105e-05,0.4995175749063492,0.023536325201642345,0.016743004023680896,2.0,,0.0
MAST3,0.0095341365461847,0,3,9.482699692852669e-05,0.0,0.00014376555565184866,7.772344233313979e-07,0.5212604627013206,0.00041902246875080706,0.016683232639479684,3.0,,0.0
PRR14L,0.0095261044176706,0,4,1.9792514045383513e-05,0.0,0.00017746291140480138,3.091605786754769e-08,0.5119579061865807,0.01611754234839358,0.016654150116224287,1.0,5.0,0.0
BST1,0.0111004016064257,0,13,5.004585096075791e-05,0.0,0.00014959672522011396,9.357954838534898e-08,0.0033527914745832277,0.010236180845653914,0.016619104591882206,2.0,,0.0
BRINP3,0.0033815261044176,0,3,5.598677831941269e-07,0.0,0.00016329637288484727,2.726456059918512e-10,0.03171847207704559,0.005708735068751221,0.016600016795566726,3.0,,0.0
SLC7A7,0.0026104417670682,0,4,1.2626701097603318e-06,0.0,0.00014639042734347884,3.116295248266958e-07,0.04408849753732369,0.0014385409332267017,0.016598737186987424,2.0,,0.0
CIB2,0.0132289156626506,0,9,8.377653226949339e-05,0.0,0.0001399675754144468,2.3051171150746192e-07,0.24262244813144207,0.0024167321391119767,0.016536497521609017,2.0,,0.0
PCCB,0.0089477911646586,0,12,4.773715956107232e-05,0.0,0.00016297637501991302,5.862557539051371e-07,0.06692993579469741,0.014317500893150703,0.0165057865393525,1.0,,1.0
ZNF517,0.0029477911646586,0,3,1.2859479576663363e-06,0.0,0.00017096534690885809,7.496317880196962e-08,0.013970800195989992,0.00653883224023093,0.016501108141065757,2.0,,0.0
SH3RF1,0.0089397590361445,0,6,4.4176311697076405e-05,0.0,0.00014843990833280168,2.392758201391965e-07,0.10473518818616867,0.01259663440570704,0.016500390542205423,3.0,,0.0
DHCR7,0.0026586345381526,0,4,9.66481305623405e-07,0.0,0.00015592943188118955,2.6907303528806465e-09,0.013705849170274816,0.002647601868880245,0.01645216520341819,1.0,,1.0
FAN1,0.0100642570281124,0,5,4.162056917635515e-05,0.0005,0.00013880067845033122,3.735043551838065e-07,0.013876362686257696,0.010229887503996338,0.01639310554174098,2.0,,0.0
GAS2,0.0030843373493975,0,3,1.1023581405630757e-06,0.0,0.00012782379709893617,8.042434446630151e-09,0.04194414617924666,0.0018087399969050118,0.016390734322233654,2.0,,0.0
NXF1,0.0355020080321285,0,27,0.03247622732723893,0.0045000000000000005,0.0001575786413200972,0.0004936528272779755,0.038926384411752224,0.026068413991225725,0.016390503938063183,3.0,,0.0
MEGF10,0.02029718875502,0,11,0.0005793282779746191,0.0,0.00017240240464339935,1.6536023332378041e-06,0.08191212173551321,0.011269743939139182,0.016372829773899866,2.0,,0.0
PATJ,0.0122168674698795,0,8,0.000259693625677563,0.0,0.00013346537828153157,2.1920068771224084e-07,0.06292998636490665,0.009277679293176721,0.016358348957729918,2.0,,0.0
LRFN2,0.039718875502008,0,16,0.005874049436058073,0.0,0.00016981500180906096,8.270917151294039e-05,0.5308759734034538,0.013920039280094443,0.016313918393168425,2.0,,0.0
ZNF18,0.0034698795180722,0,5,6.208951734408345e-06,0.0,0.00014774694688490708,6.481524543224342e-08,0.0002633017062741126,0.002245825034466474,0.016303254159249603,2.0,,0.0
HERC1,0.0082248995983935,0,7,3.100978047330188e-05,0.0,0.00016231949967974958,3.100121306296952e-07,0.07261430387734435,0.0025316617055884338,0.01628345897734107,2.0,,1.0
UNC80,0.0057911646586345,0,5,3.903529865218922e-06,0.0,0.00016841798631152738,6.495800862473574e-08,0.02881739508995551,0.00468768218480865,0.01622528512640771,2.0,,0.0
TRAPPC9,0.0089397590361445,0,9,7.080989986642583e-05,0.0,0.0001535004464641668,3.963360965441219e-07,0.033366526755527204,0.00569848217447344,0.016198669314462677,2.0,,0.0
DNAH3,0.0028192771084337,0,3,3.0390378159736395e-06,0.0,0.0001507068017703241,5.754608155111352e-08,0.019261238519917297,0.0020651609807731917,0.016192389092071907,2.0,,0.0
ATP10A,0.0119277108433734,0,10,0.0002773026404937985,0.0,0.0001637426133452614,1.3075753113647695e-06,0.04829899873584509,0.008927106782607552,0.016168639614534186,2.0,,0.0
CADM2,0.0152449799196787,0,8,4.03376556201893e-05,0.0,0.00015040047433676,4.8000846884090246e-08,0.006222676794768844,0.006519443842924435,0.016167316383189245,2.0,,0.0
UBAP2L,0.0253493975903614,0,19,0.004167946829210091,0.0,0.00014773693457782099,2.1773650851747635e-05,0.23356307670474052,0.02101800280403912,0.016146701469551772,1.0,,0.0
ZNF385B,0.0075983935742971,0,14,4.596106676790008e-05,0.0005,0.0001373712702116053,9.67285306205258e-08,0.012491164582064953,0.002377378914254713,0.016131383235560293,2.0,,0.0
DLX6,0.0146907630522088,0,9,0.00012241613287442997,0.0,0.00014204651952835943,1.087652363381326e-06,0.13181989081203938,0.01047724019690577,0.016062367371817154,2.0,,0.0
DPP6,0.038289156626506,0,28,0.03056385249032914,0.003,0.0001602146429253897,0.00042393524155460115,0.3767763748764992,0.007854057672482135,0.016004707132324485,2.0,,0.0
CNTNAP5,0.0118232931726907,0,9,5.287427860802331e-05,0.0,0.00012097679404004838,3.157982425762957e-07,0.014195109375533033,0.003640206999439566,0.01597633734400732,2.0,,0.0
KCNS3,0.0153092369477911,0,13,0.00022774367461338152,0.0,0.0001514052657154929,4.436627341332495e-06,0.04619166039628908,0.009033295663304767,0.015872724824951834,2.0,,0.0
DLL1,0.0391244979919678,0,18,0.03671130666029196,0.0055,0.00018776249856698423,0.0001548913514375936,0.43373724073171616,0.013016087830720835,0.015678037091479746,2.0,,1.0
POU3F3,0.0256546184738955,0,17,0.0028714818986662165,0.0,0.0001431104818827506,6.397734947471479e-05,0.10073213651776314,0.014750623675297447,0.015661250942257107,,,1.0
ZNF865,0.0014136546184738,0,2,4.686610720375626e-07,0.0,0.00013401810612631449,1.5019230896267873e-08,0.012171059846878222,0.006938128154699408,0.015567840442043677,1.0,,0.0
ABCA7,0.0089076305220883,0,6,2.9663672426321354e-05,0.0,0.00014642173466394972,2.6978399308819434e-08,0.45181721448898315,0.004392705126890828,0.015470207761328458,2.0,,0.0
ZWILCH,0.0053012048192771,0,7,1.0184925922214073e-05,0.0,0.00016157764773276411,1.3330247131857295e-06,0.048714733432005275,0.008681538448474194,0.015455545094676157,2.0,,0.0
NFIA,0.0188995983935742,0,15,0.0010658902443282867,0.0,0.0001677432974292032,5.4920467660775845e-06,0.15200947597622871,0.005961744225885468,0.015424081270853929,2.0,,0.0
NR2F1,0.0241767068273092,0,19,0.00408068896180877,0.0,0.00016747694047710072,6.0198033623540965e-05,0.37271811068058014,0.018123046240361873,0.015409846819238737,2.0,,1.0
ATP6V0A2,0.0033654618473895,0,3,1.0491826762593461e-06,0.0,0.00015773581584373138,2.467469423246441e-10,0.005101598322793777,0.0050266689810872095,0.015369701852321782,2.0,,0.0
NASP,0.0286666666666666,0,19,0.005425162298287409,0.001,0.0001439389543404191,2.422409279231216e-05,0.6254307925701141,0.0217727214385377,0.01535739089058552,3.0,,0.0
KLHL20,0.0085461847389558,0,9,2.6763243627149942e-05,0.0,0.00016035692186872064,2.3238852170594255e-07,0.04348572460003197,0.003986611105574442,0.015353152371931172,1.0,,0.0
OR52M1,0.0010361445783132,0,1,3.4575395099667244e-10,0.0,0.00014578946474084494,2.703285720927262e-11,0.03736968741861888,0.0018349087035478807,0.015306490774281704,2.0,,0.0
ARF3,0.0246586345381526,0,22,0.003970207411535697,0.0,0.00015980953968561641,4.9386756471652766e-06,0.30196428671479225,0.016307502858097678,0.015303732281929126,1.0,1.25,0.0
CORO1A,0.0211405622489959,0,12,0.0005062798677272465,0.0,0.00016561674951811182,2.8263284607111806e-06,0.043139029512531124,0.010426045162693959,0.015293814984903373,1.0,0.7,0.0
EXOC6B,0.0119357429718875,0,9,9.143997876431305e-05,0.0,0.0001530530417646177,8.406308616681253e-06,0.037496754718214786,0.003413223020854038,0.015178135447227865,2.0,,0.0
TSPOAP1,0.0239919678714859,0,16,0.0017940396320271401,0.0,0.00015719051673809725,6.34651002625243e-05,0.38851824402809143,0.0001144539522215382,0.015113398649606355,2.0,,0.0
PCDHA3,0.003437751004016,0,9,5.2931507522392885e-08,0.0,0.00014097593675357437,1.7561333797784613e-08,0.03401120443186918,0.004795157583430409,0.015068200649810546,2.0,,0.0
NDUFA5,0.0095020080321285,0,8,5.667132658729043e-05,0.0005,0.00015099533690469648,9.438781612469705e-08,0.01628082201919767,0.007192092070473848,0.01501718477175018,2.0,,0.0
CDH13,0.028714859437751,0,18,0.006407291453155627,0.0,0.00015416967599500453,2.8936866915984707e-05,0.36092280223965645,0.02236938276123403,0.014981469297708827,2.0,,0.0
PRKD1,0.0334698795180722,0,22,0.019714359520033226,0.0,0.00013115337263352685,0.00019346158929558577,0.6426130086183548,0.0037681031529466225,0.014980261015488647,,,1.0
PCDHA5,0.0014698795180722,0,2,6.365039144223416e-08,0.0,0.0001409164605016736,9.746709147555098e-09,0.03525294363623027,0.002165529011863864,0.014952527853929757,2.0,,0.0
HDLBP,0.0168995983935742,0,12,0.00018939266546879355,0.0,0.00016500430071902816,5.639739246475794e-07,0.07706427248194814,0.018213639517223313,0.014901976705914421,1.0,1.25,0.0
GIGYF2,0.0383614457831325,0,31,0.14103417229818338,0.008,0.00018680470320602937,0.0017166005806722121,0.44320516288280487,0.0002607661434694819,0.014880054142704324,1.0,,0.0
MAN1B1,0.0030843373493975,0,6,2.061452621528693e-06,0.0,0.00014068926852655846,2.0976951094424732e-08,0.030573759706419512,0.008408228576255283,0.014851300418918197,3.0,,0.0
IMMP2L,0.0187791164658634,0,13,0.0004356940897439933,0.0,0.00014622628354409665,1.3621212698537677e-06,0.03706433392642339,0.017978435852012593,0.014773440330148907,2.0,,0.0
TSPAN7,0.0160562248995983,0,8,6.816914262180411e-05,0.0,0.0001696144545005468,5.2833908042951e-07,0.3375339135527611,0.008888489967064959,0.014759946351530051,2.0,,0.0
DMPK,0.0119437751004016,0,8,7.039333794596433e-05,0.0,0.00015157944753783813,3.9843190380034457e-08,0.03154169902882131,0.007155395779548689,0.01470096179793351,1.0,3.75,1.0
PCDHA2,0.0026425702811244,0,5,8.296771563197424e-08,0.0,0.0001543892417803486,9.055678517024946e-09,0.02742105256783356,0.005571418503346217,0.014609328006820022,2.0,,0.0
CX3CR1,0.0251967871485943,0,15,0.0018298124020968945,0.0,0.000126845937167865,4.874840864564145e-06,0.08138736104592681,0.01614668290460486,0.014567535818059696,2.0,,0.0
ZC3H11A,0.0185622489959839,0,13,0.00043765214704103274,0.0,0.0001568905111847828,1.148527878431921e-05,0.05584005364266886,0.002496849056469304,0.014528008248149565,2.0,,0.0
SGSH,0.002441767068273,0,3,1.2983882430334622e-06,0.0,0.00014687674377840713,1.1178736684252676e-08,0.01318700088232741,0.005840266575628306,0.014441854178585558,,,1.0
SIK1,0.0123453815261044,0,8,5.0292517768966386e-05,0.0,0.00016242747279894166,7.833148270229627e-08,0.16520549729466438,0.0017342221359684662,0.014376856139366902,,,1.0
DMXL2,0.0020722891566265,0,2,2.505556170947738e-07,0.0,0.00014451835570991576,1.0104696652463988e-08,0.031847415709307825,0.0032988965958651306,0.014373623032897825,2.0,,0.0
TUBGCP5,0.0243935742971887,0,14,0.003416695062925009,0.0005,0.00015292283899986356,1.9542405552120312e-05,0.04190589231438935,0.01094421209577394,0.014317783954286534,2.0,,0.0
SLC29A4,0.0062570281124497,0,5,9.059623827433477e-06,0.0,0.00015364478998373124,1.2803489642361427e-07,0.048741917475126684,0.002521820565593672,0.014155752801925957,2.0,,0.0
ERG,0.0242088353413654,0,6,0.0012211029912610016,0.0,0.00017067555120497358,1.3092762626955783e-05,0.6362293735146523,2.3179147583540782e-06,0.014065833251440167,2.0,,0.0
INTS6,0.0155261044176706,0,10,0.00017547285951100672,0.0,0.00013998061185077428,1.6336157844304359e-06,0.29652685299515724,0.002674540487798398,0.013914027949795127,2.0,,0.0
TCF4,0.0364979919678714,0,21,0.024806073342182457,0.007000000000000001,0.00013732329769555485,0.0001224394384972195,0.4320363327860832,0.014082341468005738,0.013872593751062867,1.0,13.5,1.0
RAD21L1,0.0095582329317269,0,8,0.0001254729629944368,0.0,0.000167393918986544,1.8059790895575414e-06,0.02254047744440868,0.009397739538151248,0.013866677848909603,2.0,,0.0
ZMYND11,0.032152610441767,0,14,0.0033396134873686875,0.0005,0.0001504586893577913,8.659603592939262e-05,0.4664531350135803,0.0022494682909672825,0.013847166730408679,2.0,,0.0
CADPS,0.023726907630522,0,16,0.0009680189531481853,0.0,0.00014926809796354332,3.5832594905812395e-05,0.4740554690361023,0.0050984344932736595,0.013809799419314928,2.0,,0.0
PARD3B,0.0075100401606425,0,4,1.4972804620164091e-05,0.0,0.0001467450720744773,2.2748896158177282e-07,0.30774689838290215,0.0018767438843952063,0.013794261720953216,2.0,,0.0
POLA2,0.0088032128514056,0,9,1.5899686123506946e-05,0.0,0.00013837271718195436,3.3185433718721407e-06,0.04365350416714797,0.005630611405633274,0.013762345012379057,2.0,,0.0
MAGEC3,0.0137510040160642,0,5,0.00038098477916038965,0.0,0.00013163737167538195,6.523671164105397e-07,0.5479831695556641,0.013361797750444365,0.01363221587962471,1.0,,0.0
ARHGEF10,0.007004016064257,0,5,1.737218766047017e-05,0.0,0.00014676648990679674,7.323599481977188e-08,0.03726999805076048,0.004148548690759313,0.0136125019638472,2.0,,0.0
NRP2,0.0120401606425702,0,11,6.75396802522093e-05,0.0,0.00015952527236456443,3.3259919350905987e-06,0.059581351434731644,0.0035461578890056966,0.013567673474086184,2.0,,0.0
OPHN1,0.035293172690763,0,25,0.03626267741917744,0.0005,0.00013967097213190202,0.00013089062334190074,0.6032789945602417,0.027020141149304955,0.01356167316107769,2.0,,0.0
ELAVL3,0.0258554216867469,0,12,0.001811424198576641,0.001,0.00013233149083808368,1.0177042733279263e-05,0.5858995616436005,5.000584661455981e-06,0.013552180258614044,1.0,1.0,0.0
TERF2,0.0345220883534136,0,18,0.025656911905478537,0.002,0.00015061856247545707,0.00015768770335629624,0.11357962526381016,0.02261093967105543,0.013529034375096671,2.0,,0.0
AFF2,0.0285140562248996,0,17,0.006140630724852807,0.0,0.0001343491295561543,2.191312089785494e-05,0.6077269613742828,0.011795381833794139,0.013427753365249373,1.0,8.7,0.0
PSMD11,0.0396465863453815,0,30,0.14477692951000123,0.0245,0.000180459929273584,0.002945115090329077,0.3675769232213497,0.019728231074850555,0.01336628625996153,1.0,,0.0
INTS1,0.013574297188755,0,8,0.00010697645491484489,0.0,0.00011920034934891789,2.1010514461048817e-06,0.21504763700067997,0.006898031066384655,0.01336108511687284,,,1.0
TM4SF19,0.001863453815261,0,2,2.4659024176772685e-07,0.0,0.00015799026201875107,1.5684450880408793e-08,0.03352387881013286,0.00547735660802573,0.01334689644362919,2.0,,0.0
GPR85,0.0010522088353413,0,1,4.59768959932322e-08,0.0,0.000142801809580509,1.6239829639115226e-10,0.031428969011017216,0.0024643580000631715,0.013251926984352264,2.0,,0.0
TRIO,0.0219598393574297,0,18,0.0008642735822905643,0.0,0.00015506006568117878,2.7686865966474173e-06,0.027488412779348437,0.014875118030095946,0.013219144151662476,1.0,,0.0
SNX14,0.0026907630522088,0,3,3.6402142982965245e-06,0.0,0.00014040228319263222,6.08753114402105e-09,0.026424171979897437,0.0020988560281694087,0.013207159643547935,,,1.0
CSMD1,0.0342650602409638,0,26,0.013518785603416555,0.0,0.0001515260243482044,5.1174923481757056e-05,0.05582795629379689,0.030380701698452306,0.013193805250921287,2.0,,0.0
DUSP15,0.0013975903614457,0,1,3.2758709231752826e-08,0.0,0.0001521355169558971,1.099494354790734e-09,0.04130877862965178,0.002888843844955585,0.013188662080644582,2.0,,0.0
PER2,0.0425702811244979,0,23,0.09346875031724117,0.03,0.00016473396196050604,0.0007078768994424997,0.2450910396873951,0.012594982586961123,0.013119539456965867,2.0,6.75,0.0
FBXO33,0.007863453815261,0,10,4.147471278740698e-05,0.0,0.00015477811597989854,6.733390410732459e-07,0.016513839471660102,0.0026491427754690962,0.013111904959259846,2.0,,0.0
ADSS2,0.0085943775100401,0,11,5.102051911688332e-05,0.0,0.00013388591839201265,4.916172279934717e-07,0.03379065907019954,0.007097633117760793,0.013108248943325407,2.0,,0.0
CNTN3,0.0166506024096385,0,11,0.0001411523475178672,0.0,0.00014143057516056686,1.417207110977354e-06,0.027182094127596142,8.914815077254445e-07,0.013094032779918288,2.0,,0.0
PCDH15,0.0184257028112449,0,14,0.0009404551425483405,0.0,0.0001403202566206539,1.5015780589393763e-05,0.1407182766124606,0.0026375916781988806,0.013090458672771033,2.0,,0.0
DDHD2,0.0034457831325301,0,4,1.2769942560884119e-05,0.0,0.0001838628089181261,1.1801012129597871e-07,0.015598465842314219,0.0025347819264221576,0.013075501776214082,2.0,,0.0
RNF38,0.0041044176706827,0,4,3.430006664838315e-06,0.0,0.00017330297695211533,1.1637503197834272e-09,0.12436994723975658,0.001844922001224325,0.012957416644240993,2.0,,0.0
NUP155,0.0250200803212851,0,19,0.001986627967426123,0.0,0.00018167568445026343,2.9720071495351597e-05,0.0810507294954732,0.01162162022353426,0.012898545369165515,1.0,0.1,0.0
OTULIN,0.0078714859437751,0,7,3.0427265660332632e-05,0.0,0.00016802590273010205,1.8495637785015328e-06,0.03080944824796461,0.007325090777058072,0.01285426116457835,3.0,,0.0
DPP3,0.0057670682730923,0,4,5.664102354928395e-06,0.0,0.00014569641320411742,5.680206683114769e-09,0.03141241270463979,0.002417667860621958,0.01285325443890896,2.0,,0.0
PLXNA3,0.0171887550200803,0,17,0.0004676940665769532,0.0,0.00015545574238234557,3.50308069514017e-06,0.02053781160282142,0.02006797874128097,0.012843560194677707,2.0,,0.0
MYH10,0.0300803212851405,0,20,0.007452411676070679,0.0,0.00015722141431589808,4.031576577679199e-05,0.2754644602537155,0.00013591277456725948,0.012838804720394892,2.0,,0.0
RORA,0.0209558232931726,0,14,0.001696589803450297,0.0,0.0001522979659013352,6.741142616757246e-06,0.06818148260936141,0.016699306206135134,0.012780792074863712,,,1.0
KIZ,0.0028514056224899,0,3,4.1937955692425834e-07,0.0,0.0001800808445181266,3.3638970161458554e-10,0.035320278020662954,0.007538831266985349,0.012762412611679323,3.0,,0.0
KIRREL3,0.0149317269076305,0,12,0.00012238097496284744,0.0,0.0001545596450207786,9.117468178546534e-07,0.032918984635623705,0.008157810176068227,0.012761471119154304,2.0,,0.0
NEGR1,0.0154216867469879,0,8,5.407523668685298e-05,0.0,0.0001648435216018395,1.4222482362205031e-07,0.05196561850607395,0.003765002266818443,0.012760589429035463,2.0,,0.0
UBR3,0.0094779116465863,0,8,2.813431394792767e-05,0.0,0.00018406335622664027,2.989781675908992e-06,0.03659906020800463,0.002906322699560826,0.012748832784417562,2.0,,0.0
USP24,0.0157429718875502,0,7,0.00023135376170680305,0.0,0.00016363805020200514,8.200212826812568e-06,0.14274039305746555,1.5141319402098286e-07,0.012703446460514238,3.0,,0.0
ABL2,0.0188995983935742,0,10,0.00024889450750807977,0.0,0.00016737904287161278,1.405186869468492e-06,0.3543115109205246,0.006026877187340775,0.012689033950000594,3.0,,0.0
LDLR,0.016722891566265,0,13,0.000538739875245693,0.0,0.0001375550110878278,6.186669235765947e-06,0.09371016325894743,0.013468623131370067,0.012685320973629732,3.0,,0.0
SLC7A5,0.0143534136546184,0,11,0.00010567745890012505,0.0,0.00015304334175106148,5.979898871873756e-07,0.028932615069263975,0.003232655509817519,0.012672789306634513,2.0,,0.0
PSMD12,0.0380642570281124,0,31,0.12310530969025195,0.004,0.00017923676570934214,0.00335989669689709,0.3774644285440445,0.024849791007093187,0.012654580794975168,1.0,6.0,1.0
TCEAL1,0.0102409638554216,0,7,5.942174885810829e-05,0.0,0.00016699381866369596,1.5681417789459204e-06,0.08605673909187317,0.0038031298330838638,0.012651097101760215,3.0,,1.0
KPTN,0.0071646586345381,0,5,1.6444937945413497e-05,0.0,0.00014811467586391217,9.530385877107744e-07,0.06530645955353975,0.008300482976783125,0.012627652138225762,,,1.0
NIPA2,0.0173333333333333,0,12,0.0005622130512913116,0.0,0.00016193670523479824,1.536372234693505e-05,0.0565595908810792,0.006904621373474403,0.012624516409715915,2.0,,0.0
RGS7,0.0145220883534136,0,10,0.00010522151848047547,0.0,0.0001395629275538571,3.3209658739194827e-07,0.03624981663415383,3.0262987464355317e-06,0.012614093881461813,2.0,,0.0
SCP2,0.0047068273092369,0,7,7.905046911571205e-06,0.0,0.00015121908159182224,3.587393844860238e-08,0.0010878982938038462,0.006385138220077206,0.012593645254355579,2.0,,0.0
NR3C2,0.0376305220883534,0,20,0.038357925372614246,0.0005,0.00016421145223637881,0.0001654583266575883,0.43768325820565224,5.6951949019612425e-05,0.012583559723258142,1.0,,1.0
MCM4,0.0407710843373494,0,24,0.053013662653781685,0.040999999999999995,0.00014582292594234633,0.0011651459338818354,0.0620523733086884,0.005243364342618416,0.012568987775327473,2.0,,0.0
ANKS1B,0.0214618473895582,0,13,0.0008044769596264629,0.0,0.0001637603360325838,1.8107028449420287e-05,0.38805291429162025,0.006299468614884063,0.012566025664846728,2.0,,1.0
ABCA2,0.0040963855421686,0,5,7.214636513595531e-06,0.0,0.00015111581559095543,2.545397655926357e-07,0.004152613882979508,0.0027204052473226185,0.012528773200065797,3.0,,0.0
LRRC1,0.0093734939759036,0,4,2.575076624387218e-05,0.0,0.00015569927158977706,1.8378459374327528e-07,0.08980182744562626,4.345554754808375e-06,0.012516861608132646,2.0,,0.0
VPS13B,0.0026425702811244,0,3,7.332560798286767e-07,0.0,0.00015683408702053323,4.290131845968231e-10,0.04677455362296712,0.003079620299095441,0.012514984454448097,1.0,6.35,1.0
ALDH1L1,0.0167791164658634,0,13,0.00016063631400769376,0.0,0.00015313846087891954,6.406755897847361e-07,0.018267383944476023,0.004183267078412916,0.012490848085917605,3.0,,0.0
GPC4,0.0158152610441767,0,17,0.0005471613031520017,0.0,0.00017935040856927766,6.420316975669163e-06,0.0699063875945285,0.004425890018513073,0.012483182916416924,2.0,,0.0
FEZF2,0.0220401606425702,0,19,0.002712742076276412,0.0005,0.00013068394031807024,2.315026388721225e-05,0.03735577655842093,0.021585799477840617,0.01245230922706421,2.0,,0.0
TERB2,0.0017751004016064,0,1,4.751147813979767e-07,0.0,0.0001746518560231598,1.2691451602343248e-08,0.06574173073749989,0.007131196029487509,0.01241884634219509,2.0,,0.0
RFX3,0.0083775100401606,0,7,2.390311913286844e-05,0.0,0.0001577797582223357,2.2329146138046776e-07,0.019392959573124816,0.005313628912816344,0.0123765512797549,1.0,15.95,0.0
CDC42BPA,0.0075020080321285,0,7,2.628329052490706e-05,0.0,0.00017968350557776147,3.2487276032326894e-07,0.029244601086247712,0.002542342748498202,0.01237294411293989,3.0,,0.0
GATM,0.0079196787148594,0,6,2.887961373293243e-05,0.0,0.00016399928188190937,5.534926416284198e-07,0.03173321844951715,0.007437392886493286,0.012342299931135545,,,1.0
P4HA2,0.008008032128514,0,8,2.7949387709573193e-05,0.0,0.00014994139660047312,4.027216216313846e-08,0.0020111665909875523,0.003047825571826664,0.012292676376546297,2.0,,0.0
CCSER1,0.0047068273092369,0,4,4.344823707435277e-06,0.0,0.00014569944284843016,4.186578910058418e-08,0.03704305399878649,0.004326338348406015,0.01229037541662592,2.0,,0.0
CEP41,0.0032289156626506,0,4,2.3013064745599784e-06,0.0,0.00015761760987944727,2.0617451448518163e-07,0.0340107984168867,0.0048708423417570534,0.01226282411837866,2.0,,0.0
DOCK1,0.0234538152610441,0,23,0.004016215541200295,0.0,0.00015204802195360027,1.0863711298006473e-05,0.1311102561885491,0.018994437859874126,0.01226032306558926,2.0,,0.0
RHOXF1,0.002578313253012,0,1,1.552174579383628e-06,0.0,0.0001580297331170665,3.6481222671573166e-10,0.04633786447811872,0.010522638871501275,0.01223494159239106,2.0,,0.0
NKX2-2,0.0167710843373493,0,15,0.0009028125561598751,0.0,0.00015292994964489324,2.1138792749953634e-05,0.42659029364585876,0.012604189210744465,0.012205150808107135,3.0,,0.0
USP30,0.0187469879518072,0,12,0.00037446586905358055,0.001,0.00014773693457782099,2.445383197152101e-06,0.01606456611284557,0.012987867362959163,0.01217897274182178,3.0,,0.0
CA6,0.0012610441767068,0,1,2.631587267479061e-08,0.0,0.00015722141431589808,9.153766336004329e-10,0.04141139916760039,3.771787748481187e-07,0.012150232442024712,2.0,,0.0
ASB9,0.0027389558232931,0,2,3.291276785627191e-07,0.0,0.00012384344072571168,8.675205153080434e-10,0.017808037834629125,0.0033000095056650025,0.012143261992605403,3.0,0.1,0.0
TSHZ3,0.0065381526104417,0,14,2.525823552228169e-05,0.0,0.00014075750532272546,1.4432775438224736e-06,0.040823884308338165,0.005045820404764606,0.012132474537568399,1.0,,0.0
FBXO11,0.0271726907630522,0,16,0.001954823326153616,0.0,0.0001613232298584585,1.2585763121400553e-05,0.04141460271785036,0.0030785591066362513,0.01212815520944059,2.0,,1.0
SYT17,0.0009156626506024,0,1,5.287645500008748e-09,0.0,0.00013927869500790038,5.906638354948666e-12,0.013205939520398188,0.0006103449370752316,0.012008912308937192,2.0,,0.0
ACY1,0.0057670682730923,0,7,1.4451008981594112e-05,0.0,0.00015625004477007703,2.5993765107873006e-07,0.013724123862329065,0.0023530104833528673,0.011997998430160806,,,1.0
POT1,0.0228192771084337,0,13,0.002458542576677137,0.0,0.0001224172902557796,8.303292418938576e-06,0.11886189877986908,0.0031502596263946847,0.01195765355753764,2.0,,0.0
NOVA2,0.0253493975903614,0,19,0.0034337970776052236,0.0,0.00015823610692259065,1.7004314824166043e-05,0.18297002092003822,0.011777968858990847,0.011944382092448802,,,1.0
TBC1D23,0.0011004016064257,0,2,1.6213107970751058e-08,0.0,0.00014373922375552004,1.0503317378825219e-08,0.031741248637696895,0.0005341991201455589,0.01192526794920625,,,1.0
SCAF1,0.0063614457831325,0,9,1.2493073250272891e-05,0.001,0.00015103890808717006,8.670984703508592e-08,0.012707458817403164,0.01087708536182,0.011869483126439206,2.0,,0.0
YTHDC2,0.024289156626506,0,16,0.0015117119514354545,0.0,0.00017287001704012527,3.268777522226492e-06,0.09872534219175577,0.010052958299675192,0.01184816712338943,2.0,,0.0
TTI2,0.0038714859437751,0,2,2.1651815854133576e-05,0.0,0.0001519246067663692,6.20379182909954e-08,0.02548882686824072,0.005291630407006524,0.011807269136652698,,,1.0
PRPF39,0.0146907630522088,0,11,0.00012364127416979564,0.0,0.00012754005633056677,3.349498469043387e-06,0.03669992211871431,0.0037527971790876865,0.011798182979835814,2.0,,0.0
ASTN2,0.0392771084337349,0,26,0.0850033737377407,0.0015,0.00016654401072859862,0.0013512433555385504,0.6487646326422691,0.02264020178860182,0.011793068901170045,2.0,15.75,0.0
EXOC6,0.0203775100401606,0,15,0.000613191534270416,0.0025,0.00015006994537206957,1.0044222128798422e-05,0.013061613455881256,0.004323970193937953,0.011791960892391486,2.0,,0.0
KCNJ15,0.0056224899598393,0,5,6.890140299491053e-06,0.0,0.0001458655725810868,4.301244314258691e-08,0.02268638841678694,0.0058577046500836085,0.011674633145605462,2.0,,0.0
EPPK1,0.0024899598393574,0,4,1.0026450895226762e-06,0.0,0.00014016854689177842,4.04764191866323e-10,0.0004937673286735667,0.002242282736580932,0.011657276797450322,2.0,,0.0
OR1C1,0.0015582329317269,0,1,1.2065761434260518e-07,0.0,0.00012874270734141837,1.3897542831472947e-10,0.013356669836484867,0.004626284959751814,0.011633874154722286,2.0,,0.0
TRPC6,0.0361847389558232,0,23,0.015704754271642155,0.0,0.00014963973640844087,6.158052736502568e-05,0.5116821601986885,0.0001465312579917828,0.011593804088141368,2.0,7.2,0.0
PHF7,0.0119839357429718,0,4,4.686257398964385e-05,0.0,0.00017991938678421686,3.413829335985824e-06,0.07532231078948826,0.00565295531096466,0.011577656825777166,2.0,,0.0
DDC,0.0229477911646586,0,19,0.0010668693671439392,0.0005,0.00014253405981278985,1.0457701138778197e-05,0.009612935347831808,0.00011238424421799315,0.011555958246390219,2.0,,0.0
SSR4,0.005726907630522,0,4,4.4948775395596074e-06,0.0,0.0001517349833738504,6.37727397626885e-09,0.06274115919950418,0.002036811074347632,0.011479127871370731,3.0,,0.0
PDHA1,0.0299678714859437,0,20,0.007158485379789314,0.001,0.00016578592907361567,1.0907534284527311e-05,0.05152649787487462,0.012398150525184087,0.011460530285148707,3.0,,0.0
WDR37,0.0057751004016064,0,5,6.535251262662363e-06,0.0,0.00013029759997521464,5.400444602757759e-08,0.01418595250289826,0.005371175074317169,0.011425935448654233,3.0,,0.0
SORCS3,0.0096144578313253,0,5,1.5619362540558735e-05,0.0,0.00017850149933474523,2.834783931409989e-08,0.08549605682492256,0.0007788949180622208,0.011415915478210081,2.0,,0.0
GNB1L,0.0066184738955823,0,5,1.8717791304640896e-05,0.0005,0.0001627033694884231,3.293181290323879e-08,0.03524368646321818,0.007577349565348312,0.01137692536868029,2.0,,0.0
SH3RF3,0.0030200803212851,0,2,6.257500156623183e-07,0.0,0.0001555998679859796,3.898724739553571e-10,0.03406748380029967,0.0038338726391878497,0.011337560169721428,2.0,,0.0
ADK,0.0075341365461847,0,12,4.7427624707869695e-05,0.0,0.00015037169575760265,2.5419941672429765e-07,0.013236586678955494,0.008884064024243798,0.011334362124131303,2.0,,0.0
ZNF774,0.0028273092369477,0,4,2.3051990858230542e-06,0.0,0.00016920857613982976,1.0905240662713028e-06,0.043363051489679096,0.00952398539919204,0.011262847634781824,2.0,,0.0
KIF13B,0.0129799196787148,0,7,5.1794968371615614e-05,0.0,0.00016302754143010756,2.7185201930790834e-07,0.1188774611800909,0.0035246937963486903,0.011173484961330053,2.0,,0.0
PCDHA11,0.0032851405622489,0,9,6.283206702204553e-07,0.006,0.0001844358197844279,1.106799093449462e-06,0.039660832797149936,0.0036581466026701292,0.011074246735530759,2.0,,0.0
PACS2,0.0077991967871485,0,7,2.5877606963692594e-05,0.0,0.0001582526294319831,3.37285322458677e-07,0.04119321028743497,0.004189161459874045,0.011060973583019825,,,1.0
CCDC88C,0.0046586345381526,0,4,2.631764098473976e-06,0.0,0.00016885973779431638,3.817947676536893e-09,0.015623167091689538,0.007790901219541641,0.011058662385039497,2.0,,0.0
KANK1,0.0225702811244979,0,11,0.0011190423529534943,0.0,0.0001893541243249907,5.512818522778237e-06,0.12742197141051292,0.00844905073399773,0.011016324785857068,2.0,,0.0
PC,0.0101847389558232,0,14,0.00014193964810376922,0.0,0.00014376555565184866,6.364940196214589e-07,0.029011736182605146,0.0035481234511217856,0.010986841073417963,3.0,,0.0
SYAP1,0.0025542168674698,0,2,7.518868564906415e-07,0.0,0.00015983012298677898,3.6439063051990823e-10,0.04735276091378182,0.008452538473708417,0.010960012586930776,2.0,,0.0
BBS4,0.0129799196787148,0,13,0.00018581028773924076,0.0,0.0001469204027067984,5.835613928275648e-07,0.03619467589117864,0.005148443078594884,0.010955803831703378,2.0,,0.0
HLA-DRB1,0.0174698795180722,0,18,0.00110904535564895,0.0,0.00015154443254535434,2.0131944561976264e-05,0.03518960131259519,5.926369164022116e-07,0.010949699970198318,2.0,,0.0
PRICKLE1,0.0233815261044176,0,15,0.001652569992482267,0.0,0.00014564699719951386,3.5748238128824318e-06,0.4464981034398079,0.0028561362997956107,0.010944847794432638,2.0,,0.0
MSANTD2,0.0011004016064257,0,1,6.029916064163646e-08,0.0,0.00015561793301012002,7.655378798257957e-09,0.033472904903561584,0.0028098746413620646,0.010904363247433803,2.0,,0.0
TFB2M,0.0047791164658634,0,4,4.016633550362357e-06,0.0,0.00015234312784394424,1.2954825315671704e-07,0.04715212248993339,1.229432556003869e-07,0.01090102655930944,3.0,,0.0
AGMO,0.0047469879518072,0,5,4.446289438868956e-06,0.0,0.00013554094834672883,1.7795365718268787e-08,0.0022913432744644524,0.002005681049273479,0.010827920202392106,2.0,,0.0
MADD,0.0077590361445783,0,7,1.2272384323739236e-05,0.0,0.0001533778827231574,3.306782991153992e-08,0.019298191566145984,0.005208539567068625,0.010821794574994251,3.0,,0.0
UBR1,0.0249959839357429,0,23,0.005302681863814326,0.0,0.0001268364668674657,1.6672066948534314e-05,0.00013296779769733647,4.570325982482075e-05,0.010778871302218107,1.0,1.6,0.0
TRIM23,0.0068192771084337,0,5,9.882744891032802e-06,0.0,0.0001453015498083389,1.3588816332658073e-08,0.019834122334486892,0.0056935450993480605,0.010773076133171362,1.0,,0.0
KRR1,0.0163855421686747,0,16,0.0002983496482578627,0.0,0.00016096918061735745,3.19629900061477e-07,0.2646009027957916,1.923161837947038e-05,0.010615146025234834,2.0,,0.0
RIMS2,0.0429397590361445,0,24,0.019693559022540386,0.0,0.00015230554029578485,0.00034675711021287426,0.5598297417163849,0.03231648730168658,0.010596604319289327,3.0,,1.0
NAA10,0.0231807228915662,0,15,0.0029906242252540974,0.0,0.00014530224195666687,1.032624219989887e-05,0.4541158489882946,0.0026587722025314675,0.010546070584908529,3.0,,1.0
SYBU,0.0095662650602409,0,8,3.0051206247282213e-05,0.0,0.0001464972082277097,1.941131948530625e-06,0.0554902006406337,0.010735198262148082,0.010401589096137878,3.0,,0.0
DMWD,0.0036064257028112,0,3,2.0872055899398063e-06,0.0,0.00012565188270304573,2.148020201920276e-09,0.06404088623821735,0.0014129616745068851,0.010357202700107232,2.0,,0.0
MTF1,0.0126586345381526,0,3,3.222630478021308e-05,0.0,0.00014996838569135965,1.320511620218779e-07,0.24101992137730122,0.0055098340925510796,0.01030234092650062,2.0,,0.0
VASH1,0.0021044176706827,0,1,4.6788089728687783e-07,0.0,0.00014929498116559388,8.546357635366046e-10,0.018554372039034206,1.0003445754550187e-08,0.010297569402609952,2.0,,0.0
KLF16,0.0119598393574297,0,5,5.372938407168396e-05,0.0,0.00014379159941297145,8.641342675671148e-07,0.015916235306159928,0.011286224978426303,0.010296054109858233,2.0,,0.0
RAB2A,0.0181927710843373,0,11,0.0005891923614260501,0.0,0.00016424020725973277,1.075606222340175e-06,0.029809899482643232,0.0015342293549337007,0.010288948558466321,2.0,,0.0
CLASP1,0.0075582329317269,0,7,1.697335699688757e-05,0.0,0.00013668279814727207,2.1098828513265402e-08,0.006907449063419335,8.263610118737678e-07,0.010261490261200379,2.0,,0.0
PRODH,0.0195421686746987,0,15,0.0007815633491298153,0.0,0.00016585697130277877,5.091916077448548e-06,0.04381581828542408,0.01088352777640604,0.010236999038738322,2.0,,1.0
TRPM3,0.0130923694779116,0,9,0.00013532707639339302,0.0,0.0001351255068671502,2.490771930247595e-06,0.05910499580204487,0.012330258969316193,0.010221038991379494,,,1.0
DOCK8,0.0090441767068273,0,8,4.97487543977869e-05,0.0,0.00015475802235312202,2.703051779455216e-07,0.01982605787884495,0.009780572288579136,0.01020708341173332,2.0,,0.0
TBX22,0.0070843373493975,0,5,1.4022005507822513e-05,0.0,0.00016901151228111046,5.377621872655124e-08,0.06688997056335211,0.011484927003163392,0.010062850698204784,3.0,,0.0
ASMT,0.0079518072289156,0,9,2.219549245559017e-05,0.0,0.000144941183862323,3.51619123493595e-07,0.0017881552134895173,0.0070484663988664925,0.01005511237895007,2.0,,0.0
DYNC1H1,0.0435020080321285,0,30,0.17187308595793818,0.028500000000000004,0.0009600824494797133,0.0012280663774432402,0.037254497024832745,0.0226330624240018,0.010012046790255302,1.0,13.45,0.0
RAB11FIP4,0.0024497991967871,0,3,6.353308073853295e-06,0.0,0.0001453015498083389,2.8264445452968872e-08,0.016687790614767852,0.0038861585780978203,0.009892545410933148,3.0,,0.0
PDE1C,0.0110522088353413,0,13,9.786548348042327e-05,0.0,0.0001498404504780297,5.237074466466718e-07,0.0005144370315974811,0.011741906312899165,0.009887134469721559,2.0,,0.0
SRRM2,0.0444497991967871,0,27,0.14960644360087877,0.0375,0.0003261468705808685,0.006347941415214933,0.3545575812458992,0.005206775943529383,0.009849018160821288,2.0,,1.0
CLIP2,0.006722891566265,0,5,7.200257775553345e-06,0.0,0.00017825454702478645,6.266746281257553e-07,0.06213654007297009,0.0034575797163210044,0.009848258361571792,3.0,,0.0
PTDSS1,0.0050522088353413,0,2,2.6266156623076786e-06,0.0,0.00017657392403490357,2.2893778045079126e-09,0.030009772672201507,0.003747425006811507,0.009776929460884697,3.0,,0.0
ADSL,0.0212610441767068,0,22,0.002376494733603887,0.0,0.00013946283487087984,1.3362361178367394e-05,0.0008073886425563614,0.009655005511076488,0.009612147903606054,1.0,0.35,1.0
VPS54,0.0039598393574297,0,5,1.6647929227501653e-06,0.001,0.00012696344760781652,3.832514900406499e-08,0.013166277815750861,0.005746023601862049,0.009573608459265318,3.0,,0.0
MRTFB,0.0037670682730923,0,4,4.373911924033373e-06,0.0,0.00015867377677942376,1.0587319862461495e-07,0.0034735009285353224,0.005052364564862607,0.009561668051652816,2.0,,0.0
ENOX2,0.0015502008032128,0,2,7.628942890671096e-08,0.0,0.00015563778602144024,2.561393042522526e-10,0.0016164937301665003,0.0021298675565241507,0.009513066381032331,3.0,,0.0
BRWD3,0.0221606425702811,0,13,0.0006937234475043203,0.0,0.00015694728856930696,3.920087148885162e-06,0.0934051787480712,0.019563567155955752,0.009388163816765882,,,1.0
OTUD7A,0.0030361445783132,0,6,1.1494257525396282e-06,0.0,0.00014158056627192774,6.304827534501624e-08,0.03117192016417498,0.003101536068032651,0.00932630955067066,2.0,,0.0
TBCB,0.0026586345381526,0,3,3.148430050550518e-07,0.0005,0.00014087436812593797,1.6164800619018866e-08,0.02893676431745009,0.002530809704924586,0.009215493239899786,3.0,,0.0
ELP4,0.0136144578313253,0,13,0.00018813117345752936,0.0,0.00013861627455332925,1.0236853938632715e-06,0.02254718295080238,0.015889089903151188,0.009207874522871862,2.0,,0.0
COL12A1,0.0064497991967871,0,9,2.357516900439805e-05,0.0,0.0001585497055033276,4.8322875717776525e-08,0.026762489825210966,0.0061557810952407276,0.009152909062322578,3.0,,0.0
CCIN,0.001582329317269,0,3,1.9912833582910486e-08,0.001,0.00013973839745050326,1.8484836588347891e-09,0.027209174841018258,0.0011885469861975665,0.009120256774861007,2.0,,0.0
OFD1,0.0153092369477911,0,20,0.0006346446306772207,0.0,0.00013676063661838207,4.5874144940852435e-06,0.00012539752828609116,0.008687380645459392,0.009106076140596999,2.0,6.0,0.0
DPYD,0.027004016064257,0,21,0.005851376452623176,0.004,0.00015500446811553818,2.372946070987363e-05,0.03144260501977669,0.02374015325676737,0.009041304431182876,2.0,,0.0
ALDH5A1,0.0119357429718875,0,14,5.053792987501072e-05,0.0,0.00016041096732498023,1.118525730893875e-07,0.018494476683770245,0.003976759760462455,0.008960785931002135,1.0,2.35,1.0
HYDIN,0.0099678714859437,0,13,8.173098466106134e-05,0.0,0.00016268278618726057,1.1610605243791074e-07,0.013769909625887833,0.0027774065416789084,0.008750199592626018,2.0,,0.0
NBEA,0.012441767068273,0,9,8.829425475035185e-05,0.0,0.00015022237765573284,1.28719799962473e-07,0.38197439536452293,0.0043289269823584,0.008739101000436733,1.0,,1.0
SLC4A10,0.0031646586345381,0,3,7.091876357654743e-07,0.0,0.00014835699759903562,3.1019904035161363e-10,0.024710415469598956,3.1337774757397402e-06,0.008697361377303668,2.0,,0.0
VWA7,0.0015662650602409,0,2,2.387618119709365e-06,0.0,0.0001346963650201805,2.9447487711589416e-08,0.0318756040770542,0.0022093513980507855,0.008660080616920612,3.0,,0.0
LDB1,0.0324257028112449,0,22,0.019961329009936978,0.0005,0.0001439644213944537,5.818001236173974e-05,0.08820721617667004,0.0027171068191816027,0.008643121754301972,1.0,4.0,0.0
ADORA3,0.0064979919678714,0,6,7.125455309456844e-06,0.0,0.00015867377677942376,1.8703953300977873e-08,0.0068306900693606565,0.005515953566250624,0.008636748976650802,2.0,,0.0
REEP3,0.0050602409638554,0,4,4.39577425341208e-06,0.0,0.0001508084334784627,3.4534024616046856e-09,0.06496873986907303,0.0061183425521837975,0.00862643391633533,2.0,,0.0
ETFB,0.0056385542168674,0,9,9.621750710806375e-06,0.0,0.0001517349833738504,3.3447200509516476e-08,0.050332220648905086,0.002854880974780072,0.00860317927080717,2.0,,0.0
TSHZ1,0.0028353413654618,0,3,1.909799016317337e-06,0.0,0.00014079025236932976,1.1908319352003383e-08,0.013127479990782143,0.0047398533057876665,0.008498846347237077,1.0,,0.0
SNX5,0.0078313253012048,0,7,2.996371492568984e-05,0.0,0.0001615096506906488,9.684437446200097e-07,0.03809630569672495,0.007069358209442366,0.008255552973094856,2.0,,0.0
CPZ,0.0011726907630522,0,1,2.2037163494415096e-08,0.0,0.00017336119530583837,8.287840684724743e-10,0.046248964396646434,0.0027598420856719402,0.008192384710529917,2.0,,0.0
RFX7,0.0046345381526104,0,4,1.1255639484800938e-05,0.0,0.00014647735565130393,2.2508982440220386e-07,0.01777628364192243,0.005121429207246566,0.008085744123842553,3.0,,1.0
CHRNA7,0.0056787148594377,0,4,3.270101324401907e-06,0.0,0.00013841556048374042,2.0179071392336596e-08,0.03808303588448325,0.002186421889698531,0.008077461513948949,2.0,,0.0
ADCY5,0.0425863453815261,0,31,0.1253782974067942,0.015000000000000003,0.00014931392656009274,0.0024461487260050018,0.36706747114658356,0.03136375029930605,0.008002355933189209,2.0,,0.0
CYLC2,0.0012851405622489,0,3,3.813070514480301e-09,0.0,0.00014649379766546922,7.436535959625679e-09,0.015183701675885902,0.004158572119195014,0.007954047519914137,2.0,,0.0
HLA-B,0.0132048192771084,0,17,0.00043516044327058395,0.001,0.0001557144727519769,1.6154126401817696e-06,0.03198013034338487,0.0055487416812050406,0.007903096257753595,2.0,,0.0
MYO5C,0.0154216867469879,0,9,0.00039138030517329504,0.0,0.00013944560366204958,2.7950829993861373e-06,0.04038241831585765,0.009603591347961071,0.007875402648743333,2.0,,0.0
SLC24A2,0.0049236947791164,0,5,4.338872262963132e-06,0.0,0.00015207973861669738,3.854294256316067e-08,0.06794897769577801,0.002523992043279598,0.007855325203642332,2.0,,0.0
PPP1R9B,0.0455180722891566,0,22,0.06339715080967517,0.006,0.00015029054915238969,0.0006389318130543338,0.6469209790229797,0.017126234268484475,0.007850698311813176,1.0,1.5,0.0
CERT1,0.0022008032128514,0,2,4.458563177625089e-06,0.0,0.00013314858647462042,9.623222020391811e-07,0.041055651430497164,0.0023881317256211343,0.00777862072725961,3.0,,1.0
NINL,0.0109236947791164,0,11,6.94767189929839e-05,0.0,0.0001437896362385493,5.696487175131162e-08,0.038334058553382774,0.005749980164335339,0.007772355893552237,2.0,,0.0
TRPM1,0.0066586345381526,0,10,1.567169673135153e-05,0.0,0.00016901151228111046,7.00366340881014e-08,0.0514880239700517,0.013038793897074186,0.007553331695086762,2.0,,0.0
GDA,0.0144578313253012,0,11,0.00014192010395627466,0.0,0.00015652852366087716,1.7991169679446072e-06,0.04775782622702357,0.008138028020767237,0.007512541465416689,2.0,,0.0
GBE1,0.0023614457831325,0,4,4.361128694815879e-07,0.0,0.000145262534917367,1.8864120257149112e-09,0.017768166358564486,0.004998192191123962,0.007235823296356747,2.0,,0.0
LRP1,0.0305301204819277,0,18,0.008372603172570653,0.0115,0.0001293561762485969,3.3601322206836006e-05,0.25408462807536125,0.010441771960769454,0.007010757137322798,2.0,,0.0
ZNF536,0.0032449799196787,0,4,1.2511049058841426e-06,0.0,0.00015624755477599458,4.9388355557021846e-09,3.240666807665738e-05,0.006727499826951089,0.006835464601138597,3.0,,0.0
GPR37,0.0094056224899598,0,9,3.7441130889409225e-05,0.0,0.000137764953164268,4.627780878016974e-07,0.050020230337501914,0.002837389934706752,0.006769982590377491,2.0,,0.0
SPEN,0.0504819277108433,0,21,0.07491190561319554,0.0685,0.004132139672266499,0.0013179721447690717,0.6979223787784576,0.043909742729738355,0.0067512075693230145,2.0,,0.0
ASB14,0.0017751004016064,0,2,5.930543378468961e-06,0.0,0.00015898424598131687,7.45910058315335e-08,0.030081960399671148,3.7702738797670755e-06,0.006702692328244396,2.0,,0.0
TM4SF20,0.0010281124497991,0,1,6.086107351591067e-09,0.0,0.00016362655180401047,6.087689503439728e-10,0.046790787499670604,0.002311539457881411,0.006678585608615066,,,1.0
UBE3C,0.015004016064257,0,12,0.000259651655675234,0.0005,0.00015985778943214575,3.0318395194642463e-06,0.04818435697143286,0.012358004207271733,0.0064729279743053455,2.0,,0.0
CUL2,0.0481847389558232,0,29,0.334956626526979,0.136,0.006762750790319407,0.03637407953909107,0.5783937349915504,0.050813834890668375,0.006438707030611113,3.0,,0.0
RANBP9,0.0287309236947791,0,15,0.004173551156254987,0.005000000000000001,0.0001427670545655086,9.398188545485025e-06,0.5492637157440186,0.010382357917523288,0.006370702526580285,3.0,,0.0
CELF2,0.0204899598393574,0,15,0.0006625342944717731,0.0,0.00015986598136838424,5.1444690580344215e-06,0.06060432340018451,0.015754936658026707,0.006263975228648633,2.0,,1.0
GLIS1,0.0052771084337349,0,7,8.289622230385185e-06,0.0,0.00017595951620698878,1.8943437809070192e-07,0.0664383053039046,0.005378524238892515,0.006095956377682067,2.0,,0.0
DPP10,0.0423293172690763,0,24,0.025867346490036584,0.0005,0.00015071289194765268,0.00020269706747390217,0.5476053282618523,0.026010047682086746,0.0058926345558058535,2.0,,0.0
ACAP2,0.0022168674698795,0,2,4.439489031815639e-07,0.0,0.0001446263291229432,1.0147284983197232e-08,0.029288376944373695,0.0039088720634466445,0.005858373975058839,2.0,,0.0
ZNF827,0.0133172690763052,0,13,0.0001410848935613687,0.001,0.00013655866045833673,2.037358740228355e-06,0.019437295932806558,0.0068318895238347055,0.00584264721726413,2.0,,0.0
CNTNAP3,0.0012530120481927,0,1,7.151289716048018e-08,0.0,0.00014671042598531954,9.217815363618834e-10,0.04025561454159332,0.003977638436481357,0.005716704769390019,2.0,,0.0
KATNAL1,0.0051244979919678,0,5,2.413139217693981e-06,0.0,0.00016505356154417012,5.737003851312875e-09,0.0173962758116204,0.0070366594587767395,0.005663587078249321,2.0,,0.0
UGGT1,0.0037670682730923,0,5,4.362683298957531e-06,0.0,0.0001391814150260952,5.706356244950091e-08,0.029400107795796604,0.009105334825527223,0.0056618587617881,3.0,,1.0
SLCO1B3,0.0101285140562249,0,3,4.50479244085932e-05,0.0005,0.0001438965490485034,2.183813684816606e-07,0.03750210085559047,0.01144625354023283,0.0056182817865772505,2.0,,0.0
C15orf62,0.0014538152610441,0,1,6.227104652367313e-08,0.0,0.00016149406662863074,2.5471582922453798e-11,0.0009318727880995581,0.002031211373094033,0.005551453552213753,,,
MUC4,0.0226024096385542,0,13,0.001087248616958194,0.0,0.0001481989859908174,9.013866461027652e-06,0.03725422254808843,0.013203763997978513,0.005468994559009843,2.0,,0.0
CAPN12,0.0022409638554216,0,2,4.4318775816628914e-07,0.0,0.0001508168741164099,6.2109362518397395e-09,0.04773913027969289,0.003861132778029883,0.005301260671340124,2.0,,0.0
OCRL,0.0275180722891566,0,22,0.010025233709305593,0.001,0.0001418301307116073,4.080621655602782e-05,0.037104240742337424,0.024635511468659388,0.004955422423007182,,,1.0
NUAK1,0.0052369477911646,0,3,8.505104308610066e-06,0.0,0.0001625007425481659,5.3196450854068515e-08,0.03900663321837783,0.010344367815420696,0.004937048438974551,2.0,,0.0
CIC,0.0022730923694779,0,2,3.954522105237634e-07,0.0,0.000170373613350406,5.567731544966175e-11,0.0339221055037342,0.0038279680102287707,0.004889876410339944,1.0,18.7,0.0
AGBL4,0.0019357429718875,0,2,2.2810171968883475e-07,0.0,0.00013664097477145864,9.479903635180243e-10,0.019755064706443153,0.004703271440167356,0.004550629382696861,2.0,,0.0
PCDHA8,0.0032610441767068,0,8,4.685646352429073e-08,0.0,0.00013651596992120436,2.329965471001487e-07,0.05844025872647762,0.0026359467886736313,0.004266254476655515,2.0,,0.0
PCDHA6,0.0026184738955823,0,5,1.0592358022612622e-07,0.0,0.00012754005633056677,6.062186347134245e-09,0.018644658775883727,0.002325718941367131,0.0042605783746694215,2.0,,0.0
DENR,0.0258072289156626,0,15,0.0020935766684717556,0.0,0.0001450989228680817,5.8706982806720055e-06,0.41783227026462555,0.022745906690488482,0.004229615722786573,2.0,,0.0
PCDHAC2,0.001293172690763,0,2,4.715996627887667e-08,0.0,0.0001402337421895317,3.057692490497716e-09,0.018887501209974362,0.004002547624750233,0.00393833400843035,2.0,,0.0
CAPZA2,0.0262811244979919,0,19,0.00792198298804345,0.0005,0.00013185552992565393,3.194724321874798e-05,0.1910675000399351,0.011224031064591636,0.0038715255305410423,3.0,,0.0
CHMP1A,0.0018795180722891,0,2,1.2122717736691623e-07,0.0,0.00015867377677942376,6.493578578561676e-11,0.0005682632441824791,0.0021976277960995693,0.0037217958847151067,2.0,,0.0
THRA,0.0472449799196787,0,18,0.10476335958523295,0.0775,0.0006628469070975567,0.0007231050819429254,0.6367872953414917,0.018762873140076408,0.0036496506800176576,2.0,,0.0
FRG1,0.0151807228915662,0,8,7.380666782016102e-05,0.0,0.00013466974244504177,5.788564725052913e-07,0.48509233072400093,0.004197285226332967,0.0034451148385414854,2.0,,0.0
PEBP4,0.0094538152610441,0,5,4.9632323425139896e-05,0.0,0.00013569353307585916,7.269638684588742e-07,0.04483026558045822,0.004925169591173966,0.0034053924058617784,3.0,,0.0
ADGRL1,0.020859437751004,0,15,0.00026811434350403464,0.0,0.00016014235447967454,2.1078975684077793e-06,0.2977634407579899,0.009082225365297415,0.003396850596499301,3.0,,1.0
MBOAT7,0.0014698795180722,0,1,8.69492023691636e-08,0.0,0.0001354476025829929,4.431458699670558e-11,0.030124272569065042,0.0029573814822132505,0.0033305969640937787,1.0,5.25,1.0
MYLK,0.0130441767068273,0,9,0.00014085148011468385,0.0,0.00015612346230030644,6.396572661009531e-07,0.15530084818601608,0.004938753877809177,0.0032145624635315784,3.0,,0.0
GUCY1A2,0.0153493975903614,0,9,8.611726786112221e-05,0.0,0.00014737874865543353,1.8548720297664812e-07,0.04143149852461647,1.520274737742966e-05,0.003129082881227546,2.0,,0.0
ADGRB1,0.0203293172690763,0,11,0.0002610154162232109,0.0,0.00016218931205978183,3.7913075698224855e-07,0.3329607956111431,0.01431349533763359,0.0030170881315185194,3.0,,0.0
CCNG1,0.0206024096385542,0,9,0.0006929618183303621,0.0005,0.00013402309007410439,3.1414751216167e-06,0.6460571214556694,0.019995077013902574,0.002928215733845718,2.0,,0.0
RPL10,0.0360321285140562,0,31,0.06470037024051978,0.003,0.00014749843781050777,0.000578537161512593,0.1875754427164793,0.015446290372442384,0.002600117127591936,2.0,,0.0
DNAH17,0.0039678714859437,0,3,3.530869373066043e-06,0.0,0.0001306098314681102,1.0502358683159898e-07,0.01631239838968849,0.0020290393310086205,0.0025242568157182177,2.0,,0.0
CLCN4,0.0048835341365461,0,5,3.5259864259364656e-06,0.0,0.00015634437424227266,8.667552975170544e-09,0.04663085576612502,0.006167813710725057,0.0023687728837762656,2.0,,1.0
TLK2,0.0304658634538152,0,12,0.001636204639004042,0.0,0.00016834568036567507,9.126023940379412e-06,0.5213043540716171,0.024466041516935322,0.0023675459442529245,1.0,13.5,1.0
MLANA,0.0075261044176706,0,4,7.641900670888198e-06,0.0,0.00015947159439441455,2.969775069735886e-08,0.050096825434593484,0.004052395459252785,0.0023653903144804644,2.0,,0.0
SLC22A9,0.001004016064257,0,1,8.067155612522e-08,0.0,0.00016529821799236328,3.111586048013486e-11,0.03146040168542186,0.006671597422881592,0.0022592889735617776,2.0,,0.0
UBN2,0.0160963855421686,0,11,0.00016734651142488068,0.0005,0.00016420696353560443,1.8414930513117206e-06,0.04918423094568425,0.007983526048239261,0.0022416366900870344,2.0,,0.0
AVPR1B,0.0159919678714859,0,9,0.00023555968844734464,0.0,0.0001552152793515548,8.507748154121527e-06,0.3941084146499634,2.5141979176971502e-05,0.0022052560764408424,2.0,,0.0
CNTNAP4,0.0216626506024096,0,16,0.0005117623941901751,0.0,0.00015083672072572905,3.7970532392199807e-06,0.038407421903684735,0.00529573727985005,0.002172080969816817,2.0,,0.0
CLTCL1,0.0381847389558232,0,29,0.12769546095494214,0.0015,0.00015528105101982224,0.0024928015374723334,0.32885063998401165,0.0055258625125702565,0.002153536954807578,2.0,,0.0
ZFX,0.0306827309236947,0,16,0.007819637062091453,0.0,0.00015172467842645043,9.27948646942088e-05,0.5546238720417023,0.011976471684550185,0.002117096980274385,3.0,,1.0
POLR3A,0.0306345381526104,0,22,0.00986193207635358,0.0,0.00013914598604892943,9.98329785951095e-05,0.07077326847502263,0.009843716767423294,0.002013734553380775,3.0,,1.0
SLC25A12,0.0145943775100401,0,8,0.00010939481045726462,0.0,0.00014727943546928113,3.298349807938057e-07,0.04653215827420354,0.012702478790039006,0.0019004157365998253,2.0,,0.0
TBX1,0.0036626506024096,0,5,2.4430155119500247e-06,0.0,0.0001501865439416316,8.708804985119024e-09,0.023183571051457463,0.004023829655404553,0.0018682035521776288,,,1.0
ATP1A3,0.0430682730923694,0,25,0.06709976730059831,0.006,0.00015819032639420195,0.00030388451318576236,0.18634474091231823,0.014702650772083313,0.0017748808795528676,2.0,,1.0
KSR2,0.0144257028112449,0,9,0.00038449711990148466,0.0,0.0001359474274363909,3.2000992701454425e-06,0.3696788512170315,0.009963241487196331,0.0017656014193522668,3.0,,0.0
NIPA1,0.0166907630522088,0,15,0.0009306309394080086,0.0,0.00013006667398105136,5.486438099562894e-06,0.030081602490084958,0.005759740814590033,0.0017274826555352253,2.0,,0.0
ITGA8,0.0212530120481927,0,12,0.000885268059607805,0.0,0.00015789892607419328,6.738833987635603e-06,0.3652394488453865,0.0075726697641578244,0.0017264557900489308,3.0,,0.0
ELP2,0.011156626506024,0,10,0.00010342008424655863,0.0,0.0001523631370770301,1.6431251851834108e-06,0.03486950491787866,0.012708897399658792,0.0016317695236323674,2.0,,1.0
CD276,0.011726907630522,0,8,9.572584192167304e-05,0.0,0.00012622867083084613,6.02244429921789e-07,0.041645472869277,0.003977262152805028,0.0016309655534608187,2.0,,0.0
CNGB3,0.0047630522088353,0,6,5.349514249028594e-06,0.0,0.000153709613062491,9.121736843264122e-08,0.045428680411650824,0.006450617166812842,0.0016187072592830365,2.0,,0.0
FBXL13,0.0063293172690763,0,3,3.0088727734733867e-05,0.0,0.0001420756551912413,2.930917599405751e-06,0.07051320280879736,0.008288416308872072,0.0016126838626463707,3.0,,0.0
MBD6,0.0062570281124497,0,5,2.2165205198917606e-05,0.0,0.00017299741359245926,4.5047236468824633e-07,0.0679456302896142,0.0021366870578675913,0.0015868456775933737,2.0,,0.0
GSE1,0.0278554216867469,0,13,0.0020999986229968057,0.001,0.00018208435239671416,2.2097365303154732e-05,0.4741061255335808,0.0014423559118481588,0.0015415620837302413,2.0,,0.0
ZFHX3,0.0168353413654618,0,10,8.935312723817289e-05,0.0,0.0001675444212431115,1.1139764619667257e-07,0.021646889333510444,0.011022797770302888,0.0015269040568455239,3.0,,1.0
CNOT3,0.0322489959839357,0,19,0.005311920750142453,0.0,0.00013125912936781808,9.40273929759714e-05,0.2554333284497261,0.019053346597218246,0.0015083851903909817,1.0,5.6,1.0
MCPH1,0.0224257028112449,0,17,0.0015932083395312209,0.0,0.00014574002781572707,4.747442755227893e-06,0.04650661216874141,0.012870811234563462,0.001459322424804714,2.0,,0.0
FBXO40,0.0449156626506024,0,24,0.11770721540780422,0.0285,0.00014522696491285595,0.001572172566202247,0.22753317281603813,0.000444570740285144,0.0014534303034438043,2.0,,0.0
ZFYVE26,0.0064257028112449,0,6,1.8709430235440136e-05,0.0,0.0001675444212431115,3.1438173874696166e-07,0.01534305208416873,0.010150394072308791,0.0013738174109789725,2.0,,0.0
CHRNB3,0.0075662650602409,0,6,9.802528352475573e-06,0.0,0.00014238016885357444,1.9796542142281802e-07,0.021120372686709743,0.0069581132118941786,0.0012301167149066886,2.0,,0.0
NCAPH2,0.0189959839357429,0,9,0.00022251455377447513,0.0005,0.000170000896622527,1.459101687326835e-05,0.16139713302254677,0.0014015266065788463,0.0011658620453286611,3.0,,0.0
PAPOLG,0.0176144578313253,0,11,0.00018424530811671073,0.0005,0.0001322049083683131,2.385364472044241e-06,0.22266754135489464,1.7343116752909667e-05,0.0010884810319282678,2.0,,0.0
GPC5,0.0072208835341365,0,10,3.5997469362597977e-05,0.0,0.00014064597998250875,8.940839649639867e-07,0.017471143581831328,1.7270976256737725e-05,0.0010847097719306475,3.0,,0.0
TRAPPC6B,0.0046666666666666,0,8,1.0396098107964037e-05,0.0,0.00015483425851823757,7.939361086081882e-08,0.044095189310640895,0.003999327099808729,0.001072673731703222,,,1.0
HECW2,0.0053654618473895,0,4,3.5702983092489837e-06,0.0,0.00015605045696893754,5.482033253702097e-09,0.03632407361215684,0.0020152800702836595,0.0010335625126536852,2.0,,0.0
HEPACAM,0.004008032128514,0,4,5.078105966576901e-06,0.0,0.0001423026597733896,2.1843319613873458e-07,0.022457135094327896,0.008676526985084365,0.0009567712012881204,,,1.0
MYO7A,0.0212851405622489,0,15,0.0013584447853728086,0.0,0.0001598234032831778,1.3019384831693518e-05,0.05927989505084952,0.009604753172325398,0.0009340039053462174,3.0,,0.0
MSR1,0.0077349397590361,0,9,2.000089873783902e-05,0.0,0.00016136497964197322,6.50972285836735e-08,0.0044974769885257615,0.009175734105618654,0.0009206470985970543,2.0,,0.0
TNPO3,0.0118795180722891,0,10,0.00012341416110505477,0.001,0.00017304423291179293,3.1740199755438615e-07,0.02733848267234862,0.008331658464657068,0.0009173623657261487,3.0,6.35,0.0
PCDH11X,0.0326184738955823,0,22,0.015794169427689915,0.0005,0.00014794294204132876,3.63066752189086e-05,0.49284568428993225,0.012182406122519751,0.0008643947825537901,2.0,1.1,0.0
AMPD1,0.0097510040160642,0,13,9.553296258914189e-05,0.0,0.00014388165712124587,7.806263872189365e-07,0.0024807399820317728,2.6911710632746347e-08,0.0007337722214515452,2.0,,0.0
TRAPPC2L,0.0025060240963855,0,5,1.7141433864330904e-06,0.0005,0.00014269541778379522,1.6229564554906787e-07,0.016507215498858023,2.6959519046598335e-13,0.0006885252801667506,3.0,,0.0
ZMYND8,0.0383694779116465,0,17,0.009242989243628808,0.0075,0.00012750635582219524,0.00012503988486280151,0.41087354719638824,0.012174914383880714,0.000597455063285679,1.0,4.5,1.0
AHI1,0.0177028112449799,0,14,0.0010913073397865866,0.0,0.00014713919292468273,2.460247611862072e-06,0.033276396815381304,0.012267962499663554,0.0005392518498784049,,,1.0
HECTD4,0.0018473895582329,0,1,9.560408947768802e-08,0.0,0.00013168548072719632,5.1169557602564557e-11,0.013284899425898965,0.002285522012542174,0.0005237387512693203,1.0,,0.0
ASPM,0.0216867469879518,0,22,0.004052786736213006,0.0,0.0001562401652205478,6.808608265125376e-06,0.020013021534304544,0.011744128538250631,0.0005218406809035514,2.0,,0.0
ZNF548,0.0017911646586345,0,2,6.474230469631624e-07,0.0,0.00014950414291244765,4.539668970939406e-08,0.027967894451204366,0.0026511013411925077,0.0005037102476904386,2.0,,0.0
AGAP1,0.0062008032128514,0,2,8.735618593020859e-05,0.0,0.00015137727620134956,1.5745909899544752e-06,0.0665742193814367,7.15411943019717e-06,0.00047422090574429074,2.0,,0.0
DIP2C,0.0060963855421686,0,7,1.201113148235441e-05,0.0,0.00013620683723484232,1.6800810253247722e-08,0.004301312807256985,0.002455412576661823,0.0004083981665412746,2.0,,0.0
GALNT14,0.0016947791164658,0,2,3.174793791859911e-06,0.0,0.00014828799935519564,9.222136100355666e-07,0.05671651847660617,0.004386516926766983,0.00040713302417123924,2.0,,0.0
CAT,0.0055180722891566,0,7,9.226243254446311e-06,0.0,0.00013386599332839577,7.753624491287864e-08,0.015681151450806396,0.0062648618523207245,0.0003696086182003694,3.0,,0.0
SENP1,0.0168995983935742,0,11,0.0006370737974111417,0.0,0.00016814496629608623,1.611564895296912e-06,0.3556329794228077,0.005310473297729018,0.0003681939655741928,3.0,,0.0
ZBTB16,0.0324257028112449,0,22,0.013766161948355962,0.0005,0.00012884657742026615,9.93862215113956e-05,0.03571924904932722,3.069226290983281e-05,0.0003611302572088613,2.0,,0.0
FRMD5,0.0022489959839357,0,2,6.537674064924945e-07,0.0,0.00016136497964197322,1.1363479516288082e-09,0.0034020903884055542,0.006732309786117453,0.0003581378425746788,3.0,,1.0
CDK5RAP2,0.0061686746987951,0,9,2.926467893576111e-05,0.0,0.00015576797387524113,5.382232791276917e-07,0.016971700026870096,0.009694065432995624,0.00035637556489120925,3.0,,0.0
USP27X,0.0111325301204819,0,6,5.158234122693556e-05,0.0,0.00014234818231976905,7.715905270643758e-07,0.008586525583382354,0.0036707378035943155,0.0003471288899845604,3.0,,0.0
PACS1,0.0031646586345381,0,3,7.978778747093973e-06,0.0,0.00016336511790274684,2.727929248240949e-07,0.01935500789862238,0.008780342985398022,0.00031952043924476925,1.0,1.35,1.0
INPP1,0.0106907630522088,0,6,3.1919810097444594e-05,0.0,0.00016237122255827245,1.1905004904976202e-06,0.04519852722660289,0.0028029096855368917,0.0002611894280939858,2.0,,0.0
PCDHA12,0.0024899598393574,0,5,8.8585506793342e-07,0.0,0.00013607824137456943,4.726893738366573e-08,0.014710726216436633,0.0011409055464726755,0.0002498198762041948,2.0,,0.0
ARHGAP11B,0.0022730923694779,0,4,2.6304740308301347e-06,0.0,0.00013881272673586678,1.4713709548056962e-07,0.012884230971226223,0.007299328608070255,0.00022186613341546035,2.0,,0.0
RAI1,0.0061124497991967,0,3,3.1140023056450973e-06,0.0,0.00015802353523740775,1.7781488807757332e-08,0.07473504636436701,0.0043880269563484516,0.00021681841816536358,1.0,12.25,1.0
NAV3,0.0083132530120481,0,7,2.4569990155818415e-05,0.0,0.0001548317685241551,7.845689369079492e-08,0.032450813665491296,0.009895221691607503,0.00020260825029794243,2.0,,0.0
PLAUR,0.026289156626506,0,17,0.004550022214621262,0.0,0.0001382903638153158,1.3365332567788404e-05,0.048305291682481766,4.183704141297474e-05,0.00020173611391005597,2.0,,0.0
ALG6,0.002144578313253,0,4,1.2677465505255893e-06,0.0,0.00016266737875172144,6.60138561499485e-08,0.03239923146628439,0.010592011457409622,0.0001815234118842917,,,1.0
CHKB,0.0024738955823293,0,3,2.1097481929205916e-06,0.0,0.00015297985654246215,3.382576280460972e-07,0.041704637457902954,0.003159528281972154,0.0001562327379206821,,,1.0
SLC45A1,0.0037108433734939,0,4,2.587827934709247e-06,0.0,0.000174737081617183,9.82487740203266e-08,0.04689133886706243,0.008474511976076429,0.00014019145128726807,,,1.0
AZGP1,0.0054779116465863,0,7,8.155030229293636e-06,0.0,0.0001568955598904913,8.245644895676955e-08,0.03438662298025896,0.0027121227732038746,0.00013778614917825394,2.0,,0.0
SPP2,0.0027951807228915,0,2,7.090667778538849e-07,0.0,0.0001534744224650143,2.539057238137601e-10,0.030559531034668908,3.4373849675484052e-06,0.0001349148967296418,2.0,,0.0
PCDHA7,0.0033333333333333,0,10,7.887157099086634e-07,0.002,0.00012121951087372384,4.422442101690585e-08,0.01196690369397402,0.001865908997812582,0.00011021853874688351,2.0,,0.0
NACC1,0.006578313253012,0,6,1.3057679930891446e-05,0.0,0.00016833605686309658,3.997617816094539e-07,0.05434319461801351,3.242303592898232e-06,9.50776348627348e-05,1.0,2.85,1.0
PCDHA13,0.001718875502008,0,2,7.554494634260812e-08,0.0,0.0001438644686815892,3.393224893512518e-09,0.02909757383167822,0.00452342280647694,8.429408053645579e-05,2.0,,0.0
RFX4,0.0021124497991967,0,3,2.797628869339456e-06,0.0,0.00017504437117256655,2.1323687136755794e-08,0.018061938716831472,0.005339924120368419,8.327888895507291e-05,3.0,,1.0
CD38,0.0357991967871485,0,23,0.017792143682507262,0.0,0.00017103825511559432,0.00010762516130547369,0.31560593470931053,8.794825706692873e-05,6.798498996252178e-05,2.0,,0.0
FABP5,0.0053975903614457,0,3,9.272850889340595e-06,0.0,0.00015965642789012624,3.198850018332985e-08,0.011989800987066701,0.002402699869766675,6.725765661030891e-05,2.0,,0.0
LRBA,0.0025461847389558,0,3,1.0215032197448422e-06,0.0,0.000156661857411333,2.336212830961372e-07,0.031260578835539815,1.1424515205269646e-10,4.976368246499232e-05,2.0,,0.0
PCDHA10,0.0042489959839357,0,11,7.560485463087219e-07,0.002,0.00014329545281613598,2.401165981216494e-08,0.012547863289572136,7.880125206271352e-07,3.177024823359208e-05,2.0,,0.0
TECTA,0.0025140562248995,0,3,3.909777075421894e-07,0.0,0.0001451663599407978,1.5260845573766546e-08,0.015112381736148506,0.0028157823835499585,3.023581392274169e-05,2.0,,0.0
CEP290,0.0086907630522088,0,14,0.00010623064337406807,0.0,0.00014126674412701136,6.868968902272218e-07,0.015090965445580196,2.3209971204621243e-05,2.981811048173277e-05,2.0,,1.0
PYHIN1,0.001863453815261,0,2,1.5094442169871033e-07,0.0,0.00015897699399848646,1.0283474433470822e-08,0.036071069457722316,0.0018555496303089836,2.3452597798686182e-05,2.0,,0.0
TBC1D5,0.0025863453815261,0,3,4.6666493954362103e-07,0.0,0.00014960507483000924,9.361121938249957e-10,0.0007390750958519675,0.006125795004955932,2.189558755683052e-05,2.0,,0.0
COL28A1,0.0015421686746987,0,2,1.0250352512533948e-06,0.0,0.00014866229727959009,8.530722659615396e-08,0.014751604009043804,0.00698268808110214,2.0765701824307717e-05,2.0,,0.0
PRR12,0.0015341365461847,0,2,3.840959551146869e-07,0.0,0.00016191293894849155,1.0795075837794628e-08,1.820082363262688e-05,0.007500165915665496,1.960316884339942e-05,1.0,,1.0
FAM98C,0.0018955823293172,0,4,4.342774116858567e-08,0.0,0.000147272802648134,2.482210664464702e-10,0.029971717010055944,0.0005341080668537584,1.4100789410581571e-05,2.0,,0.0
ZNF713,0.0025220883534136,0,4,2.6026324419547596e-06,0.0,0.0001591766110655424,4.755588432129669e-08,0.031694061540829425,0.011143491603434086,1.3501012117441238e-05,2.0,,0.0
C4B,0.0081204819277108,0,8,2.297984838818551e-05,0.0,0.00017798744190610394,2.5997704058268327e-08,0.03392890380928293,0.005549338324634998,9.156185711844955e-06,2.0,,0.0
TBCK,0.0010602409638554,0,1,1.1786811082127095e-09,0.0,0.00016104292678839052,1.5187241488273415e-11,0.043512863934502356,6.072462640355474e-08,2.7862583737393518e-08,1.0,1.0,1.0
OR2T10,0.0010281124497991,0,1,3.86365745275811e-10,0.0,0.00016709035840555285,6.785891435793678e-10,0.05820274227319096,3.582991392359226e-08,5.205684868364247e-10,2.0,,0.0
